INSERT INTO media (mediaId, type, name, originalLanguage, adult, releaseDate, overview, backdropPath, posterPath, trailerLink, tmdbRating, status) VALUES(1, false, 'Mission: Impossible - Dead Reckoning Part One', 'en', False, '2023-07-08',  'Ethan Hunt and his IMF team embark on their most dangerous mission yet: To track down a terrifying new weapon that threatens all of humanity before it falls into the wrong hands. With control of the future and the world''s fate at stake and dark forces from Ethan''s past closing in, a deadly race around the globe begins. Confronted by a mysterious, all-powerful enemy, Ethan must consider that nothing can matter more than his mission—not even the lives of those he cares about most.', 'https://image.tmdb.org/t/p/original/628Dep6AxEtDxjZoGP78TsOxYbK.jpg', 'https://image.tmdb.org/t/p/original/NNxYkU70HPurnNCSiCjYAmacwm.jpg', 'https://www.youtube.com/watch?v=HurjfO_TDlQ', 7.7, 'Released') ON CONFLICT DO NOTHING;
INSERT INTO movies (mediaId, runtime, budget, revenue, directorId, director) VALUES( 1, 164, 291000000, 567148955, 9033, 'Christopher McQuarrie') ON CONFLICT DO NOTHING;
INSERT INTO genres (mediaId, genre) VALUES(1, 'Action') ON CONFLICT DO NOTHING;
INSERT INTO genres (mediaId, genre) VALUES(1, 'Thriller') ON CONFLICT DO NOTHING;
INSERT INTO actors (mediaId, actorId , actorName, characterName, profilePath) VALUES(1, 500, 'Tom Cruise', 'Ethan Hunt', 'https://image.tmdb.org/t/p/original/8qBylBsQf4llkGrWR3qAsOtOU8O.jpg') ON CONFLICT DO NOTHING;
INSERT INTO actors (mediaId, actorId , actorName, characterName, profilePath) VALUES(1, 39459, 'Hayley Atwell', 'Grace', 'https://image.tmdb.org/t/p/original/x57wXHexIjD2ywly9cRA4rov7cu.jpg') ON CONFLICT DO NOTHING;
INSERT INTO actors (mediaId, actorId , actorName, characterName, profilePath) VALUES(1, 10182, 'Ving Rhames', 'Luther Stickell', 'https://image.tmdb.org/t/p/original/ohAOsD8E4tu35PI2buzZORpn9Ef.jpg') ON CONFLICT DO NOTHING;
INSERT INTO actors (mediaId, actorId , actorName, characterName, profilePath) VALUES(1, 11108, 'Simon Pegg', 'Benji Dunn', 'https://image.tmdb.org/t/p/original/nOWKXxgADG98RjKyfQ7oSDfns6J.jpg') ON CONFLICT DO NOTHING;
INSERT INTO actors (mediaId, actorId , actorName, characterName, profilePath) VALUES(1, 933238, 'Rebecca Ferguson', 'Ilsa Faust', 'https://image.tmdb.org/t/p/original/lJloTOheuQSirSLXNA3JHsrMNfH.jpg') ON CONFLICT DO NOTHING;
INSERT INTO actors (mediaId, actorId , actorName, characterName, profilePath) VALUES(1, 556356, 'Vanessa Kirby', 'The White Widow', 'https://image.tmdb.org/t/p/original/5fbvIkZ02RdcXfZHUUk4cQ9kILK.jpg') ON CONFLICT DO NOTHING;
INSERT INTO actors (mediaId, actorId , actorName, characterName, profilePath) VALUES(1, 65344, 'Esai Morales', 'Gabriel', 'https://image.tmdb.org/t/p/original/kXQW3Uu8MnbIsPBzYNYDxFgDIDg.jpg') ON CONFLICT DO NOTHING;
INSERT INTO actors (mediaId, actorId , actorName, characterName, profilePath) VALUES(1, 139820, 'Pom Klementieff', 'Paris', 'https://image.tmdb.org/t/p/original/hfUKAI2kXTMMWjno0i4sLPJud5N.jpg') ON CONFLICT DO NOTHING;
INSERT INTO actors (mediaId, actorId , actorName, characterName, profilePath) VALUES(1, 15319, 'Henry Czerny', 'Kittridge', 'https://image.tmdb.org/t/p/original/zOWZzRmliKf9032IOOq0a3jXhVv.jpg') ON CONFLICT DO NOTHING;
INSERT INTO actors (mediaId, actorId , actorName, characterName, profilePath) VALUES(1, 74242, 'Shea Whigham', 'Briggs', 'https://image.tmdb.org/t/p/original/yHOYG5qKi3b0DhKOrPoBnELjR7z.jpg') ON CONFLICT DO NOTHING;
INSERT INTO media (mediaId, type, name, originalLanguage, adult, releaseDate, overview, backdropPath, posterPath, trailerLink, tmdbRating, status) VALUES(2, false, 'The Equalizer 3', 'en', False, '2023-08-30',  'Robert McCall finds himself at home in Southern Italy but he discovers his friends are under the control of local crime bosses. As events turn deadly, McCall knows what he has to do: become his friends'' protector by taking on the mafia.', 'https://image.tmdb.org/t/p/original/cHNqobjzfLj88lpIYqkZpecwQEC.jpg', 'https://image.tmdb.org/t/p/original/b0Ej6fnXAP8fK75hlyi2jKqdhHz.jpg', 'https://www.youtube.com/watch?v=fQfrzHFmVe8', 7.3, 'Released') ON CONFLICT DO NOTHING;
INSERT INTO movies (mediaId, runtime, budget, revenue, directorId, director) VALUES( 2, 109, 70000000, 176933602, 20907, 'Antoine Fuqua') ON CONFLICT DO NOTHING;
INSERT INTO genres (mediaId, genre) VALUES(2, 'Action') ON CONFLICT DO NOTHING;
INSERT INTO genres (mediaId, genre) VALUES(2, 'Thriller') ON CONFLICT DO NOTHING;
INSERT INTO genres (mediaId, genre) VALUES(2, 'Crime') ON CONFLICT DO NOTHING;
INSERT INTO genres (mediaId, genre) VALUES(2, 'Drama') ON CONFLICT DO NOTHING;
INSERT INTO actors (mediaId, actorId , actorName, characterName, profilePath) VALUES(2, 5292, 'Denzel Washington', 'Robert McCall', 'https://image.tmdb.org/t/p/original/jj2Gcobpopokal0YstuCQW0ldJ4.jpg') ON CONFLICT DO NOTHING;
INSERT INTO actors (mediaId, actorId , actorName, characterName, profilePath) VALUES(2, 501, 'Dakota Fanning', 'Emma Collins', 'https://image.tmdb.org/t/p/original/fXxfYh0NoTiyedRwZPNqBMdz3Eh.jpg') ON CONFLICT DO NOTHING;
INSERT INTO actors (mediaId, actorId , actorName, characterName, profilePath) VALUES(2, 1147420, 'Eugenio Mastrandrea', 'Gio Bonucci', 'https://image.tmdb.org/t/p/original/tFvgQP7j3F0ATXxzLS2yOaeU05Q.jpg') ON CONFLICT DO NOTHING;
INSERT INTO actors (mediaId, actorId , actorName, characterName, profilePath) VALUES(2, 62562, 'David Denman', 'Frank Conroy', 'https://image.tmdb.org/t/p/original/4I06ZD8SQ6pU1QYShiUXb711fJW.jpg') ON CONFLICT DO NOTHING;
INSERT INTO actors (mediaId, actorId , actorName, characterName, profilePath) VALUES(2, 1636737, 'Gaia Scodellaro', 'Aminah', 'https://image.tmdb.org/t/p/original/5hk50qopSbFHDqWlHzBeN7crEVj.jpg') ON CONFLICT DO NOTHING;
INSERT INTO actors (mediaId, actorId , actorName, characterName, profilePath) VALUES(2, 41527, 'Remo Girone', 'Enzo Arisio', 'https://image.tmdb.org/t/p/original/gRS90yn20ZMlq4pvVQjtUM5DLqN.jpg') ON CONFLICT DO NOTHING;
INSERT INTO actors (mediaId, actorId , actorName, characterName, profilePath) VALUES(2, 1917499, 'Andrea Scarduzio', 'Vincent Quaranta', 'https://image.tmdb.org/t/p/original/f19xKzDwURgKeUoThlSSvIgBx6P.jpg') ON CONFLICT DO NOTHING;
INSERT INTO actors (mediaId, actorId , actorName, characterName, profilePath) VALUES(2, 3462470, 'Andrea Dodero', 'Marco Quaranta', 'https://image.tmdb.org/t/p/original/yqcYijFrb5lLD606Y6LFvyRV2kr.jpg') ON CONFLICT DO NOTHING;
INSERT INTO actors (mediaId, actorId , actorName, characterName, profilePath) VALUES(2, 1469908, 'Daniele Perrone', 'Angelo', 'https://image.tmdb.org/t/p/original/uIEMiZf19EivJceMGoUQzY9mIPy.jpg') ON CONFLICT DO NOTHING;
INSERT INTO actors (mediaId, actorId , actorName, characterName, profilePath) VALUES(2, 1159576, 'Sonia Ammar', 'Chiara Bonucci', 'https://image.tmdb.org/t/p/original/berQQTh2roTqiwYfIUvGAbQlVU.jpg') ON CONFLICT DO NOTHING;
INSERT INTO media (mediaId, type, name, originalLanguage, adult, releaseDate, overview, backdropPath, posterPath, trailerLink, tmdbRating, status) VALUES(3, false, 'The Nun II', 'en', False, '2023-09-06',  'In 1956 France, a priest is violently murdered, and Sister Irene begins to investigate. She once again comes face-to-face with a powerful evil.', 'https://image.tmdb.org/t/p/original/mRGmNnh6pBAGGp6fMBMwI8iTBUO.jpg', 'https://image.tmdb.org/t/p/original/5gzzkR7y3hnY8AD1wXjCnVlHba5.jpg', 'https://www.youtube.com/watch?v=QF-oyCwaArU', 7, 'Released') ON CONFLICT DO NOTHING;
INSERT INTO movies (mediaId, runtime, budget, revenue, directorId, director) VALUES( 3, 110, 38500000, 257010000, 1607672, 'Michael Chaves') ON CONFLICT DO NOTHING;
INSERT INTO genres (mediaId, genre) VALUES(3, 'Horror') ON CONFLICT DO NOTHING;
INSERT INTO genres (mediaId, genre) VALUES(3, 'Mystery') ON CONFLICT DO NOTHING;
INSERT INTO genres (mediaId, genre) VALUES(3, 'Thriller') ON CONFLICT DO NOTHING;
INSERT INTO actors (mediaId, actorId , actorName, characterName, profilePath) VALUES(3, 527313, 'Taissa Farmiga', 'Sister Irene', 'https://image.tmdb.org/t/p/original/kC2Movbs6uEF8DdDhvyHizQHuru.jpg') ON CONFLICT DO NOTHING;
INSERT INTO actors (mediaId, actorId , actorName, characterName, profilePath) VALUES(3, 566080, 'Jonas Bloquet', 'Maurice Theriault', 'https://image.tmdb.org/t/p/original/ivbElHgLKv8PaVc2A9zIZSMSPcv.jpg') ON CONFLICT DO NOTHING;
INSERT INTO actors (mediaId, actorId , actorName, characterName, profilePath) VALUES(3, 1344344, 'Storm Reid', 'Sister Debra', 'https://image.tmdb.org/t/p/original/wA8cntFil1AuwusEZXLH9o898m1.jpg') ON CONFLICT DO NOTHING;
INSERT INTO actors (mediaId, actorId , actorName, characterName, profilePath) VALUES(3, 5529, 'Anna Popplewell', 'Kate', 'https://image.tmdb.org/t/p/original/ooYeKc28Ayqo9KW8gOacDXDghVL.jpg') ON CONFLICT DO NOTHING;
INSERT INTO actors (mediaId, actorId , actorName, characterName, profilePath) VALUES(3, 87287, 'Bonnie Aarons', 'The Nun / Valak', 'https://image.tmdb.org/t/p/original/iEtWuoXKx4ZKbIWwJp1V76Heavy.jpg') ON CONFLICT DO NOTHING;
INSERT INTO actors (mediaId, actorId , actorName, characterName, profilePath) VALUES(3, 3607815, 'Katelyn Rose Downey', 'Sophie', 'https://image.tmdb.org/t/p/original/50mZMR1gxqFNahFA8nahFnvsWQy.jpg') ON CONFLICT DO NOTHING;
INSERT INTO actors (mediaId, actorId , actorName, characterName, profilePath) VALUES(3, 162413, 'Suzanne Bertish', 'Madame Laurent', 'https://image.tmdb.org/t/p/original/6UEvYDr97XooqCBSXafsRy1KEWw.jpg') ON CONFLICT DO NOTHING;
INSERT INTO actors (mediaId, actorId , actorName, characterName, profilePath) VALUES(3, 2490509, 'Léontine d''Oncieu', 'Simone', 'https://image.tmdb.org/t/p/original/cuH7fCQtG2VaDOA7DLl3cVjB9G4.jpg') ON CONFLICT DO NOTHING;
INSERT INTO actors (mediaId, actorId , actorName, characterName, profilePath) VALUES(3, 4033927, 'Anouk Darwin Homewood', 'Céleste', 'https://image.tmdb.org/t/p/original/uaCycUZotvP8sNIRNLB2tyfJPRs.jpg') ON CONFLICT DO NOTHING;
INSERT INTO actors (mediaId, actorId , actorName, characterName, profilePath) VALUES(3, 1277975, 'Peter Hudson', 'Father Ridley', 'https://image.tmdb.org/t/p/original/gTiHdNw4siCuQlEhfnserILryOz.jpg') ON CONFLICT DO NOTHING;
INSERT INTO media (mediaId, type, name, originalLanguage, adult, releaseDate, overview, backdropPath, posterPath, trailerLink, tmdbRating, status) VALUES(4, false, 'Nowhere', 'es', False, '2023-09-29',  'A young pregnant woman named Mia escapes from a country at war by hiding in a maritime container aboard a cargo ship. After a violent storm, Mia gives birth to the child while lost at sea, where she must fight to survive.', 'https://image.tmdb.org/t/p/original/xvzxqKWltnj6qSiWBXRq6ZCdcrw.jpg', 'https://image.tmdb.org/t/p/original/uldNFFKNXNvwss0MIZErMSFkBJZ.jpg', 'https://www.youtube.com/watch?v=KDUtdcU10YA', 7.6, 'Released') ON CONFLICT DO NOTHING;
INSERT INTO movies (mediaId, runtime, budget, revenue, directorId, director) VALUES( 4, 109, 0, 0, 1485396, 'Albert Pintó') ON CONFLICT DO NOTHING;
INSERT INTO genres (mediaId, genre) VALUES(4, 'Thriller') ON CONFLICT DO NOTHING;
INSERT INTO genres (mediaId, genre) VALUES(4, 'Drama') ON CONFLICT DO NOTHING;
INSERT INTO actors (mediaId, actorId , actorName, characterName, profilePath) VALUES(4, 1031914, 'Anna Castillo', 'Mia', 'https://image.tmdb.org/t/p/original/skQ9HzWM4Ya9YB6J9QSRPVgjfNG.jpg') ON CONFLICT DO NOTHING;
INSERT INTO actors (mediaId, actorId , actorName, characterName, profilePath) VALUES(4, 33411, 'Tamar Novas', 'Nico', 'https://image.tmdb.org/t/p/original/3MpjB6lxeTUA9EunaV4kAyvOvIG.jpg') ON CONFLICT DO NOTHING;
INSERT INTO actors (mediaId, actorId , actorName, characterName, profilePath) VALUES(4, 2088920, 'Irina Bravo', 'Angela', 'https://image.tmdb.org/t/p/original/oqF3owmFA8y16acBJn8ft4FJnJp.jpg') ON CONFLICT DO NOTHING;
INSERT INTO actors (mediaId, actorId , actorName, characterName, profilePath) VALUES(4, 1076957, 'Victoria Teijeiro', 'Vicky', 'https://image.tmdb.org/t/p/original/1XpVyM4dQkZYXKu5TgafgecRXAT.jpg') ON CONFLICT DO NOTHING;
INSERT INTO actors (mediaId, actorId , actorName, characterName, profilePath) VALUES(4, 1831097, 'Lucia Soria', 'Addlescente', 'https://image.tmdb.org/t/p/original/dLdiUn8rwsn2UZMwPwyYvXBWCL5.jpg') ON CONFLICT DO NOTHING;
INSERT INTO actors (mediaId, actorId , actorName, characterName, profilePath) VALUES(4, 3224246, 'Mary Ruiz', 'Sandra', 'https://image.tmdb.org/t/p/original/d1myvSC1FE6gYy8Y8B62daVYED2.jpg') ON CONFLICT DO NOTHING;
INSERT INTO actors (mediaId, actorId , actorName, characterName, profilePath) VALUES(4, 1047252, 'Tony Corvillo', 'Gil', 'https://image.tmdb.org/t/p/original/fkuv6URPXuXHNPe7gPOTAoxfaZI.jpg') ON CONFLICT DO NOTHING;
INSERT INTO actors (mediaId, actorId , actorName, characterName, profilePath) VALUES(4, 1531149, 'Mariam Torres', 'Lucia', 'https://image.tmdb.org/t/p/original/yErjtiPNvMfySK54NEkqeNCucIv.jpg') ON CONFLICT DO NOTHING;
INSERT INTO actors (mediaId, actorId , actorName, characterName, profilePath) VALUES(4, 1093278, 'Edu Bulnes', 'Andres', 'https://image.tmdb.org/t/p/original/tHyigDWfuoG6eXXq6gHrl70bokz.jpg') ON CONFLICT DO NOTHING;
INSERT INTO actors (mediaId, actorId , actorName, characterName, profilePath) VALUES(4, 232658, 'Antonio Buíl', 'Conductor Camion', 'https://image.tmdb.org/t/p/original/hJJTx7jjyaf9nrkMYhwUVlCSAcd.jpg') ON CONFLICT DO NOTHING;
INSERT INTO media (mediaId, type, name, originalLanguage, adult, releaseDate, overview, backdropPath, posterPath, trailerLink, tmdbRating, status) VALUES(5, false, 'Sound of Freedom', 'en', False, '2023-07-03',  'The story of Tim Ballard, a former US government agent, who quits his job in order to devote his life to rescuing children from global sex traffickers.', 'https://image.tmdb.org/t/p/original/pA3vdhadJPxF5GA1uo8OPTiNQDT.jpg', 'https://image.tmdb.org/t/p/original/qA5kPYZA7FkVvqcEfJRoOy4kpHg.jpg', 'https://www.youtube.com/watch?v=hyyyKcfJRGQ', 8.1, 'Released') ON CONFLICT DO NOTHING;
INSERT INTO movies (mediaId, runtime, budget, revenue, directorId, director) VALUES( 5, 131, 15000000, 238000000, 72960, 'Alejandro Gómez Monteverde') ON CONFLICT DO NOTHING;
INSERT INTO genres (mediaId, genre) VALUES(5, 'Action') ON CONFLICT DO NOTHING;
INSERT INTO genres (mediaId, genre) VALUES(5, 'Drama') ON CONFLICT DO NOTHING;
INSERT INTO actors (mediaId, actorId , actorName, characterName, profilePath) VALUES(5, 8767, 'Jim Caviezel', 'Tim Ballard', 'https://image.tmdb.org/t/p/original/wDf6ukCaGMEnH94GzLP2NGjKeNL.jpg') ON CONFLICT DO NOTHING;
INSERT INTO actors (mediaId, actorId , actorName, characterName, profilePath) VALUES(5, 23931, 'Mira Sorvino', 'Katherine Ballard', 'https://image.tmdb.org/t/p/original/11raFiNo7QfisH44v3NIfpVvIz5.jpg') ON CONFLICT DO NOTHING;
INSERT INTO actors (mediaId, actorId , actorName, characterName, profilePath) VALUES(5, 121718, 'Bill Camp', 'Vampiro', 'https://image.tmdb.org/t/p/original/yZFata0EVr7TbIAz8vZFyiDKDts.jpg') ON CONFLICT DO NOTHING;
INSERT INTO actors (mediaId, actorId , actorName, characterName, profilePath) VALUES(5, 17689, 'Gerardo Taracena', 'El Alacrán', 'https://image.tmdb.org/t/p/original/wvqDQf71ezlA36ZzhWe1D7cKLLS.jpg') ON CONFLICT DO NOTHING;
INSERT INTO actors (mediaId, actorId , actorName, characterName, profilePath) VALUES(5, 29685, 'Kurt Fuller', 'John Bryant', 'https://image.tmdb.org/t/p/original/kV02XLACLFd1YYQdSOgqy6lFmQ3.jpg') ON CONFLICT DO NOTHING;
INSERT INTO actors (mediaId, actorId , actorName, characterName, profilePath) VALUES(5, 10963, 'José Zúñiga', 'Roberto', 'https://image.tmdb.org/t/p/original/r6nFkJkMHP9tFDohwfav9Bf2rCR.jpg') ON CONFLICT DO NOTHING;
INSERT INTO actors (mediaId, actorId , actorName, characterName, profilePath) VALUES(5, 72968, 'Eduardo Verástegui', 'Pablo', 'https://image.tmdb.org/t/p/original/jUPrzJbA4ksTR0DYK10PKpq1yJG.jpg') ON CONFLICT DO NOTHING;
INSERT INTO actors (mediaId, actorId , actorName, characterName, profilePath) VALUES(5, 87954, 'Scott Haze', 'Chris', 'https://image.tmdb.org/t/p/original/6cd3Jt8Vo52j8cRKbNf1j7cERhs.jpg') ON CONFLICT DO NOTHING;
INSERT INTO actors (mediaId, actorId , actorName, characterName, profilePath) VALUES(5, 3452313, 'Yessica Borroto Perryman', 'Giselle / Katy', 'https://image.tmdb.org/t/p/original/alrgY3bx7Us6N9VHyqCGuy0NvZa.jpg') ON CONFLICT DO NOTHING;
INSERT INTO actors (mediaId, actorId , actorName, characterName, profilePath) VALUES(5, 96228, 'Gary Basaraba', 'Earl Buchanan', 'https://image.tmdb.org/t/p/original/dH6zocqD5heDerhCANUtfy00gHm.jpg') ON CONFLICT DO NOTHING;
INSERT INTO media (mediaId, type, name, originalLanguage, adult, releaseDate, overview, backdropPath, posterPath, trailerLink, tmdbRating, status) VALUES(6, false, 'Talk to Me', 'en', False, '2023-07-26',  'When a group of friends discover how to conjure spirits using an embalmed hand, they become hooked on the new thrill, until one of them goes too far and unleashes terrifying supernatural forces.', 'https://image.tmdb.org/t/p/original/iIvQnZyzgx9TkbrOgcXx0p7aLiq.jpg', 'https://image.tmdb.org/t/p/original/kdPMUMJzyYAc4roD52qavX0nLIC.jpg', 'https://www.youtube.com/watch?v=f3cWlKIA2r8', 7.2, 'Released') ON CONFLICT DO NOTHING;
INSERT INTO movies (mediaId, runtime, budget, revenue, directorId, director) VALUES( 6, 95, 0, 72600000, 2070452, 'Michael Philippou') ON CONFLICT DO NOTHING;
INSERT INTO genres (mediaId, genre) VALUES(6, 'Horror') ON CONFLICT DO NOTHING;
INSERT INTO genres (mediaId, genre) VALUES(6, 'Thriller') ON CONFLICT DO NOTHING;
INSERT INTO actors (mediaId, actorId , actorName, characterName, profilePath) VALUES(6, 3115932, 'Sophie Wilde', 'Mia', 'https://image.tmdb.org/t/p/original/3ImqawPfIsu95THFeCYGQw2500H.jpg') ON CONFLICT DO NOTHING;
INSERT INTO actors (mediaId, actorId , actorName, characterName, profilePath) VALUES(6, 2644232, 'Alexandra Jensen', 'Jade', 'https://image.tmdb.org/t/p/original/jzY7CkJt40N3eYV3bKsRZq4DrjU.jpg') ON CONFLICT DO NOTHING;
INSERT INTO actors (mediaId, actorId , actorName, characterName, profilePath) VALUES(6, 3047804, 'Joe Bird', 'Riley', 'https://image.tmdb.org/t/p/original/nhkPLaVaDFVuI1oFRdJcgs95pyK.jpg') ON CONFLICT DO NOTHING;
INSERT INTO actors (mediaId, actorId , actorName, characterName, profilePath) VALUES(6, 1822223, 'Otis Dhanji', 'Daniel', 'https://image.tmdb.org/t/p/original/n0Ooc4r6rcGMqpnn9haSRX2lR2m.jpg') ON CONFLICT DO NOTHING;
INSERT INTO actors (mediaId, actorId , actorName, characterName, profilePath) VALUES(6, 502, 'Miranda Otto', 'Sue', 'https://image.tmdb.org/t/p/original/szME1IBVTLgiKrO5D5wvOGnvUDW.jpg') ON CONFLICT DO NOTHING;
INSERT INTO actors (mediaId, actorId , actorName, characterName, profilePath) VALUES(6, 2659518, 'Zoe Terakes', 'Hayley', 'https://image.tmdb.org/t/p/original/d76CY7JMI2RuxFWwrrNHXRratJf.jpg') ON CONFLICT DO NOTHING;
INSERT INTO actors (mediaId, actorId , actorName, characterName, profilePath) VALUES(6, 2467788, 'Chris Alosio', 'Joss', 'https://image.tmdb.org/t/p/original/abFg3zNpz6l8zhgt8ESlZvVX8Uh.jpg') ON CONFLICT DO NOTHING;
INSERT INTO actors (mediaId, actorId , actorName, characterName, profilePath) VALUES(6, 213070, 'Marcus Johnson', 'Max', 'https://image.tmdb.org/t/p/original/sHUZnN8YjswLgftgDi1GzlWrcJJ.jpg') ON CONFLICT DO NOTHING;
INSERT INTO actors (mediaId, actorId , actorName, characterName, profilePath) VALUES(6, 3281952, 'Alexandria Steffensen', 'Rhea', 'https://image.tmdb.org/t/p/original/nB2m6B2JeyXRBTcNJQSbhCtyJ8a.jpg') ON CONFLICT DO NOTHING;
INSERT INTO actors (mediaId, actorId , actorName, characterName, profilePath) VALUES(6, 2131239, 'Ari McCarthy', 'Cole', 'https://image.tmdb.org/t/p/original/uF9qARjYzSHVzO8VIdv0y6AJvhn.jpg') ON CONFLICT DO NOTHING;
INSERT INTO media (mediaId, type, name, originalLanguage, adult, releaseDate, overview, backdropPath, posterPath, trailerLink, tmdbRating, status) VALUES(7, false, 'Ballerina', 'ko', False, '2023-10-05',  'Grieving the loss of a best friend she couldn''t protect, an ex-bodyguard sets out to fulfill her dear friend''s last wish: sweet revenge.', 'https://image.tmdb.org/t/p/original/pWte3Bpf8DHJjzjXP0aCtSewE8y.jpg', 'https://image.tmdb.org/t/p/original/oE7xtGDqZnr7tFHfwb8oM9iRW6H.jpg', 'https://www.youtube.com/watch?v=IhXfUTGVEUI', 7, 'Released') ON CONFLICT DO NOTHING;
INSERT INTO movies (mediaId, runtime, budget, revenue, directorId, director) VALUES( 7, 93, 0, 0, 1943702, 'Lee Chung-hyun') ON CONFLICT DO NOTHING;
INSERT INTO genres (mediaId, genre) VALUES(7, 'Action') ON CONFLICT DO NOTHING;
INSERT INTO genres (mediaId, genre) VALUES(7, 'Crime') ON CONFLICT DO NOTHING;
INSERT INTO genres (mediaId, genre) VALUES(7, 'Thriller') ON CONFLICT DO NOTHING;
INSERT INTO actors (mediaId, actorId , actorName, characterName, profilePath) VALUES(7, 1937533, 'Jun Jong-seo', 'Jang Ok-joo', 'https://image.tmdb.org/t/p/original/13mReqKdJFy3NjbqAFzVBLiyF9d.jpg') ON CONFLICT DO NOTHING;
INSERT INTO actors (mediaId, actorId , actorName, characterName, profilePath) VALUES(7, 1257600, 'Kim Ji-hun', 'Choi Pro', 'https://image.tmdb.org/t/p/original/ts2P3zONNZxD4AWIVu0FrvtUQNJ.jpg') ON CONFLICT DO NOTHING;
INSERT INTO actors (mediaId, actorId , actorName, characterName, profilePath) VALUES(7, 2128935, 'Park Hyoung-soo', 'Myung-shik', 'https://image.tmdb.org/t/p/original/zIID8SaTRzQnfWUOHCeYSS7vIQS.jpg') ON CONFLICT DO NOTHING;
INSERT INTO actors (mediaId, actorId , actorName, characterName, profilePath) VALUES(7, 3154127, 'Park Yu-rim', 'Choi Min-hee', 'https://image.tmdb.org/t/p/original/1cVKz3v0zY1FTwjR1oFMYgf3Rmx.jpg') ON CONFLICT DO NOTHING;
INSERT INTO actors (mediaId, actorId , actorName, characterName, profilePath) VALUES(7, 84788, 'Kim Moo-yul', 'Chief Jo', 'https://image.tmdb.org/t/p/original/7SoxNZ826OzxV7WBplJWud8WhOr.jpg') ON CONFLICT DO NOTHING;
INSERT INTO actors (mediaId, actorId , actorName, characterName, profilePath) VALUES(7, 1723499, 'Shin Se-hwi', 'High School Student', 'https://image.tmdb.org/t/p/original/4Cseml8tpyYkkvupb4yG04NiX7A.jpg') ON CONFLICT DO NOTHING;
INSERT INTO actors (mediaId, actorId , actorName, characterName, profilePath) VALUES(7, 4309094, 'Park Geun-jeong', 'Short Haired Hotel Clerk', 'https://image.tmdb.org/t/p/original/iK9vtZyJDVZC4bD8ywqEp8dWCVN.jpg') ON CONFLICT DO NOTHING;
INSERT INTO actors (mediaId, actorId , actorName, characterName, profilePath) VALUES(7, 4309197, 'Yang Jun-seok', 'Shaved Head Hotel Clerk', 'https://image.tmdb.org/t/p/original/an2r9hzmREWvYrbX1M80c581UAu.jpg') ON CONFLICT DO NOTHING;
INSERT INTO actors (mediaId, actorId , actorName, characterName, profilePath) VALUES(7, 1692997, 'Jang Yoon-ju', 'Mun-yeong', 'https://image.tmdb.org/t/p/original/1LnOTuKlzaUnlYFJRzGBCOgAK61.jpg') ON CONFLICT DO NOTHING;
INSERT INTO actors (mediaId, actorId , actorName, characterName, profilePath) VALUES(7, 141153, 'Kim Young-ok', 'Gun Dealer', 'https://image.tmdb.org/t/p/original/vBk5QGcAFl8rlbkOoV898pa5GAi.jpg') ON CONFLICT DO NOTHING;
INSERT INTO media (mediaId, type, name, originalLanguage, adult, releaseDate, overview, backdropPath, posterPath, trailerLink, tmdbRating, status) VALUES(8, false, 'Expend4bles', 'en', False, '2023-09-15',  'Armed with every weapon they can get their hands on and the skills to use them, The Expendables are the world’s last line of defense and the team that gets called when all other options are off the table. But new team members with new styles and tactics are going to give “new blood” a whole new meaning.', 'https://image.tmdb.org/t/p/original/rMvPXy8PUjj1o8o1pzgQbdNCsvj.jpg', 'https://image.tmdb.org/t/p/original/iwsMu0ehRPbtaSxqiaUDQB9qMWT.jpg', 'https://www.youtube.com/watch?v=Cm3Z1jEjHHc', 6.3, 'Released') ON CONFLICT DO NOTHING;
INSERT INTO movies (mediaId, runtime, budget, revenue, directorId, director) VALUES( 8, 103, 100000000, 30000000, 293911, 'Scott Waugh') ON CONFLICT DO NOTHING;
INSERT INTO genres (mediaId, genre) VALUES(8, 'Action') ON CONFLICT DO NOTHING;
INSERT INTO genres (mediaId, genre) VALUES(8, 'Adventure') ON CONFLICT DO NOTHING;
INSERT INTO genres (mediaId, genre) VALUES(8, 'Thriller') ON CONFLICT DO NOTHING;
INSERT INTO actors (mediaId, actorId , actorName, characterName, profilePath) VALUES(8, 976, 'Jason Statham', 'Christmas', 'https://image.tmdb.org/t/p/original/whNwkEQYWLFJA8ij0WyOOAD5xhQ.jpg') ON CONFLICT DO NOTHING;
INSERT INTO actors (mediaId, actorId , actorName, characterName, profilePath) VALUES(8, 62644, '50 Cent', 'Easy Day', 'https://image.tmdb.org/t/p/original/uyEfYdXj8lJusUyH7I7ChvhDXPH.jpg') ON CONFLICT DO NOTHING;
INSERT INTO actors (mediaId, actorId , actorName, characterName, profilePath) VALUES(8, 19537, 'Megan Fox', 'Gina', 'https://image.tmdb.org/t/p/original/7VzUcdoeiXcjQabaWd47DwDcv8j.jpg') ON CONFLICT DO NOTHING;
INSERT INTO actors (mediaId, actorId , actorName, characterName, profilePath) VALUES(8, 16644, 'Dolph Lundgren', 'Gunner', 'https://image.tmdb.org/t/p/original/fisJpm05tw6GCJ4v62TKBCoWuZM.jpg') ON CONFLICT DO NOTHING;
INSERT INTO actors (mediaId, actorId , actorName, characterName, profilePath) VALUES(8, 113732, 'Iko Uwais', 'Rahmat', 'https://image.tmdb.org/t/p/original/9WngJ2lOCy3UczLv3L2JRZvX0UM.jpg') ON CONFLICT DO NOTHING;
INSERT INTO actors (mediaId, actorId , actorName, characterName, profilePath) VALUES(8, 1271, 'Andy García', 'Marsh', 'https://image.tmdb.org/t/p/original/aRooE4lECWf0YXd2NefeM4Wu4rn.jpg') ON CONFLICT DO NOTHING;
INSERT INTO actors (mediaId, actorId , actorName, characterName, profilePath) VALUES(8, 16483, 'Sylvester Stallone', 'Barney', 'https://image.tmdb.org/t/p/original/pOpbPofjwpynRkWPZZZkyGds6rx.jpg') ON CONFLICT DO NOTHING;
INSERT INTO actors (mediaId, actorId , actorName, characterName, profilePath) VALUES(8, 57207, 'Tony Jaa', 'Decha', 'https://image.tmdb.org/t/p/original/AdN11kgJeKgjyWPRTGSHjSPzG7N.jpg') ON CONFLICT DO NOTHING;
INSERT INTO actors (mediaId, actorId , actorName, characterName, profilePath) VALUES(8, 74748, 'Randy Couture', 'Toll Road', 'https://image.tmdb.org/t/p/original/pmdPaQBWufFVwVxJYofLcERZr1l.jpg') ON CONFLICT DO NOTHING;
INSERT INTO actors (mediaId, actorId , actorName, characterName, profilePath) VALUES(8, 2256312, 'Jacob Scipio', 'Galan', 'https://image.tmdb.org/t/p/original/gcZSJy9LZ8DUDP480Q2K1OhL1Ct.jpg') ON CONFLICT DO NOTHING;
INSERT INTO media (mediaId, type, name, originalLanguage, adult, releaseDate, overview, backdropPath, posterPath, trailerLink, tmdbRating, status) VALUES(9, false, '57 Seconds', 'en', False, '2023-09-29',  'When a tech blogger lands an interview with a tech guru and stops an attack on him, he finds a mysterious ring that takes him back 57 seconds into the past.', 'https://image.tmdb.org/t/p/original/jP3FatCTHc460ZGW57q9ypTdBqu.jpg', 'https://image.tmdb.org/t/p/original/dfS5qHWFuXyZQnwYREwb7N4qU5p.jpg', 'https://www.youtube.com/watch?v=zztwCBesT3g', 5.4, 'Released') ON CONFLICT DO NOTHING;
INSERT INTO movies (mediaId, runtime, budget, revenue, directorId, director) VALUES( 9, 99, 0, 0, 141825, 'Rusty Cundieff') ON CONFLICT DO NOTHING;
INSERT INTO genres (mediaId, genre) VALUES(9, 'Thriller') ON CONFLICT DO NOTHING;
INSERT INTO genres (mediaId, genre) VALUES(9, 'Science Fiction') ON CONFLICT DO NOTHING;
INSERT INTO genres (mediaId, genre) VALUES(9, 'Action') ON CONFLICT DO NOTHING;
INSERT INTO actors (mediaId, actorId , actorName, characterName, profilePath) VALUES(9, 27972, 'Josh Hutcherson', 'Franklin Fox', 'https://image.tmdb.org/t/p/original/npowygg8rH7uJ4v7rAoDMsHBhNq.jpg') ON CONFLICT DO NOTHING;
INSERT INTO actors (mediaId, actorId , actorName, characterName, profilePath) VALUES(9, 192, 'Morgan Freeman', 'Anton Burrell', 'https://image.tmdb.org/t/p/original/jPsLqiYGSofU4s6BjrxnefMfabb.jpg') ON CONFLICT DO NOTHING;
INSERT INTO actors (mediaId, actorId , actorName, characterName, profilePath) VALUES(9, 19974, 'Greg Germann', 'Sig Thorenson', 'https://image.tmdb.org/t/p/original/cRLbrKwasOiBj68pORvrZTPHRfB.jpg') ON CONFLICT DO NOTHING;
INSERT INTO actors (mediaId, actorId , actorName, characterName, profilePath) VALUES(9, 1909534, 'Lovie Simone', 'Jala', 'https://image.tmdb.org/t/p/original/8O709kbtGUtffT2eypPpzYZemYR.jpg') ON CONFLICT DO NOTHING;
INSERT INTO actors (mediaId, actorId , actorName, characterName, profilePath) VALUES(9, 2085296, 'Bevin Bru', 'Renee Renzler', 'https://image.tmdb.org/t/p/original/pWhwtggClHRmUu215Q921qKUCUP.jpg') ON CONFLICT DO NOTHING;
INSERT INTO actors (mediaId, actorId , actorName, characterName, profilePath) VALUES(9, 19300, 'Sammi Rotibi', 'Calvert', 'https://image.tmdb.org/t/p/original/nHuy33iDXGUpFCZEZev7IkKLJz6.jpg') ON CONFLICT DO NOTHING;
INSERT INTO actors (mediaId, actorId , actorName, characterName, profilePath) VALUES(9, 1881794, 'Mark Jacobson', 'Andy', 'https://image.tmdb.org/t/p/original/2WFGwOSk59pLcI65TrDau1Y9SEm.jpg') ON CONFLICT DO NOTHING;
INSERT INTO actors (mediaId, actorId , actorName, characterName, profilePath) VALUES(9, 76021, 'Griff Furst', 'James Miller', 'https://image.tmdb.org/t/p/original/kC7MQMSMockWSHpIkAFJp4LwPI8.jpg') ON CONFLICT DO NOTHING;
INSERT INTO actors (mediaId, actorId , actorName, characterName, profilePath) VALUES(9, 2014405, 'Dickson Obahor', 'Louie', 'https://image.tmdb.org/t/p/original/s1XAb6fyRTjOZAvsNrkvgzLe2fy.jpg') ON CONFLICT DO NOTHING;
INSERT INTO actors (mediaId, actorId , actorName, characterName, profilePath) VALUES(9, 56448, 'Jeff Chase', 'Big-Boy', 'https://image.tmdb.org/t/p/original/Ahj74X5BioIUDRhdWD8i43j0pXM.jpg') ON CONFLICT DO NOTHING;
INSERT INTO media (mediaId, type, name, originalLanguage, adult, releaseDate, overview, backdropPath, posterPath, trailerLink, tmdbRating, status) VALUES(10, false, 'Gran Turismo', 'en', False, '2023-08-09',  'The ultimate wish-fulfillment tale of a teenage Gran Turismo player whose gaming skills won him a series of Nissan competitions to become an actual professional racecar driver.', 'https://image.tmdb.org/t/p/original/r7DuyYJ0N3cD8bRKsR5Ygq2P7oa.jpg', 'https://image.tmdb.org/t/p/original/51tqzRtKMMZEYUpSYkrUE7v9ehm.jpg', 'https://www.youtube.com/watch?v=ZCYHn8mvyF8', 8.1, 'Released') ON CONFLICT DO NOTHING;
INSERT INTO movies (mediaId, runtime, budget, revenue, directorId, director) VALUES( 10, 135, 60000000, 114800000, 82194, 'Neill Blomkamp') ON CONFLICT DO NOTHING;
INSERT INTO genres (mediaId, genre) VALUES(10, 'Adventure') ON CONFLICT DO NOTHING;
INSERT INTO genres (mediaId, genre) VALUES(10, 'Action') ON CONFLICT DO NOTHING;
INSERT INTO genres (mediaId, genre) VALUES(10, 'Drama') ON CONFLICT DO NOTHING;
INSERT INTO actors (mediaId, actorId , actorName, characterName, profilePath) VALUES(10, 2249745, 'Archie Madekwe', 'Jann Mardenborough', 'https://image.tmdb.org/t/p/original/tdTv1E3309yWTU9IdtdhZj1a1Zj.jpg') ON CONFLICT DO NOTHING;
INSERT INTO actors (mediaId, actorId , actorName, characterName, profilePath) VALUES(10, 35029, 'David Harbour', 'Jack Salter', 'https://image.tmdb.org/t/p/original/chPekukMF5SNnW6b22NbYPqAStr.jpg') ON CONFLICT DO NOTHING;
INSERT INTO actors (mediaId, actorId , actorName, characterName, profilePath) VALUES(10, 114, 'Orlando Bloom', 'Danny Moore', 'https://image.tmdb.org/t/p/original/lwQoA0qJTCZ6l2FH6PjmhRQjiaB.jpg') ON CONFLICT DO NOTHING;
INSERT INTO actors (mediaId, actorId , actorName, characterName, profilePath) VALUES(10, 938, 'Djimon Hounsou', 'Steve Mardenborough', 'https://image.tmdb.org/t/p/original/x5T4KWDapuroMdEHhVY7uhXrRlQ.jpg') ON CONFLICT DO NOTHING;
INSERT INTO actors (mediaId, actorId , actorName, characterName, profilePath) VALUES(10, 2000335, 'Darren Barnet', 'Matty Davis', 'https://image.tmdb.org/t/p/original/z3hQP19QgHsKZ4j0sXNzrhScDMO.jpg') ON CONFLICT DO NOTHING;
INSERT INTO actors (mediaId, actorId , actorName, characterName, profilePath) VALUES(10, 3791173, 'Maeve Courtier-Lilley', 'Audrey', 'https://image.tmdb.org/t/p/original/b8gS6PXvdxrLqwZLLHvS0s8ZkJk.jpg') ON CONFLICT DO NOTHING;
INSERT INTO actors (mediaId, actorId , actorName, characterName, profilePath) VALUES(10, 47987, 'Geri Horner', 'Lesley Mardenborough', 'https://image.tmdb.org/t/p/original/wWh8mqeNVDaJu9EwCUMwM9dNb06.jpg') ON CONFLICT DO NOTHING;
INSERT INTO actors (mediaId, actorId , actorName, characterName, profilePath) VALUES(10, 3361723, 'Daniel Puig', 'Coby Mardenborough', 'https://image.tmdb.org/t/p/original/tA3KIn1z8tRwVzbWxdGlj1b4qIZ.jpg') ON CONFLICT DO NOTHING;
INSERT INTO actors (mediaId, actorId , actorName, characterName, profilePath) VALUES(10, 1866384, 'Josha Stradowski', 'Nicholas Capa', 'https://image.tmdb.org/t/p/original/uCbfm39Gad32j2z0vOOh3oa5GEH.jpg') ON CONFLICT DO NOTHING;
INSERT INTO actors (mediaId, actorId , actorName, characterName, profilePath) VALUES(10, 3491, 'Thomas Kretschmann', 'Patrice Capa', 'https://image.tmdb.org/t/p/original/7M0P39a3CVA22dJyv5YQEkTThU7.jpg') ON CONFLICT DO NOTHING;
INSERT INTO providers (mediaId, providerId, providerName, logoPath) VALUES( 10, 2, 'Apple TV', 'https://image.tmdb.org/t/p/original/peURlLlr8jggOwK53fJ5wdQl05y.jpg') ON CONFLICT DO NOTHING;
INSERT INTO providers (mediaId, providerId, providerName, logoPath) VALUES( 10, 3, 'Google Play Movies', 'https://image.tmdb.org/t/p/original/tbEdFQDwx5LEVr8WpSeXQSIirVq.jpg') ON CONFLICT DO NOTHING;
INSERT INTO media (mediaId, type, name, originalLanguage, adult, releaseDate, overview, backdropPath, posterPath, trailerLink, tmdbRating, status) VALUES(11, false, 'Meg 2: The Trench', 'en', False, '2023-08-02',  'An exploratory dive into the deepest depths of the ocean of a daring research team spirals into chaos when a malevolent mining operation threatens their mission and forces them into a high-stakes battle for survival.', 'https://image.tmdb.org/t/p/original/8pjWz2lt29KyVGoq1mXYu6Br7dE.jpg', 'https://image.tmdb.org/t/p/original/4m1Au3YkjqsxF8iwQy0fPYSxE0h.jpg', 'https://www.youtube.com/watch?v=dG91B3hHyY4', 6.8, 'Released') ON CONFLICT DO NOTHING;
INSERT INTO movies (mediaId, runtime, budget, revenue, directorId, director) VALUES( 11, 116, 129000000, 384056482, 137467, 'Ben Wheatley') ON CONFLICT DO NOTHING;
INSERT INTO genres (mediaId, genre) VALUES(11, 'Action') ON CONFLICT DO NOTHING;
INSERT INTO genres (mediaId, genre) VALUES(11, 'Science Fiction') ON CONFLICT DO NOTHING;
INSERT INTO genres (mediaId, genre) VALUES(11, 'Horror') ON CONFLICT DO NOTHING;
INSERT INTO actors (mediaId, actorId , actorName, characterName, profilePath) VALUES(11, 976, 'Jason Statham', 'Jonas Taylor', 'https://image.tmdb.org/t/p/original/whNwkEQYWLFJA8ij0WyOOAD5xhQ.jpg') ON CONFLICT DO NOTHING;
INSERT INTO actors (mediaId, actorId , actorName, characterName, profilePath) VALUES(11, 78871, 'Wu Jing', 'Jiuming Zhang', 'https://image.tmdb.org/t/p/original/s7DOAkkBII5JuS7CcjaifGnJZlG.jpg') ON CONFLICT DO NOTHING;
INSERT INTO actors (mediaId, actorId , actorName, characterName, profilePath) VALUES(11, 1704579, 'Shuya Sophia Cai', 'Meiying', 'https://image.tmdb.org/t/p/original/8zzSyNhoFJQ3eRqaqIgiryoONJB.jpg') ON CONFLICT DO NOTHING;
INSERT INTO actors (mediaId, actorId , actorName, characterName, profilePath) VALUES(11, 177214, 'Page Kennedy', 'DJ', 'https://image.tmdb.org/t/p/original/hM7yB43TFtzKg8W3rW0LOceVnok.jpg') ON CONFLICT DO NOTHING;
INSERT INTO actors (mediaId, actorId , actorName, characterName, profilePath) VALUES(11, 78994, 'Sergio Peris-Mencheta', 'Montes', 'https://image.tmdb.org/t/p/original/uPE1n0JpbicJ5gm2fNarbsx6Nc4.jpg') ON CONFLICT DO NOTHING;
INSERT INTO actors (mediaId, actorId , actorName, characterName, profilePath) VALUES(11, 7055, 'Sienna Guillory', 'Driscoll', 'https://image.tmdb.org/t/p/original/rpnWJT1d61GwnG9bQoGSxWbIaL4.jpg') ON CONFLICT DO NOTHING;
INSERT INTO actors (mediaId, actorId , actorName, characterName, profilePath) VALUES(11, 7248, 'Cliff Curtis', 'Mac', 'https://image.tmdb.org/t/p/original/3D6qz8vL6DWHAO3HeXeaSuwxq3s.jpg') ON CONFLICT DO NOTHING;
INSERT INTO actors (mediaId, actorId , actorName, characterName, profilePath) VALUES(11, 110930, 'Skyler Samuels', 'Jess', 'https://image.tmdb.org/t/p/original/4HeEvih8dRezHnnS1Ss9L7hKsLx.jpg') ON CONFLICT DO NOTHING;
INSERT INTO actors (mediaId, actorId , actorName, characterName, profilePath) VALUES(11, 1977759, 'Melissanthi Mahut', 'Rigas', 'https://image.tmdb.org/t/p/original/c5Or2xsO8ni2F95RR5ImUmfLGmg.jpg') ON CONFLICT DO NOTHING;
INSERT INTO actors (mediaId, actorId , actorName, characterName, profilePath) VALUES(11, 1503556, 'Whoopie van Raam', 'Curtis', 'https://image.tmdb.org/t/p/original/hxV4Mwy9uxExVxsrRaYgQau09AW.jpg') ON CONFLICT DO NOTHING;
INSERT INTO providers (mediaId, providerId, providerName, logoPath) VALUES( 11, 2, 'Apple TV', 'https://image.tmdb.org/t/p/original/peURlLlr8jggOwK53fJ5wdQl05y.jpg') ON CONFLICT DO NOTHING;
INSERT INTO providers (mediaId, providerId, providerName, logoPath) VALUES( 11, 3, 'Google Play Movies', 'https://image.tmdb.org/t/p/original/tbEdFQDwx5LEVr8WpSeXQSIirVq.jpg') ON CONFLICT DO NOTHING;
INSERT INTO media (mediaId, type, name, originalLanguage, adult, releaseDate, overview, backdropPath, posterPath, trailerLink, tmdbRating, status) VALUES(12, false, 'Blue Beetle', 'en', False, '2023-08-16',  'Recent college grad Jaime Reyes returns home full of aspirations for his future, only to find that home is not quite as he left it. As he searches to find his purpose in the world, fate intervenes when Jaime unexpectedly finds himself in possession of an ancient relic of alien biotechnology: the Scarab.', 'https://image.tmdb.org/t/p/original/H6j5smdpRqP9a8UnhWp6zfl0SC.jpg', 'https://image.tmdb.org/t/p/original/mXLOHHc1Zeuwsl4xYKjKh2280oL.jpg', 'https://www.youtube.com/watch?v=4wxyy8Rcz4k', 7.1, 'Released') ON CONFLICT DO NOTHING;
INSERT INTO movies (mediaId, runtime, budget, revenue, directorId, director) VALUES( 12, 128, 120000000, 128563796, 1500758, 'Ángel Manuel Soto') ON CONFLICT DO NOTHING;
INSERT INTO genres (mediaId, genre) VALUES(12, 'Action') ON CONFLICT DO NOTHING;
INSERT INTO genres (mediaId, genre) VALUES(12, 'Science Fiction') ON CONFLICT DO NOTHING;
INSERT INTO genres (mediaId, genre) VALUES(12, 'Adventure') ON CONFLICT DO NOTHING;
INSERT INTO actors (mediaId, actorId , actorName, characterName, profilePath) VALUES(12, 1185997, 'Xolo Mariduena', 'Jaime Reyes / Blue Beetle', 'https://image.tmdb.org/t/p/original/tJMI7BpjlhHSMpzSz9e1XxygnKd.jpg') ON CONFLICT DO NOTHING;
INSERT INTO actors (mediaId, actorId , actorName, characterName, profilePath) VALUES(12, 1622590, 'Bruna Marquezine', 'Jenny Kord', 'https://image.tmdb.org/t/p/original/mGDhenXwsFRaaz1PjbJjDkn2snc.jpg') ON CONFLICT DO NOTHING;
INSERT INTO actors (mediaId, actorId , actorName, characterName, profilePath) VALUES(12, 4038, 'Susan Sarandon', 'Victoria Kord', 'https://image.tmdb.org/t/p/original/oHYYL8bNakAREaLUBtMul5uMG0A.jpg') ON CONFLICT DO NOTHING;
INSERT INTO actors (mediaId, actorId , actorName, characterName, profilePath) VALUES(12, 17688, 'Raoul Max Trujillo', 'Carapax', 'https://image.tmdb.org/t/p/original/dIfHIt1pgnYW9oCksc0DdoY5Mt5.jpg') ON CONFLICT DO NOTHING;
INSERT INTO actors (mediaId, actorId , actorName, characterName, profilePath) VALUES(12, 2381442, 'Belissa Escobedo', 'Milagros Reyes', 'https://image.tmdb.org/t/p/original/584tOsPVFbzq7GJxET5diOGZ8p0.jpg') ON CONFLICT DO NOTHING;
INSERT INTO actors (mediaId, actorId , actorName, characterName, profilePath) VALUES(12, 7370, 'Damián Alcázar', 'Alberto Reyes', 'https://image.tmdb.org/t/p/original/6IAlrZ2yXubmmVaRsF7fdaP3N7C.jpg') ON CONFLICT DO NOTHING;
INSERT INTO actors (mediaId, actorId , actorName, characterName, profilePath) VALUES(12, 1102, 'Elpidia Carrillo', 'Rocío Reyes', 'https://image.tmdb.org/t/p/original/xWlHSiYShbx8Abd1XFUqZw5xZOO.jpg') ON CONFLICT DO NOTHING;
INSERT INTO actors (mediaId, actorId , actorName, characterName, profilePath) VALUES(12, 41798, 'George Lopez', 'Rudy Reyes', 'https://image.tmdb.org/t/p/original/nyVMk9bZJKJEmk3KHS7jJ1672yN.jpg') ON CONFLICT DO NOTHING;
INSERT INTO actors (mediaId, actorId , actorName, characterName, profilePath) VALUES(12, 270, 'Adriana Barraza', 'Nana Reyes', 'https://image.tmdb.org/t/p/original/1aE7wu22bdgVTa0PMKXbAOSLiZn.jpg') ON CONFLICT DO NOTHING;
INSERT INTO actors (mediaId, actorId , actorName, characterName, profilePath) VALUES(12, 1529446, 'Becky G', 'Khaji-Da (voice)', 'https://image.tmdb.org/t/p/original/9wT0OYw4e708koAg1Xfbyx6mA62.jpg') ON CONFLICT DO NOTHING;
INSERT INTO providers (mediaId, providerId, providerName, logoPath) VALUES( 12, 2, 'Apple TV', 'https://image.tmdb.org/t/p/original/peURlLlr8jggOwK53fJ5wdQl05y.jpg') ON CONFLICT DO NOTHING;
INSERT INTO providers (mediaId, providerId, providerName, logoPath) VALUES( 12, 3, 'Google Play Movies', 'https://image.tmdb.org/t/p/original/tbEdFQDwx5LEVr8WpSeXQSIirVq.jpg') ON CONFLICT DO NOTHING;
INSERT INTO media (mediaId, type, name, originalLanguage, adult, releaseDate, overview, backdropPath, posterPath, trailerLink, tmdbRating, status) VALUES(13, false, 'PAW Patrol: The Mighty Movie', 'en', False, '2023-09-21',  'A magical meteor crash-lands in Adventure City, gives the PAW Patrol pups superpowers, and transforms them into The Mighty Pups. When the Patrol''s archrival Humdinger breaks out of jail and teams up with mad scientist Victoria Vance to steal the powers for themselves, the Mighty Pups must save Adventure City and stop the supervillains before it''s too late.', 'https://image.tmdb.org/t/p/original/fwXeTKmJvlv7kbH8QDmbykGfMeK.jpg', 'https://image.tmdb.org/t/p/original/aTvePCU7exLepwg5hWySjwxojQK.jpg', 'https://www.youtube.com/watch?v=UDgjJ9XzgHk', 7.4, 'Released') ON CONFLICT DO NOTHING;
INSERT INTO movies (mediaId, runtime, budget, revenue, directorId, director) VALUES( 13, 92, 30000000, 126000000, 1098477, 'Cal Brunker') ON CONFLICT DO NOTHING;
INSERT INTO genres (mediaId, genre) VALUES(13, 'Animation') ON CONFLICT DO NOTHING;
INSERT INTO genres (mediaId, genre) VALUES(13, 'Family') ON CONFLICT DO NOTHING;
INSERT INTO genres (mediaId, genre) VALUES(13, 'Action') ON CONFLICT DO NOTHING;
INSERT INTO genres (mediaId, genre) VALUES(13, 'Science Fiction') ON CONFLICT DO NOTHING;
INSERT INTO actors (mediaId, actorId , actorName, characterName, profilePath) VALUES(13, 1721268, 'Christian Convery', 'Chase (voice)', 'https://image.tmdb.org/t/p/original/c1l5tNjmxzDAIaTHvzEfooUsAf8.jpg') ON CONFLICT DO NOTHING;
INSERT INTO actors (mediaId, actorId , actorName, characterName, profilePath) VALUES(13, 1172108, 'Mckenna Grace', 'Skye (voice)', 'https://image.tmdb.org/t/p/original/jQLBM6ErQnvU8QqNvW8KKF9y8N0.jpg') ON CONFLICT DO NOTHING;
INSERT INTO actors (mediaId, actorId , actorName, characterName, profilePath) VALUES(13, 40036, 'Taraji P. Henson', 'Victoria Vance (voice)', 'https://image.tmdb.org/t/p/original/rxnEvzGlRBsE94s7lC4cMAiLluH.jpg') ON CONFLICT DO NOTHING;
INSERT INTO actors (mediaId, actorId , actorName, characterName, profilePath) VALUES(13, 40462, 'Kristen Bell', 'Janet (voice)', 'https://image.tmdb.org/t/p/original/rP74dJXl7EjinGM0shQtUOlH5s2.jpg') ON CONFLICT DO NOTHING;
INSERT INTO actors (mediaId, actorId , actorName, characterName, profilePath) VALUES(13, 1488961, 'Lil Rel Howery', 'Sam Stinger (voice)', 'https://image.tmdb.org/t/p/original/9MDi35Fy6ym7SYbO3B04vf1vBnm.jpg') ON CONFLICT DO NOTHING;
INSERT INTO actors (mediaId, actorId , actorName, characterName, profilePath) VALUES(13, 11006, 'James Marsden', 'Hank (voice)', 'https://image.tmdb.org/t/p/original/lf7OnfKZnMgNh9b98764tqSocGK.jpg') ON CONFLICT DO NOTHING;
INSERT INTO actors (mediaId, actorId , actorName, characterName, profilePath) VALUES(13, 2844053, 'Finn Lee-Epp', 'Ryder (voice)', 'None') ON CONFLICT DO NOTHING;
INSERT INTO actors (mediaId, actorId , actorName, characterName, profilePath) VALUES(13, 1214573, 'Serena Williams', 'Yoga Yvette (voice)', 'https://image.tmdb.org/t/p/original/qMoRnzYuUkqb8VZjbX4XWZeQZzY.jpg') ON CONFLICT DO NOTHING;
INSERT INTO actors (mediaId, actorId , actorName, characterName, profilePath) VALUES(13, 2476742, 'Alan Kim', 'Nano (voice)', 'https://image.tmdb.org/t/p/original/mE7eLjp7rRqMTguX2BcLzEiV7RV.jpg') ON CONFLICT DO NOTHING;
INSERT INTO actors (mediaId, actorId , actorName, characterName, profilePath) VALUES(13, 3667510, 'Brice Gonzalez', 'Tot (voice)', 'None') ON CONFLICT DO NOTHING;
INSERT INTO media (mediaId, type, name, originalLanguage, adult, releaseDate, overview, backdropPath, posterPath, trailerLink, tmdbRating, status) VALUES(14, false, 'Muzzle', 'en', False, '2023-09-29',  'LAPD K-9 officer Jake Rosser has just witnessed the shocking murder of his dedicated partner by a mysterious assailant. As he investigates the shooter’s identity, he uncovers a vast conspiracy that has a chokehold on the city in this thrilling journey through the tangled streets of Los Angeles and the corrupt bureaucracy of the LAPD.', 'https://image.tmdb.org/t/p/original/eSsMzJpzAwCa69tm6Wco2il44aJ.jpg', 'https://image.tmdb.org/t/p/original/qXChf7MFL36BgoLkiB3BzXiwW82.jpg', 'https://www.youtube.com/watch?v=rYY5QdEGEZw', 6.3, 'Released') ON CONFLICT DO NOTHING;
INSERT INTO movies (mediaId, runtime, budget, revenue, directorId, director) VALUES( 14, 100, 0, 7807, 98537, 'John Stalberg Jr.') ON CONFLICT DO NOTHING;
INSERT INTO genres (mediaId, genre) VALUES(14, 'Action') ON CONFLICT DO NOTHING;
INSERT INTO genres (mediaId, genre) VALUES(14, 'Crime') ON CONFLICT DO NOTHING;
INSERT INTO genres (mediaId, genre) VALUES(14, 'Drama') ON CONFLICT DO NOTHING;
INSERT INTO genres (mediaId, genre) VALUES(14, 'Thriller') ON CONFLICT DO NOTHING;
INSERT INTO actors (mediaId, actorId , actorName, characterName, profilePath) VALUES(14, 6383, 'Aaron Eckhart', 'Jake Rosser', 'https://image.tmdb.org/t/p/original/5EFQvRHlpP1Iaw2e6vjOaBny6DV.jpg') ON CONFLICT DO NOTHING;
INSERT INTO actors (mediaId, actorId , actorName, characterName, profilePath) VALUES(14, 32747, 'Stephen Lang', '', 'https://image.tmdb.org/t/p/original/xEBuFWrCKDQD6r6CZK71GYIc4UW.jpg') ON CONFLICT DO NOTHING;
INSERT INTO actors (mediaId, actorId , actorName, characterName, profilePath) VALUES(14, 1969510, 'Diego Tinoco', 'Hernandez', 'https://image.tmdb.org/t/p/original/ayRLsNOGj7l1Flx3MOooKIWGNRK.jpg') ON CONFLICT DO NOTHING;
INSERT INTO actors (mediaId, actorId , actorName, characterName, profilePath) VALUES(14, 1571636, 'Leslie Black', 'Councilwoman Pricilla Cross', 'https://image.tmdb.org/t/p/original/efwkqdaSOCdvJCGPvBXKiSKxDFA.jpg') ON CONFLICT DO NOTHING;
INSERT INTO actors (mediaId, actorId , actorName, characterName, profilePath) VALUES(14, 1146114, 'Penelope Mitchell', 'Mia', 'https://image.tmdb.org/t/p/original/lGXfmQsOp0QWasXOG8hHHVhMbG6.jpg') ON CONFLICT DO NOTHING;
INSERT INTO actors (mediaId, actorId , actorName, characterName, profilePath) VALUES(14, 12538, 'Nick Searcy', 'Captain Freeman', 'https://image.tmdb.org/t/p/original/AnqbYGdLLaUaMfCtE0zYiRiI7E6.jpg') ON CONFLICT DO NOTHING;
INSERT INTO actors (mediaId, actorId , actorName, characterName, profilePath) VALUES(14, 169839, 'Grainger Hines', 'Aldo Damon', 'https://image.tmdb.org/t/p/original/76yr0UTlb72dWWbfCIGaYkWMyWR.jpg') ON CONFLICT DO NOTHING;
INSERT INTO actors (mediaId, actorId , actorName, characterName, profilePath) VALUES(14, 1231304, 'Luis Chávez', 'Aojo', 'https://image.tmdb.org/t/p/original/aYIUIGtivXGkRyFmzTRK7GRM8Id.jpg') ON CONFLICT DO NOTHING;
INSERT INTO actors (mediaId, actorId , actorName, characterName, profilePath) VALUES(14, 2709154, 'Delissa Reynolds', 'Det. Ramos', 'https://image.tmdb.org/t/p/original/hUceo25PpWhiPXZKpfng91ZSULI.jpg') ON CONFLICT DO NOTHING;
INSERT INTO actors (mediaId, actorId , actorName, characterName, profilePath) VALUES(14, 1424892, 'George Avgoustis', 'Connors', 'None') ON CONFLICT DO NOTHING;
INSERT INTO media (mediaId, type, name, originalLanguage, adult, releaseDate, overview, backdropPath, posterPath, trailerLink, tmdbRating, status) VALUES(15, false, 'Fast X', 'en', False, '2023-05-17',  'Over many missions and against impossible odds, Dom Toretto and his family have outsmarted, out-nerved and outdriven every foe in their path. Now, they confront the most lethal opponent they''ve ever faced: A terrifying threat emerging from the shadows of the past who''s fueled by blood revenge, and who is determined to shatter this family and destroy everything—and everyone—that Dom loves, forever.', 'https://image.tmdb.org/t/p/original/4XM8DUTQb3lhLemJC51Jx4a2EuA.jpg', 'https://image.tmdb.org/t/p/original/fiVW06jE7z9YnO4trhaMEdclSiC.jpg', 'https://www.youtube.com/watch?v=eoOaKN4qCKw', 7.3, 'Released') ON CONFLICT DO NOTHING;
INSERT INTO movies (mediaId, runtime, budget, revenue, directorId, director) VALUES( 15, 142, 340000000, 704709660, 18865, 'Louis Leterrier') ON CONFLICT DO NOTHING;
INSERT INTO genres (mediaId, genre) VALUES(15, 'Action') ON CONFLICT DO NOTHING;
INSERT INTO genres (mediaId, genre) VALUES(15, 'Crime') ON CONFLICT DO NOTHING;
INSERT INTO genres (mediaId, genre) VALUES(15, 'Thriller') ON CONFLICT DO NOTHING;
INSERT INTO actors (mediaId, actorId , actorName, characterName, profilePath) VALUES(15, 12835, 'Vin Diesel', 'Dominic Toretto', 'https://image.tmdb.org/t/p/original/7rwSXluNWZAluYMOEWBxkPmckES.jpg') ON CONFLICT DO NOTHING;
INSERT INTO actors (mediaId, actorId , actorName, characterName, profilePath) VALUES(15, 17647, 'Michelle Rodriguez', 'Letty', 'https://image.tmdb.org/t/p/original/76sSLbMKLH80jlmMeqsHIIvlQgG.jpg') ON CONFLICT DO NOTHING;
INSERT INTO actors (mediaId, actorId , actorName, characterName, profilePath) VALUES(15, 8169, 'Tyrese Gibson', 'Roman', 'https://image.tmdb.org/t/p/original/1K315wBQBvDBuZMlzoozuGsqFXZ.jpg') ON CONFLICT DO NOTHING;
INSERT INTO actors (mediaId, actorId , actorName, characterName, profilePath) VALUES(15, 8171, 'Ludacris', 'Tej', 'https://image.tmdb.org/t/p/original/erkJijujhe48vhJ8iCEtVpNEeVn.jpg') ON CONFLICT DO NOTHING;
INSERT INTO actors (mediaId, actorId , actorName, characterName, profilePath) VALUES(15, 56446, 'John Cena', 'Jakob Toretto', 'https://image.tmdb.org/t/p/original/cO6n5pxKzHdGauqru6m5kuHb51z.jpg') ON CONFLICT DO NOTHING;
INSERT INTO actors (mediaId, actorId , actorName, characterName, profilePath) VALUES(15, 1251069, 'Nathalie Emmanuel', 'Ramsey', 'https://image.tmdb.org/t/p/original/koSwmmonFJiZDfwmZgdVA7I1aR.jpg') ON CONFLICT DO NOTHING;
INSERT INTO actors (mediaId, actorId , actorName, characterName, profilePath) VALUES(15, 22123, 'Jordana Brewster', 'Mia Toretto', 'https://image.tmdb.org/t/p/original/8VzFsSfT7NnMGyH5JQBQdTxDHcO.jpg') ON CONFLICT DO NOTHING;
INSERT INTO actors (mediaId, actorId , actorName, characterName, profilePath) VALUES(15, 61697, 'Sung Kang', 'Han', 'https://image.tmdb.org/t/p/original/ox4ti0WmpJoN19n3iYJ2T2vHP5f.jpg') ON CONFLICT DO NOTHING;
INSERT INTO actors (mediaId, actorId , actorName, characterName, profilePath) VALUES(15, 117642, 'Jason Momoa', 'Dante', 'https://image.tmdb.org/t/p/original/6dEFBpZH8C8OijsynkSajQT99Pb.jpg') ON CONFLICT DO NOTHING;
INSERT INTO actors (mediaId, actorId , actorName, characterName, profilePath) VALUES(15, 928572, 'Scott Eastwood', 'Little Nobody', 'https://image.tmdb.org/t/p/original/2TofqgDl7ZlrAairMKKOSPITzka.jpg') ON CONFLICT DO NOTHING;
INSERT INTO providers (mediaId, providerId, providerName, logoPath) VALUES( 15, 2, 'Apple TV', 'https://image.tmdb.org/t/p/original/peURlLlr8jggOwK53fJ5wdQl05y.jpg') ON CONFLICT DO NOTHING;
INSERT INTO providers (mediaId, providerId, providerName, logoPath) VALUES( 15, 3, 'Google Play Movies', 'https://image.tmdb.org/t/p/original/tbEdFQDwx5LEVr8WpSeXQSIirVq.jpg') ON CONFLICT DO NOTHING;
INSERT INTO media (mediaId, type, name, originalLanguage, adult, releaseDate, overview, backdropPath, posterPath, trailerLink, tmdbRating, status) VALUES(16, false, 'The Kill Room', 'en', False, '2023-09-14',  'A hitman, his boss, an art dealer and a money-laundering scheme that accidentally turns the assassin into an overnight avant-garde sensation, one that forces her to play the art world against the underworld.', 'https://image.tmdb.org/t/p/original/xHqTnPtpd9Qd7R0fVtoqxZYM67Q.jpg', 'https://image.tmdb.org/t/p/original/qKpdy7N6zX05eisopvvviiTwPxb.jpg', 'https://www.youtube.com/watch?v=ZCoMN3YUTp8', 5.4, 'Released') ON CONFLICT DO NOTHING;
INSERT INTO movies (mediaId, runtime, budget, revenue, directorId, director) VALUES( 16, 98, 50000000, 476375, 1242819, 'Nicol Paone') ON CONFLICT DO NOTHING;
INSERT INTO genres (mediaId, genre) VALUES(16, 'Crime') ON CONFLICT DO NOTHING;
INSERT INTO genres (mediaId, genre) VALUES(16, 'Thriller') ON CONFLICT DO NOTHING;
INSERT INTO genres (mediaId, genre) VALUES(16, 'Action') ON CONFLICT DO NOTHING;
INSERT INTO actors (mediaId, actorId , actorName, characterName, profilePath) VALUES(16, 139, 'Uma Thurman', 'Patrice', 'https://image.tmdb.org/t/p/original/sBgAZWi3o4FsnaTvnTNtK6jpQcF.jpg') ON CONFLICT DO NOTHING;
INSERT INTO actors (mediaId, actorId , actorName, characterName, profilePath) VALUES(16, 20580, 'Joe Manganiello', 'Reggie', 'https://image.tmdb.org/t/p/original/mTdACmitdrwor0Nrv5sr0u123vZ.jpg') ON CONFLICT DO NOTHING;
INSERT INTO actors (mediaId, actorId , actorName, characterName, profilePath) VALUES(16, 2231, 'Samuel L. Jackson', 'Gordon', 'https://image.tmdb.org/t/p/original/nCJJ3NVksYNxIzEHcyC1XziwPVj.jpg') ON CONFLICT DO NOTHING;
INSERT INTO actors (mediaId, actorId , actorName, characterName, profilePath) VALUES(16, 1903874, 'Maya Hawke', 'Grace', 'https://image.tmdb.org/t/p/original/abroQsos8bGN0ATm8j05z2THoOw.jpg') ON CONFLICT DO NOTHING;
INSERT INTO actors (mediaId, actorId , actorName, characterName, profilePath) VALUES(16, 5578, 'Debi Mazar', 'The Kimono', 'https://image.tmdb.org/t/p/original/cU3LhqOjXzOqpGCSDFj5otlZreu.jpg') ON CONFLICT DO NOTHING;
INSERT INTO actors (mediaId, actorId , actorName, characterName, profilePath) VALUES(16, 228141, 'Dree Hemingway', 'Anika', 'https://image.tmdb.org/t/p/original/6wpawcT39kfnB5YuR4ZbSa0r2Rg.jpg') ON CONFLICT DO NOTHING;
INSERT INTO actors (mediaId, actorId , actorName, characterName, profilePath) VALUES(16, 3390795, 'Amy Keum', 'Leslie', 'https://image.tmdb.org/t/p/original/llcK2sM14D8CjTgvKPZF3FgCK6R.jpg') ON CONFLICT DO NOTHING;
INSERT INTO actors (mediaId, actorId , actorName, characterName, profilePath) VALUES(16, 164481, 'Candy Buckley', 'Mrs. Galvinson', 'https://image.tmdb.org/t/p/original/rB9cqHnKCXKBk0cjGyxunu7cVhX.jpg') ON CONFLICT DO NOTHING;
INSERT INTO actors (mediaId, actorId , actorName, characterName, profilePath) VALUES(16, 19511, 'Larry Pine', 'Dr. Galvinson', 'https://image.tmdb.org/t/p/original/wJRarkKBRVxDzKIB5O22tLd3wAT.jpg') ON CONFLICT DO NOTHING;
INSERT INTO actors (mediaId, actorId , actorName, characterName, profilePath) VALUES(16, 1077345, 'Jennifer Kim', 'Mae', 'https://image.tmdb.org/t/p/original/2hzOQRZBBQilLBEhElZhU2TImEH.jpg') ON CONFLICT DO NOTHING;
INSERT INTO media (mediaId, type, name, originalLanguage, adult, releaseDate, overview, backdropPath, posterPath, trailerLink, tmdbRating, status) VALUES(17, false, 'Retribution', 'en', False, '2023-08-23',  'When a mysterious caller puts a bomb under his car seat, Matt Turner begins a high-speed chase across the city to complete a specific series of tasks. With his kids trapped in the back seat and a bomb that will explode if they get out of the car, a normal commute becomes a twisted game of life or death as Matt follows the stranger''s increasingly dangerous instructions in a race against time to save his family.', 'https://image.tmdb.org/t/p/original/iiXliCeykkzmJ0Eg9RYJ7F2CWSz.jpg', 'https://image.tmdb.org/t/p/original/oUmmY7QWWn7OhKlcPOnirHJpP1F.jpg', 'https://www.youtube.com/watch?v=Sxyzdo-RBKc', 6.8, 'Released') ON CONFLICT DO NOTHING;
INSERT INTO movies (mediaId, runtime, budget, revenue, directorId, director) VALUES( 17, 93, 20000000, 12905464, 41671, 'Nimród Antal') ON CONFLICT DO NOTHING;
INSERT INTO genres (mediaId, genre) VALUES(17, 'Action') ON CONFLICT DO NOTHING;
INSERT INTO genres (mediaId, genre) VALUES(17, 'Thriller') ON CONFLICT DO NOTHING;
INSERT INTO genres (mediaId, genre) VALUES(17, 'Crime') ON CONFLICT DO NOTHING;
INSERT INTO actors (mediaId, actorId , actorName, characterName, profilePath) VALUES(17, 3896, 'Liam Neeson', 'Matt Turner', 'https://image.tmdb.org/t/p/original/bboldwqSC6tdw2iL6631c98l2Mn.jpg') ON CONFLICT DO NOTHING;
INSERT INTO actors (mediaId, actorId , actorName, characterName, profilePath) VALUES(17, 517103, 'Noma Dumezweni', 'Angela Brickmann', 'https://image.tmdb.org/t/p/original/abEWaYTugwH967V8LfptQIMioKQ.jpg') ON CONFLICT DO NOTHING;
INSERT INTO actors (mediaId, actorId , actorName, characterName, profilePath) VALUES(17, 1829985, 'Lilly Aspell', 'Emily Turner', 'https://image.tmdb.org/t/p/original/phfygRDYezltJge7s7UD4M6IMdI.jpg') ON CONFLICT DO NOTHING;
INSERT INTO actors (mediaId, actorId , actorName, characterName, profilePath) VALUES(17, 1895760, 'Jack Champion', 'Zach Turner', 'https://image.tmdb.org/t/p/original/aYY3C75ZwbQxGSSan9Uft4mGE9w.jpg') ON CONFLICT DO NOTHING;
INSERT INTO actors (mediaId, actorId , actorName, characterName, profilePath) VALUES(17, 457386, 'Arian Moayed', 'Sylvain', 'https://image.tmdb.org/t/p/original/ApY4Ql2xGnzy8LeWqcntAbEQHiB.jpg') ON CONFLICT DO NOTHING;
INSERT INTO actors (mediaId, actorId , actorName, characterName, profilePath) VALUES(17, 6368, 'Embeth Davidtz', 'Heather Turner', 'https://image.tmdb.org/t/p/original/nwsdu9lOsKJ5v9RwOCc7kAiuxSO.jpg') ON CONFLICT DO NOTHING;
INSERT INTO actors (mediaId, actorId , actorName, characterName, profilePath) VALUES(17, 8654, 'Matthew Modine', 'Anders Muller', 'https://image.tmdb.org/t/p/original/z974QEHL12qUvLyk6hlWGAmDgom.jpg') ON CONFLICT DO NOTHING;
INSERT INTO actors (mediaId, actorId , actorName, characterName, profilePath) VALUES(17, 1270320, 'Emily Kusche', 'Mila', 'https://image.tmdb.org/t/p/original/2XNP9PWe11LlI1hmHN42SAOdaGU.jpg') ON CONFLICT DO NOTHING;
INSERT INTO actors (mediaId, actorId , actorName, characterName, profilePath) VALUES(17, 3499962, 'Luca Márkus', 'Kat', 'https://image.tmdb.org/t/p/original/cD3LDnwUCQiyVE2TKcIPAwNL8Jf.jpg') ON CONFLICT DO NOTHING;
INSERT INTO actors (mediaId, actorId , actorName, characterName, profilePath) VALUES(17, 234776, 'Bernhard Piesk', 'Captain Dregger', 'None') ON CONFLICT DO NOTHING;
INSERT INTO media (mediaId, type, name, originalLanguage, adult, releaseDate, overview, backdropPath, posterPath, trailerLink, tmdbRating, status) VALUES(18, false, 'After Everything', 'en', False, '2023-09-13',  'Besieged by writer’s block and the crushing breakup with Tessa, Hardin travels to Portugal in search of a woman he wronged in the past – and to find himself. Hoping to win back Tessa, he realizes he needs to change his ways before he can make the ultimate commitment.', 'https://image.tmdb.org/t/p/original/jkKVLzLWjSvTnc84VzeljhSy6j8.jpg', 'https://image.tmdb.org/t/p/original/uQxjZGU6rxSPSMeAJPJQlmfV3ys.jpg', 'https://www.youtube.com/watch?v=NsmopvKNSE4', 6.8, 'Released') ON CONFLICT DO NOTHING;
INSERT INTO movies (mediaId, runtime, budget, revenue, directorId, director) VALUES( 18, 93, 14000000, 9700000, 1448492, 'Castille Landon') ON CONFLICT DO NOTHING;
INSERT INTO genres (mediaId, genre) VALUES(18, 'Romance') ON CONFLICT DO NOTHING;
INSERT INTO genres (mediaId, genre) VALUES(18, 'Drama') ON CONFLICT DO NOTHING;
INSERT INTO actors (mediaId, actorId , actorName, characterName, profilePath) VALUES(18, 1114487, 'Hero Fiennes Tiffin', 'Hardin Scott', 'https://image.tmdb.org/t/p/original/6zMrrZvOMH6uGwEFoK0Uo8sZvxL.jpg') ON CONFLICT DO NOTHING;
INSERT INTO actors (mediaId, actorId , actorName, characterName, profilePath) VALUES(18, 1753914, 'Josephine Langford', 'Tessa Young', 'https://image.tmdb.org/t/p/original/8Fj1UIFRJA0B5Zo22KwML5d3Mr3.jpg') ON CONFLICT DO NOTHING;
INSERT INTO actors (mediaId, actorId , actorName, characterName, profilePath) VALUES(18, 1694711, 'Mimi Keene', 'Nathalie', 'https://image.tmdb.org/t/p/original/7bUgfaycm0f6PgEn3eLo8oANByO.jpg') ON CONFLICT DO NOTHING;
INSERT INTO actors (mediaId, actorId , actorName, characterName, profilePath) VALUES(18, 32203, 'Stephen Moyer', 'Christian Vance', 'https://image.tmdb.org/t/p/original/xprwOCXa2cNkjhrGtcJp0VfJMlZ.jpg') ON CONFLICT DO NOTHING;
INSERT INTO actors (mediaId, actorId , actorName, characterName, profilePath) VALUES(18, 20805, 'Louise Lombard', 'Trish Daniels', 'https://image.tmdb.org/t/p/original/6znYbOI2Z8PfzZ6p9jHG5QdAeb2.jpg') ON CONFLICT DO NOTHING;
INSERT INTO actors (mediaId, actorId , actorName, characterName, profilePath) VALUES(18, 20373, 'Arielle Kebbel', 'Kimberly Vance', 'https://image.tmdb.org/t/p/original/dmYiAeWoeVsRdT4UBBGuW9gBfjQ.jpg') ON CONFLICT DO NOTHING;
INSERT INTO actors (mediaId, actorId , actorName, characterName, profilePath) VALUES(18, 86653, 'Carter Jenkins', 'Robert Freeman', 'https://image.tmdb.org/t/p/original/fGVndWC3hgwK1uVrhiyzTUyIaxW.jpg') ON CONFLICT DO NOTHING;
INSERT INTO actors (mediaId, actorId , actorName, characterName, profilePath) VALUES(18, 142115, 'Kiana Madeira', 'Nora', 'https://image.tmdb.org/t/p/original/HgCI95xnSZJaE18d15n7PykOU7.jpg') ON CONFLICT DO NOTHING;
INSERT INTO actors (mediaId, actorId , actorName, characterName, profilePath) VALUES(18, 20960, 'Rob Estes', 'Ken Scott', 'https://image.tmdb.org/t/p/original/b24y5Tv4A8DUjkfYpJ1l1qpkhyv.jpg') ON CONFLICT DO NOTHING;
INSERT INTO actors (mediaId, actorId , actorName, characterName, profilePath) VALUES(18, 1845809, 'Frances Turner', 'Karen', 'https://image.tmdb.org/t/p/original/gc89yMClEPTRmB0eIJ2hh0sQEIV.jpg') ON CONFLICT DO NOTHING;
INSERT INTO media (mediaId, type, name, originalLanguage, adult, releaseDate, overview, backdropPath, posterPath, trailerLink, tmdbRating, status) VALUES(19, false, 'Barbie', 'en', False, '2023-07-19',  'Barbie and Ken are having the time of their lives in the colorful and seemingly perfect world of Barbie Land. However, when they get a chance to go to the real world, they soon discover the joys and perils of living among humans.', 'https://image.tmdb.org/t/p/original/ctMserH8g2SeOAnCw5gFjdQF8mo.jpg', 'https://image.tmdb.org/t/p/original/iuFNMS8U5cb6xfzi51Dbkovj7vM.jpg', 'https://www.youtube.com/watch?v=Y1IgAEejvqM', 7.2, 'Released') ON CONFLICT DO NOTHING;
INSERT INTO movies (mediaId, runtime, budget, revenue, directorId, director) VALUES( 19, 114, 145000000, 1434628000, 45400, 'Greta Gerwig') ON CONFLICT DO NOTHING;
INSERT INTO genres (mediaId, genre) VALUES(19, 'Comedy') ON CONFLICT DO NOTHING;
INSERT INTO genres (mediaId, genre) VALUES(19, 'Adventure') ON CONFLICT DO NOTHING;
INSERT INTO genres (mediaId, genre) VALUES(19, 'Fantasy') ON CONFLICT DO NOTHING;
INSERT INTO actors (mediaId, actorId , actorName, characterName, profilePath) VALUES(19, 234352, 'Margot Robbie', 'Barbie', 'https://image.tmdb.org/t/p/original/euDPyqLnuwaWMHajcU3oZ9uZezR.jpg') ON CONFLICT DO NOTHING;
INSERT INTO actors (mediaId, actorId , actorName, characterName, profilePath) VALUES(19, 30614, 'Ryan Gosling', 'Ken', 'https://image.tmdb.org/t/p/original/lyUyVARQKhGxaxy0FbPJCQRpiaW.jpg') ON CONFLICT DO NOTHING;
INSERT INTO actors (mediaId, actorId , actorName, characterName, profilePath) VALUES(19, 59174, 'America Ferrera', 'Gloria', 'https://image.tmdb.org/t/p/original/dhiUliLE7dFaqj5BKNQ6x7Wm9uR.jpg') ON CONFLICT DO NOTHING;
INSERT INTO actors (mediaId, actorId , actorName, characterName, profilePath) VALUES(19, 1240487, 'Kate McKinnon', 'Barbie', 'https://image.tmdb.org/t/p/original/2cNetzianFcxPQbyOQnkAIkKUZE.jpg') ON CONFLICT DO NOTHING;
INSERT INTO actors (mediaId, actorId , actorName, characterName, profilePath) VALUES(19, 1767250, 'Ariana Greenblatt', 'Sasha', 'https://image.tmdb.org/t/p/original/x2jkcMjpdA1tbsAZkrQjF4PUfQJ.jpg') ON CONFLICT DO NOTHING;
INSERT INTO actors (mediaId, actorId , actorName, characterName, profilePath) VALUES(19, 1489211, 'Simu Liu', 'Ken', 'https://image.tmdb.org/t/p/original/uFNmmFTfNES3LW6H2gifpj6QQgh.jpg') ON CONFLICT DO NOTHING;
INSERT INTO actors (mediaId, actorId , actorName, characterName, profilePath) VALUES(19, 23659, 'Will Ferrell', 'Mattel CEO', 'https://image.tmdb.org/t/p/original/uudKe6ggGLnjQI29ZX59MFgzmut.jpg') ON CONFLICT DO NOTHING;
INSERT INTO actors (mediaId, actorId , actorName, characterName, profilePath) VALUES(19, 39995, 'Michael Cera', 'Allan', 'https://image.tmdb.org/t/p/original/lFKyW2C7xj7X4nWpOEbVIDGOKrH.jpg') ON CONFLICT DO NOTHING;
INSERT INTO actors (mediaId, actorId , actorName, characterName, profilePath) VALUES(19, 15735, 'Helen Mirren', 'Narrator (voice)', 'https://image.tmdb.org/t/p/original/eY26gqv9EGunId7kp32pLueXvz4.jpg') ON CONFLICT DO NOTHING;
INSERT INTO actors (mediaId, actorId , actorName, characterName, profilePath) VALUES(19, 1455336, 'Issa Rae', 'Barbie', 'https://image.tmdb.org/t/p/original/1tX1T5ZNCMh2KYP1jMgfg8P26vm.jpg') ON CONFLICT DO NOTHING;
INSERT INTO providers (mediaId, providerId, providerName, logoPath) VALUES( 19, 2, 'Apple TV', 'https://image.tmdb.org/t/p/original/peURlLlr8jggOwK53fJ5wdQl05y.jpg') ON CONFLICT DO NOTHING;
INSERT INTO providers (mediaId, providerId, providerName, logoPath) VALUES( 19, 3, 'Google Play Movies', 'https://image.tmdb.org/t/p/original/tbEdFQDwx5LEVr8WpSeXQSIirVq.jpg') ON CONFLICT DO NOTHING;
INSERT INTO media (mediaId, type, name, originalLanguage, adult, releaseDate, overview, backdropPath, posterPath, trailerLink, tmdbRating, status) VALUES(20, false, 'Raiders of the Lost Library', 'ru', False, '2022-10-27',  'While digging one of the many tunnels for the Moscow metro, Soviet workers unearth ruins of a dungeon. The site is closed, the metro tunnel is diverted, and amidst the bustle no one notices the tunnel workers’ foreman pocketing a little ‘souvenir’ – a book-sized frame made of precious metals featuring an inscription in an unknown language. Decades later, the foreman’s grandson Ilya, who works as a courier, discovers the ancient relic in a pile of old junk. Oblivious to the true value of the family heirloom, he soon learns about it from a mysterious stranger. The relic is the key to the secret location of the priceless ancient library that belonged to Ivan the Terrible. What Ilya doesn’t know is that the search for the lost library has been going on for centuries, and now very powerful people are after him. Ilya and the mysterious stranger decide to try their luck in finding the library.', 'https://image.tmdb.org/t/p/original/cK9LrH5Ggqf2005AhWrpDT98bHU.jpg', 'https://image.tmdb.org/t/p/original/lc0KueWbDDwIsg76JnPohA7jday.jpg', 'https://www.youtube.com/watch?v=EPepUujGhpU', 5.8, 'Released') ON CONFLICT DO NOTHING;
INSERT INTO movies (mediaId, runtime, budget, revenue, directorId, director) VALUES( 20, 105, 0, 0, 139467, 'Gleb Orlov') ON CONFLICT DO NOTHING;
INSERT INTO genres (mediaId, genre) VALUES(20, 'Action') ON CONFLICT DO NOTHING;
INSERT INTO genres (mediaId, genre) VALUES(20, 'Adventure') ON CONFLICT DO NOTHING;
INSERT INTO actors (mediaId, actorId , actorName, characterName, profilePath) VALUES(20, 118333, 'Tikhon Zhiznevsky', '', 'https://image.tmdb.org/t/p/original/nWM4bvQk5Pq74uu3r2wLawOHMJr.jpg') ON CONFLICT DO NOTHING;
INSERT INTO actors (mediaId, actorId , actorName, characterName, profilePath) VALUES(20, 113332, 'Aleksey Serebryakov', '', 'https://image.tmdb.org/t/p/original/oFeLJoqKyhx0YgNxa6gfALMf0H5.jpg') ON CONFLICT DO NOTHING;
INSERT INTO actors (mediaId, actorId , actorName, characterName, profilePath) VALUES(20, 1724253, 'Diana Pozharskaya', '', 'https://image.tmdb.org/t/p/original/fAQyY2WikVWGHVG3sN6vYbzVffR.jpg') ON CONFLICT DO NOTHING;
INSERT INTO actors (mediaId, actorId , actorName, characterName, profilePath) VALUES(20, 235993, 'Artyom Tkachenko', '', 'https://image.tmdb.org/t/p/original/4MtxWwEWMeVGaCp3hDiCNp77aqQ.jpg') ON CONFLICT DO NOTHING;
INSERT INTO actors (mediaId, actorId , actorName, characterName, profilePath) VALUES(20, 30405, 'Sergey Gazarov', '', 'https://image.tmdb.org/t/p/original/kUjlWUuzfLvv9wg2V555QRiRSxG.jpg') ON CONFLICT DO NOTHING;
INSERT INTO actors (mediaId, actorId , actorName, characterName, profilePath) VALUES(20, 2000708, 'Andrey Trushin', '', 'https://image.tmdb.org/t/p/original/v93sS9I56Uk2vY8XUXxPVK22dMy.jpg') ON CONFLICT DO NOTHING;
INSERT INTO actors (mediaId, actorId , actorName, characterName, profilePath) VALUES(20, 1632555, 'Pavel Gayduchenko', '', 'https://image.tmdb.org/t/p/original/xCToBunio0d2TYxGRSXPSPGt2qm.jpg') ON CONFLICT DO NOTHING;
INSERT INTO actors (mediaId, actorId , actorName, characterName, profilePath) VALUES(20, 1849056, 'Albina Evtushevskaya', '', 'https://image.tmdb.org/t/p/original/4vIBezepMnyiNinY9ysp3ACXXOI.jpg') ON CONFLICT DO NOTHING;
INSERT INTO actors (mediaId, actorId , actorName, characterName, profilePath) VALUES(20, 2469752, 'Alexey Maximenkov', '', 'None') ON CONFLICT DO NOTHING;
INSERT INTO actors (mediaId, actorId , actorName, characterName, profilePath) VALUES(20, 1090942, 'Petr Yandane', '', 'https://image.tmdb.org/t/p/original/zBh6KqJM7ojUmbPJ37uaNhDQtMX.jpg') ON CONFLICT DO NOTHING;
INSERT INTO media (mediaId, type, name, originalLanguage, adult, releaseDate, overview, backdropPath, posterPath, trailerLink, tmdbRating, status) VALUES(21, false, 'Overhaul', 'pt', False, '2023-09-27',  'When truck racer Roger loses everything, he receives a tempting but dangerous offer: to work as the getaway driver for a gang of thieves.', 'https://image.tmdb.org/t/p/original/efro4duB7agkA2Xl5LmkD3HeCim.jpg', 'https://image.tmdb.org/t/p/original/6yx14lSACNJ2zRoYyXqecf3QNgr.jpg', 'https://www.youtube.com/watch?v=6vgLc_Goo4g', 6.8, 'Released') ON CONFLICT DO NOTHING;
INSERT INTO movies (mediaId, runtime, budget, revenue, directorId, director) VALUES( 21, 100, 0, 0, 1262688, 'Tomás Portella') ON CONFLICT DO NOTHING;
INSERT INTO genres (mediaId, genre) VALUES(21, 'Action') ON CONFLICT DO NOTHING;
INSERT INTO genres (mediaId, genre) VALUES(21, 'Thriller') ON CONFLICT DO NOTHING;
INSERT INTO genres (mediaId, genre) VALUES(21, 'Drama') ON CONFLICT DO NOTHING;
INSERT INTO actors (mediaId, actorId , actorName, characterName, profilePath) VALUES(21, 50362, 'Thiago Martins', 'Roger Mattos', 'https://image.tmdb.org/t/p/original/f79YvNXdOEQrEcev7NVnn32O8Bw.jpg') ON CONFLICT DO NOTHING;
INSERT INTO actors (mediaId, actorId , actorName, characterName, profilePath) VALUES(21, 1245779, 'Sheron Menezes', 'Rainha / Débora', 'https://image.tmdb.org/t/p/original/gsimKuyssbTCn1a7QUln9zyjyNK.jpg') ON CONFLICT DO NOTHING;
INSERT INTO actors (mediaId, actorId , actorName, characterName, profilePath) VALUES(21, 1866231, 'Raphael Logam', 'Danilo', 'https://image.tmdb.org/t/p/original/vLPATrRffhRI1kKA3rzDRZg3vPW.jpg') ON CONFLICT DO NOTHING;
INSERT INTO actors (mediaId, actorId , actorName, characterName, profilePath) VALUES(21, 52586, 'Milhem Cortaz', 'Fumaça / Smokey', 'https://image.tmdb.org/t/p/original/cst7PosjKYBuLo7FEvpUEx0B7dK.jpg') ON CONFLICT DO NOTHING;
INSERT INTO actors (mediaId, actorId , actorName, characterName, profilePath) VALUES(21, 366785, 'Evandro Mesquita', 'Odilon', 'https://image.tmdb.org/t/p/original/cLDuUn0TqGKh2Pbf9AwRxcgUkCR.jpg') ON CONFLICT DO NOTHING;
INSERT INTO actors (mediaId, actorId , actorName, characterName, profilePath) VALUES(21, 92190, 'Paulo Vilhena', 'Afonso', 'https://image.tmdb.org/t/p/original/96AAY7xFQcWUff8fNUyEDLXIMrN.jpg') ON CONFLICT DO NOTHING;
INSERT INTO actors (mediaId, actorId , actorName, characterName, profilePath) VALUES(21, 4170647, 'Vitória Valentin', 'Bárbara', 'https://image.tmdb.org/t/p/original/iecoZZY306E9tCgwSmFhKqam6tE.jpg') ON CONFLICT DO NOTHING;
INSERT INTO actors (mediaId, actorId , actorName, characterName, profilePath) VALUES(21, 4308760, 'Fumassa Alves', 'Rabisco / Sketch', 'https://image.tmdb.org/t/p/original/53XGZiOqAZcm4anltm9uoWLOz8U.jpg') ON CONFLICT DO NOTHING;
INSERT INTO actors (mediaId, actorId , actorName, characterName, profilePath) VALUES(21, 4308969, 'Leandro Tadeu Gonçalves', 'Jordan', 'https://image.tmdb.org/t/p/original/psskor8XS1wpzOIDOh9OAsjGYAI.jpg') ON CONFLICT DO NOTHING;
INSERT INTO actors (mediaId, actorId , actorName, characterName, profilePath) VALUES(21, 127653, 'Gillray Coutinho', 'Toledo', 'https://image.tmdb.org/t/p/original/25YNZpCakRw3HLHw7WVSH1dMEty.jpg') ON CONFLICT DO NOTHING;
INSERT INTO media (mediaId, type, name, originalLanguage, adult, releaseDate, overview, backdropPath, posterPath, trailerLink, tmdbRating, status) VALUES(22, false, 'Elemental', 'en', False, '2023-06-14',  'In a city where fire, water, land and air residents live together, a fiery young woman and a go-with-the-flow guy will discover something elemental: how much they have in common.', 'https://image.tmdb.org/t/p/original/4fLZUr1e65hKPPVw0R3PmKFKxj1.jpg', 'https://image.tmdb.org/t/p/original/4Y1WNkd88JXmGfhtWR7dmDAo1T2.jpg', 'https://www.youtube.com/watch?v=hXzcyx9V0xw', 7.7, 'Released') ON CONFLICT DO NOTHING;
INSERT INTO movies (mediaId, runtime, budget, revenue, directorId, director) VALUES( 22, 102, 200000000, 490797988, 21198, 'Peter Sohn') ON CONFLICT DO NOTHING;
INSERT INTO genres (mediaId, genre) VALUES(22, 'Animation') ON CONFLICT DO NOTHING;
INSERT INTO genres (mediaId, genre) VALUES(22, 'Comedy') ON CONFLICT DO NOTHING;
INSERT INTO genres (mediaId, genre) VALUES(22, 'Family') ON CONFLICT DO NOTHING;
INSERT INTO genres (mediaId, genre) VALUES(22, 'Fantasy') ON CONFLICT DO NOTHING;
INSERT INTO genres (mediaId, genre) VALUES(22, 'Romance') ON CONFLICT DO NOTHING;
INSERT INTO actors (mediaId, actorId , actorName, characterName, profilePath) VALUES(22, 1087262, 'Leah Lewis', 'Ember Lumen (voice)', 'https://image.tmdb.org/t/p/original/liV9OXUeo7T19hhjFlqTELtETnW.jpg') ON CONFLICT DO NOTHING;
INSERT INTO actors (mediaId, actorId , actorName, characterName, profilePath) VALUES(22, 1639848, 'Mamoudou Athie', 'Wade Ripple (voice)', 'https://image.tmdb.org/t/p/original/iPx1s7EuBEmty7MXdKSBpEBsGYT.jpg') ON CONFLICT DO NOTHING;
INSERT INTO actors (mediaId, actorId , actorName, characterName, profilePath) VALUES(22, 1236458, 'Ronnie del Carmen', 'Bernie Lumen (voice)', 'https://image.tmdb.org/t/p/original/lPCmkQK76DOgkmcRjg9394QPyAu.jpg') ON CONFLICT DO NOTHING;
INSERT INTO actors (mediaId, actorId , actorName, characterName, profilePath) VALUES(22, 2073564, 'Shila Ommi', 'Cinder Lumen (voice)', 'https://image.tmdb.org/t/p/original/i9m2RGrANNxidj0bVKlSs0zHPNX.jpg') ON CONFLICT DO NOTHING;
INSERT INTO actors (mediaId, actorId , actorName, characterName, profilePath) VALUES(22, 63234, 'Wendi McLendon-Covey', 'Gale (voice)', 'https://image.tmdb.org/t/p/original/bXDG1QhUwnWa9621rOf1dO3OKoC.jpg') ON CONFLICT DO NOTHING;
INSERT INTO actors (mediaId, actorId , actorName, characterName, profilePath) VALUES(22, 11514, 'Catherine O''Hara', 'Brook Ripple (voice)', 'https://image.tmdb.org/t/p/original/gI2RyymLJ9ZrhEyJSD5EqSvFpCX.jpg') ON CONFLICT DO NOTHING;
INSERT INTO actors (mediaId, actorId , actorName, characterName, profilePath) VALUES(22, 3983226, 'Mason Wertheimer', 'Clod (voice)', 'https://image.tmdb.org/t/p/original/rhXmrh7dWkCAj23MhGfI79jcbjN.jpg') ON CONFLICT DO NOTHING;
INSERT INTO actors (mediaId, actorId , actorName, characterName, profilePath) VALUES(22, 1217619, 'Ronobir Lahiri', 'Harold (voice)', 'https://image.tmdb.org/t/p/original/uZQu5zBGxE62uGP7qaGhjQ79bn3.jpg') ON CONFLICT DO NOTHING;
INSERT INTO actors (mediaId, actorId , actorName, characterName, profilePath) VALUES(22, 1576334, 'Wilma Bonet', 'Flarrietta (voice)', 'None') ON CONFLICT DO NOTHING;
INSERT INTO actors (mediaId, actorId , actorName, characterName, profilePath) VALUES(22, 1663974, 'Joe Pera', 'Fern (voice)', 'https://image.tmdb.org/t/p/original/lzf1mnclmHo4y53ZpvtlkWgFunZ.jpg') ON CONFLICT DO NOTHING;
INSERT INTO media (mediaId, type, name, originalLanguage, adult, releaseDate, overview, backdropPath, posterPath, trailerLink, tmdbRating, status) VALUES(23, false, 'Transformers: Rise of the Beasts', 'en', False, '2023-06-06',  'When a new threat capable of destroying the entire planet emerges, Optimus Prime and the Autobots must team up with a powerful faction known as the Maximals. With the fate of humanity hanging in the balance, humans Noah and Elena will do whatever it takes to help the Transformers as they engage in the ultimate battle to save Earth.', 'https://image.tmdb.org/t/p/original/2vFuG6bWGyQUzYS9d69E5l85nIz.jpg', 'https://image.tmdb.org/t/p/original/gPbM0MK8CP8A174rmUwGsADNYKD.jpg', 'https://www.youtube.com/watch?v=ZtuFgnxQMrA', 7.5, 'Released') ON CONFLICT DO NOTHING;
INSERT INTO movies (mediaId, runtime, budget, revenue, directorId, director) VALUES( 23, 127, 195000000, 429800000, 1551545, 'Steven Caple Jr.') ON CONFLICT DO NOTHING;
INSERT INTO genres (mediaId, genre) VALUES(23, 'Action') ON CONFLICT DO NOTHING;
INSERT INTO genres (mediaId, genre) VALUES(23, 'Adventure') ON CONFLICT DO NOTHING;
INSERT INTO genres (mediaId, genre) VALUES(23, 'Science Fiction') ON CONFLICT DO NOTHING;
INSERT INTO actors (mediaId, actorId , actorName, characterName, profilePath) VALUES(23, 1560244, 'Anthony Ramos', 'Noah Diaz', 'https://image.tmdb.org/t/p/original/seFm2fKh6reyZaaCg7DmRpodLCw.jpg') ON CONFLICT DO NOTHING;
INSERT INTO actors (mediaId, actorId , actorName, characterName, profilePath) VALUES(23, 1676520, 'Dominique Fishback', 'Elena Wallace', 'https://image.tmdb.org/t/p/original/zduC0PM7xKzFX4F7DH8CCt5gt6O.jpg') ON CONFLICT DO NOTHING;
INSERT INTO actors (mediaId, actorId , actorName, characterName, profilePath) VALUES(23, 19540, 'Peter Cullen', 'Optimus Prime (voice)', 'https://image.tmdb.org/t/p/original/9Snf4fBUkk5MrAjqtNtgZRJYJbj.jpg') ON CONFLICT DO NOTHING;
INSERT INTO actors (mediaId, actorId , actorName, characterName, profilePath) VALUES(23, 2372, 'Ron Perlman', 'Optimus Primal (voice)', 'https://image.tmdb.org/t/p/original/9riPBfsWpzEzh2y9ucxTW22iakI.jpg') ON CONFLICT DO NOTHING;
INSERT INTO actors (mediaId, actorId , actorName, characterName, profilePath) VALUES(23, 22970, 'Peter Dinklage', 'Scourge (voice)', 'https://image.tmdb.org/t/p/original/9CAd7wr8QZyIN0E7nm8v1B6WkGn.jpg') ON CONFLICT DO NOTHING;
INSERT INTO actors (mediaId, actorId , actorName, characterName, profilePath) VALUES(23, 1620, 'Michelle Yeoh', 'Airazor (voice)', 'https://image.tmdb.org/t/p/original/6oxvfyrrM3YmhgFZSqc8ESqPZoC.jpg') ON CONFLICT DO NOTHING;
INSERT INTO actors (mediaId, actorId , actorName, characterName, profilePath) VALUES(23, 1427948, 'Pete Davidson', 'Mirage (voice)', 'https://image.tmdb.org/t/p/original/oWt3BVhlfv2UnUt9vcsdmCX70Ue.jpg') ON CONFLICT DO NOTHING;
INSERT INTO actors (mediaId, actorId , actorName, characterName, profilePath) VALUES(23, 1700631, 'Liza Koshy', 'Arcee (voice)', 'https://image.tmdb.org/t/p/original/67PtOsPiLTvyFtRtJ1pK23oJICc.jpg') ON CONFLICT DO NOTHING;
INSERT INTO actors (mediaId, actorId , actorName, characterName, profilePath) VALUES(23, 2627590, 'Cristo Fernández', 'Wheeljack (voice)', 'https://image.tmdb.org/t/p/original/pRuCGBvmLgtALcEUcFemzTDYad1.jpg') ON CONFLICT DO NOTHING;
INSERT INTO actors (mediaId, actorId , actorName, characterName, profilePath) VALUES(23, 141610, 'Luna Lauren Velez', 'Breanna Diaz', 'https://image.tmdb.org/t/p/original/98BvmTJCZHx0jPv0oNcv04Jkmfb.jpg') ON CONFLICT DO NOTHING;
INSERT INTO providers (mediaId, providerId, providerName, logoPath) VALUES( 23, 2, 'Apple TV', 'https://image.tmdb.org/t/p/original/peURlLlr8jggOwK53fJ5wdQl05y.jpg') ON CONFLICT DO NOTHING;
INSERT INTO providers (mediaId, providerId, providerName, logoPath) VALUES( 23, 3, 'Google Play Movies', 'https://image.tmdb.org/t/p/original/tbEdFQDwx5LEVr8WpSeXQSIirVq.jpg') ON CONFLICT DO NOTHING;
INSERT INTO media (mediaId, type, name, originalLanguage, adult, releaseDate, overview, backdropPath, posterPath, trailerLink, tmdbRating, status) VALUES(24, false, 'Uri: The Surgical Strike', 'hi', False, '2019-01-11',  'Following the roguish terrorist attacks at Uri Army Base camp in Kashmir, India takes the fight to the enemy, in its most successful covert operation till date with one and only one objective of avenging their fallen heroes.', 'https://image.tmdb.org/t/p/original/S3EIcOUQYxgd3QzjOo2rZJ2MN8.jpg', 'https://image.tmdb.org/t/p/original/yNySAgpAnWmPpYinim9E0tUzJWG.jpg', 'https://www.youtube.com/watch?v=Cg8sbRFS3zU', 7.1, 'Released') ON CONFLICT DO NOTHING;
INSERT INTO movies (mediaId, runtime, budget, revenue, directorId, director) VALUES( 24, 138, 0, 0, 2152816, 'Aditya Dhar') ON CONFLICT DO NOTHING;
INSERT INTO genres (mediaId, genre) VALUES(24, 'Action') ON CONFLICT DO NOTHING;
INSERT INTO genres (mediaId, genre) VALUES(24, 'Drama') ON CONFLICT DO NOTHING;
INSERT INTO genres (mediaId, genre) VALUES(24, 'War') ON CONFLICT DO NOTHING;
INSERT INTO actors (mediaId, actorId , actorName, characterName, profilePath) VALUES(24, 1469935, 'Vicky Kaushal', 'Major Vihan Singh Shergill', 'https://image.tmdb.org/t/p/original/fik5AjdZRVborbztOBb6tENbtUk.jpg') ON CONFLICT DO NOTHING;
INSERT INTO actors (mediaId, actorId , actorName, characterName, profilePath) VALUES(24, 85033, 'Paresh Rawal', 'Ajit Doval', 'https://image.tmdb.org/t/p/original/vqqA4DVnqIfvmGtwdwHtHEzMvst.jpg') ON CONFLICT DO NOTHING;
INSERT INTO actors (mediaId, actorId , actorName, characterName, profilePath) VALUES(24, 1115720, 'Yami Gautam', 'Pallavi Sharma / Jasmine', 'https://image.tmdb.org/t/p/original/wQwYuofypdW7JnglmyFbeWKu33j.jpg') ON CONFLICT DO NOTHING;
INSERT INTO actors (mediaId, actorId , actorName, characterName, profilePath) VALUES(24, 1386192, 'Kirti Kulhari', 'Seerat', 'https://image.tmdb.org/t/p/original/5jm5YN7QGKCjgHYFQOFySIZ1Od3.jpg') ON CONFLICT DO NOTHING;
INSERT INTO actors (mediaId, actorId , actorName, characterName, profilePath) VALUES(24, 1255557, 'Mohit Raina', 'Major Karan Kashyap', 'https://image.tmdb.org/t/p/original/rz4xNpcCmDfmuUHETRtuBvF1mvd.jpg') ON CONFLICT DO NOTHING;
INSERT INTO actors (mediaId, actorId , actorName, characterName, profilePath) VALUES(24, 2983990, 'Dhairya Karwa', 'Captain Sartaj Singh Chandok', 'https://image.tmdb.org/t/p/original/1rXIti2cWehxe1xuj2iTpvZsFji.jpg') ON CONFLICT DO NOTHING;
INSERT INTO actors (mediaId, actorId , actorName, characterName, profilePath) VALUES(24, 226769, 'Rajit Kapoor', 'Prime Minister Of India', 'https://image.tmdb.org/t/p/original/mATIzHiXTeW6xB8IoJVLTD5NDMn.jpg') ON CONFLICT DO NOTHING;
INSERT INTO actors (mediaId, actorId , actorName, characterName, profilePath) VALUES(24, 1633431, 'Ivan Rodrigues', 'Brian D''souza', 'https://image.tmdb.org/t/p/original/lT09cBcZaplqpKHklKHVXPaZvfd.jpg') ON CONFLICT DO NOTHING;
INSERT INTO actors (mediaId, actorId , actorName, characterName, profilePath) VALUES(24, 1125099, 'Manasi Parekh', 'Neha Kashyap', 'https://image.tmdb.org/t/p/original/hehENX9xvxs97OCHZTYuceRPQ0q.jpg') ON CONFLICT DO NOTHING;
INSERT INTO actors (mediaId, actorId , actorName, characterName, profilePath) VALUES(24, 86418, 'Swaroop Sampat', 'Vihaan''s Mother', 'https://image.tmdb.org/t/p/original/uFdmoiG3yETmLRD0DqMVToAN0kq.jpg') ON CONFLICT DO NOTHING;
INSERT INTO providers (mediaId, providerId, providerName, logoPath) VALUES( 24, 2, 'Apple TV', 'https://image.tmdb.org/t/p/original/peURlLlr8jggOwK53fJ5wdQl05y.jpg') ON CONFLICT DO NOTHING;
INSERT INTO providers (mediaId, providerId, providerName, logoPath) VALUES( 24, 3, 'Google Play Movies', 'https://image.tmdb.org/t/p/original/tbEdFQDwx5LEVr8WpSeXQSIirVq.jpg') ON CONFLICT DO NOTHING;
INSERT INTO providers (mediaId, providerId, providerName, logoPath) VALUES( 24, 10, 'Amazon Video', 'https://image.tmdb.org/t/p/original/5NyLm42TmCqCMOZFvH4fcoSNKEW.jpg') ON CONFLICT DO NOTHING;
INSERT INTO media (mediaId, type, name, originalLanguage, adult, releaseDate, overview, backdropPath, posterPath, trailerLink, tmdbRating, status) VALUES(25, false, 'Saw X', 'en', False, '2023-09-26',  'Between the events of ''Saw'' and ''Saw II'', a sick and desperate John Kramer travels to Mexico for a risky and experimental medical procedure in hopes of a miracle cure for his cancer, only to discover the entire operation is a scam to defraud the most vulnerable. Armed with a newfound purpose, the infamous serial killer returns to his work, turning the tables on the con artists in his signature visceral way through devious, deranged, and ingenious traps.', 'https://image.tmdb.org/t/p/original/dZbLqRjjiiNCpTYzhzL2NMvz4J0.jpg', 'https://image.tmdb.org/t/p/original/b16RAVwj2QN6RAs752UJNzQ9Of0.jpg', 'https://www.youtube.com/watch?v=t3PzUo4P21c', 7.3, 'Released') ON CONFLICT DO NOTHING;
INSERT INTO movies (mediaId, runtime, budget, revenue, directorId, director) VALUES( 25, 118, 13000000, 71984243, 2150, 'Kevin Greutert') ON CONFLICT DO NOTHING;
INSERT INTO genres (mediaId, genre) VALUES(25, 'Horror') ON CONFLICT DO NOTHING;
INSERT INTO genres (mediaId, genre) VALUES(25, 'Thriller') ON CONFLICT DO NOTHING;
INSERT INTO actors (mediaId, actorId , actorName, characterName, profilePath) VALUES(25, 2144, 'Tobin Bell', 'John Kramer / Jigsaw', 'https://image.tmdb.org/t/p/original/q21uuCtTioIVcGc3a1Q0DpdcNMO.jpg') ON CONFLICT DO NOTHING;
INSERT INTO actors (mediaId, actorId , actorName, characterName, profilePath) VALUES(25, 2138, 'Shawnee Smith', 'Amanda Young', 'https://image.tmdb.org/t/p/original/s2Ouz4b7xqDH72aU48TSW5zS40v.jpg') ON CONFLICT DO NOTHING;
INSERT INTO actors (mediaId, actorId , actorName, characterName, profilePath) VALUES(25, 559207, 'Synnøve Macody Lund', 'Dr. Cecilia Pederson', 'https://image.tmdb.org/t/p/original/a5r4MtoL5jU4DtCp0BtzwEAtfyL.jpg') ON CONFLICT DO NOTHING;
INSERT INTO actors (mediaId, actorId , actorName, characterName, profilePath) VALUES(25, 2153290, 'Renata Vaca', 'Gabriela', 'https://image.tmdb.org/t/p/original/9lEbP0scP8vjNa4hYmAg4UgMQky.jpg') ON CONFLICT DO NOTHING;
INSERT INTO actors (mediaId, actorId , actorName, characterName, profilePath) VALUES(25, 1417288, 'Paulette Hernández', 'Valentina', 'https://image.tmdb.org/t/p/original/wcJs9ji9A8eaPIhGksmTn0H1gRI.jpg') ON CONFLICT DO NOTHING;
INSERT INTO actors (mediaId, actorId , actorName, characterName, profilePath) VALUES(25, 2692952, 'Octavio Hinojosa Martínez', 'Mateo', 'https://image.tmdb.org/t/p/original/7Kor87Vt0XRrpdxYXry7c1o3B8Y.jpg') ON CONFLICT DO NOTHING;
INSERT INTO actors (mediaId, actorId , actorName, characterName, profilePath) VALUES(25, 57340, 'Steven Brand', 'Detective Parker Sears', 'https://image.tmdb.org/t/p/original/oWkitw5jzILwb775CVGjsqMSrqz.jpg') ON CONFLICT DO NOTHING;
INSERT INTO actors (mediaId, actorId , actorName, characterName, profilePath) VALUES(25, 87118, 'Michael Beach', 'Henry Kessler', 'https://image.tmdb.org/t/p/original/7gCBCpK2OSzuUWk5iTZds9NjqkF.jpg') ON CONFLICT DO NOTHING;
INSERT INTO actors (mediaId, actorId , actorName, characterName, profilePath) VALUES(25, 2412563, 'Joshua Okamoto', 'Diego', 'https://image.tmdb.org/t/p/original/rINDZVMauGgB6vzn18fZdlf0ZDX.jpg') ON CONFLICT DO NOTHING;
INSERT INTO actors (mediaId, actorId , actorName, characterName, profilePath) VALUES(25, 36055, 'Costas Mandylor', 'Mark Hoffman', 'https://image.tmdb.org/t/p/original/yPkQdbhCj2EJM0cjDtkuJTlFp86.jpg') ON CONFLICT DO NOTHING;
INSERT INTO media (mediaId, type, name, originalLanguage, adult, releaseDate, overview, backdropPath, posterPath, trailerLink, tmdbRating, status) VALUES(26, false, 'Totally Killer', 'en', False, '2023-09-28',  'When the infamous "Sweet Sixteen Killer" returns 35 years after his first murder spree to claim another victim, 17-year-old Jamie accidentally travels back in time to 1987, determined to stop the killer before he can start.', 'https://image.tmdb.org/t/p/original/otIUjaHDT5JloKlRQ8uhaTvmtFe.jpg', 'https://image.tmdb.org/t/p/original/52YBwGJ3cJs54fpBzwnT1lnqgTo.jpg', 'https://www.youtube.com/watch?v=5vYipYSDhtQ', 7, 'Released') ON CONFLICT DO NOTHING;
INSERT INTO movies (mediaId, runtime, budget, revenue, directorId, director) VALUES( 26, 106, 0, 0, 1224454, 'Nahnatchka Khan') ON CONFLICT DO NOTHING;
INSERT INTO genres (mediaId, genre) VALUES(26, 'Horror') ON CONFLICT DO NOTHING;
INSERT INTO genres (mediaId, genre) VALUES(26, 'Comedy') ON CONFLICT DO NOTHING;
INSERT INTO actors (mediaId, actorId , actorName, characterName, profilePath) VALUES(26, 934289, 'Kiernan Shipka', 'Jamie Hughes', 'https://image.tmdb.org/t/p/original/aZeL5x1QfJ9LVpXfpTzyQilJTjN.jpg') ON CONFLICT DO NOTHING;
INSERT INTO actors (mediaId, actorId , actorName, characterName, profilePath) VALUES(26, 542870, 'Olivia Holt', 'Pam Miller (1987)', 'https://image.tmdb.org/t/p/original/t5HYa4kV7xqnB3kbNtCyLDxH3Ij.jpg') ON CONFLICT DO NOTHING;
INSERT INTO actors (mediaId, actorId , actorName, characterName, profilePath) VALUES(26, 31171, 'Julie Bowen', 'Pam Hughes', 'https://image.tmdb.org/t/p/original/5ewqnbPAY0EzZObGHIKU4VsCanD.jpg') ON CONFLICT DO NOTHING;
INSERT INTO actors (mediaId, actorId , actorName, characterName, profilePath) VALUES(26, 2044745, 'Charlie Gillespie', 'Blake Hughes (1987)', 'https://image.tmdb.org/t/p/original/vt7r31mEVMhsyZUNRKulJvhdSPg.jpg') ON CONFLICT DO NOTHING;
INSERT INTO actors (mediaId, actorId , actorName, characterName, profilePath) VALUES(26, 58058, 'Lochlyn Munro', 'Blake Hughes', 'https://image.tmdb.org/t/p/original/nTtzCBFYTEnYCS7CqUwxtC6OsXD.jpg') ON CONFLICT DO NOTHING;
INSERT INTO actors (mediaId, actorId , actorName, characterName, profilePath) VALUES(26, 2091629, 'Troy Leigh-Anne Johnson', 'Lauren Creston (1987)', 'https://image.tmdb.org/t/p/original/3g1XBPkW44riaW00uJLDzcEvKzA.jpg') ON CONFLICT DO NOTHING;
INSERT INTO actors (mediaId, actorId , actorName, characterName, profilePath) VALUES(26, 132556, 'Kimberly Huie', 'Lauren Creston', 'https://image.tmdb.org/t/p/original/nKR88CeTVlWV31cXRpQgfBOaizK.jpg') ON CONFLICT DO NOTHING;
INSERT INTO actors (mediaId, actorId , actorName, characterName, profilePath) VALUES(26, 1951237, 'Kelcey Mawema', 'Amelia Creston', 'https://image.tmdb.org/t/p/original/yJdBLJTiAGTnGquw015OprJsqpb.jpg') ON CONFLICT DO NOTHING;
INSERT INTO actors (mediaId, actorId , actorName, characterName, profilePath) VALUES(26, 60458, 'Liana Liberato', 'Tiffany Clark (1987)', 'https://image.tmdb.org/t/p/original/xM7YYem8dRhwL1G2O9yAUJhfdF0.jpg') ON CONFLICT DO NOTHING;
INSERT INTO actors (mediaId, actorId , actorName, characterName, profilePath) VALUES(26, 1764610, 'Stephi Chin-Salvo', 'Marisa Song (1987)', 'https://image.tmdb.org/t/p/original/smDXSynHmxPhJwvcSR1o0nA7y3P.jpg') ON CONFLICT DO NOTHING;
INSERT INTO media (mediaId, type, name, originalLanguage, adult, releaseDate, overview, backdropPath, posterPath, trailerLink, tmdbRating, status) VALUES(27, false, 'Haunted Mansion', 'en', False, '2023-07-26',  'A woman and her son enlist a motley crew of so-called spiritual experts to help rid their home of supernatural squatters.', 'https://image.tmdb.org/t/p/original/mzlZAMjE2yk2sW3f9HTeBM3B3jw.jpg', 'https://image.tmdb.org/t/p/original/8Im6DknDVxRiGXc5t8rVOJyzuNx.jpg', 'https://www.youtube.com/watch?v=iB_1o3c19y0', 6.7, 'Released') ON CONFLICT DO NOTHING;
INSERT INTO movies (mediaId, runtime, budget, revenue, directorId, director) VALUES( 27, 123, 157800000, 113100000, 1059571, 'Justin Simien') ON CONFLICT DO NOTHING;
INSERT INTO genres (mediaId, genre) VALUES(27, 'Fantasy') ON CONFLICT DO NOTHING;
INSERT INTO genres (mediaId, genre) VALUES(27, 'Comedy') ON CONFLICT DO NOTHING;
INSERT INTO genres (mediaId, genre) VALUES(27, 'Horror') ON CONFLICT DO NOTHING;
INSERT INTO genres (mediaId, genre) VALUES(27, 'Family') ON CONFLICT DO NOTHING;
INSERT INTO actors (mediaId, actorId , actorName, characterName, profilePath) VALUES(27, 5916, 'Rosario Dawson', 'Gabbie', 'https://image.tmdb.org/t/p/original/1mm7JGHIUX3GRRGXEV9QCzsI0ao.jpg') ON CONFLICT DO NOTHING;
INSERT INTO actors (mediaId, actorId , actorName, characterName, profilePath) VALUES(27, 2461073, 'Chase W. Dillon', 'Travis', 'https://image.tmdb.org/t/p/original/8GkzgrM3JPTCK3eromBzu5KfHnN.jpg') ON CONFLICT DO NOTHING;
INSERT INTO actors (mediaId, actorId , actorName, characterName, profilePath) VALUES(27, 1200864, 'LaKeith Stanfield', 'Ben Matthias', 'https://image.tmdb.org/t/p/original/5AykKpsH8DMxIm144ET7fVVTQfw.jpg') ON CONFLICT DO NOTHING;
INSERT INTO actors (mediaId, actorId , actorName, characterName, profilePath) VALUES(27, 887, 'Owen Wilson', 'Father Kent', 'https://image.tmdb.org/t/p/original/ptiUjN2YcXbvCr6xawMFX9lYezk.jpg') ON CONFLICT DO NOTHING;
INSERT INTO actors (mediaId, actorId , actorName, characterName, profilePath) VALUES(27, 1230868, 'Tiffany Haddish', 'Harriet', 'https://image.tmdb.org/t/p/original/Avmv1YY7Qscz0TyWxhqFoS7BO5f.jpg') ON CONFLICT DO NOTHING;
INSERT INTO actors (mediaId, actorId , actorName, characterName, profilePath) VALUES(27, 518, 'Danny DeVito', 'Bruce Davis', 'https://image.tmdb.org/t/p/original/6kO4IN7ndoIGw2JhyhAQN3SFmdx.jpg') ON CONFLICT DO NOTHING;
INSERT INTO actors (mediaId, actorId , actorName, characterName, profilePath) VALUES(27, 7499, 'Jared Leto', 'The Hatbox Ghost', 'https://image.tmdb.org/t/p/original/ca3x0OfIKbJppZh8S1Alx3GfUZO.jpg') ON CONFLICT DO NOTHING;
INSERT INTO actors (mediaId, actorId , actorName, characterName, profilePath) VALUES(27, 8944, 'Jamie Lee Curtis', 'Madame Leota', 'https://image.tmdb.org/t/p/original/9KWvPVeiLOXlOGl0XVyHZtJWQtx.jpg') ON CONFLICT DO NOTHING;
INSERT INTO actors (mediaId, actorId , actorName, characterName, profilePath) VALUES(27, 1763912, 'J.R. Adduci', 'William Gracey', 'https://image.tmdb.org/t/p/original/spkjjqSl1aFv107nuuUdKHcQFev.jpg') ON CONFLICT DO NOTHING;
INSERT INTO actors (mediaId, actorId , actorName, characterName, profilePath) VALUES(27, 2043169, 'Creek Wilson', 'Mariner Ghost', 'https://image.tmdb.org/t/p/original/sTcjlC5oRFsJ753hFAzxQy9stqH.jpg') ON CONFLICT DO NOTHING;
INSERT INTO media (mediaId, type, name, originalLanguage, adult, releaseDate, overview, backdropPath, posterPath, trailerLink, tmdbRating, status) VALUES(28, false, 'Spider-Man: Across the Spider-Verse', 'en', False, '2023-05-31',  'After reuniting with Gwen Stacy, Brooklyn’s full-time, friendly neighborhood Spider-Man is catapulted across the Multiverse, where he encounters the Spider Society, a team of Spider-People charged with protecting the Multiverse’s very existence. But when the heroes clash on how to handle a new threat, Miles finds himself pitted against the other Spiders and must set out on his own to save those he loves most.', 'https://image.tmdb.org/t/p/original/4HodYYKEIsGOdinkGi2Ucz6X9i0.jpg', 'https://image.tmdb.org/t/p/original/8Vt6mWEReuy4Of61Lnj5Xj704m8.jpg', 'https://www.youtube.com/watch?v=yFrxzaBLDQM', 8.4, 'Released') ON CONFLICT DO NOTHING;
INSERT INTO movies (mediaId, runtime, budget, revenue, directorId, director) VALUES( 28, 140, 100000000, 683241751, 89596, 'Joaquim Dos Santos') ON CONFLICT DO NOTHING;
INSERT INTO genres (mediaId, genre) VALUES(28, 'Animation') ON CONFLICT DO NOTHING;
INSERT INTO genres (mediaId, genre) VALUES(28, 'Action') ON CONFLICT DO NOTHING;
INSERT INTO genres (mediaId, genre) VALUES(28, 'Adventure') ON CONFLICT DO NOTHING;
INSERT INTO actors (mediaId, actorId , actorName, characterName, profilePath) VALUES(28, 587506, 'Shameik Moore', 'Miles Morales / Spider-Man (voice)', 'https://image.tmdb.org/t/p/original/uJNaSTsfBOvtFWsPP23zNthknsB.jpg') ON CONFLICT DO NOTHING;
INSERT INTO actors (mediaId, actorId , actorName, characterName, profilePath) VALUES(28, 130640, 'Hailee Steinfeld', 'Gwen Stacy / Spider-Woman (voice)', 'https://image.tmdb.org/t/p/original/q4UpZMEuvNCN5lL5L6xa3ICpheJ.jpg') ON CONFLICT DO NOTHING;
INSERT INTO actors (mediaId, actorId , actorName, characterName, profilePath) VALUES(28, 17881, 'Jason Schwartzman', 'Jonathan Ohnn / Spot (voice)', 'https://image.tmdb.org/t/p/original/gCjMdmW1DiPAClHVl4zHEIffIsE.jpg') ON CONFLICT DO NOTHING;
INSERT INTO actors (mediaId, actorId , actorName, characterName, profilePath) VALUES(28, 25072, 'Oscar Isaac', 'Miguel O''Hara / Spider-Man 2099 (voice)', 'https://image.tmdb.org/t/p/original/dW5U5yrIIPmMjRThR9KT2xH6nTz.jpg') ON CONFLICT DO NOTHING;
INSERT INTO actors (mediaId, actorId , actorName, characterName, profilePath) VALUES(28, 226366, 'Brian Tyree Henry', 'Jeff Morales (voice)', 'https://image.tmdb.org/t/p/original/1UgDnFt3OteCJQPiUelWzIR5bvT.jpg') ON CONFLICT DO NOTHING;
INSERT INTO actors (mediaId, actorId , actorName, characterName, profilePath) VALUES(28, 141610, 'Luna Lauren Velez', 'Rio Morales (voice)', 'https://image.tmdb.org/t/p/original/98BvmTJCZHx0jPv0oNcv04Jkmfb.jpg') ON CONFLICT DO NOTHING;
INSERT INTO actors (mediaId, actorId , actorName, characterName, profilePath) VALUES(28, 543505, 'Jake Johnson', 'Peter B. Parker / Spider-Man (voice)', 'https://image.tmdb.org/t/p/original/3gASdJlbZYxTDYMaX6ALo4BDEjN.jpg') ON CONFLICT DO NOTHING;
INSERT INTO actors (mediaId, actorId , actorName, characterName, profilePath) VALUES(28, 1455336, 'Issa Rae', 'Jessica Drew / Spider-Woman (voice)', 'https://image.tmdb.org/t/p/original/1tX1T5ZNCMh2KYP1jMgfg8P26vm.jpg') ON CONFLICT DO NOTHING;
INSERT INTO actors (mediaId, actorId , actorName, characterName, profilePath) VALUES(28, 1109702, 'Karan Soni', 'Pavitr Prabhakar / Spider-Man India (voice)', 'https://image.tmdb.org/t/p/original/hkyWd9bcuOqUAUepOJLE47izTWR.jpg') ON CONFLICT DO NOTHING;
INSERT INTO actors (mediaId, actorId , actorName, characterName, profilePath) VALUES(28, 74242, 'Shea Whigham', 'George Stacy (voice)', 'https://image.tmdb.org/t/p/original/yHOYG5qKi3b0DhKOrPoBnELjR7z.jpg') ON CONFLICT DO NOTHING;
INSERT INTO providers (mediaId, providerId, providerName, logoPath) VALUES( 28, 2, 'Apple TV', 'https://image.tmdb.org/t/p/original/peURlLlr8jggOwK53fJ5wdQl05y.jpg') ON CONFLICT DO NOTHING;
INSERT INTO providers (mediaId, providerId, providerName, logoPath) VALUES( 28, 3, 'Google Play Movies', 'https://image.tmdb.org/t/p/original/tbEdFQDwx5LEVr8WpSeXQSIirVq.jpg') ON CONFLICT DO NOTHING;
INSERT INTO media (mediaId, type, name, originalLanguage, adult, releaseDate, overview, backdropPath, posterPath, trailerLink, tmdbRating, status) VALUES(29, false, 'V/H/S/85', 'en', False, '2023-09-22',  'Unveiled through a made-for-TV documentary, five chilling tales of found footage horror emerge to take viewers on a gore-filled journey through the grim underbelly of the forgotten 1980s.', 'https://image.tmdb.org/t/p/original/5ImZV8IXsZ81s4ZryYkFgasnSjW.jpg', 'https://image.tmdb.org/t/p/original/yIPSlVaTYuxhbsmSsGBDCZkiN3P.jpg', 'https://www.youtube.com/watch?v=Ke20dnbwZXs', 6.9, 'Released') ON CONFLICT DO NOTHING;
INSERT INTO movies (mediaId, runtime, budget, revenue, directorId, director) VALUES( 29, 110, 0, 0, 55499, 'Scott Derrickson') ON CONFLICT DO NOTHING;
INSERT INTO genres (mediaId, genre) VALUES(29, 'Horror') ON CONFLICT DO NOTHING;
INSERT INTO genres (mediaId, genre) VALUES(29, 'Thriller') ON CONFLICT DO NOTHING;
INSERT INTO genres (mediaId, genre) VALUES(29, 'Fantasy') ON CONFLICT DO NOTHING;
INSERT INTO genres (mediaId, genre) VALUES(29, 'Science Fiction') ON CONFLICT DO NOTHING;
INSERT INTO genres (mediaId, genre) VALUES(29, 'Crime') ON CONFLICT DO NOTHING;
INSERT INTO genres (mediaId, genre) VALUES(29, 'Mystery') ON CONFLICT DO NOTHING;
INSERT INTO actors (mediaId, actorId , actorName, characterName, profilePath) VALUES(29, 2098514, 'Alex Galick', 'Rob (segment "No Wake/Ambrosia")', 'https://image.tmdb.org/t/p/original/isApEWkuxM0WHskklRxSCxJ4urS.jpg') ON CONFLICT DO NOTHING;
INSERT INTO actors (mediaId, actorId , actorName, characterName, profilePath) VALUES(29, 3738847, 'Anna Sundberg', 'Robin (segment "No Wake/Ambrosia")', 'https://image.tmdb.org/t/p/original/8O7w12rz4EU4UPmVBd0VlTm56fd.jpg') ON CONFLICT DO NOTHING;
INSERT INTO actors (mediaId, actorId , actorName, characterName, profilePath) VALUES(29, 2578704, 'Chelsey Grant', 'Kelly (segment "No Wake/Ambrosia")', 'https://image.tmdb.org/t/p/original/qMPa9qNic5fdNlmrotWhSFX3NBl.jpg') ON CONFLICT DO NOTHING;
INSERT INTO actors (mediaId, actorId , actorName, characterName, profilePath) VALUES(29, 1849472, 'Toussaint Morrison', 'Drew (segment "No Wake/Ambrosia")', 'https://image.tmdb.org/t/p/original/hSNyH2WQvQffC1tDBChB2l217YX.jpg') ON CONFLICT DO NOTHING;
INSERT INTO actors (mediaId, actorId , actorName, characterName, profilePath) VALUES(29, 1344672, 'Tyler Noble', 'Kevin (segment "No Wake/Ambrosia")', 'None') ON CONFLICT DO NOTHING;
INSERT INTO actors (mediaId, actorId , actorName, characterName, profilePath) VALUES(29, 3520614, 'Anna Hashizume', 'Anna (segment "No Wake/Ambrosia")', 'None') ON CONFLICT DO NOTHING;
INSERT INTO actors (mediaId, actorId , actorName, characterName, profilePath) VALUES(29, 4283902, 'Tom Reed', 'Jared (segment "No Wake/Ambrosia")', 'None') ON CONFLICT DO NOTHING;
INSERT INTO actors (mediaId, actorId , actorName, characterName, profilePath) VALUES(29, 4283889, 'Evie Bair', 'Ruth (segment "No Wake/Ambrosia")', 'None') ON CONFLICT DO NOTHING;
INSERT INTO actors (mediaId, actorId , actorName, characterName, profilePath) VALUES(29, 1115090, 'Renee Werbowski', 'Renee (segment "No Wake/Ambrosia")', 'None') ON CONFLICT DO NOTHING;
INSERT INTO actors (mediaId, actorId , actorName, characterName, profilePath) VALUES(29, 3290702, 'Mike Lester', 'James (segment "No Wake/Ambrosia")', 'None') ON CONFLICT DO NOTHING;
INSERT INTO media (mediaId, type, name, originalLanguage, adult, releaseDate, overview, backdropPath, posterPath, trailerLink, tmdbRating, status) VALUES(30, false, 'Race to the Summit', 'de', False, '2023-10-04',  'Fearless alpine climbers Ueli Steck and Dani Arnold enter into a death-defying rivalry to set speed records on the Swiss Alps'' great north faces.', 'https://image.tmdb.org/t/p/original/3H8u03qr9se2pCv3QTHR1gxSa9k.jpg', 'https://image.tmdb.org/t/p/original/tI9ybrWLiVLljLsNoqEjQF36oG4.jpg', 'https://www.youtube.com/watch?v=wEzoqk5jdMs', 6, 'Released') ON CONFLICT DO NOTHING;
INSERT INTO movies (mediaId, runtime, budget, revenue, directorId, director) VALUES( 30, 90, 0, 0, 4286928, 'Nicholas de Taranto') ON CONFLICT DO NOTHING;
INSERT INTO genres (mediaId, genre) VALUES(30, 'Documentary') ON CONFLICT DO NOTHING;
INSERT INTO genres (mediaId, genre) VALUES(30, 'Action') ON CONFLICT DO NOTHING;
INSERT INTO genres (mediaId, genre) VALUES(30, 'Adventure') ON CONFLICT DO NOTHING;
INSERT INTO actors (mediaId, actorId , actorName, characterName, profilePath) VALUES(30, 592447, 'Ueli Steck', '', 'https://image.tmdb.org/t/p/original/etgUHwUYdcSTivJyCGn2fOFTp0y.jpg') ON CONFLICT DO NOTHING;
INSERT INTO actors (mediaId, actorId , actorName, characterName, profilePath) VALUES(30, 4256713, 'Dani Arnold', '', 'None') ON CONFLICT DO NOTHING;
INSERT INTO media (mediaId, type, name, originalLanguage, adult, releaseDate, overview, backdropPath, posterPath, trailerLink, tmdbRating, status) VALUES(31, false, 'Summer 1941', 'ru', False, '2022-04-21',  'Beginning of the Great Patriotic War. Lieutenant Adi Sharipov, together with his platoon, cover the retreat of the regimental headquarters and remain surrounded, behind enemy lines. The enemy drives the squad into the swamp. Fear of the unknown, despondency and doubt haunt the fighters until they realize that waiting and inaction will destroy the squad faster than enemy bullets.', 'https://image.tmdb.org/t/p/original/gLCDW1velnpPkbYBbMg9EIJkbEx.jpg', 'https://image.tmdb.org/t/p/original/zMOzJJJw9Z3ezWTjQixc0tRJ6Gm.jpg', 'None', 5.1, 'Released') ON CONFLICT DO NOTHING;
INSERT INTO movies (mediaId, runtime, budget, revenue, directorId, director) VALUES( 31, 112, 0, 0, 1870916, 'Bekbolat Shekerov') ON CONFLICT DO NOTHING;
INSERT INTO genres (mediaId, genre) VALUES(31, 'Action') ON CONFLICT DO NOTHING;
INSERT INTO genres (mediaId, genre) VALUES(31, 'War') ON CONFLICT DO NOTHING;
INSERT INTO actors (mediaId, actorId , actorName, characterName, profilePath) VALUES(31, 1111727, 'Azamat Nigmanov', '', 'https://image.tmdb.org/t/p/original/bP9t8oDY9L7vr67kdYZvChhhTaN.jpg') ON CONFLICT DO NOTHING;
INSERT INTO actors (mediaId, actorId , actorName, characterName, profilePath) VALUES(31, 1599152, 'Andrey Olefirenko', '', 'None') ON CONFLICT DO NOTHING;
INSERT INTO actors (mediaId, actorId , actorName, characterName, profilePath) VALUES(31, 2737329, 'Sharifbek Zakirov', '', 'None') ON CONFLICT DO NOTHING;
INSERT INTO actors (mediaId, actorId , actorName, characterName, profilePath) VALUES(31, 3510142, 'Alikhan Lepesbaev', '', 'None') ON CONFLICT DO NOTHING;
INSERT INTO actors (mediaId, actorId , actorName, characterName, profilePath) VALUES(31, 2980458, 'Andrey Senkin', '', 'https://image.tmdb.org/t/p/original/grKqa37j02HQTYEL7faNyvyrclx.jpg') ON CONFLICT DO NOTHING;
INSERT INTO actors (mediaId, actorId , actorName, characterName, profilePath) VALUES(31, 2443849, 'Elizaveta Shukova', '', 'https://image.tmdb.org/t/p/original/jLxj4216XzGuuAxsllPZ7h0gnp.jpg') ON CONFLICT DO NOTHING;
INSERT INTO actors (mediaId, actorId , actorName, characterName, profilePath) VALUES(31, 3510143, 'Makpal Kasenova', '', 'None') ON CONFLICT DO NOTHING;
INSERT INTO actors (mediaId, actorId , actorName, characterName, profilePath) VALUES(31, 2034834, 'Aleksandr Brukhatskiy', '', 'https://image.tmdb.org/t/p/original/rOc9rqNrQLson7DWq82KLyx3J7Q.jpg') ON CONFLICT DO NOTHING;
INSERT INTO actors (mediaId, actorId , actorName, characterName, profilePath) VALUES(31, 3510144, 'Valentina Gartsueva', '', 'None') ON CONFLICT DO NOTHING;
INSERT INTO actors (mediaId, actorId , actorName, characterName, profilePath) VALUES(31, 3510147, 'Arseny Vragov', '', 'None') ON CONFLICT DO NOTHING;
INSERT INTO providers (mediaId, providerId, providerName, logoPath) VALUES( 31, 2, 'Apple TV', 'https://image.tmdb.org/t/p/original/peURlLlr8jggOwK53fJ5wdQl05y.jpg') ON CONFLICT DO NOTHING;
INSERT INTO providers (mediaId, providerId, providerName, logoPath) VALUES( 31, 3, 'Google Play Movies', 'https://image.tmdb.org/t/p/original/tbEdFQDwx5LEVr8WpSeXQSIirVq.jpg') ON CONFLICT DO NOTHING;
INSERT INTO providers (mediaId, providerId, providerName, logoPath) VALUES( 31, 10, 'Amazon Video', 'https://image.tmdb.org/t/p/original/5NyLm42TmCqCMOZFvH4fcoSNKEW.jpg') ON CONFLICT DO NOTHING;
INSERT INTO media (mediaId, type, name, originalLanguage, adult, releaseDate, overview, backdropPath, posterPath, trailerLink, tmdbRating, status) VALUES(32, false, 'Sniper: G.R.I.T. - Global Response & Intelligence Team', 'en', False, '2023-09-26',  'When an international terrorist cult threatens global political stability and kidnaps a fellow agent, Ace Sniper Brandon Beckett and the newly-formed Global Response & Intelligence Team – or G.R.I.T. – led by Colonel Stone must travel across the world to Malta, infiltrate the cult, and take out its leader to free Lady Death and stop the global threat.', 'https://image.tmdb.org/t/p/original/bGQyu8H6q20ZRxqr3z65kE17QPA.jpg', 'https://image.tmdb.org/t/p/original/a9bt9byTQ1MIfRWYQX240HiYPrl.jpg', 'https://www.youtube.com/watch?v=AAT4TCet1KQ', 6.9, 'Released') ON CONFLICT DO NOTHING;
INSERT INTO movies (mediaId, runtime, budget, revenue, directorId, director) VALUES( 32, 92, 0, 0, 1400889, 'Oliver Thompson') ON CONFLICT DO NOTHING;
INSERT INTO genres (mediaId, genre) VALUES(32, 'Action') ON CONFLICT DO NOTHING;
INSERT INTO genres (mediaId, genre) VALUES(32, 'Thriller') ON CONFLICT DO NOTHING;
INSERT INTO actors (mediaId, actorId , actorName, characterName, profilePath) VALUES(32, 228371, 'Chad Michael Collins', 'Brandon Beckett', 'https://image.tmdb.org/t/p/original/9lcEpAYRBCylYIVMZYXHqfmRzfP.jpg') ON CONFLICT DO NOTHING;
INSERT INTO actors (mediaId, actorId , actorName, characterName, profilePath) VALUES(32, 77164, 'Ryan Robbins', 'Zero', 'https://image.tmdb.org/t/p/original/kZrq5a760JU1kHuxQ7Q8YCgsOr6.jpg') ON CONFLICT DO NOTHING;
INSERT INTO actors (mediaId, actorId , actorName, characterName, profilePath) VALUES(32, 3655658, 'Luna Fujimoto', 'Lady Death', 'https://image.tmdb.org/t/p/original/jr1NTBW1PzFrHUEcJXw7oDk1UhV.jpg') ON CONFLICT DO NOTHING;
INSERT INTO actors (mediaId, actorId , actorName, characterName, profilePath) VALUES(32, 1180979, 'Josh Brener', 'Intelligence Pete', 'https://image.tmdb.org/t/p/original/sIyQYq2imu1V2RxRQ1zp70RSqTi.jpg') ON CONFLICT DO NOTHING;
INSERT INTO actors (mediaId, actorId , actorName, characterName, profilePath) VALUES(32, 352, 'Dennis Haysbert', 'Gabriel Stone', 'https://image.tmdb.org/t/p/original/lcnjaw2CFN6q9eaes1jTYrUB0rb.jpg') ON CONFLICT DO NOTHING;
INSERT INTO actors (mediaId, actorId , actorName, characterName, profilePath) VALUES(32, 2266276, 'Toshiji Takeshima', 'Soshi Mifune', 'https://image.tmdb.org/t/p/original/4tulKV8wirBcnomWtnvco0LFATB.jpg') ON CONFLICT DO NOTHING;
INSERT INTO actors (mediaId, actorId , actorName, characterName, profilePath) VALUES(32, 1434017, 'Matthew Sim', 'Dr. Zoran Zoric', 'https://image.tmdb.org/t/p/original/9mh51GgmHIv7dflaE7e9y46eXDP.jpg') ON CONFLICT DO NOTHING;
INSERT INTO actors (mediaId, actorId , actorName, characterName, profilePath) VALUES(32, 4317180, 'Paul Kissaun', 'Ivan Bubalo', 'None') ON CONFLICT DO NOTHING;
INSERT INTO actors (mediaId, actorId , actorName, characterName, profilePath) VALUES(32, 237087, 'Eugenia Caruso', 'Ana Costa', 'https://image.tmdb.org/t/p/original/ocWaLnqvU58oU7ZAVsVKA1w2Als.jpg') ON CONFLICT DO NOTHING;
INSERT INTO actors (mediaId, actorId , actorName, characterName, profilePath) VALUES(32, 4317270, 'Marko Nikolic', 'Koko', 'None') ON CONFLICT DO NOTHING;
INSERT INTO media (mediaId, type, name, originalLanguage, adult, releaseDate, overview, backdropPath, posterPath, trailerLink, tmdbRating, status) VALUES(33, false, 'Killers of the Flower Moon', 'en', False, '2023-10-18',  'When oil is discovered in 1920s Oklahoma under Osage Nation land, the Osage people are murdered one by one—until the FBI steps in to unravel the mystery.', 'https://image.tmdb.org/t/p/original/uvsL5Q5Juf8ivqBnlr4nFVUwVoa.jpg', 'https://image.tmdb.org/t/p/original/dB6Krk806zeqd0YNp2ngQ9zXteH.jpg', 'https://www.youtube.com/watch?v=1oZUCkJEuvo', 6.3, 'Released') ON CONFLICT DO NOTHING;
INSERT INTO movies (mediaId, runtime, budget, revenue, directorId, director) VALUES( 33, 206, 170000000, 0, 1032, 'Martin Scorsese') ON CONFLICT DO NOTHING;
INSERT INTO genres (mediaId, genre) VALUES(33, 'Crime') ON CONFLICT DO NOTHING;
INSERT INTO genres (mediaId, genre) VALUES(33, 'Drama') ON CONFLICT DO NOTHING;
INSERT INTO genres (mediaId, genre) VALUES(33, 'Thriller') ON CONFLICT DO NOTHING;
INSERT INTO actors (mediaId, actorId , actorName, characterName, profilePath) VALUES(33, 6193, 'Leonardo DiCaprio', 'Ernest Burkhart', 'https://image.tmdb.org/t/p/original/wo2hJpn04vbtmh0B9utCFdsQhxM.jpg') ON CONFLICT DO NOTHING;
INSERT INTO actors (mediaId, actorId , actorName, characterName, profilePath) VALUES(33, 380, 'Robert De Niro', 'William King Hale', 'https://image.tmdb.org/t/p/original/cT8htcckIuyI1Lqwt1CvD02ynTh.jpg') ON CONFLICT DO NOTHING;
INSERT INTO actors (mediaId, actorId , actorName, characterName, profilePath) VALUES(33, 1183917, 'Lily Gladstone', 'Mollie Burkhart', 'https://image.tmdb.org/t/p/original/zYAN84WqZv2sbVE2JDkcWoXGoF7.jpg') ON CONFLICT DO NOTHING;
INSERT INTO actors (mediaId, actorId , actorName, characterName, profilePath) VALUES(33, 88124, 'Jesse Plemons', 'Tom White', 'https://image.tmdb.org/t/p/original/nx5BJs7anBcuZiqvXC9nInMwMSM.jpg') ON CONFLICT DO NOTHING;
INSERT INTO actors (mediaId, actorId , actorName, characterName, profilePath) VALUES(33, 7863, 'Tantoo Cardinal', 'Lizzie Q', 'https://image.tmdb.org/t/p/original/nhqupolK1idbzpEP5AXuzi8eveR.jpg') ON CONFLICT DO NOTHING;
INSERT INTO actors (mediaId, actorId , actorName, characterName, profilePath) VALUES(33, 3006897, 'Cara Jade Myers', 'Anna Kyle Brown', 'https://image.tmdb.org/t/p/original/5oHV0iqIja1qmX5cKyQHWA0eVXB.jpg') ON CONFLICT DO NOTHING;
INSERT INTO actors (mediaId, actorId , actorName, characterName, profilePath) VALUES(33, 3006898, 'JaNae Collins', 'Rita', 'https://image.tmdb.org/t/p/original/kXJ0qGCyfzJt34yQ7o6wtTXIZc3.jpg') ON CONFLICT DO NOTHING;
INSERT INTO actors (mediaId, actorId , actorName, characterName, profilePath) VALUES(33, 2698946, 'Jillian Dion', 'Minnie', 'https://image.tmdb.org/t/p/original/uy1lrfPkFOvnrH9pvtA4MYm2JAy.jpg') ON CONFLICT DO NOTHING;
INSERT INTO actors (mediaId, actorId , actorName, characterName, profilePath) VALUES(33, 222562, 'William Belleau', 'Henry Roan', 'https://image.tmdb.org/t/p/original/fZenco7DivoGTfCkbyubgW18BId.jpg') ON CONFLICT DO NOTHING;
INSERT INTO actors (mediaId, actorId , actorName, characterName, profilePath) VALUES(33, 163731, 'Louis Cancelmi', 'Kelsie Morrison', 'https://image.tmdb.org/t/p/original/tS7a5Awukc316J08teF2yGGOd6A.jpg') ON CONFLICT DO NOTHING;
INSERT INTO media (mediaId, type, name, originalLanguage, adult, releaseDate, overview, backdropPath, posterPath, trailerLink, tmdbRating, status) VALUES(34, false, 'The Exorcist: Believer', 'en', False, '2023-10-04',  'When his daughter, Angela, and her friend Katherine, show signs of demonic possession, it unleashes a chain of events that forces single father Victor Fielding to confront the nadir of evil. Terrified and desperate, he seeks out Chris MacNeil, the only person alive who''s witnessed anything like it before.', 'https://image.tmdb.org/t/p/original/f33XdT6dwNXmXQNvQ4FuyhQrUob.jpg', 'https://image.tmdb.org/t/p/original/lxRLC3WOFM2INoyEa3bFGIUApvn.jpg', 'https://www.youtube.com/watch?v=r71FmJBoSDs', 5.4, 'Released') ON CONFLICT DO NOTHING;
INSERT INTO movies (mediaId, runtime, budget, revenue, directorId, director) VALUES( 34, 111, 30000000, 84561805, 64141, 'David Gordon Green') ON CONFLICT DO NOTHING;
INSERT INTO genres (mediaId, genre) VALUES(34, 'Horror') ON CONFLICT DO NOTHING;
INSERT INTO actors (mediaId, actorId , actorName, characterName, profilePath) VALUES(34, 1254614, 'Leslie Odom Jr.', 'Victor Fielding', 'https://image.tmdb.org/t/p/original/iQHN2J2PclpehDaAQhzeFn6DfTx.jpg') ON CONFLICT DO NOTHING;
INSERT INTO actors (mediaId, actorId , actorName, characterName, profilePath) VALUES(34, 43366, 'Ann Dowd', 'Nurse Ann', 'https://image.tmdb.org/t/p/original/zo44U71uiMNVW1HSiOa5F9MpqIq.jpg') ON CONFLICT DO NOTHING;
INSERT INTO actors (mediaId, actorId , actorName, characterName, profilePath) VALUES(34, 1734929, 'Lidya Jewett', 'Angela Fielding', 'https://image.tmdb.org/t/p/original/6jZdx71jIvAwpMVVHxtGkvEkfv6.jpg') ON CONFLICT DO NOTHING;
INSERT INTO actors (mediaId, actorId , actorName, characterName, profilePath) VALUES(34, 3908563, 'Olivia Marcum', 'Katherine West', 'https://image.tmdb.org/t/p/original/xmzPJzCLTVGToP6REJDgGztAMCO.jpg') ON CONFLICT DO NOTHING;
INSERT INTO actors (mediaId, actorId , actorName, characterName, profilePath) VALUES(34, 1546496, 'Jennifer Nettles', 'Miranda West', 'https://image.tmdb.org/t/p/original/c6LD7akKp6lmbLdLqWDubiWT3Nh.jpg') ON CONFLICT DO NOTHING;
INSERT INTO actors (mediaId, actorId , actorName, characterName, profilePath) VALUES(34, 52020, 'Norbert Leo Butz', 'Tony West', 'https://image.tmdb.org/t/p/original/5gEoeS1YUVcsbLHcjfdi92ruJ76.jpg') ON CONFLICT DO NOTHING;
INSERT INTO actors (mediaId, actorId , actorName, characterName, profilePath) VALUES(34, 9560, 'Ellen Burstyn', 'Chris MacNeil', 'https://image.tmdb.org/t/p/original/rDClU5Mvj6SrDxAdZMGPDgGUBiw.jpg') ON CONFLICT DO NOTHING;
INSERT INTO actors (mediaId, actorId , actorName, characterName, profilePath) VALUES(34, 145208, 'E.J. Bonilla', 'Father Maddox', 'https://image.tmdb.org/t/p/original/qL6HRAWzJ6msIn6vV5dnWj5V6nJ.jpg') ON CONFLICT DO NOTHING;
INSERT INTO actors (mediaId, actorId , actorName, characterName, profilePath) VALUES(34, 97943, 'Raphael Sbarge', 'Pastor Don Revans', 'https://image.tmdb.org/t/p/original/jOm9Yd5VKiCA2RX2q16fPXwCMAs.jpg') ON CONFLICT DO NOTHING;
INSERT INTO actors (mediaId, actorId , actorName, characterName, profilePath) VALUES(34, 20562, 'Antoni Corone', 'Father Phillips', 'https://image.tmdb.org/t/p/original/85G9purVJGnYwu1wCVQO8ZNHr8Z.jpg') ON CONFLICT DO NOTHING;
INSERT INTO media (mediaId, type, name, originalLanguage, adult, releaseDate, overview, backdropPath, posterPath, trailerLink, tmdbRating, status) VALUES(35, false, 'Indiana Jones and the Dial of Destiny', 'en', False, '2023-06-28',  'Finding himself in a new era, and approaching retirement, Indy wrestles with fitting into a world that seems to have outgrown him. But as the tentacles of an all-too-familiar evil return in the form of an old rival, Indy must don his hat and pick up his whip once more to make sure an ancient and powerful artifact doesn''t fall into the wrong hands.', 'https://image.tmdb.org/t/p/original/35z8hWuzfFUZQaYog8E9LsXW3iI.jpg', 'https://image.tmdb.org/t/p/original/Af4bXE63pVsb2FtbW8uYIyPBadD.jpg', 'https://www.youtube.com/watch?v=eQfMbSe7F2g', 6.7, 'Released') ON CONFLICT DO NOTHING;
INSERT INTO movies (mediaId, runtime, budget, revenue, directorId, director) VALUES( 35, 155, 294700000, 382891104, 366, 'James Mangold') ON CONFLICT DO NOTHING;
INSERT INTO genres (mediaId, genre) VALUES(35, 'Adventure') ON CONFLICT DO NOTHING;
INSERT INTO genres (mediaId, genre) VALUES(35, 'Action') ON CONFLICT DO NOTHING;
INSERT INTO actors (mediaId, actorId , actorName, characterName, profilePath) VALUES(35, 3, 'Harrison Ford', 'Indiana Jones', 'https://image.tmdb.org/t/p/original/zVnHagUvXkR2StdOtquEwsiwSVt.jpg') ON CONFLICT DO NOTHING;
INSERT INTO actors (mediaId, actorId , actorName, characterName, profilePath) VALUES(35, 1023483, 'Phoebe Waller-Bridge', 'Helena', 'https://image.tmdb.org/t/p/original/ppRIfUYcl0RWlxp5gSmdzIFFLAS.jpg') ON CONFLICT DO NOTHING;
INSERT INTO actors (mediaId, actorId , actorName, characterName, profilePath) VALUES(35, 1019, 'Mads Mikkelsen', 'Dr. Voller', 'https://image.tmdb.org/t/p/original/ntwPvV4GKGGHO3I7LcHMwhXfsw9.jpg') ON CONFLICT DO NOTHING;
INSERT INTO actors (mediaId, actorId , actorName, characterName, profilePath) VALUES(35, 467645, 'Boyd Holbrook', 'Klaber', 'https://image.tmdb.org/t/p/original/tmFuUljxIvuQbEZqfF9btLBOFDn.jpg') ON CONFLICT DO NOTHING;
INSERT INTO actors (mediaId, actorId , actorName, characterName, profilePath) VALUES(35, 2074238, 'Olivier Richters', 'Hauke', 'https://image.tmdb.org/t/p/original/8Zz5WYE1Muc3AX9daxCxgNTRE5.jpg') ON CONFLICT DO NOTHING;
INSERT INTO actors (mediaId, actorId , actorName, characterName, profilePath) VALUES(35, 3810691, 'Ethann Isidore', 'Teddy', 'https://image.tmdb.org/t/p/original/64mNpiPrraEUjwSHLJzLfFxjXwT.jpg') ON CONFLICT DO NOTHING;
INSERT INTO actors (mediaId, actorId , actorName, characterName, profilePath) VALUES(35, 13014, 'Toby Jones', 'Basil Shaw', 'https://image.tmdb.org/t/p/original/1qNisdp4f1KstdfvAgYXMdrhwfk.jpg') ON CONFLICT DO NOTHING;
INSERT INTO actors (mediaId, actorId , actorName, characterName, profilePath) VALUES(35, 3131, 'Antonio Banderas', 'Renaldo', 'https://image.tmdb.org/t/p/original/n8YlGookYzgD3cmpMP45BYRNIoh.jpg') ON CONFLICT DO NOTHING;
INSERT INTO actors (mediaId, actorId , actorName, characterName, profilePath) VALUES(35, 650, 'Karen Allen', 'Marion', 'https://image.tmdb.org/t/p/original/eJszpndpRzrXbSlz7RUlApoTykn.jpg') ON CONFLICT DO NOTHING;
INSERT INTO actors (mediaId, actorId , actorName, characterName, profilePath) VALUES(35, 655, 'John Rhys-Davies', 'Sallah', 'https://image.tmdb.org/t/p/original/bfn4WvhGo2QKYtv5ynk7tKu7NnL.jpg') ON CONFLICT DO NOTHING;
INSERT INTO media (mediaId, type, name, originalLanguage, adult, releaseDate, overview, backdropPath, posterPath, trailerLink, tmdbRating, status) VALUES(36, false, 'Terror on the Prairie', 'en', False, '2022-09-08',  'A pioneering family fights back against a gang of vicious outlaws that is terrorizing them on their newly-built farm on the plains of Montana.', 'https://image.tmdb.org/t/p/original/8Z8dVGTn3OhX1AR49tgvh89i79G.jpg', 'https://image.tmdb.org/t/p/original/xfwHIY865AYJoFgBAYoAJLvPLO9.jpg', 'https://www.youtube.com/watch?v=AcKVWp9mK7k', 6.2, 'Released') ON CONFLICT DO NOTHING;
INSERT INTO movies (mediaId, runtime, budget, revenue, directorId, director) VALUES( 36, 107, 0, 0, 41887, 'Michael Polish') ON CONFLICT DO NOTHING;
INSERT INTO genres (mediaId, genre) VALUES(36, 'Western') ON CONFLICT DO NOTHING;
INSERT INTO genres (mediaId, genre) VALUES(36, 'Action') ON CONFLICT DO NOTHING;
INSERT INTO genres (mediaId, genre) VALUES(36, 'Thriller') ON CONFLICT DO NOTHING;
INSERT INTO actors (mediaId, actorId , actorName, characterName, profilePath) VALUES(36, 78452, 'Gina Carano', 'Hattie McAllister', 'https://image.tmdb.org/t/p/original/hLEVSHW8vkogPA99Hhf1siasqbQ.jpg') ON CONFLICT DO NOTHING;
INSERT INTO actors (mediaId, actorId , actorName, characterName, profilePath) VALUES(36, 12538, 'Nick Searcy', 'The Captain', 'https://image.tmdb.org/t/p/original/AnqbYGdLLaUaMfCtE0zYiRiI7E6.jpg') ON CONFLICT DO NOTHING;
INSERT INTO actors (mediaId, actorId , actorName, characterName, profilePath) VALUES(36, 105271, 'Donald Cerrone', 'Jeb (as Cowboy Cerrone)', 'https://image.tmdb.org/t/p/original/yHRgWTQuKr5tAMeR3qTtsOQU0Jb.jpg') ON CONFLICT DO NOTHING;
INSERT INTO actors (mediaId, actorId , actorName, characterName, profilePath) VALUES(36, 157038, 'Heath Freeman', 'Gold Tooth', 'https://image.tmdb.org/t/p/original/rerCKsJvmKbvWlWq9C8Be8kNTZn.jpg') ON CONFLICT DO NOTHING;
INSERT INTO actors (mediaId, actorId , actorName, characterName, profilePath) VALUES(36, 1525164, 'Tyler Fischer', 'Long Hair', 'None') ON CONFLICT DO NOTHING;
INSERT INTO actors (mediaId, actorId , actorName, characterName, profilePath) VALUES(36, 2012733, 'Gabriel-Kane Day Lewis', 'The Kid', 'https://image.tmdb.org/t/p/original/8v2XASReVP8MLW8RBmsk3JqdyqO.jpg') ON CONFLICT DO NOTHING;
INSERT INTO actors (mediaId, actorId , actorName, characterName, profilePath) VALUES(36, 3268817, 'Rhys Becker', 'Will (as Rhys Jackson Becker)', 'https://image.tmdb.org/t/p/original/f5nm2QNbiudwz5jYcysBkvX1EO1.jpg') ON CONFLICT DO NOTHING;
INSERT INTO actors (mediaId, actorId , actorName, characterName, profilePath) VALUES(36, 37250, 'Matthias Hues', 'Mr. Samuelson', 'https://image.tmdb.org/t/p/original/ngdHx4jWdyeZB65YfNvcPXlMpsj.jpg') ON CONFLICT DO NOTHING;
INSERT INTO actors (mediaId, actorId , actorName, characterName, profilePath) VALUES(36, 19664, 'Samaire Armstrong', 'Soiled Dove', 'https://image.tmdb.org/t/p/original/y7hIQBo0sZz7KtyiJxkCr3ON6MR.jpg') ON CONFLICT DO NOTHING;
INSERT INTO actors (mediaId, actorId , actorName, characterName, profilePath) VALUES(36, 1298097, 'Travis Mills', 'Gideon', 'https://image.tmdb.org/t/p/original/xcjZAGTCLP5Z4Ly6X5HczjH0ccK.jpg') ON CONFLICT DO NOTHING;
INSERT INTO providers (mediaId, providerId, providerName, logoPath) VALUES( 36, 2, 'Apple TV', 'https://image.tmdb.org/t/p/original/peURlLlr8jggOwK53fJ5wdQl05y.jpg') ON CONFLICT DO NOTHING;
INSERT INTO providers (mediaId, providerId, providerName, logoPath) VALUES( 36, 3, 'Google Play Movies', 'https://image.tmdb.org/t/p/original/tbEdFQDwx5LEVr8WpSeXQSIirVq.jpg') ON CONFLICT DO NOTHING;
INSERT INTO providers (mediaId, providerId, providerName, logoPath) VALUES( 36, 10, 'Amazon Video', 'https://image.tmdb.org/t/p/original/5NyLm42TmCqCMOZFvH4fcoSNKEW.jpg') ON CONFLICT DO NOTHING;
INSERT INTO media (mediaId, type, name, originalLanguage, adult, releaseDate, overview, backdropPath, posterPath, trailerLink, tmdbRating, status) VALUES(37, false, 'Mortal Kombat Legends: Cage Match', 'en', False, '2023-10-17',  'In 1980s Hollywood, action star Johnny Cage is looking to become an A-list actor. But when his costar, Jennifer, goes missing from set, Johnny finds himself thrust into a world filled with shadows, danger, and deceit. As he embarks on a bloody journey, Johnny quickly discovers the City of Angels has more than a few devils in its midst.', 'https://image.tmdb.org/t/p/original/k0VC5O8PrrJRqqDDbHDiDo8qAE0.jpg', 'https://image.tmdb.org/t/p/original/1eKWqTHp4OgKdx1QX1O9LxKHr1M.jpg', 'https://www.youtube.com/watch?v=-Q5gWq4LeUM', 8.7, 'Released') ON CONFLICT DO NOTHING;
INSERT INTO movies (mediaId, runtime, budget, revenue, directorId, director) VALUES( 37, 80, 0, 0, 204553, 'Ethan Spaulding') ON CONFLICT DO NOTHING;
INSERT INTO genres (mediaId, genre) VALUES(37, 'Animation') ON CONFLICT DO NOTHING;
INSERT INTO genres (mediaId, genre) VALUES(37, 'Action') ON CONFLICT DO NOTHING;
INSERT INTO genres (mediaId, genre) VALUES(37, 'Fantasy') ON CONFLICT DO NOTHING;
INSERT INTO actors (mediaId, actorId , actorName, characterName, profilePath) VALUES(37, 74949, 'Joel McHale', 'Johnny Cage (voice)', 'https://image.tmdb.org/t/p/original/jFtqHLCrmGSIJtwdxloO3KM98iC.jpg') ON CONFLICT DO NOTHING;
INSERT INTO actors (mediaId, actorId , actorName, characterName, profilePath) VALUES(37, 722, 'Jennifer Grey', 'Self (voice)', 'https://image.tmdb.org/t/p/original/dY8mECHnrLvr4UQr61Ym78cakoA.jpg') ON CONFLICT DO NOTHING;
INSERT INTO actors (mediaId, actorId , actorName, characterName, profilePath) VALUES(37, 973334, 'Dusan Brown', 'Chuck Golden (voice)', 'https://image.tmdb.org/t/p/original/yG9azdIbLMSJLz5pcJxut81pWud.jpg') ON CONFLICT DO NOTHING;
INSERT INTO actors (mediaId, actorId , actorName, characterName, profilePath) VALUES(37, 15761, 'Grey DeLisle', 'Kia / Little Boy / Old Lady (voice)', 'https://image.tmdb.org/t/p/original/vrUHaXe1pG56yZkgH7Hs3LGRLTT.jpg') ON CONFLICT DO NOTHING;
INSERT INTO actors (mediaId, actorId , actorName, characterName, profilePath) VALUES(37, 130081, 'Robin Atkin Downes', 'Shinnok (voice)', 'https://image.tmdb.org/t/p/original/qb4xPIJGiKyiQ2MhSDQzFWxN0jS.jpg') ON CONFLICT DO NOTHING;
INSERT INTO actors (mediaId, actorId , actorName, characterName, profilePath) VALUES(37, 2222440, 'Zehra Fazal', 'Jataaka (voice)', 'https://image.tmdb.org/t/p/original/gEL0hqxcckQth8ogIEByxirXa7f.jpg') ON CONFLICT DO NOTHING;
INSERT INTO actors (mediaId, actorId , actorName, characterName, profilePath) VALUES(37, 15832, 'Gilbert Gottfried', 'David Doubldy (voice)', 'https://image.tmdb.org/t/p/original/hkkAgJD0HKcuyd8EuvhyN5vHcDQ.jpg') ON CONFLICT DO NOTHING;
INSERT INTO actors (mediaId, actorId , actorName, characterName, profilePath) VALUES(37, 11024, 'Kelly Hu', 'Ashrah (voice)', 'https://image.tmdb.org/t/p/original/2s8l6WvXyoDf0RbLeFGZvEclmds.jpg') ON CONFLICT DO NOTHING;
INSERT INTO actors (mediaId, actorId , actorName, characterName, profilePath) VALUES(37, 157067, 'Matthew Yang King', 'Concierge / Costumed Hero (voice)', 'https://image.tmdb.org/t/p/original/jcLJIw0s2uP4PSnH5E8oM3pUyiV.jpg') ON CONFLICT DO NOTHING;
INSERT INTO actors (mediaId, actorId , actorName, characterName, profilePath) VALUES(37, 31549, 'Phil LaMarr', 'Brian Van Jones (voice)', 'https://image.tmdb.org/t/p/original/l5w0qABfsFBxjfWNnpFiaXnh4Nm.jpg') ON CONFLICT DO NOTHING;
INSERT INTO media (mediaId, type, name, originalLanguage, adult, releaseDate, overview, backdropPath, posterPath, trailerLink, tmdbRating, status) VALUES(38, false, 'John Wick: Chapter 4', 'en', False, '2023-03-22',  'With the price on his head ever increasing, John Wick uncovers a path to defeating The High Table. But before he can earn his freedom, Wick must face off against a new enemy with powerful alliances across the globe and forces that turn old friends into foes.', 'https://image.tmdb.org/t/p/original/7I6VUdPj6tQECNHdviJkUHD2u89.jpg', 'https://image.tmdb.org/t/p/original/vZloFAK7NmvMGKE7VkF5UHaz0I.jpg', 'https://www.youtube.com/watch?v=yjRHZEUamCc', 7.8, 'Released') ON CONFLICT DO NOTHING;
INSERT INTO movies (mediaId, runtime, budget, revenue, directorId, director) VALUES( 38, 170, 90000000, 426978565, 40644, 'Chad Stahelski') ON CONFLICT DO NOTHING;
INSERT INTO genres (mediaId, genre) VALUES(38, 'Action') ON CONFLICT DO NOTHING;
INSERT INTO genres (mediaId, genre) VALUES(38, 'Thriller') ON CONFLICT DO NOTHING;
INSERT INTO genres (mediaId, genre) VALUES(38, 'Crime') ON CONFLICT DO NOTHING;
INSERT INTO actors (mediaId, actorId , actorName, characterName, profilePath) VALUES(38, 6384, 'Keanu Reeves', 'John Wick', 'https://image.tmdb.org/t/p/original/4D0PpNI0kmP58hgrwGC3wCjxhnm.jpg') ON CONFLICT DO NOTHING;
INSERT INTO actors (mediaId, actorId , actorName, characterName, profilePath) VALUES(38, 1341, 'Donnie Yen', 'Caine', 'https://image.tmdb.org/t/p/original/hTlhrrZMj8hZVvD17j4KyAFWBHc.jpg') ON CONFLICT DO NOTHING;
INSERT INTO actors (mediaId, actorId , actorName, characterName, profilePath) VALUES(38, 137905, 'Bill Skarsgård', 'Marquis', 'https://image.tmdb.org/t/p/original/6OCBeTRLXrNKqvSz4HIweUWSIn6.jpg') ON CONFLICT DO NOTHING;
INSERT INTO actors (mediaId, actorId , actorName, characterName, profilePath) VALUES(38, 6972, 'Ian McShane', 'Winston', 'https://image.tmdb.org/t/p/original/q9qKbux5Jo76Sj8g3luxBt6rYtz.jpg') ON CONFLICT DO NOTHING;
INSERT INTO actors (mediaId, actorId , actorName, characterName, profilePath) VALUES(38, 2975, 'Laurence Fishburne', 'Bowery King', 'https://image.tmdb.org/t/p/original/8suOhUmPbfKqDQ17jQ1Gy0mI3P4.jpg') ON CONFLICT DO NOTHING;
INSERT INTO actors (mediaId, actorId , actorName, characterName, profilePath) VALUES(38, 129101, 'Lance Reddick', 'Charon', 'https://image.tmdb.org/t/p/original/22mVtEXZbpt0J7S0LhIhdkfRrZV.jpg') ON CONFLICT DO NOTHING;
INSERT INTO actors (mediaId, actorId , actorName, characterName, profilePath) VALUES(38, 6574, 'Clancy Brown', 'Harbinger', 'https://image.tmdb.org/t/p/original/9RgzFqbmWBLVfq9wvyDo5UW8VT1.jpg') ON CONFLICT DO NOTHING;
INSERT INTO actors (mediaId, actorId , actorName, characterName, profilePath) VALUES(38, 9195, 'Hiroyuki Sanada', 'Shimazu', 'https://image.tmdb.org/t/p/original/6XLANVi8CtFaxf1KL3LDZDiW07J.jpg') ON CONFLICT DO NOTHING;
INSERT INTO actors (mediaId, actorId , actorName, characterName, profilePath) VALUES(38, 2337629, 'Rina Sawayama', 'Akira', 'https://image.tmdb.org/t/p/original/yoo4ZcHjF4G51UDBj7omUQrClYI.jpg') ON CONFLICT DO NOTHING;
INSERT INTO actors (mediaId, actorId , actorName, characterName, profilePath) VALUES(38, 78110, 'Scott Adkins', 'Killa', 'https://image.tmdb.org/t/p/original/9NRr2a1riIn5CWn5McZLJlk4vxR.jpg') ON CONFLICT DO NOTHING;
INSERT INTO providers (mediaId, providerId, providerName, logoPath) VALUES( 38, 2, 'Apple TV', 'https://image.tmdb.org/t/p/original/peURlLlr8jggOwK53fJ5wdQl05y.jpg') ON CONFLICT DO NOTHING;
INSERT INTO providers (mediaId, providerId, providerName, logoPath) VALUES( 38, 3, 'Google Play Movies', 'https://image.tmdb.org/t/p/original/tbEdFQDwx5LEVr8WpSeXQSIirVq.jpg') ON CONFLICT DO NOTHING;
INSERT INTO providers (mediaId, providerId, providerName, logoPath) VALUES( 38, 167, 'Claro video', 'https://image.tmdb.org/t/p/original/lJT7r1nprk1Z8t1ywiIa8h9d3rc.jpg') ON CONFLICT DO NOTHING;
INSERT INTO media (mediaId, type, name, originalLanguage, adult, releaseDate, overview, backdropPath, posterPath, trailerLink, tmdbRating, status) VALUES(39, false, 'Oppenheimer', 'en', False, '2023-07-19',  'The story of J. Robert Oppenheimer’s role in the development of the atomic bomb during World War II.', 'https://image.tmdb.org/t/p/original/fm6KqXpk3M2HVveHwCrBSSBaO0V.jpg', 'https://image.tmdb.org/t/p/original/8Gxv8gSFCU0XGDykEGv7zR1n2ua.jpg', 'https://www.youtube.com/watch?v=uYPbbksJxIg', 8.3, 'Released') ON CONFLICT DO NOTHING;
INSERT INTO movies (mediaId, runtime, budget, revenue, directorId, director) VALUES( 39, 181, 100000000, 942806065, 525, 'Christopher Nolan') ON CONFLICT DO NOTHING;
INSERT INTO genres (mediaId, genre) VALUES(39, 'Drama') ON CONFLICT DO NOTHING;
INSERT INTO genres (mediaId, genre) VALUES(39, 'History') ON CONFLICT DO NOTHING;
INSERT INTO actors (mediaId, actorId , actorName, characterName, profilePath) VALUES(39, 2037, 'Cillian Murphy', 'J. Robert Oppenheimer', 'https://image.tmdb.org/t/p/original/llkbyWKwpfowZ6C8peBjIV9jj99.jpg') ON CONFLICT DO NOTHING;
INSERT INTO actors (mediaId, actorId , actorName, characterName, profilePath) VALUES(39, 5081, 'Emily Blunt', 'Kitty Oppenheimer', 'https://image.tmdb.org/t/p/original/5nCSG5TL1bP1geD8aaBfaLnLLCD.jpg') ON CONFLICT DO NOTHING;
INSERT INTO actors (mediaId, actorId , actorName, characterName, profilePath) VALUES(39, 1892, 'Matt Damon', 'Leslie Groves', 'https://image.tmdb.org/t/p/original/At3JgvaNeEN4Z4ESKlhhes85Xo3.jpg') ON CONFLICT DO NOTHING;
INSERT INTO actors (mediaId, actorId , actorName, characterName, profilePath) VALUES(39, 3223, 'Robert Downey Jr.', 'Lewis Strauss', 'https://image.tmdb.org/t/p/original/im9SAqJPZKEbVZGmjXuLI4O7RvM.jpg') ON CONFLICT DO NOTHING;
INSERT INTO actors (mediaId, actorId , actorName, characterName, profilePath) VALUES(39, 1373737, 'Florence Pugh', 'Jean Tatlock', 'https://image.tmdb.org/t/p/original/c03E1GI4lCQ19WqZ4G4Da9CUFNH.jpg') ON CONFLICT DO NOTHING;
INSERT INTO actors (mediaId, actorId , actorName, characterName, profilePath) VALUES(39, 2299, 'Josh Hartnett', 'Ernest Lawrence', 'https://image.tmdb.org/t/p/original/dCfu2EN7FjISACcjilaJu7evwEc.jpg') ON CONFLICT DO NOTHING;
INSERT INTO actors (mediaId, actorId , actorName, characterName, profilePath) VALUES(39, 1893, 'Casey Affleck', 'Boris Pash', 'https://image.tmdb.org/t/p/original/vD5MtCjHPHpmU9XNn74EPGMHT7o.jpg') ON CONFLICT DO NOTHING;
INSERT INTO actors (mediaId, actorId , actorName, characterName, profilePath) VALUES(39, 17838, 'Rami Malek', 'David Hill', 'https://image.tmdb.org/t/p/original/zvBCjFmedqXRqa45jlLf6vBd9Nt.jpg') ON CONFLICT DO NOTHING;
INSERT INTO actors (mediaId, actorId , actorName, characterName, profilePath) VALUES(39, 11181, 'Kenneth Branagh', 'Niels Bohr', 'https://image.tmdb.org/t/p/original/AbCqqFxNi5w3nDUFdQt0DGMFh5H.jpg') ON CONFLICT DO NOTHING;
INSERT INTO actors (mediaId, actorId , actorName, characterName, profilePath) VALUES(39, 227564, 'Benny Safdie', 'Edward Teller', 'https://image.tmdb.org/t/p/original/gidElVVlUGeAby1trDGW9DlxLh5.jpg') ON CONFLICT DO NOTHING;
INSERT INTO media (mediaId, type, name, originalLanguage, adult, releaseDate, overview, backdropPath, posterPath, trailerLink, tmdbRating, status) VALUES(40, false, 'The Super Mario Bros. Movie', 'en', False, '2023-04-05',  'While working underground to fix a water main, Brooklyn plumbers—and brothers—Mario and Luigi are transported down a mysterious pipe and wander into a magical new world. But when the brothers are separated, Mario embarks on an epic quest to find Luigi.', 'https://image.tmdb.org/t/p/original/9n2tJBplPbgR2ca05hS5CKXwP2c.jpg', 'https://image.tmdb.org/t/p/original/qNBAXBIQlnOThrVvA6mA2B5ggV6.jpg', 'https://www.youtube.com/watch?v=RjNcTBXTk4I', 7.8, 'Released') ON CONFLICT DO NOTHING;
INSERT INTO movies (mediaId, runtime, budget, revenue, directorId, director) VALUES( 40, 93, 100000000, 1355725263, 113901, 'Michael Jelenic') ON CONFLICT DO NOTHING;
INSERT INTO genres (mediaId, genre) VALUES(40, 'Animation') ON CONFLICT DO NOTHING;
INSERT INTO genres (mediaId, genre) VALUES(40, 'Family') ON CONFLICT DO NOTHING;
INSERT INTO genres (mediaId, genre) VALUES(40, 'Adventure') ON CONFLICT DO NOTHING;
INSERT INTO genres (mediaId, genre) VALUES(40, 'Fantasy') ON CONFLICT DO NOTHING;
INSERT INTO genres (mediaId, genre) VALUES(40, 'Comedy') ON CONFLICT DO NOTHING;
INSERT INTO actors (mediaId, actorId , actorName, characterName, profilePath) VALUES(40, 73457, 'Chris Pratt', 'Mario (voice)', 'https://image.tmdb.org/t/p/original/83o3koL82jt30EJ0rz4Bnzrt2dd.jpg') ON CONFLICT DO NOTHING;
INSERT INTO actors (mediaId, actorId , actorName, characterName, profilePath) VALUES(40, 1397778, 'Anya Taylor-Joy', 'Princess Peach (voice)', 'https://image.tmdb.org/t/p/original/jxAbDJWvz4p1hoFpJYG5vY2dQmq.jpg') ON CONFLICT DO NOTHING;
INSERT INTO actors (mediaId, actorId , actorName, characterName, profilePath) VALUES(40, 95101, 'Charlie Day', 'Luigi (voice)', 'https://image.tmdb.org/t/p/original/c0HNhjChGybnHa4eoLyqO4dDu1j.jpg') ON CONFLICT DO NOTHING;
INSERT INTO actors (mediaId, actorId , actorName, characterName, profilePath) VALUES(40, 70851, 'Jack Black', 'Bowser (voice)', 'https://image.tmdb.org/t/p/original/rtCx0fiYxJVhzXXdwZE2XRTfIKE.jpg') ON CONFLICT DO NOTHING;
INSERT INTO actors (mediaId, actorId , actorName, characterName, profilePath) VALUES(40, 298410, 'Keegan-Michael Key', 'Toad (voice)', 'https://image.tmdb.org/t/p/original/vAR5gVXRG2Cl6WskXT99wgkAoH8.jpg') ON CONFLICT DO NOTHING;
INSERT INTO actors (mediaId, actorId , actorName, characterName, profilePath) VALUES(40, 19274, 'Seth Rogen', 'Donkey Kong (voice)', 'https://image.tmdb.org/t/p/original/2dPFskUtoiG0xafsSEGl9Oz4teA.jpg') ON CONFLICT DO NOTHING;
INSERT INTO actors (mediaId, actorId , actorName, characterName, profilePath) VALUES(40, 61110, 'Fred Armisen', 'Cranky Kong (voice)', 'https://image.tmdb.org/t/p/original/nLMCRlt0MV2uu4KPbDPDNsPWfBG.jpg') ON CONFLICT DO NOTHING;
INSERT INTO actors (mediaId, actorId , actorName, characterName, profilePath) VALUES(40, 299743, 'Sebastian Maniscalco', 'Spike (voice)', 'https://image.tmdb.org/t/p/original/bvJQGVOI8fJ9Y4eAvYqoQcOAbHZ.jpg') ON CONFLICT DO NOTHING;
INSERT INTO actors (mediaId, actorId , actorName, characterName, profilePath) VALUES(40, 176340, 'Charles Martinet', 'Mario''s Dad / Giuseppe (voice)', 'https://image.tmdb.org/t/p/original/3IP5hH7697STIaU006WzQaI2phR.jpg') ON CONFLICT DO NOTHING;
INSERT INTO actors (mediaId, actorId , actorName, characterName, profilePath) VALUES(40, 24362, 'Kevin Michael Richardson', 'Kamek (voice)', 'https://image.tmdb.org/t/p/original/xXt9Nh7RAT5bOen66TaXreNYmCl.jpg') ON CONFLICT DO NOTHING;
INSERT INTO providers (mediaId, providerId, providerName, logoPath) VALUES( 40, 2, 'Apple TV', 'https://image.tmdb.org/t/p/original/peURlLlr8jggOwK53fJ5wdQl05y.jpg') ON CONFLICT DO NOTHING;
INSERT INTO providers (mediaId, providerId, providerName, logoPath) VALUES( 40, 3, 'Google Play Movies', 'https://image.tmdb.org/t/p/original/tbEdFQDwx5LEVr8WpSeXQSIirVq.jpg') ON CONFLICT DO NOTHING;
INSERT INTO providers (mediaId, providerId, providerName, logoPath) VALUES( 40, 167, 'Claro video', 'https://image.tmdb.org/t/p/original/lJT7r1nprk1Z8t1ywiIa8h9d3rc.jpg') ON CONFLICT DO NOTHING;
INSERT INTO media (mediaId, type, name, originalLanguage, adult, releaseDate, overview, backdropPath, posterPath, trailerLink, tmdbRating, status) VALUES(41, false, 'The Flash', 'en', False, '2023-06-13',  'When his attempt to save his family inadvertently alters the future, Barry Allen becomes trapped in a reality in which General Zod has returned and there are no Super Heroes to turn to. In order to save the world that he is in and return to the future that he knows, Barry''s only hope is to race for his life. But will making the ultimate sacrifice be enough to reset the universe?', 'https://image.tmdb.org/t/p/original/yF1eOkaYvwiORauRCPWznV9xVvi.jpg', 'https://image.tmdb.org/t/p/original/rktDFPbfHfUbArZ6OOOKsXcv0Bm.jpg', 'https://www.youtube.com/watch?v=jprhe-cWKGs', 6.9, 'Released') ON CONFLICT DO NOTHING;
INSERT INTO movies (mediaId, runtime, budget, revenue, directorId, director) VALUES( 41, 144, 300000000, 268375616, 1113116, 'Andy Muschietti') ON CONFLICT DO NOTHING;
INSERT INTO genres (mediaId, genre) VALUES(41, 'Action') ON CONFLICT DO NOTHING;
INSERT INTO genres (mediaId, genre) VALUES(41, 'Adventure') ON CONFLICT DO NOTHING;
INSERT INTO genres (mediaId, genre) VALUES(41, 'Science Fiction') ON CONFLICT DO NOTHING;
INSERT INTO actors (mediaId, actorId , actorName, characterName, profilePath) VALUES(41, 132157, 'Ezra Miller', 'Barry Allen / The Flash', 'https://image.tmdb.org/t/p/original/s6ulsRYtkaAArXsNC6cvinUiRNc.jpg') ON CONFLICT DO NOTHING;
INSERT INTO actors (mediaId, actorId , actorName, characterName, profilePath) VALUES(41, 2542319, 'Sasha Calle', 'Kara Zor-El / Supergirl', 'https://image.tmdb.org/t/p/original/1GOW1cejmE8D8T6PRikYlGmUae0.jpg') ON CONFLICT DO NOTHING;
INSERT INTO actors (mediaId, actorId , actorName, characterName, profilePath) VALUES(41, 2232, 'Michael Keaton', 'Bruce Wayne / Batman', 'https://image.tmdb.org/t/p/original/82rxrGxOqQW2NjKsIiNbDYHFfmb.jpg') ON CONFLICT DO NOTHING;
INSERT INTO actors (mediaId, actorId , actorName, characterName, profilePath) VALUES(41, 335, 'Michael Shannon', 'General Zod', 'https://image.tmdb.org/t/p/original/6mMczfjM8CiS1WuBOgo5Xom1TcR.jpg') ON CONFLICT DO NOTHING;
INSERT INTO actors (mediaId, actorId , actorName, characterName, profilePath) VALUES(41, 17402, 'Ron Livingston', 'Henry Allen', 'https://image.tmdb.org/t/p/original/pr5CjWnkaf5WKTIYh8wtNufjmyb.jpg') ON CONFLICT DO NOTHING;
INSERT INTO actors (mediaId, actorId , actorName, characterName, profilePath) VALUES(41, 16971, 'Maribel Verdú', 'Nora Allen', 'https://image.tmdb.org/t/p/original/5ml5J9yDEV6ZLkinkS7vAHfE882.jpg') ON CONFLICT DO NOTHING;
INSERT INTO actors (mediaId, actorId , actorName, characterName, profilePath) VALUES(41, 1253355, 'Kiersey Clemons', 'Iris West', 'https://image.tmdb.org/t/p/original/iZD6EzMGnuHFjFgmO8G1wyiLrTy.jpg') ON CONFLICT DO NOTHING;
INSERT INTO actors (mediaId, actorId , actorName, characterName, profilePath) VALUES(41, 43202, 'Antje Traue', 'Faora-Ul', 'https://image.tmdb.org/t/p/original/xEwHBfAtcDCKGvo2lAD9xc55X7O.jpg') ON CONFLICT DO NOTHING;
INSERT INTO actors (mediaId, actorId , actorName, characterName, profilePath) VALUES(41, 1660888, 'Saoirse-Monica Jackson', 'Patty Spivot', 'https://image.tmdb.org/t/p/original/5CSLLbQS59BlUPOqaxABQKfnnkz.jpg') ON CONFLICT DO NOTHING;
INSERT INTO actors (mediaId, actorId , actorName, characterName, profilePath) VALUES(41, 1727045, 'Rudy Mancuso', 'Albert Desmond', 'https://image.tmdb.org/t/p/original/6PtUsjNCYOIN7PjvQin8ck4vfjd.jpg') ON CONFLICT DO NOTHING;
INSERT INTO providers (mediaId, providerId, providerName, logoPath) VALUES( 41, 2, 'Apple TV', 'https://image.tmdb.org/t/p/original/peURlLlr8jggOwK53fJ5wdQl05y.jpg') ON CONFLICT DO NOTHING;
INSERT INTO providers (mediaId, providerId, providerName, logoPath) VALUES( 41, 3, 'Google Play Movies', 'https://image.tmdb.org/t/p/original/tbEdFQDwx5LEVr8WpSeXQSIirVq.jpg') ON CONFLICT DO NOTHING;
INSERT INTO media (mediaId, type, name, originalLanguage, adult, releaseDate, overview, backdropPath, posterPath, trailerLink, tmdbRating, status) VALUES(42, false, 'Carl''s Date', 'en', False, '2023-06-15',  'Carl Fredricksen reluctantly agrees to go on a date with a lady friend—but admittedly has no idea how dating works these days. Ever the helpful friend, Dug steps in to calm Carl''s pre-date jitters and offer some tried-and-true tips for making friends—if you''re a dog.', 'https://image.tmdb.org/t/p/original/iOJX54nVAsnPawagFiWXKv1Y6sB.jpg', 'https://image.tmdb.org/t/p/original/y8NtM6q3PzntqyNRNw6wgicwRYl.jpg', 'https://www.youtube.com/watch?v=5emJgNiFbAA', 7.8, 'Released') ON CONFLICT DO NOTHING;
INSERT INTO movies (mediaId, runtime, budget, revenue, directorId, director) VALUES( 42, 9, 0, 0, 10, 'Bob Peterson') ON CONFLICT DO NOTHING;
INSERT INTO genres (mediaId, genre) VALUES(42, 'Animation') ON CONFLICT DO NOTHING;
INSERT INTO genres (mediaId, genre) VALUES(42, 'Adventure') ON CONFLICT DO NOTHING;
INSERT INTO genres (mediaId, genre) VALUES(42, 'Family') ON CONFLICT DO NOTHING;
INSERT INTO actors (mediaId, actorId , actorName, characterName, profilePath) VALUES(42, 68812, 'Ed Asner', 'Carl (voice)', 'https://image.tmdb.org/t/p/original/i9Akq9tqNwgcAc63QaSaiTYZtUB.jpg') ON CONFLICT DO NOTHING;
INSERT INTO actors (mediaId, actorId , actorName, characterName, profilePath) VALUES(42, 10, 'Bob Peterson', 'Dug / Alpha (voice)', 'https://image.tmdb.org/t/p/original/dJe3nTCIToebjj1WHFHP7LmZKyk.jpg') ON CONFLICT DO NOTHING;
INSERT INTO media (mediaId, type, name, originalLanguage, adult, releaseDate, overview, backdropPath, posterPath, trailerLink, tmdbRating, status) VALUES(43, false, 'Pet Sematary: Bloodlines', 'en', False, '2023-09-23',  'In 1969, a young Jud Crandall has dreams of leaving his hometown of Ludlow, Maine behind, but soon discovers sinister secrets buried within and is forced to confront a dark family history that will forever keep him connected to Ludlow.', 'https://image.tmdb.org/t/p/original/dRWhJ4godwy40JdmNuRZy23oViY.jpg', 'https://image.tmdb.org/t/p/original/yqnNLn24shYnZ6kqGpbwuB3NJ0D.jpg', 'https://www.youtube.com/watch?v=1IgQpRyfwbE', 6.5, 'Released') ON CONFLICT DO NOTHING;
INSERT INTO movies (mediaId, runtime, budget, revenue, directorId, director) VALUES( 43, 87, 0, 0, 1475529, 'Lindsey Beer') ON CONFLICT DO NOTHING;
INSERT INTO genres (mediaId, genre) VALUES(43, 'Horror') ON CONFLICT DO NOTHING;
INSERT INTO genres (mediaId, genre) VALUES(43, 'Fantasy') ON CONFLICT DO NOTHING;
INSERT INTO genres (mediaId, genre) VALUES(43, 'Science Fiction') ON CONFLICT DO NOTHING;
INSERT INTO actors (mediaId, actorId , actorName, characterName, profilePath) VALUES(43, 1898600, 'Jackson White', 'Jud', 'https://image.tmdb.org/t/p/original/88jtyneH9TiAFccioLRIYCAFAk6.jpg') ON CONFLICT DO NOTHING;
INSERT INTO actors (mediaId, actorId , actorName, characterName, profilePath) VALUES(43, 1560185, 'Forrest Goodluck', 'Manny', 'https://image.tmdb.org/t/p/original/zvodN57WG7PG5CX3ZKzvwTVVeWc.jpg') ON CONFLICT DO NOTHING;
INSERT INTO actors (mediaId, actorId , actorName, characterName, profilePath) VALUES(43, 2725448, 'Jack Mulhern', 'Timmy Baterman', 'https://image.tmdb.org/t/p/original/50W7JlBz9b0xyW2U1WtT6ikleEA.jpg') ON CONFLICT DO NOTHING;
INSERT INTO actors (mediaId, actorId , actorName, characterName, profilePath) VALUES(43, 9976, 'Henry Thomas', 'Dan Crandall', 'https://image.tmdb.org/t/p/original/l5OZ4qrrRGnEPeNhZ8PcL5vhwOI.jpg') ON CONFLICT DO NOTHING;
INSERT INTO actors (mediaId, actorId , actorName, characterName, profilePath) VALUES(43, 211484, 'Natalie Alyn Lind', 'Norma', 'https://image.tmdb.org/t/p/original/sDqAe7MmMSUcafUISD6O0CykaUr.jpg') ON CONFLICT DO NOTHING;
INSERT INTO actors (mediaId, actorId , actorName, characterName, profilePath) VALUES(43, 3161757, 'Isabella Star LaBlanc', 'Donna', 'None') ON CONFLICT DO NOTHING;
INSERT INTO actors (mediaId, actorId , actorName, characterName, profilePath) VALUES(43, 2230, 'Pam Grier', 'Majorie Washburn', 'https://image.tmdb.org/t/p/original/sMGkXFfG0P8dRI26zXGJMDsrzvy.jpg') ON CONFLICT DO NOTHING;
INSERT INTO actors (mediaId, actorId , actorName, characterName, profilePath) VALUES(43, 12640, 'David Duchovny', 'Bill Baterman', 'https://image.tmdb.org/t/p/original/rZ2pEvu9IYsnHx3ElWUy4KgK3ia.jpg') ON CONFLICT DO NOTHING;
INSERT INTO actors (mediaId, actorId , actorName, characterName, profilePath) VALUES(43, 20767, 'Samantha Mathis', 'Kathy Crandall', 'https://image.tmdb.org/t/p/original/9dixKdjdBUgG8MrlZTpWpy4OQnh.jpg') ON CONFLICT DO NOTHING;
INSERT INTO actors (mediaId, actorId , actorName, characterName, profilePath) VALUES(43, 1646452, 'Christian Jadah', 'Sheriff Anderson', 'https://image.tmdb.org/t/p/original/4rUY53erA4BC9qap5OPL8hvSEV5.jpg') ON CONFLICT DO NOTHING;
INSERT INTO providers (mediaId, providerId, providerName, logoPath) VALUES( 43, 2, 'Apple TV', 'https://image.tmdb.org/t/p/original/peURlLlr8jggOwK53fJ5wdQl05y.jpg') ON CONFLICT DO NOTHING;
INSERT INTO providers (mediaId, providerId, providerName, logoPath) VALUES( 43, 3, 'Google Play Movies', 'https://image.tmdb.org/t/p/original/tbEdFQDwx5LEVr8WpSeXQSIirVq.jpg') ON CONFLICT DO NOTHING;
INSERT INTO media (mediaId, type, name, originalLanguage, adult, releaseDate, overview, backdropPath, posterPath, trailerLink, tmdbRating, status) VALUES(44, false, 'Zero Fucks Given', 'fr', False, '2022-03-02',  'Cassandre, 26, is a flight attendant for a low-cost airline. Based in Lanzarote, she’s always willing to take on extra hours and carries out her duties with robotic efficiency. On the side, she just goes with the flow and floats between Tinder, parties and lazy days. When she suddenly gets dismissed, she is forced to return home.', 'https://image.tmdb.org/t/p/original/6tCTR5Gr91Kocrt0goLrpFs1tqh.jpg', 'https://image.tmdb.org/t/p/original/wLZ5jijVpOxHuBLmsICKLXwlldu.jpg', 'https://www.youtube.com/watch?v=a2dfJhaNdCA', 6.4, 'Released') ON CONFLICT DO NOTHING;
INSERT INTO movies (mediaId, runtime, budget, revenue, directorId, director) VALUES( 44, 116, 0, 0, 1727003, 'Emmanuel Marre') ON CONFLICT DO NOTHING;
INSERT INTO genres (mediaId, genre) VALUES(44, 'Drama') ON CONFLICT DO NOTHING;
INSERT INTO actors (mediaId, actorId , actorName, characterName, profilePath) VALUES(44, 586757, 'Adèle Exarchopoulos', 'Cassandre Wassels', 'https://image.tmdb.org/t/p/original/zlto2xvsdzLnfzoZNnS6txzNO5l.jpg') ON CONFLICT DO NOTHING;
INSERT INTO actors (mediaId, actorId , actorName, characterName, profilePath) VALUES(44, 234370, 'Alexandre Perrier', 'Jean Wassels', 'https://image.tmdb.org/t/p/original/carAWoBPLv1U9KHEMcFDjZkhQ1H.jpg') ON CONFLICT DO NOTHING;
INSERT INTO actors (mediaId, actorId , actorName, characterName, profilePath) VALUES(44, 1894436, 'Mara Taquin', 'Mélissa Wassels', 'https://image.tmdb.org/t/p/original/yEhRqSa6SAxUDXeAEGwXXfyaEnd.jpg') ON CONFLICT DO NOTHING;
INSERT INTO actors (mediaId, actorId , actorName, characterName, profilePath) VALUES(44, 3240696, 'Arthur Egloff', 'Arthur', 'None') ON CONFLICT DO NOTHING;
INSERT INTO actors (mediaId, actorId , actorName, characterName, profilePath) VALUES(44, 3448255, 'Tamara Al Saadi', 'Dounia', 'None') ON CONFLICT DO NOTHING;
INSERT INTO actors (mediaId, actorId , actorName, characterName, profilePath) VALUES(44, 3448257, 'David Martinez Pinon', 'Base Supervisor', 'None') ON CONFLICT DO NOTHING;
INSERT INTO actors (mediaId, actorId , actorName, characterName, profilePath) VALUES(44, 1029294, 'Jean-Benoît Ugeux', 'L''expect Casse', 'https://image.tmdb.org/t/p/original/hvNClyPJSNEI1B4RfzPqoIVR2ex.jpg') ON CONFLICT DO NOTHING;
INSERT INTO actors (mediaId, actorId , actorName, characterName, profilePath) VALUES(44, 1012185, 'Jonathan Sawdon', 'Le passager anglais désagréable', 'https://image.tmdb.org/t/p/original/4uWbxgJgfz3ARau8n8PVL9a7xSG.jpg') ON CONFLICT DO NOTHING;
INSERT INTO actors (mediaId, actorId , actorName, characterName, profilePath) VALUES(44, 3240695, 'Gilles Alexandre Bussutil', 'Le recruteur vidéo', 'None') ON CONFLICT DO NOTHING;
INSERT INTO actors (mediaId, actorId , actorName, characterName, profilePath) VALUES(44, 3240697, 'Erwan Maillot', 'Un steward de Wing', 'None') ON CONFLICT DO NOTHING;
INSERT INTO providers (mediaId, providerId, providerName, logoPath) VALUES( 44, 2, 'Apple TV', 'https://image.tmdb.org/t/p/original/peURlLlr8jggOwK53fJ5wdQl05y.jpg') ON CONFLICT DO NOTHING;
INSERT INTO providers (mediaId, providerId, providerName, logoPath) VALUES( 44, 3, 'Google Play Movies', 'https://image.tmdb.org/t/p/original/tbEdFQDwx5LEVr8WpSeXQSIirVq.jpg') ON CONFLICT DO NOTHING;
INSERT INTO providers (mediaId, providerId, providerName, logoPath) VALUES( 44, 10, 'Amazon Video', 'https://image.tmdb.org/t/p/original/5NyLm42TmCqCMOZFvH4fcoSNKEW.jpg') ON CONFLICT DO NOTHING;
INSERT INTO media (mediaId, type, name, originalLanguage, adult, releaseDate, overview, backdropPath, posterPath, trailerLink, tmdbRating, status) VALUES(45, false, 'The Mill', 'en', False, '2023-10-09',  'A businessman wakes up beside an ancient grist mill situated in the center of an open-air prison cell with no idea how he got there. Forced to work as a beast of burden to stay alive, he must find a way to escape before the birth of his child.', 'https://image.tmdb.org/t/p/original/dXvzWuo3qAxWFQib0IGOPH8hztW.jpg', 'https://image.tmdb.org/t/p/original/db6gRw1xsXYpJ2I3uUoVkkLyVRh.jpg', 'https://www.youtube.com/watch?v=hxu1zTco8-I', 5.6, 'Released') ON CONFLICT DO NOTHING;
INSERT INTO movies (mediaId, runtime, budget, revenue, directorId, director) VALUES( 45, 106, 0, 0, 1287628, 'Sean King O''Grady') ON CONFLICT DO NOTHING;
INSERT INTO genres (mediaId, genre) VALUES(45, 'Science Fiction') ON CONFLICT DO NOTHING;
INSERT INTO genres (mediaId, genre) VALUES(45, 'Horror') ON CONFLICT DO NOTHING;
INSERT INTO actors (mediaId, actorId , actorName, characterName, profilePath) VALUES(45, 1488961, 'Lil Rel Howery', 'Joe', 'https://image.tmdb.org/t/p/original/9MDi35Fy6ym7SYbO3B04vf1vBnm.jpg') ON CONFLICT DO NOTHING;
INSERT INTO actors (mediaId, actorId , actorName, characterName, profilePath) VALUES(45, 60846, 'Pat Healy', 'Guard', 'https://image.tmdb.org/t/p/original/gWW97trwxTAi1nkY4CY1jNFMP5z.jpg') ON CONFLICT DO NOTHING;
INSERT INTO actors (mediaId, actorId , actorName, characterName, profilePath) VALUES(45, 1848253, 'Karen Obilom', 'Kate', 'https://image.tmdb.org/t/p/original/zXxTzktLPpV5rD4qGnzImuYydlN.jpg') ON CONFLICT DO NOTHING;
INSERT INTO actors (mediaId, actorId , actorName, characterName, profilePath) VALUES(45, 52801, 'Patrick Fischler', 'Neighbor (voice)', 'https://image.tmdb.org/t/p/original/z5et9sdI57E9VRYbCbivqbDt523.jpg') ON CONFLICT DO NOTHING;
INSERT INTO actors (mediaId, actorId , actorName, characterName, profilePath) VALUES(45, 1510506, 'Getchie Argetsinger', 'Gertrude', 'None') ON CONFLICT DO NOTHING;
INSERT INTO actors (mediaId, actorId , actorName, characterName, profilePath) VALUES(45, 4313046, 'Jaiden K. Brown', 'Joe Jr.', 'None') ON CONFLICT DO NOTHING;
INSERT INTO actors (mediaId, actorId , actorName, characterName, profilePath) VALUES(45, 4313042, 'Blair Wilson', 'Shadow Joe', 'None') ON CONFLICT DO NOTHING;
INSERT INTO actors (mediaId, actorId , actorName, characterName, profilePath) VALUES(45, 4313043, 'Allya F. Robinson', 'Shadow Kate', 'None') ON CONFLICT DO NOTHING;
INSERT INTO media (mediaId, type, name, originalLanguage, adult, releaseDate, overview, backdropPath, posterPath, trailerLink, tmdbRating, status) VALUES(46, false, 'Finnick', 'ru', False, '2022-03-24',  'Not many people know that every house is inhabited by finns. They are furry creatures that appear in human world to take care of a house and keep the hearth. Finnick is a young Finn, who doesn''t seem to care about his responsibility of making a home out of the house. He is just making pranks on «his people» and that is the reason why none of the families wanted to stay long in his house. Everything changes when a new family comes to his house, where Finnick''s tricks do not work at all, and he meets 13-year old Christine and inexplicable events begin to happen in the city. Finnick and Christine, who are so different, will have to team up and work together to solve the mystery of the events and save the city.', 'https://image.tmdb.org/t/p/original/hE6etzRUUrGq9bk4GkrP28Yafw.jpg', 'https://image.tmdb.org/t/p/original/gmZGAbI42ecAoixyvZI0Se4Qiau.jpg', 'https://www.youtube.com/watch?v=R6a7qzPLv0s', 7.2, 'Released') ON CONFLICT DO NOTHING;
INSERT INTO movies (mediaId, runtime, budget, revenue, directorId, director) VALUES( 46, 85, 0, 7523353, 992791, 'Denis Chernov') ON CONFLICT DO NOTHING;
INSERT INTO genres (mediaId, genre) VALUES(46, 'Comedy') ON CONFLICT DO NOTHING;
INSERT INTO genres (mediaId, genre) VALUES(46, 'Adventure') ON CONFLICT DO NOTHING;
INSERT INTO genres (mediaId, genre) VALUES(46, 'Animation') ON CONFLICT DO NOTHING;
INSERT INTO actors (mediaId, actorId , actorName, characterName, profilePath) VALUES(46, 2855826, 'Danya Milokhin', '', 'https://image.tmdb.org/t/p/original/cKCqEXjXcix2flzcOXL9hUGPKs3.jpg') ON CONFLICT DO NOTHING;
INSERT INTO actors (mediaId, actorId , actorName, characterName, profilePath) VALUES(46, 2424140, 'Ida Galich', '', 'https://image.tmdb.org/t/p/original/x3PfCeZwVgtquE0JrNbj3eAW68R.jpg') ON CONFLICT DO NOTHING;
INSERT INTO actors (mediaId, actorId , actorName, characterName, profilePath) VALUES(46, 2297345, 'Aleksandr Gudkov', '', 'https://image.tmdb.org/t/p/original/8I0VRPFeAsy2rMGoANhj4YJGFu7.jpg') ON CONFLICT DO NOTHING;
INSERT INTO actors (mediaId, actorId , actorName, characterName, profilePath) VALUES(46, 3426973, 'Артур Бабич', '', 'None') ON CONFLICT DO NOTHING;
INSERT INTO actors (mediaId, actorId , actorName, characterName, profilePath) VALUES(46, 1783719, 'Boris Dergachev', '', 'https://image.tmdb.org/t/p/original/pgH2VXw9bF7QQwLfkTrO4mQZaCV.jpg') ON CONFLICT DO NOTHING;
INSERT INTO actors (mediaId, actorId , actorName, characterName, profilePath) VALUES(46, 1780073, 'Mikhail Khrustalev', '', 'https://image.tmdb.org/t/p/original/wTPZHkxAS1YtDw13RDUZhKhzYbQ.jpg') ON CONFLICT DO NOTHING;
INSERT INTO actors (mediaId, actorId , actorName, characterName, profilePath) VALUES(46, 1699374, 'Andrey Levin', '', 'https://image.tmdb.org/t/p/original/jHmCUe9zOObsFaMJw6ubyosLUxV.jpg') ON CONFLICT DO NOTHING;
INSERT INTO actors (mediaId, actorId , actorName, characterName, profilePath) VALUES(46, 2735398, 'Ivan Chaban', '', 'https://image.tmdb.org/t/p/original/9IoLQwqz79SEtQtNo3DE7u7kTnt.jpg') ON CONFLICT DO NOTHING;
INSERT INTO actors (mediaId, actorId , actorName, characterName, profilePath) VALUES(46, 110037, 'Mikhail Chernyak', '', 'https://image.tmdb.org/t/p/original/rXvPKpty9486cVTyr1X9G2la08D.jpg') ON CONFLICT DO NOTHING;
INSERT INTO actors (mediaId, actorId , actorName, characterName, profilePath) VALUES(46, 1319240, 'Maxim Sergeev', '', 'https://image.tmdb.org/t/p/original/geWeLT1PbkZtNQ6nDvQkSFauAkq.jpg') ON CONFLICT DO NOTHING;
INSERT INTO providers (mediaId, providerId, providerName, logoPath) VALUES( 46, 2, 'Apple TV', 'https://image.tmdb.org/t/p/original/peURlLlr8jggOwK53fJ5wdQl05y.jpg') ON CONFLICT DO NOTHING;
INSERT INTO providers (mediaId, providerId, providerName, logoPath) VALUES( 46, 3, 'Google Play Movies', 'https://image.tmdb.org/t/p/original/tbEdFQDwx5LEVr8WpSeXQSIirVq.jpg') ON CONFLICT DO NOTHING;
INSERT INTO providers (mediaId, providerId, providerName, logoPath) VALUES( 46, 167, 'Claro video', 'https://image.tmdb.org/t/p/original/lJT7r1nprk1Z8t1ywiIa8h9d3rc.jpg') ON CONFLICT DO NOTHING;
INSERT INTO providers (mediaId, providerId, providerName, logoPath) VALUES( 46, 10, 'Amazon Video', 'https://image.tmdb.org/t/p/original/5NyLm42TmCqCMOZFvH4fcoSNKEW.jpg') ON CONFLICT DO NOTHING;
INSERT INTO media (mediaId, type, name, originalLanguage, adult, releaseDate, overview, backdropPath, posterPath, trailerLink, tmdbRating, status) VALUES(47, false, 'Know Fear', 'en', False, '2022-01-20',  'After discovering an ancient book of the occult, a family activates a dangerous ritual forcing each of them to communicate with and fight a demonic force in their own unique way: to see it, hear it or speak to it.', 'https://image.tmdb.org/t/p/original/2MwBq0bIbwGI2do1EJhbjde8qlR.jpg', 'https://image.tmdb.org/t/p/original/qA56VS1DqtLfcudMrtjpHc7rvR5.jpg', 'https://www.youtube.com/watch?v=2ZhpAcjtmY4', 6.9, 'Released') ON CONFLICT DO NOTHING;
INSERT INTO movies (mediaId, runtime, budget, revenue, directorId, director) VALUES( 47, 77, 0, 0, 2274912, 'Jamison M. LoCascio') ON CONFLICT DO NOTHING;
INSERT INTO genres (mediaId, genre) VALUES(47, 'Horror') ON CONFLICT DO NOTHING;
INSERT INTO actors (mediaId, actorId , actorName, characterName, profilePath) VALUES(47, 81321, 'Amy Carlson', 'Wendy', 'https://image.tmdb.org/t/p/original/zKFfc32qv97padj54XNCTEUSHGE.jpg') ON CONFLICT DO NOTHING;
INSERT INTO actors (mediaId, actorId , actorName, characterName, profilePath) VALUES(47, 59690, 'David Alan Basche', 'Donald', 'https://image.tmdb.org/t/p/original/oL1tgbkggx4POSxSfWN38Vd4M01.jpg') ON CONFLICT DO NOTHING;
INSERT INTO actors (mediaId, actorId , actorName, characterName, profilePath) VALUES(47, 1969994, 'Mallory Bechtel', 'Jami', 'https://image.tmdb.org/t/p/original/knFuxxTKvZOTZaqy7M3V8ZWndY5.jpg') ON CONFLICT DO NOTHING;
INSERT INTO actors (mediaId, actorId , actorName, characterName, profilePath) VALUES(47, 1790597, 'Jack DiFalco', 'Charlie', 'https://image.tmdb.org/t/p/original/819nz6a51qmJzty7TwA4msi2qay.jpg') ON CONFLICT DO NOTHING;
INSERT INTO actors (mediaId, actorId , actorName, characterName, profilePath) VALUES(47, 2376900, 'Meeya Davis', 'Nancy', 'None') ON CONFLICT DO NOTHING;
INSERT INTO actors (mediaId, actorId , actorName, characterName, profilePath) VALUES(47, 2816193, 'Susan Feinman', 'Mother', 'https://image.tmdb.org/t/p/original/8oEtdeoZO3a8hNMrDvyVMPDqPk8.jpg') ON CONFLICT DO NOTHING;
INSERT INTO actors (mediaId, actorId , actorName, characterName, profilePath) VALUES(47, 1981811, 'Chase Bolnick', 'Son', 'https://image.tmdb.org/t/p/original/dZO0BiZXuA8RUsdTteoqjZperje.jpg') ON CONFLICT DO NOTHING;
INSERT INTO actors (mediaId, actorId , actorName, characterName, profilePath) VALUES(47, 1397406, 'Mike Nguyen', 'Sullumeg', 'None') ON CONFLICT DO NOTHING;
INSERT INTO actors (mediaId, actorId , actorName, characterName, profilePath) VALUES(47, 1941246, 'Tom Coughlin', 'Neighbor', 'None') ON CONFLICT DO NOTHING;
INSERT INTO providers (mediaId, providerId, providerName, logoPath) VALUES( 47, 2, 'Apple TV', 'https://image.tmdb.org/t/p/original/peURlLlr8jggOwK53fJ5wdQl05y.jpg') ON CONFLICT DO NOTHING;
INSERT INTO providers (mediaId, providerId, providerName, logoPath) VALUES( 47, 10, 'Amazon Video', 'https://image.tmdb.org/t/p/original/5NyLm42TmCqCMOZFvH4fcoSNKEW.jpg') ON CONFLICT DO NOTHING;
INSERT INTO media (mediaId, type, name, originalLanguage, adult, releaseDate, overview, backdropPath, posterPath, trailerLink, tmdbRating, status) VALUES(48, false, 'Let Her Kill You', 'fr', False, '2023-03-08',  'Alone in the mountains of Switzerland, Anne discovers that her isolated chalet is on surveillance and has been bugged. Caught up by her former life as an intelligence secret agent and an affair with her handler, Anne can only count on herself to get out alive.', 'https://image.tmdb.org/t/p/original/5xUJBgds96m6Xi2EtUpSzbw24D7.jpg', 'https://image.tmdb.org/t/p/original/lNqSlpZAti3qdcxnquek7cNd3uF.jpg', 'None', 6.6, 'Released') ON CONFLICT DO NOTHING;
INSERT INTO movies (mediaId, runtime, budget, revenue, directorId, director) VALUES( 48, 97, 3200000, 0, 232899, 'Jérôme Dassier') ON CONFLICT DO NOTHING;
INSERT INTO genres (mediaId, genre) VALUES(48, 'Thriller') ON CONFLICT DO NOTHING;
INSERT INTO genres (mediaId, genre) VALUES(48, 'Mystery') ON CONFLICT DO NOTHING;
INSERT INTO actors (mediaId, actorId , actorName, characterName, profilePath) VALUES(48, 18514, 'Asia Argento', 'Anne', 'https://image.tmdb.org/t/p/original/dYbYNxMnqhNyAJyrPU7e2C9jcRz.jpg') ON CONFLICT DO NOTHING;
INSERT INTO actors (mediaId, actorId , actorName, characterName, profilePath) VALUES(48, 77191, 'Jeanne Balibar', 'Charlie', 'https://image.tmdb.org/t/p/original/nvy943Oez5Grrulv3FzLjzN8OSM.jpg') ON CONFLICT DO NOTHING;
INSERT INTO actors (mediaId, actorId , actorName, characterName, profilePath) VALUES(48, 1668026, 'Joseph Rezwin', 'Turner', 'https://image.tmdb.org/t/p/original/zU3olZUuIvhHJ69Pca8EfUPsJXZ.jpg') ON CONFLICT DO NOTHING;
INSERT INTO actors (mediaId, actorId , actorName, characterName, profilePath) VALUES(48, 2276205, 'Philippe Schuler', '', 'https://image.tmdb.org/t/p/original/g82c5kaTc7RyEDXIG4ywCGWlURE.jpg') ON CONFLICT DO NOTHING;
INSERT INTO actors (mediaId, actorId , actorName, characterName, profilePath) VALUES(48, 3636409, 'Dorthe Wølner-Hanssen', '', 'https://image.tmdb.org/t/p/original/dMmllNStFulx7BIHrhNZorUlHfw.jpg') ON CONFLICT DO NOTHING;
INSERT INTO actors (mediaId, actorId , actorName, characterName, profilePath) VALUES(48, 4178730, 'Kim Sukwi', 'Kang', 'None') ON CONFLICT DO NOTHING;
INSERT INTO actors (mediaId, actorId , actorName, characterName, profilePath) VALUES(48, 4178732, 'Paolo Tarabusi', 'Paolo', 'None') ON CONFLICT DO NOTHING;
INSERT INTO actors (mediaId, actorId , actorName, characterName, profilePath) VALUES(48, 2952313, 'Konstantin Shishkin', '', 'None') ON CONFLICT DO NOTHING;
INSERT INTO actors (mediaId, actorId , actorName, characterName, profilePath) VALUES(48, 4178733, 'Wanja Sharshunov', '', 'None') ON CONFLICT DO NOTHING;
INSERT INTO actors (mediaId, actorId , actorName, characterName, profilePath) VALUES(48, 4178734, 'Melissa Aymon', '', 'None') ON CONFLICT DO NOTHING;
INSERT INTO media (mediaId, type, name, originalLanguage, adult, releaseDate, overview, backdropPath, posterPath, trailerLink, tmdbRating, status) VALUES(49, false, '¿Quieres ser mi hijo?', 'es', False, '2023-09-21',  'Lu, a conformist woman in her forties, learns that her 15-year partner has been having extramarital affairs. Starting from scratch, she gets involved in an unexpected relationship with a young womanizer.', 'https://image.tmdb.org/t/p/original/xyWKrni8WrYzqn7ztvI5nIY0h62.jpg', 'https://image.tmdb.org/t/p/original/6cZbQppNSELFdsV7gvrOflL6DWK.jpg', 'None', 8.8, 'Released') ON CONFLICT DO NOTHING;
INSERT INTO movies (mediaId, runtime, budget, revenue, directorId, director) VALUES( 49, 100, 0, 0, 3009489, 'Ihtzi Hurtado') ON CONFLICT DO NOTHING;
INSERT INTO genres (mediaId, genre) VALUES(49, 'Comedy') ON CONFLICT DO NOTHING;
INSERT INTO genres (mediaId, genre) VALUES(49, 'Romance') ON CONFLICT DO NOTHING;
INSERT INTO actors (mediaId, actorId , actorName, characterName, profilePath) VALUES(49, 947296, 'Ludwika Paleta', '', 'https://image.tmdb.org/t/p/original/dcozq8kwFH1XEu547PZ6OpJcznz.jpg') ON CONFLICT DO NOTHING;
INSERT INTO actors (mediaId, actorId , actorName, characterName, profilePath) VALUES(49, 2723354, 'Juanpa Zurita', '', 'https://image.tmdb.org/t/p/original/kVWholhVRM5CwVO1WZ8DRIr8CQV.jpg') ON CONFLICT DO NOTHING;
INSERT INTO actors (mediaId, actorId , actorName, characterName, profilePath) VALUES(49, 1096780, 'Hernán Mendoza', '', 'https://image.tmdb.org/t/p/original/nLEXqNDwToXntgrXAoBQxB0jixK.jpg') ON CONFLICT DO NOTHING;
INSERT INTO actors (mediaId, actorId , actorName, characterName, profilePath) VALUES(49, 1592680, 'Harold Azuara', '', 'https://image.tmdb.org/t/p/original/jBZiH0YqASbQZ24PIxu1KGEHUED.jpg') ON CONFLICT DO NOTHING;
INSERT INTO actors (mediaId, actorId , actorName, characterName, profilePath) VALUES(49, 1243415, 'Agustín Arana', '', 'https://image.tmdb.org/t/p/original/61AY2mL0agTZBG7cuEEDtV7MaYN.jpg') ON CONFLICT DO NOTHING;
INSERT INTO actors (mediaId, actorId , actorName, characterName, profilePath) VALUES(49, 1328903, 'Yuriria del Valle', '', 'https://image.tmdb.org/t/p/original/qf0YEZkYATzdIQtIxTJrLMM61ES.jpg') ON CONFLICT DO NOTHING;
INSERT INTO actors (mediaId, actorId , actorName, characterName, profilePath) VALUES(49, 2510650, 'Karla Rico', 'María', 'https://image.tmdb.org/t/p/original/vqcCm2e1LJJHYrhn7517LI0bKpb.jpg') ON CONFLICT DO NOTHING;
INSERT INTO actors (mediaId, actorId , actorName, characterName, profilePath) VALUES(49, 2448572, 'Jorge Gidi', 'Jorge', 'https://image.tmdb.org/t/p/original/mi7CGVAkoeZ0UGk7lnIlQofzb6Q.jpg') ON CONFLICT DO NOTHING;
INSERT INTO actors (mediaId, actorId , actorName, characterName, profilePath) VALUES(49, 1017827, 'Isabel Gonzalez', 'Lucía (15 años)', 'None') ON CONFLICT DO NOTHING;
INSERT INTO media (mediaId, type, name, originalLanguage, adult, releaseDate, overview, backdropPath, posterPath, trailerLink, tmdbRating, status) VALUES(50, false, 'The Ritual Killer', 'en', False, '2023-03-09',  'Unable to process the death of his daughter, Detective Boyd embarks on a hunt for a serial killer who murders according to a brutal tribal ritual: Muti. The only person who can help Boyd is Professor Mackles, an anthropologist who hides an unspeakable secret. The line between sanity and madness thins as Boyd goes deeper into the killer’s world.', 'https://image.tmdb.org/t/p/original/bQTfSXQrcVwXJ5TvNzbd3ioMnnM.jpg', 'https://image.tmdb.org/t/p/original/1VtHaELqLMovl8EueBWHDtihhzF.jpg', 'https://www.youtube.com/watch?v=DIa__DpZX9U', 5.7, 'Released') ON CONFLICT DO NOTHING;
INSERT INTO movies (mediaId, runtime, budget, revenue, directorId, director) VALUES( 50, 92, 7000000, 0, 21792, 'George Gallo') ON CONFLICT DO NOTHING;
INSERT INTO genres (mediaId, genre) VALUES(50, 'Mystery') ON CONFLICT DO NOTHING;
INSERT INTO genres (mediaId, genre) VALUES(50, 'Thriller') ON CONFLICT DO NOTHING;
INSERT INTO genres (mediaId, genre) VALUES(50, 'Action') ON CONFLICT DO NOTHING;
INSERT INTO genres (mediaId, genre) VALUES(50, 'Drama') ON CONFLICT DO NOTHING;
INSERT INTO actors (mediaId, actorId , actorName, characterName, profilePath) VALUES(50, 192, 'Morgan Freeman', 'Dr. Mackles', 'https://image.tmdb.org/t/p/original/jPsLqiYGSofU4s6BjrxnefMfabb.jpg') ON CONFLICT DO NOTHING;
INSERT INTO actors (mediaId, actorId , actorName, characterName, profilePath) VALUES(50, 6614, 'Cole Hauser', 'Detective Lucas Boyd', 'https://image.tmdb.org/t/p/original/kJyUtNZREd7mes21OrWiCtOugPL.jpg') ON CONFLICT DO NOTHING;
INSERT INTO actors (mediaId, actorId , actorName, characterName, profilePath) VALUES(50, 2264378, 'Vernon Davis', 'Randoku', 'https://image.tmdb.org/t/p/original/gOOcAzFLYd1RDa8WzLNFBxaBtpC.jpg') ON CONFLICT DO NOTHING;
INSERT INTO actors (mediaId, actorId , actorName, characterName, profilePath) VALUES(50, 53, 'Peter Stormare', 'Captain Marchand', 'https://image.tmdb.org/t/p/original/5muzSVt66Qxc8KuVbq0phZIN9tj.jpg') ON CONFLICT DO NOTHING;
INSERT INTO actors (mediaId, actorId , actorName, characterName, profilePath) VALUES(50, 889540, 'Giuseppe Zeno', 'Inspector Mario Lavazzi', 'https://image.tmdb.org/t/p/original/f6LAFP8CMEB0wiYOHVS58QFdV0X.jpg') ON CONFLICT DO NOTHING;
INSERT INTO actors (mediaId, actorId , actorName, characterName, profilePath) VALUES(50, 1848004, 'Murielle Hilaire', 'Detective Kersch', 'https://image.tmdb.org/t/p/original/7tiqNBSSGOu6ey7ToBcirTlnkAf.jpg') ON CONFLICT DO NOTHING;
INSERT INTO actors (mediaId, actorId , actorName, characterName, profilePath) VALUES(50, 1172863, 'Luke Stratte-McClure', 'Detective Claussen', 'https://image.tmdb.org/t/p/original/iYRht7FbwRlHPdhs6eMYRscIggE.jpg') ON CONFLICT DO NOTHING;
INSERT INTO actors (mediaId, actorId , actorName, characterName, profilePath) VALUES(50, 1431351, 'Brian Kurlander', 'Shelby Farner', 'https://image.tmdb.org/t/p/original/2uyaHUUjUPQP1oZK7osDUm2tri2.jpg') ON CONFLICT DO NOTHING;
INSERT INTO actors (mediaId, actorId , actorName, characterName, profilePath) VALUES(50, 23902, 'Julie Lott', 'Doctor Mannheim', 'https://image.tmdb.org/t/p/original/1SPP2LQZc3Zp3WLXWCZADPZhDLv.jpg') ON CONFLICT DO NOTHING;
INSERT INTO actors (mediaId, actorId , actorName, characterName, profilePath) VALUES(50, 3957312, 'Destiny Loren', 'Katie Franklin', 'None') ON CONFLICT DO NOTHING;
INSERT INTO media (mediaId, type, name, originalLanguage, adult, releaseDate, overview, backdropPath, posterPath, trailerLink, tmdbRating, status) VALUES(51, false, 'The Little Mermaid', 'en', False, '2023-05-18',  'The youngest of King Triton’s daughters, and the most defiant, Ariel longs to find out more about the world beyond the sea, and while visiting the surface, falls for the dashing Prince Eric. With mermaids forbidden to interact with humans, Ariel makes a deal with the evil sea witch, Ursula, which gives her a chance to experience life on land, but ultimately places her life – and her father’s crown – in jeopardy.', 'https://image.tmdb.org/t/p/original/7VEUOEfRzzrQfWddlIyLUKvh6Nf.jpg', 'https://image.tmdb.org/t/p/original/ym1dxyOk4jFcSl4Q2zmRrA5BEEN.jpg', 'https://www.youtube.com/watch?v=kpGo2_d3oYE', 6.5, 'Released') ON CONFLICT DO NOTHING;
INSERT INTO movies (mediaId, runtime, budget, revenue, directorId, director) VALUES( 51, 135, 297000000, 569244557, 17633, 'Rob Marshall') ON CONFLICT DO NOTHING;
INSERT INTO genres (mediaId, genre) VALUES(51, 'Adventure') ON CONFLICT DO NOTHING;
INSERT INTO genres (mediaId, genre) VALUES(51, 'Family') ON CONFLICT DO NOTHING;
INSERT INTO genres (mediaId, genre) VALUES(51, 'Fantasy') ON CONFLICT DO NOTHING;
INSERT INTO genres (mediaId, genre) VALUES(51, 'Romance') ON CONFLICT DO NOTHING;
INSERT INTO actors (mediaId, actorId , actorName, characterName, profilePath) VALUES(51, 1735828, 'Halle Bailey', 'Ariel', 'https://image.tmdb.org/t/p/original/acOAv6ijsYjLb8p1IyUtdZTgwKC.jpg') ON CONFLICT DO NOTHING;
INSERT INTO actors (mediaId, actorId , actorName, characterName, profilePath) VALUES(51, 1599391, 'Jonah Hauer-King', 'Prince Eric', 'https://image.tmdb.org/t/p/original/7MWSV7gg8OQqOirQyWMBr8aQt3G.jpg') ON CONFLICT DO NOTHING;
INSERT INTO actors (mediaId, actorId , actorName, characterName, profilePath) VALUES(51, 1652371, 'Daveed Diggs', 'Sebastian (voice)', 'https://image.tmdb.org/t/p/original/v4VmQP0iFFW7SU2ouE2Qhu27Hgy.jpg') ON CONFLICT DO NOTHING;
INSERT INTO actors (mediaId, actorId , actorName, characterName, profilePath) VALUES(51, 1625558, 'Awkwafina', 'Scuttle (voice)', 'https://image.tmdb.org/t/p/original/l5AKkg3H1QhMuXmTTmq1EyjyiRb.jpg') ON CONFLICT DO NOTHING;
INSERT INTO actors (mediaId, actorId , actorName, characterName, profilePath) VALUES(51, 1277188, 'Jacob Tremblay', 'Flounder (voice)', 'https://image.tmdb.org/t/p/original/ngQAfH1GuKhnMSOQNm9zo7aWiqO.jpg') ON CONFLICT DO NOTHING;
INSERT INTO actors (mediaId, actorId , actorName, characterName, profilePath) VALUES(51, 517103, 'Noma Dumezweni', 'Queen Selina', 'https://image.tmdb.org/t/p/original/abEWaYTugwH967V8LfptQIMioKQ.jpg') ON CONFLICT DO NOTHING;
INSERT INTO actors (mediaId, actorId , actorName, characterName, profilePath) VALUES(51, 3810, 'Javier Bardem', 'King Triton', 'https://image.tmdb.org/t/p/original/IShnFg6ijWhpbu29dFBd9PtqQg.jpg') ON CONFLICT DO NOTHING;
INSERT INTO actors (mediaId, actorId , actorName, characterName, profilePath) VALUES(51, 55536, 'Melissa McCarthy', 'Ursula', 'https://image.tmdb.org/t/p/original/nRNMJlqR33j84cGdB0RxstV3NYm.jpg') ON CONFLICT DO NOTHING;
INSERT INTO actors (mediaId, actorId , actorName, characterName, profilePath) VALUES(51, 10672, 'Art Malik', 'Sir Grimsby', 'https://image.tmdb.org/t/p/original/hZmb9wWsteP21QA29PHEk6NlOh3.jpg') ON CONFLICT DO NOTHING;
INSERT INTO actors (mediaId, actorId , actorName, characterName, profilePath) VALUES(51, 2600509, 'Jessica Alexander', 'Vanessa', 'https://image.tmdb.org/t/p/original/61DzjStCt7NXwyUf3ALTAo47nCI.jpg') ON CONFLICT DO NOTHING;
INSERT INTO media (mediaId, type, name, originalLanguage, adult, releaseDate, overview, backdropPath, posterPath, trailerLink, tmdbRating, status) VALUES(52, false, 'Kandahar', 'en', False, '2023-05-25',  'After his mission is exposed, an undercover CIA operative stuck deep in hostile territory in Afghanistan must fight his way out, alongside his Afghan translator, to an extraction point in Kandahar, all whilst avoiding elite enemy forces and foreign spies tasked with hunting them down.', 'https://image.tmdb.org/t/p/original/c6Splshb8lb2Q9OvUfhpqXl7uP0.jpg', 'https://image.tmdb.org/t/p/original/lCanGgsqF4xD2WA5NF8PWeT3IXd.jpg', 'https://www.youtube.com/watch?v=WHs6z9RPGtA', 6.9, 'Released') ON CONFLICT DO NOTHING;
INSERT INTO movies (mediaId, runtime, budget, revenue, directorId, director) VALUES( 52, 119, 0, 3000000, 76422, 'Ric Roman Waugh') ON CONFLICT DO NOTHING;
INSERT INTO genres (mediaId, genre) VALUES(52, 'Action') ON CONFLICT DO NOTHING;
INSERT INTO genres (mediaId, genre) VALUES(52, 'Thriller') ON CONFLICT DO NOTHING;
INSERT INTO actors (mediaId, actorId , actorName, characterName, profilePath) VALUES(52, 17276, 'Gerard Butler', 'Tom Harris', 'https://image.tmdb.org/t/p/original/hAKPWWvUyvcfqPcoBG45c8NRr6e.jpg') ON CONFLICT DO NOTHING;
INSERT INTO actors (mediaId, actorId , actorName, characterName, profilePath) VALUES(52, 103330, 'Navid Negahban', 'Mohammad ''Mo'' Doud', 'https://image.tmdb.org/t/p/original/cPsYncbHK7J76Sm4bc1rtgRh5qf.jpg') ON CONFLICT DO NOTHING;
INSERT INTO actors (mediaId, actorId , actorName, characterName, profilePath) VALUES(52, 77700, 'Travis Fimmel', 'Roman Chalmers', 'https://image.tmdb.org/t/p/original/3feVQYAZXNHduKdtw3oMMAnUbQg.jpg') ON CONFLICT DO NOTHING;
INSERT INTO actors (mediaId, actorId , actorName, characterName, profilePath) VALUES(52, 492791, 'Ali Fazal', 'Kahil Nasir', 'https://image.tmdb.org/t/p/original/zNCDN1L2WftXVGW9EJcjvtmEsll.jpg') ON CONFLICT DO NOTHING;
INSERT INTO actors (mediaId, actorId , actorName, characterName, profilePath) VALUES(52, 1437659, 'Bahador Foladi', 'Farzad Asadi', 'https://image.tmdb.org/t/p/original/iciyiV1tj2osd3JTOInoc24e4r3.jpg') ON CONFLICT DO NOTHING;
INSERT INTO actors (mediaId, actorId , actorName, characterName, profilePath) VALUES(52, 1227646, 'Nina Toussaint-White', 'Luna Cujai', 'https://image.tmdb.org/t/p/original/pnuX4VjMKvIrddthUPKq5xebEmM.jpg') ON CONFLICT DO NOTHING;
INSERT INTO actors (mediaId, actorId , actorName, characterName, profilePath) VALUES(52, 119893, 'Mark Arnold', 'Mark Lowe', 'https://image.tmdb.org/t/p/original/dTfoxBUC6jpZry0ijlS8g4Y5cuS.jpg') ON CONFLICT DO NOTHING;
INSERT INTO actors (mediaId, actorId , actorName, characterName, profilePath) VALUES(52, 17199, 'Corey Johnson', 'Chris Hoyt', 'https://image.tmdb.org/t/p/original/mhNbf4vGzixPL5mTIOBUPguqvpB.jpg') ON CONFLICT DO NOTHING;
INSERT INTO actors (mediaId, actorId , actorName, characterName, profilePath) VALUES(52, 3708802, 'Hakeem Jomah', 'Rasoul', 'https://image.tmdb.org/t/p/original/aSg7doju4pfjfxAzN6miWW8dhLM.jpg') ON CONFLICT DO NOTHING;
INSERT INTO actors (mediaId, actorId , actorName, characterName, profilePath) VALUES(52, 1327945, 'Tom Rhys Harries', 'Oliver Altman', 'https://image.tmdb.org/t/p/original/inO5x5hL08SxTM7F9p3MGGVFJqQ.jpg') ON CONFLICT DO NOTHING;
INSERT INTO media (mediaId, type, name, originalLanguage, adult, releaseDate, overview, backdropPath, posterPath, trailerLink, tmdbRating, status) VALUES(53, false, 'Operation Napoleon', 'is', False, '2023-01-26',  'A modern-day lawyer is sucked into an international conspiracy after being accused of a murder she didn''t commit. Her only chance of freedom lies in uncovering the secret of an old German WWII aeroplane, long buried deep beneath the ice, before the CIA.', 'https://image.tmdb.org/t/p/original/oghHR3X0hIcvs7xqyoFjA0GAZWn.jpg', 'https://image.tmdb.org/t/p/original/j2Or0w69bpPXrmkE0hpTzw6hzsr.jpg', 'https://www.youtube.com/watch?v=DvLfCSFtcBo', 6.7, 'Released') ON CONFLICT DO NOTHING;
INSERT INTO movies (mediaId, runtime, budget, revenue, directorId, director) VALUES( 53, 112, 0, 0, 1065015, 'Óskar Thór Axelsson') ON CONFLICT DO NOTHING;
INSERT INTO genres (mediaId, genre) VALUES(53, 'Thriller') ON CONFLICT DO NOTHING;
INSERT INTO actors (mediaId, actorId , actorName, characterName, profilePath) VALUES(53, 2288100, 'Vivian Ólafsdóttir', 'Kristín', 'https://image.tmdb.org/t/p/original/f5aU1dj9NN5ozsOxTyzTNQYWsMo.jpg') ON CONFLICT DO NOTHING;
INSERT INTO actors (mediaId, actorId , actorName, characterName, profilePath) VALUES(53, 2436362, 'Jack Fox', 'Steve Rush', 'https://image.tmdb.org/t/p/original/ndVTAwort9QDsBkMnlok4DDDHUJ.jpg') ON CONFLICT DO NOTHING;
INSERT INTO actors (mediaId, actorId , actorName, characterName, profilePath) VALUES(53, 20508, 'Iain Glen', 'William Carr', 'https://image.tmdb.org/t/p/original/n9zXQhjtXQnc30kqF66hdX4i3PG.jpg') ON CONFLICT DO NOTHING;
INSERT INTO actors (mediaId, actorId , actorName, characterName, profilePath) VALUES(53, 7805, 'Wotan Wilke Möhring', 'Simon', 'https://image.tmdb.org/t/p/original/1kBAiXcXhaZBKw3UZ9JxCT3XEMp.jpg') ON CONFLICT DO NOTHING;
INSERT INTO actors (mediaId, actorId , actorName, characterName, profilePath) VALUES(53, 110902, 'Ólafur Darri Ólafsson', 'Einar', 'https://image.tmdb.org/t/p/original/qNs7mUyqWFRocJ4X22Zy1fAhL4x.jpg') ON CONFLICT DO NOTHING;
INSERT INTO actors (mediaId, actorId , actorName, characterName, profilePath) VALUES(53, 545129, 'Atli Óskar Fjalarsson', 'Elías', 'https://image.tmdb.org/t/p/original/lxyQzqh0pPayBEGCCZ2iVhI9YYG.jpg') ON CONFLICT DO NOTHING;
INSERT INTO actors (mediaId, actorId , actorName, characterName, profilePath) VALUES(53, 18819, 'Þröstur Leó Gunnarsson', 'Jóhannes', 'https://image.tmdb.org/t/p/original/e9HDG5Pv2s0ks6sLKNhEaO2Diqf.jpg') ON CONFLICT DO NOTHING;
INSERT INTO actors (mediaId, actorId , actorName, characterName, profilePath) VALUES(53, 1114142, 'Nanna Kristín Magnúsdóttir', 'Rósa', 'https://image.tmdb.org/t/p/original/qExk69pBUMn9RL95DVHPXXICBo6.jpg') ON CONFLICT DO NOTHING;
INSERT INTO actors (mediaId, actorId , actorName, characterName, profilePath) VALUES(53, 74225, 'Jaymes Butler', 'General Ferrell', 'https://image.tmdb.org/t/p/original/i22INNLIiq0h3W26UwdcLed1O4N.jpg') ON CONFLICT DO NOTHING;
INSERT INTO actors (mediaId, actorId , actorName, characterName, profilePath) VALUES(53, 1193021, 'Sabine Crossen', 'Rebecca Morgan', 'https://image.tmdb.org/t/p/original/cNYSwaa75pnORNsadRsKGOfSiUh.jpg') ON CONFLICT DO NOTHING;
INSERT INTO media (mediaId, type, name, originalLanguage, adult, releaseDate, overview, backdropPath, posterPath, trailerLink, tmdbRating, status) VALUES(54, false, 'Five Nights at Freddy''s', 'en', False, '2023-10-25',  'Recently fired and desperate for work, a troubled young man named Mike agrees to take a position as a night security guard at an abandoned theme restaurant: Freddy Fazbear''s Pizzeria. But he soon discovers that nothing at Freddy''s is what it seems.', 'https://image.tmdb.org/t/p/original/whB2PJfxrDWwwksprliJTjYbcZJ.jpg', 'https://image.tmdb.org/t/p/original/A4j8S6moJS2zNtRR8oWF08gRnL5.jpg', 'https://www.youtube.com/watch?v=X4d_v-HyR4o', 0, 'Post Production') ON CONFLICT DO NOTHING;
INSERT INTO movies (mediaId, runtime, budget, revenue, directorId, director) VALUES( 54, 110, 0, 0, 2103746, 'Emma Tammi') ON CONFLICT DO NOTHING;
INSERT INTO genres (mediaId, genre) VALUES(54, 'Horror') ON CONFLICT DO NOTHING;
INSERT INTO genres (mediaId, genre) VALUES(54, 'Thriller') ON CONFLICT DO NOTHING;
INSERT INTO actors (mediaId, actorId , actorName, characterName, profilePath) VALUES(54, 27972, 'Josh Hutcherson', 'Mike Schmidt', 'https://image.tmdb.org/t/p/original/npowygg8rH7uJ4v7rAoDMsHBhNq.jpg') ON CONFLICT DO NOTHING;
INSERT INTO actors (mediaId, actorId , actorName, characterName, profilePath) VALUES(54, 1368507, 'Elizabeth Lail', 'Vanessa', 'https://image.tmdb.org/t/p/original/pNoAIy0XQf9nf68BQ2FzGSmyNwW.jpg') ON CONFLICT DO NOTHING;
INSERT INTO actors (mediaId, actorId , actorName, characterName, profilePath) VALUES(54, 2283930, 'Piper Rubio', 'Abby', 'https://image.tmdb.org/t/p/original/x8tDKAgxMKwaNJSd9RB75EIJnOD.jpg') ON CONFLICT DO NOTHING;
INSERT INTO actors (mediaId, actorId , actorName, characterName, profilePath) VALUES(54, 31140, 'Mary Stuart Masterson', 'Aunt Jane', 'https://image.tmdb.org/t/p/original/njHHxFIJutnRsFM1c85PC8FBOzj.jpg') ON CONFLICT DO NOTHING;
INSERT INTO actors (mediaId, actorId , actorName, characterName, profilePath) VALUES(54, 26457, 'Matthew Lillard', 'Steve Raglan', 'https://image.tmdb.org/t/p/original/auUbijDzR9xpSgQtLsYDvNatloj.jpg') ON CONFLICT DO NOTHING;
INSERT INTO actors (mediaId, actorId , actorName, characterName, profilePath) VALUES(54, 3980318, 'Lucas Grant', 'Garrett', 'None') ON CONFLICT DO NOTHING;
INSERT INTO actors (mediaId, actorId , actorName, characterName, profilePath) VALUES(54, 95698, 'Kevin Foster', 'Freddy Fazbear (voice)', 'https://image.tmdb.org/t/p/original/x2HRAzaFtIPUnuuX4GjOukyg0O5.jpg') ON CONFLICT DO NOTHING;
INSERT INTO actors (mediaId, actorId , actorName, characterName, profilePath) VALUES(54, 1721373, 'Jade Kindar-Martin', 'Bonnie (voice)', 'None') ON CONFLICT DO NOTHING;
INSERT INTO actors (mediaId, actorId , actorName, characterName, profilePath) VALUES(54, 4061996, 'Jess Weiss', 'Chica (voice)', 'https://image.tmdb.org/t/p/original/eIbU0V5ubyEzQ6gXawn0vZldkR1.jpg') ON CONFLICT DO NOTHING;
INSERT INTO actors (mediaId, actorId , actorName, characterName, profilePath) VALUES(54, 1676656, 'Roger Joseph Manning Jr.', 'Foxy (voice)', 'https://image.tmdb.org/t/p/original/R302TMDsgLw5uGf1c4yjkeuckP.jpg') ON CONFLICT DO NOTHING;
INSERT INTO media (mediaId, type, name, originalLanguage, adult, releaseDate, overview, backdropPath, posterPath, trailerLink, tmdbRating, status) VALUES(55, false, 'No One Will Save You', 'en', False, '2023-09-22',  'An exiled anxiety-ridden homebody must battle an alien who''s found its way into her home.', 'https://image.tmdb.org/t/p/original/zYlgqIpqJ1VAbvFhRhktAzIybVs.jpg', 'https://image.tmdb.org/t/p/original/ehGIDAMaYy6Eg0o8ga0oqflDjqW.jpg', 'https://www.youtube.com/watch?v=IcA02w6rm44', 6.9, 'Released') ON CONFLICT DO NOTHING;
INSERT INTO movies (mediaId, runtime, budget, revenue, directorId, director) VALUES( 55, 93, 22800000, 0, 1295292, 'Brian Duffield') ON CONFLICT DO NOTHING;
INSERT INTO genres (mediaId, genre) VALUES(55, 'Horror') ON CONFLICT DO NOTHING;
INSERT INTO genres (mediaId, genre) VALUES(55, 'Science Fiction') ON CONFLICT DO NOTHING;
INSERT INTO genres (mediaId, genre) VALUES(55, 'Thriller') ON CONFLICT DO NOTHING;
INSERT INTO actors (mediaId, actorId , actorName, characterName, profilePath) VALUES(55, 481337, 'Kaitlyn Dever', 'Brynn', 'https://image.tmdb.org/t/p/original/np5rBCFRdeS1sXePL8uY09ktoC4.jpg') ON CONFLICT DO NOTHING;
INSERT INTO actors (mediaId, actorId , actorName, characterName, profilePath) VALUES(55, 3956612, 'Elizabeth Kaluev', 'Young Brynn', 'https://image.tmdb.org/t/p/original/8Gc97La1HoxUdcQn0v4PunDK51M.jpg') ON CONFLICT DO NOTHING;
INSERT INTO actors (mediaId, actorId , actorName, characterName, profilePath) VALUES(55, 186573, 'Zack Duhame', 'Mailman', 'https://image.tmdb.org/t/p/original/mI6sdZQaeHDi3jXinS4g1jizywk.jpg') ON CONFLICT DO NOTHING;
INSERT INTO actors (mediaId, actorId , actorName, characterName, profilePath) VALUES(55, 3648564, 'Lauren L. Murray', 'Brynn''s Mother', 'https://image.tmdb.org/t/p/original/2sfB6AgTC19FzruwS63MilwUk2a.jpg') ON CONFLICT DO NOTHING;
INSERT INTO actors (mediaId, actorId , actorName, characterName, profilePath) VALUES(55, 1027298, 'Geraldine Singer', 'Mrs. Collins', 'https://image.tmdb.org/t/p/original/qqm2mlRUx7tHdc6DumugSscDALN.jpg') ON CONFLICT DO NOTHING;
INSERT INTO actors (mediaId, actorId , actorName, characterName, profilePath) VALUES(55, 60874, 'Dane Rhodes', 'Police Chief Collins', 'https://image.tmdb.org/t/p/original/dJ1DLOEKcFmZyAV3bg4Q1lbhtgE.jpg') ON CONFLICT DO NOTHING;
INSERT INTO actors (mediaId, actorId , actorName, characterName, profilePath) VALUES(55, 4273923, 'Daniel Rigamer', 'Mr. McCreary', 'None') ON CONFLICT DO NOTHING;
INSERT INTO actors (mediaId, actorId , actorName, characterName, profilePath) VALUES(55, 3956681, 'Evangeline Rose', 'Young Maude', 'https://image.tmdb.org/t/p/original/1YBv1gtSpABcKDMRUtlcmnEjzAN.jpg') ON CONFLICT DO NOTHING;
INSERT INTO actors (mediaId, actorId , actorName, characterName, profilePath) VALUES(55, 3891460, 'Dari Lynn Griffin', 'Maude', 'https://image.tmdb.org/t/p/original/BkJ4nt0xqRljEb0ybFVeFKEOZp.jpg') ON CONFLICT DO NOTHING;
INSERT INTO actors (mediaId, actorId , actorName, characterName, profilePath) VALUES(55, 4273924, 'Gabrielle Bordlee Mauro', 'Woman', 'None') ON CONFLICT DO NOTHING;
INSERT INTO media (mediaId, type, name, originalLanguage, adult, releaseDate, overview, backdropPath, posterPath, trailerLink, tmdbRating, status) VALUES(56, false, 'Guardians of the Galaxy Vol. 3', 'en', False, '2023-05-03',  'Peter Quill, still reeling from the loss of Gamora, must rally his team around him to defend the universe along with protecting one of their own. A mission that, if not completed successfully, could quite possibly lead to the end of the Guardians as we know them.', 'https://image.tmdb.org/t/p/original/5YZbUmjbMa3ClvSW1Wj3D6XGolb.jpg', 'https://image.tmdb.org/t/p/original/r2J02Z2OpNTctfOSN1Ydgii51I3.jpg', 'https://www.youtube.com/watch?v=AAE5VZktooM', 8, 'Released') ON CONFLICT DO NOTHING;
INSERT INTO movies (mediaId, runtime, budget, revenue, directorId, director) VALUES( 56, 150, 250000000, 845430302, 15218, 'James Gunn') ON CONFLICT DO NOTHING;
INSERT INTO genres (mediaId, genre) VALUES(56, 'Science Fiction') ON CONFLICT DO NOTHING;
INSERT INTO genres (mediaId, genre) VALUES(56, 'Adventure') ON CONFLICT DO NOTHING;
INSERT INTO genres (mediaId, genre) VALUES(56, 'Action') ON CONFLICT DO NOTHING;
INSERT INTO actors (mediaId, actorId , actorName, characterName, profilePath) VALUES(56, 73457, 'Chris Pratt', 'Peter Quill / Star-Lord', 'https://image.tmdb.org/t/p/original/83o3koL82jt30EJ0rz4Bnzrt2dd.jpg') ON CONFLICT DO NOTHING;
INSERT INTO actors (mediaId, actorId , actorName, characterName, profilePath) VALUES(56, 8691, 'Zoe Saldaña', 'Gamora', 'https://image.tmdb.org/t/p/original/snQ1rfO9Bb2LRG9MAOQnn3JXVHy.jpg') ON CONFLICT DO NOTHING;
INSERT INTO actors (mediaId, actorId , actorName, characterName, profilePath) VALUES(56, 543530, 'Dave Bautista', 'Drax the Destroyer', 'https://image.tmdb.org/t/p/original/snk6JiXOOoRjPtHU5VMoy6qbd32.jpg') ON CONFLICT DO NOTHING;
INSERT INTO actors (mediaId, actorId , actorName, characterName, profilePath) VALUES(56, 543261, 'Karen Gillan', 'Nebula', 'https://image.tmdb.org/t/p/original/kFLXcFdok3ShDxylr3WNreQphQm.jpg') ON CONFLICT DO NOTHING;
INSERT INTO actors (mediaId, actorId , actorName, characterName, profilePath) VALUES(56, 139820, 'Pom Klementieff', 'Mantis', 'https://image.tmdb.org/t/p/original/hfUKAI2kXTMMWjno0i4sLPJud5N.jpg') ON CONFLICT DO NOTHING;
INSERT INTO actors (mediaId, actorId , actorName, characterName, profilePath) VALUES(56, 12835, 'Vin Diesel', 'Groot (voice)', 'https://image.tmdb.org/t/p/original/7rwSXluNWZAluYMOEWBxkPmckES.jpg') ON CONFLICT DO NOTHING;
INSERT INTO actors (mediaId, actorId , actorName, characterName, profilePath) VALUES(56, 51329, 'Bradley Cooper', 'Rocket (voice)', 'https://image.tmdb.org/t/p/original/DPnessSsWqVXRbKm93PtMjB4Us.jpg') ON CONFLICT DO NOTHING;
INSERT INTO actors (mediaId, actorId , actorName, characterName, profilePath) VALUES(56, 51663, 'Sean Gunn', 'Kraglin / Young Rocket (voice)', 'https://image.tmdb.org/t/p/original/qCK69067l2iubd5DHxnaWAUou5y.jpg') ON CONFLICT DO NOTHING;
INSERT INTO actors (mediaId, actorId , actorName, characterName, profilePath) VALUES(56, 105238, 'Chukwudi Iwuji', 'The High Evolutionary', 'https://image.tmdb.org/t/p/original/5JILtFNmAmA8T4gRQrO5sn8krDv.jpg') ON CONFLICT DO NOTHING;
INSERT INTO actors (mediaId, actorId , actorName, characterName, profilePath) VALUES(56, 93491, 'Will Poulter', 'Adam Warlock', 'https://image.tmdb.org/t/p/original/9sxMwQ1rqfgHkK5dri1kegJEjCC.jpg') ON CONFLICT DO NOTHING;
INSERT INTO media (mediaId, type, name, originalLanguage, adult, releaseDate, overview, backdropPath, posterPath, trailerLink, tmdbRating, status) VALUES(57, false, 'Amigos', 'te', False, '2023-02-10',  'Siddharth, a youngman who runs a family business is astonished to find his doppelgängers Manjunath and Michael on getdopple.com. After meeting up in Goa, they come down to Hyderabad to help Siddarth win over Ishika, a girl looking for superman to be her husband. But things take a drastic turn when NIA swings into action to nab Michael, aka Bipin Roy.', 'https://image.tmdb.org/t/p/original/2wUJGxE43jhTKpNMVbWEC2WNJjH.jpg', 'https://image.tmdb.org/t/p/original/mhPhEvh2ffBdbgiSIjrlkqAGwNH.jpg', 'None', 4.9, 'Released') ON CONFLICT DO NOTHING;
INSERT INTO movies (mediaId, runtime, budget, revenue, directorId, director) VALUES( 57, 137, 0, 0, 3737075, 'Rajendra Reddy') ON CONFLICT DO NOTHING;
INSERT INTO genres (mediaId, genre) VALUES(57, 'Action') ON CONFLICT DO NOTHING;
INSERT INTO genres (mediaId, genre) VALUES(57, 'Thriller') ON CONFLICT DO NOTHING;
INSERT INTO actors (mediaId, actorId , actorName, characterName, profilePath) VALUES(57, 1065421, 'Kalyan Ram', 'Siddharth/Manjunath/Michael Aka Bipin Roy', 'https://image.tmdb.org/t/p/original/awI6PFXlXu59xHEYKONSr0v0SHZ.jpg') ON CONFLICT DO NOTHING;
INSERT INTO actors (mediaId, actorId , actorName, characterName, profilePath) VALUES(57, 2015323, 'Ashika Ranganath', 'Ishika', 'https://image.tmdb.org/t/p/original/wzmnd0YpIKSLLa1bjRa7C3Tbww8.jpg') ON CONFLICT DO NOTHING;
INSERT INTO actors (mediaId, actorId , actorName, characterName, profilePath) VALUES(57, 213432, 'Brahmaji', 'Siddharth''s Uncle', 'https://image.tmdb.org/t/p/original/xDTE7POq1bkyjLINxdy7rW4wQlg.jpg') ON CONFLICT DO NOTHING;
INSERT INTO actors (mediaId, actorId , actorName, characterName, profilePath) VALUES(57, 560038, 'Jayaprakash', 'Jayendra, Siddharth''s father', 'https://image.tmdb.org/t/p/original/11g55pqwavrHBP09EQpUuJrllDU.jpg') ON CONFLICT DO NOTHING;
INSERT INTO actors (mediaId, actorId , actorName, characterName, profilePath) VALUES(57, 1412713, 'Saptagiri', '', 'https://image.tmdb.org/t/p/original/h8G2HkmuwDuEgJEIAoUBvN8dSwN.jpg') ON CONFLICT DO NOTHING;
INSERT INTO actors (mediaId, actorId , actorName, characterName, profilePath) VALUES(57, 1172297, 'Rajeev Pillai', 'NIA officer', 'https://image.tmdb.org/t/p/original/vQyenV68LqIHf2e74eeWQd6pnyl.jpg') ON CONFLICT DO NOTHING;
INSERT INTO actors (mediaId, actorId , actorName, characterName, profilePath) VALUES(57, 1124389, 'Ravi Prakash', 'NIA officer', 'https://image.tmdb.org/t/p/original/1F6m5xHOnjhS3RryLPdWYjpshZ0.jpg') ON CONFLICT DO NOTHING;
INSERT INTO actors (mediaId, actorId , actorName, characterName, profilePath) VALUES(57, 2249477, 'Sivannarayana Naripeddi', '', 'https://image.tmdb.org/t/p/original/nqG9wFjXEool9NLPRrUsnZbjm72.jpg') ON CONFLICT DO NOTHING;
INSERT INTO actors (mediaId, actorId , actorName, characterName, profilePath) VALUES(57, 1648895, 'Raghu Karumanchi', '', 'https://image.tmdb.org/t/p/original/qtD3WtfbRC0hXtIWjWuEtrDDV22.jpg') ON CONFLICT DO NOTHING;
INSERT INTO actors (mediaId, actorId , actorName, characterName, profilePath) VALUES(57, 588013, 'Chaitanya Krishna', 'Sathi/Sathi''s doppelgänger', 'https://image.tmdb.org/t/p/original/gGzQ1fzidW97X3GrpcG3OspcLSz.jpg') ON CONFLICT DO NOTHING;
INSERT INTO media (mediaId, type, name, originalLanguage, adult, releaseDate, overview, backdropPath, posterPath, trailerLink, tmdbRating, status) VALUES(58, false, 'It Lives Inside', 'en', False, '2023-09-06',  'Desperate to fit in at school, Sam rejects her East Indian culture and family to be like everyone else. However, when a mythological demonic spirit latches onto her former best friend, she must come to terms with her heritage to defeat it.', 'https://image.tmdb.org/t/p/original/oP03EF9eYWqvycFGN5TeEo3nN7l.jpg', 'https://image.tmdb.org/t/p/original/73gIfV8gDwkVgUrFDzt4TfZC9Zc.jpg', 'https://www.youtube.com/watch?v=FrPYOf5RmYI', 5, 'Released') ON CONFLICT DO NOTHING;
INSERT INTO movies (mediaId, runtime, budget, revenue, directorId, director) VALUES( 58, 99, 0, 4800000, 2421793, 'Bishal Dutta') ON CONFLICT DO NOTHING;
INSERT INTO genres (mediaId, genre) VALUES(58, 'Horror') ON CONFLICT DO NOTHING;
INSERT INTO genres (mediaId, genre) VALUES(58, 'Mystery') ON CONFLICT DO NOTHING;
INSERT INTO actors (mediaId, actorId , actorName, characterName, profilePath) VALUES(58, 2073513, 'Megan Suri', 'Samidha', 'https://image.tmdb.org/t/p/original/faZ1YMIgNMqbxLePpkUUa69u64W.jpg') ON CONFLICT DO NOTHING;
INSERT INTO actors (mediaId, actorId , actorName, characterName, profilePath) VALUES(58, 77239, 'Neeru Bajwa', 'Poorna', 'https://image.tmdb.org/t/p/original/8WmLolNEPl2mq0JxTUi6Opzwk8c.jpg') ON CONFLICT DO NOTHING;
INSERT INTO actors (mediaId, actorId , actorName, characterName, profilePath) VALUES(58, 1881789, 'Mohana Krishnan', 'Tamira', 'https://image.tmdb.org/t/p/original/4utuJbEgmnbQdFmoRQg3Dsk14LF.jpg') ON CONFLICT DO NOTHING;
INSERT INTO actors (mediaId, actorId , actorName, characterName, profilePath) VALUES(58, 1660452, 'Betty Gabriel', 'Joyce', 'https://image.tmdb.org/t/p/original/n67i3H3VM5quDQfcS591EbotPby.jpg') ON CONFLICT DO NOTHING;
INSERT INTO actors (mediaId, actorId , actorName, characterName, profilePath) VALUES(58, 6623, 'Vik Sahay', 'Inesh', 'https://image.tmdb.org/t/p/original/690bPfmzaXsrZ1eDcUOCDT5TPpq.jpg') ON CONFLICT DO NOTHING;
INSERT INTO actors (mediaId, actorId , actorName, characterName, profilePath) VALUES(58, 2528487, 'Gage Marsh', 'Russ', 'https://image.tmdb.org/t/p/original/b1vbDF6CUcdB2XKtafqWzaAo2Gm.jpg') ON CONFLICT DO NOTHING;
INSERT INTO actors (mediaId, actorId , actorName, characterName, profilePath) VALUES(58, 2237623, 'Beatrice Kitsos', 'Kittie', 'https://image.tmdb.org/t/p/original/8Mi7ribLdfKnJFUQ71vukY3scKC.jpg') ON CONFLICT DO NOTHING;
INSERT INTO actors (mediaId, actorId , actorName, characterName, profilePath) VALUES(58, 2509660, 'Jamie Ives', 'Older Neighbor', 'None') ON CONFLICT DO NOTHING;
INSERT INTO actors (mediaId, actorId , actorName, characterName, profilePath) VALUES(58, 3042898, 'Siddhartha Minhas', 'Karan', 'None') ON CONFLICT DO NOTHING;
INSERT INTO actors (mediaId, actorId , actorName, characterName, profilePath) VALUES(58, 4030548, 'Saisha Ram Muni', 'Young Tamira', 'None') ON CONFLICT DO NOTHING;
INSERT INTO media (mediaId, type, name, originalLanguage, adult, releaseDate, overview, backdropPath, posterPath, trailerLink, tmdbRating, status) VALUES(59, false, 'My Fault', 'es', False, '2023-06-08',  'Noah must leave her city, boyfriend, and friends to move into William Leister''s mansion, the flashy and wealthy husband of her mother Rafaela. As a proud and independent 17 year old, Noah resists living in a mansion surrounded by luxury. However, it is there where she meets Nick, her new stepbrother, and the clash of their strong personalities becomes evident from the very beginning.', 'https://image.tmdb.org/t/p/original/lntyt4OVDbcxA1l7LtwITbrD3FI.jpg', 'https://image.tmdb.org/t/p/original/w46Vw536HwNnEzOa7J24YH9DPRS.jpg', 'https://www.youtube.com/watch?v=xY-qRGC6Yu0', 8.1, 'Released') ON CONFLICT DO NOTHING;
INSERT INTO movies (mediaId, runtime, budget, revenue, directorId, director) VALUES( 59, 117, 0, 0, 1739102, 'Domingo González') ON CONFLICT DO NOTHING;
INSERT INTO genres (mediaId, genre) VALUES(59, 'Drama') ON CONFLICT DO NOTHING;
INSERT INTO genres (mediaId, genre) VALUES(59, 'Romance') ON CONFLICT DO NOTHING;
INSERT INTO actors (mediaId, actorId , actorName, characterName, profilePath) VALUES(59, 2527414, 'Nicole Wallace', 'Noah Morgan', 'https://image.tmdb.org/t/p/original/seJS4k9g462i7bIal7Z9DiWW5se.jpg') ON CONFLICT DO NOTHING;
INSERT INTO actors (mediaId, actorId , actorName, characterName, profilePath) VALUES(59, 2786960, 'Gabriel Guevara', 'Nick Leister', 'https://image.tmdb.org/t/p/original/pviRYKEEmoPUfLYwP1VHJ6LQcRg.jpg') ON CONFLICT DO NOTHING;
INSERT INTO actors (mediaId, actorId , actorName, characterName, profilePath) VALUES(59, 970027, 'Marta Hazas', 'Rafaela', 'https://image.tmdb.org/t/p/original/1dbeTFRCbWBt70dIGjYHKVLnpaG.jpg') ON CONFLICT DO NOTHING;
INSERT INTO actors (mediaId, actorId , actorName, characterName, profilePath) VALUES(59, 1251336, 'Iván Sánchez', 'William Leister', 'https://image.tmdb.org/t/p/original/woVz8D7t1VUKjFJnsTAdc8tyz5C.jpg') ON CONFLICT DO NOTHING;
INSERT INTO actors (mediaId, actorId , actorName, characterName, profilePath) VALUES(59, 4105602, 'Eva Ruiz', 'Jenna', 'https://image.tmdb.org/t/p/original/bcu0nmQvhxwTzh4csc4kuxJsQee.jpg') ON CONFLICT DO NOTHING;
INSERT INTO actors (mediaId, actorId , actorName, characterName, profilePath) VALUES(59, 2126335, 'Víctor Varona', 'Lion', 'https://image.tmdb.org/t/p/original/lcwFAjHjhJXkxf59TXGSjGGOlLj.jpg') ON CONFLICT DO NOTHING;
INSERT INTO actors (mediaId, actorId , actorName, characterName, profilePath) VALUES(59, 3212974, 'Fran Berenguer', 'Ronnie', 'https://image.tmdb.org/t/p/original/uYi3MOwqtNdfZt82DdvzKCZku50.jpg') ON CONFLICT DO NOTHING;
INSERT INTO actors (mediaId, actorId , actorName, characterName, profilePath) VALUES(59, 4105605, 'Adriana Ubani', 'Anna', 'https://image.tmdb.org/t/p/original/7TlpwffkqeTu1mQNZW3OG0IdTFm.jpg') ON CONFLICT DO NOTHING;
INSERT INTO actors (mediaId, actorId , actorName, characterName, profilePath) VALUES(59, 31422, 'Iván Massagué', 'Jonas', 'https://image.tmdb.org/t/p/original/oGZwmGCPjGEqMSPvlADIsKzKsdC.jpg') ON CONFLICT DO NOTHING;
INSERT INTO actors (mediaId, actorId , actorName, characterName, profilePath) VALUES(59, 56468, 'Mariano Venancio', 'Martin', 'https://image.tmdb.org/t/p/original/aZT4jP35s7hwOspb4nW1wqKZpmE.jpg') ON CONFLICT DO NOTHING;
INSERT INTO media (mediaId, type, name, originalLanguage, adult, releaseDate, overview, backdropPath, posterPath, trailerLink, tmdbRating, status) VALUES(60, false, 'Don''t Look Away', 'en', False, '2023-09-01',  'After a gang of criminals unintentionally unleashes a supernatural force onto the world, a young woman named Frankie is convinced she''s being stalked by a killer mannequin. Frankie soon realizes that her friends are in jeopardy too. She must find the man who holds the key to stopping the killings, but Frankie knows that once you see the mannequin, there may be no end in sight, except for your own.', 'https://image.tmdb.org/t/p/original/bFGTEi5xBYLQtFiXKnYcAR88vbL.jpg', 'https://image.tmdb.org/t/p/original/iiYx85daT0DzoU4XQGgaynvDtn8.jpg', 'https://www.youtube.com/watch?v=QjossJS4CTw', 5, 'Released') ON CONFLICT DO NOTHING;
INSERT INTO movies (mediaId, runtime, budget, revenue, directorId, director) VALUES( 60, 83, 0, 0, 141197, 'Michael Bafaro') ON CONFLICT DO NOTHING;
INSERT INTO genres (mediaId, genre) VALUES(60, 'Horror') ON CONFLICT DO NOTHING;
INSERT INTO genres (mediaId, genre) VALUES(60, 'Thriller') ON CONFLICT DO NOTHING;
INSERT INTO actors (mediaId, actorId , actorName, characterName, profilePath) VALUES(60, 3970414, 'Kelly Bastard', 'Frankie', 'None') ON CONFLICT DO NOTHING;
INSERT INTO actors (mediaId, actorId , actorName, characterName, profilePath) VALUES(60, 2237341, 'Michael Mitton', 'Jonah', 'None') ON CONFLICT DO NOTHING;
INSERT INTO actors (mediaId, actorId , actorName, characterName, profilePath) VALUES(60, 1835692, 'Colm Hill', 'Steve', 'None') ON CONFLICT DO NOTHING;
INSERT INTO actors (mediaId, actorId , actorName, characterName, profilePath) VALUES(60, 3970416, 'René Lai', 'Lucy', 'None') ON CONFLICT DO NOTHING;
INSERT INTO actors (mediaId, actorId , actorName, characterName, profilePath) VALUES(60, 3970417, 'Abu Dukuly', 'Drake', 'None') ON CONFLICT DO NOTHING;
INSERT INTO actors (mediaId, actorId , actorName, characterName, profilePath) VALUES(60, 3970418, 'Brittany Pilgrim', 'Isabelle', 'None') ON CONFLICT DO NOTHING;
INSERT INTO actors (mediaId, actorId , actorName, characterName, profilePath) VALUES(60, 3970420, 'Sophie Thom', 'Madison', 'None') ON CONFLICT DO NOTHING;
INSERT INTO actors (mediaId, actorId , actorName, characterName, profilePath) VALUES(60, 2132688, 'Jason Haney', 'Lewis', 'None') ON CONFLICT DO NOTHING;
INSERT INTO actors (mediaId, actorId , actorName, characterName, profilePath) VALUES(60, 141197, 'Michael Bafaro', 'Victor Malick', 'None') ON CONFLICT DO NOTHING;
INSERT INTO actors (mediaId, actorId , actorName, characterName, profilePath) VALUES(60, 4189411, 'Vanessa Nostbakken', 'Molly', 'None') ON CONFLICT DO NOTHING;
INSERT INTO media (mediaId, type, name, originalLanguage, adult, releaseDate, overview, backdropPath, posterPath, trailerLink, tmdbRating, status) VALUES(61, false, 'Heart of Stone', 'en', False, '2023-08-09',  'An intelligence operative for a shadowy global peacekeeping agency races to stop a hacker from stealing its most valuable — and dangerous — weapon.', 'https://image.tmdb.org/t/p/original/xVMtv55caCEvBaV83DofmuZybmI.jpg', 'https://image.tmdb.org/t/p/original/vB8o2p4ETnrfiWEgVxHmHWP9yRl.jpg', 'https://www.youtube.com/watch?v=LOHrNvFH3F8', 6.9, 'Released') ON CONFLICT DO NOTHING;
INSERT INTO movies (mediaId, runtime, budget, revenue, directorId, director) VALUES( 61, 124, 0, 0, 212240, 'Tom Harper') ON CONFLICT DO NOTHING;
INSERT INTO genres (mediaId, genre) VALUES(61, 'Thriller') ON CONFLICT DO NOTHING;
INSERT INTO genres (mediaId, genre) VALUES(61, 'Action') ON CONFLICT DO NOTHING;
INSERT INTO actors (mediaId, actorId , actorName, characterName, profilePath) VALUES(61, 90633, 'Gal Gadot', 'Rachel Stone', 'https://image.tmdb.org/t/p/original/AbXKtWQwuDiwhoQLh34VRglwuBE.jpg') ON CONFLICT DO NOTHING;
INSERT INTO actors (mediaId, actorId , actorName, characterName, profilePath) VALUES(61, 1254583, 'Jamie Dornan', 'Parker', 'https://image.tmdb.org/t/p/original/qmTiAm3LII5moykSriVkJCeysKC.jpg') ON CONFLICT DO NOTHING;
INSERT INTO actors (mediaId, actorId , actorName, characterName, profilePath) VALUES(61, 1108120, 'Alia Bhatt', 'Keya Dhawan', 'https://image.tmdb.org/t/p/original/RBnTJPegPFLBS4VPsNLbf6iAoD.jpg') ON CONFLICT DO NOTHING;
INSERT INTO actors (mediaId, actorId , actorName, characterName, profilePath) VALUES(61, 2598, 'Sophie Okonedo', 'Nomad', 'https://image.tmdb.org/t/p/original/oMZmk0q04ly3ztD8Us4f1yfPyF1.jpg') ON CONFLICT DO NOTHING;
INSERT INTO actors (mediaId, actorId , actorName, characterName, profilePath) VALUES(61, 16808, 'Matthias Schweighöfer', 'Jack of Hearts', 'https://image.tmdb.org/t/p/original/i4c5JjvC5EpecZbp4J96mFmtm0Z.jpg') ON CONFLICT DO NOTHING;
INSERT INTO actors (mediaId, actorId , actorName, characterName, profilePath) VALUES(61, 1534392, 'Paul Ready', 'Bailey', 'https://image.tmdb.org/t/p/original/8sQg5Qb3q2wlhvtBD6iu3NKAHRg.jpg') ON CONFLICT DO NOTHING;
INSERT INTO actors (mediaId, actorId , actorName, characterName, profilePath) VALUES(61, 564035, 'Jing Lusi', 'Yang', 'https://image.tmdb.org/t/p/original/lsv9GNAZ5gmMpdcjrVGswaY7Ghx.jpg') ON CONFLICT DO NOTHING;
INSERT INTO actors (mediaId, actorId , actorName, characterName, profilePath) VALUES(61, 91494, 'Enzo Cilenti', 'Mulvaney', 'https://image.tmdb.org/t/p/original/lGFHPUsOlAnncpZLfdFXCGq2nji.jpg') ON CONFLICT DO NOTHING;
INSERT INTO actors (mediaId, actorId , actorName, characterName, profilePath) VALUES(61, 2532090, 'Joe Reisig', 'Lars Monroe', 'https://image.tmdb.org/t/p/original/xlGLIyjZcWRKXv5l1vrgoaveLCy.jpg') ON CONFLICT DO NOTHING;
INSERT INTO actors (mediaId, actorId , actorName, characterName, profilePath) VALUES(61, 2216848, 'Luca Fiamenghi', 'Casanova', 'https://image.tmdb.org/t/p/original/1GB2LBNXrERi6ANZ6oV125DzD8s.jpg') ON CONFLICT DO NOTHING;
INSERT INTO media (mediaId, type, name, originalLanguage, adult, releaseDate, overview, backdropPath, posterPath, trailerLink, tmdbRating, status) VALUES(62, false, 'Teenage Mutant Ninja Turtles: Mutant Mayhem', 'en', False, '2023-07-31',  'After years of being sheltered from the human world, the Turtle brothers set out to win the hearts of New Yorkers and be accepted as normal teenagers through heroic acts. Their new friend April O''Neil helps them take on a mysterious crime syndicate, but they soon get in over their heads when an army of mutants is unleashed upon them.', 'https://image.tmdb.org/t/p/original/w2nFc2Rsm93PDkvjY4LTn17ePO0.jpg', 'https://image.tmdb.org/t/p/original/ueO9MYIOHO7M1PiMUeX74uf8fB9.jpg', 'https://www.youtube.com/watch?v=JhXRNRmuYcc', 7.3, 'Released') ON CONFLICT DO NOTHING;
INSERT INTO movies (mediaId, runtime, budget, revenue, directorId, director) VALUES( 62, 100, 75000000, 180000000, 1578590, 'Jeff Rowe') ON CONFLICT DO NOTHING;
INSERT INTO genres (mediaId, genre) VALUES(62, 'Animation') ON CONFLICT DO NOTHING;
INSERT INTO genres (mediaId, genre) VALUES(62, 'Comedy') ON CONFLICT DO NOTHING;
INSERT INTO genres (mediaId, genre) VALUES(62, 'Action') ON CONFLICT DO NOTHING;
INSERT INTO actors (mediaId, actorId , actorName, characterName, profilePath) VALUES(62, 2343267, 'Micah Abbey', 'Donatello (voice)', 'https://image.tmdb.org/t/p/original/nfQGd7AblQuHloLY3R4Lr46jQhL.jpg') ON CONFLICT DO NOTHING;
INSERT INTO actors (mediaId, actorId , actorName, characterName, profilePath) VALUES(62, 3127719, 'Shamon Brown Jr.', 'Michelangelo (voice)', 'https://image.tmdb.org/t/p/original/cZLR1muqSubjevOse7xvZWppMBd.jpg') ON CONFLICT DO NOTHING;
INSERT INTO actors (mediaId, actorId , actorName, characterName, profilePath) VALUES(62, 1696351, 'Nicolas Cantu', 'Leonardo (voice)', 'https://image.tmdb.org/t/p/original/ySFxLOQ9ejiZddviRVf9bhZvDsf.jpg') ON CONFLICT DO NOTHING;
INSERT INTO actors (mediaId, actorId , actorName, characterName, profilePath) VALUES(62, 2239159, 'Brady Noon', 'Raphael (voice)', 'https://image.tmdb.org/t/p/original/mbgwWA1uVXQ09T7jxs2D333O2JN.jpg') ON CONFLICT DO NOTHING;
INSERT INTO actors (mediaId, actorId , actorName, characterName, profilePath) VALUES(62, 2195140, 'Ayo Edebiri', 'April O''Neil (voice)', 'https://image.tmdb.org/t/p/original/5KT566gDowCIvZyrl3fWW1qYqkS.jpg') ON CONFLICT DO NOTHING;
INSERT INTO actors (mediaId, actorId , actorName, characterName, profilePath) VALUES(62, 52792, 'Maya Rudolph', 'Cynthia Utrom (voice)', 'https://image.tmdb.org/t/p/original/9QTtEfAmQOQcGhD12zzxdouLRh4.jpg') ON CONFLICT DO NOTHING;
INSERT INTO actors (mediaId, actorId , actorName, characterName, profilePath) VALUES(62, 56446, 'John Cena', 'Rocksteady (voice)', 'https://image.tmdb.org/t/p/original/cO6n5pxKzHdGauqru6m5kuHb51z.jpg') ON CONFLICT DO NOTHING;
INSERT INTO actors (mediaId, actorId , actorName, characterName, profilePath) VALUES(62, 19274, 'Seth Rogen', 'Bebop (voice)', 'https://image.tmdb.org/t/p/original/2dPFskUtoiG0xafsSEGl9Oz4teA.jpg') ON CONFLICT DO NOTHING;
INSERT INTO actors (mediaId, actorId , actorName, characterName, profilePath) VALUES(62, 9827, 'Rose Byrne', 'Leatherhead (voice)', 'https://image.tmdb.org/t/p/original/4oQWCLK7gd6RNKF0WJipJo7TyFP.jpg') ON CONFLICT DO NOTHING;
INSERT INTO actors (mediaId, actorId , actorName, characterName, profilePath) VALUES(62, 1971031, 'Natasia Demetriou', 'Wingnut (voice)', 'https://image.tmdb.org/t/p/original/65aNRTM520iUaBUoSyfyXHXY8xH.jpg') ON CONFLICT DO NOTHING;
INSERT INTO media (mediaId, type, name, originalLanguage, adult, releaseDate, overview, backdropPath, posterPath, trailerLink, tmdbRating, status) VALUES(63, false, 'Appendage', 'en', False, '2023-03-11',  'After hitting a breaking point, Hannah''s inner thoughts physicalize into a monstrous creature that threatens to upend her life.', 'https://image.tmdb.org/t/p/original/8BNA9L3JEJeMN7S21fzo9SeYUtU.jpg', 'https://image.tmdb.org/t/p/original/xBlYO5Pih92UKBN3mYUh8Ptiqh2.jpg', 'https://www.youtube.com/watch?v=iqowBGrKzuU', 6, 'Released') ON CONFLICT DO NOTHING;
INSERT INTO movies (mediaId, runtime, budget, revenue, directorId, director) VALUES( 63, 94, 0, 0, 1647240, 'Anna Zlokovic') ON CONFLICT DO NOTHING;
INSERT INTO genres (mediaId, genre) VALUES(63, 'Horror') ON CONFLICT DO NOTHING;
INSERT INTO actors (mediaId, actorId , actorName, characterName, profilePath) VALUES(63, 2311924, 'Hadley Robinson', 'Hannah', 'https://image.tmdb.org/t/p/original/rZ7O1iAb8JAdaUk4D6yKrNG4WbH.jpg') ON CONFLICT DO NOTHING;
INSERT INTO actors (mediaId, actorId , actorName, characterName, profilePath) VALUES(63, 4570, 'Emily Hampshire', 'Claudia', 'https://image.tmdb.org/t/p/original/vYlecHv7jzLcq24Um6ME8Jn1gMt.jpg') ON CONFLICT DO NOTHING;
INSERT INTO actors (mediaId, actorId , actorName, characterName, profilePath) VALUES(63, 1855024, 'Kausar Mohammed', 'Esther', 'https://image.tmdb.org/t/p/original/zK4L44nXtmgtDUjLD7UC3YM3oL4.jpg') ON CONFLICT DO NOTHING;
INSERT INTO actors (mediaId, actorId , actorName, characterName, profilePath) VALUES(63, 427978, 'Brandon Mychal Smith', 'Kaelin', 'https://image.tmdb.org/t/p/original/5nKqpvHatEEjyQWXWIH3fABDDSe.jpg') ON CONFLICT DO NOTHING;
INSERT INTO actors (mediaId, actorId , actorName, characterName, profilePath) VALUES(63, 972079, 'Desmin Borges', 'Cristean', 'https://image.tmdb.org/t/p/original/9tF2giXqRiSJc2lkZG9R3G8FPjv.jpg') ON CONFLICT DO NOTHING;
INSERT INTO actors (mediaId, actorId , actorName, characterName, profilePath) VALUES(63, 57663, 'Deborah Rennard', 'Stacy', 'https://image.tmdb.org/t/p/original/gSZMSuIXBPTrdSD2oMjswbu76XX.jpg') ON CONFLICT DO NOTHING;
INSERT INTO actors (mediaId, actorId , actorName, characterName, profilePath) VALUES(63, 1763913, 'Pat Dortch', 'Steven', 'https://image.tmdb.org/t/p/original/pLM9dAtbwmWO8gNmLTuQA71ThI3.jpg') ON CONFLICT DO NOTHING;
INSERT INTO actors (mediaId, actorId , actorName, characterName, profilePath) VALUES(63, 3976780, 'Craig Kolkebeck', 'Fred', 'None') ON CONFLICT DO NOTHING;
INSERT INTO actors (mediaId, actorId , actorName, characterName, profilePath) VALUES(63, 3170854, 'Robert Stevens Wayne', 'Cement Man', 'None') ON CONFLICT DO NOTHING;
INSERT INTO actors (mediaId, actorId , actorName, characterName, profilePath) VALUES(63, 1979097, 'Annie Pisapia', 'Florence', 'https://image.tmdb.org/t/p/original/rvJf4TCZiMfZElx6Os8Y0PW8M4h.jpg') ON CONFLICT DO NOTHING;
INSERT INTO media (mediaId, type, name, originalLanguage, adult, releaseDate, overview, backdropPath, posterPath, trailerLink, tmdbRating, status) VALUES(64, false, 'Strays', 'en', False, '2023-08-17',  'When Reggie is abandoned on the mean city streets by his lowlife owner, Doug, Reggie is certain that his beloved owner would never leave him on purpose. But once Reggie falls in with Bug, a fast-talking, foul-mouthed stray who loves his freedom and believes that owners are for suckers, Reggie finally realizes he was in a toxic relationship and begins to see Doug for the heartless sleazeball that he is.', 'https://image.tmdb.org/t/p/original/1HzL603WOer58xtnrRYdSIL5K04.jpg', 'https://image.tmdb.org/t/p/original/muDaKftykz9Nj1mhRheMdbuNI9Z.jpg', 'https://www.youtube.com/watch?v=26Xq6_g2r6Q', 7.5, 'Released') ON CONFLICT DO NOTHING;
INSERT INTO movies (mediaId, runtime, budget, revenue, directorId, director) VALUES( 64, 93, 46000000, 32000000, 1152054, 'Josh Greenbaum') ON CONFLICT DO NOTHING;
INSERT INTO genres (mediaId, genre) VALUES(64, 'Comedy') ON CONFLICT DO NOTHING;
INSERT INTO genres (mediaId, genre) VALUES(64, 'Adventure') ON CONFLICT DO NOTHING;
INSERT INTO actors (mediaId, actorId , actorName, characterName, profilePath) VALUES(64, 23659, 'Will Ferrell', 'Reggie (voice)', 'https://image.tmdb.org/t/p/original/uudKe6ggGLnjQI29ZX59MFgzmut.jpg') ON CONFLICT DO NOTHING;
INSERT INTO actors (mediaId, actorId , actorName, characterName, profilePath) VALUES(64, 134, 'Jamie Foxx', 'Bug (voice)', 'https://image.tmdb.org/t/p/original/zD8Nsy4Xrghp7WunwpCj5JKBPeU.jpg') ON CONFLICT DO NOTHING;
INSERT INTO actors (mediaId, actorId , actorName, characterName, profilePath) VALUES(64, 62831, 'Will Forte', 'Doug', 'https://image.tmdb.org/t/p/original/kphnirb7YggSVEhGI47kACxaIJQ.jpg') ON CONFLICT DO NOTHING;
INSERT INTO actors (mediaId, actorId , actorName, characterName, profilePath) VALUES(64, 52848, 'Isla Fisher', 'Maggie (voice)', 'https://image.tmdb.org/t/p/original/zNKTzzuyMYaCGEZKhwhqV1K8ffo.jpg') ON CONFLICT DO NOTHING;
INSERT INTO actors (mediaId, actorId , actorName, characterName, profilePath) VALUES(64, 79082, 'Randall Park', 'Hunter (voice)', 'https://image.tmdb.org/t/p/original/1QJ4cBQZoOaLR8Hc3V2NgBLvB0f.jpg') ON CONFLICT DO NOTHING;
INSERT INTO actors (mediaId, actorId , actorName, characterName, profilePath) VALUES(64, 54415, 'Josh Gad', 'Gus (voice)', 'https://image.tmdb.org/t/p/original/17iKlfWZBDTAucqjkhRKHr9xjIz.jpg') ON CONFLICT DO NOTHING;
INSERT INTO actors (mediaId, actorId , actorName, characterName, profilePath) VALUES(64, 210172, 'Harvey Guillén', 'Shitstain (voice)', 'https://image.tmdb.org/t/p/original/yiNBonobPwqMVweB02JWufzp2l9.jpg') ON CONFLICT DO NOTHING;
INSERT INTO actors (mediaId, actorId , actorName, characterName, profilePath) VALUES(64, 224197, 'Brett Gelman', 'Willy', 'https://image.tmdb.org/t/p/original/ub2IuMWFNQGYghHTPq0lpmn2Ue0.jpg') ON CONFLICT DO NOTHING;
INSERT INTO actors (mediaId, actorId , actorName, characterName, profilePath) VALUES(64, 71403, 'Rob Riggle', 'Rolf (voice)', 'https://image.tmdb.org/t/p/original/hQgOp8vWxl6KPZbqzKSSL4k6G1j.jpg') ON CONFLICT DO NOTHING;
INSERT INTO actors (mediaId, actorId , actorName, characterName, profilePath) VALUES(64, 1470911, 'Jamie Demetriou', 'Chester (voice)', 'https://image.tmdb.org/t/p/original/nRhjzDgxQ8PzdUX1MTGhSmWwm8D.jpg') ON CONFLICT DO NOTHING;
INSERT INTO media (mediaId, type, name, originalLanguage, adult, releaseDate, overview, backdropPath, posterPath, trailerLink, tmdbRating, status) VALUES(65, false, 'Mondocane', 'it', False, '2021-09-03',  'In the near future, the southern Italian city of Taranto is surrounded by barbed wire that no one, not even the police, dares to cross. The poorest are left fighting for survival, while gangs compete for the territory. Two thirteen-year-old orphans who grew up together, dream of joining one of the gangs.', 'https://image.tmdb.org/t/p/original/uAAAzo9efEZJJPtj4iNwFvrRaki.jpg', 'https://image.tmdb.org/t/p/original/gOuJBz9u1YVWwvx12lJX56yUT6I.jpg', 'https://www.youtube.com/watch?v=ZHooqb2XcHc', 6.5, 'Released') ON CONFLICT DO NOTHING;
INSERT INTO movies (mediaId, runtime, budget, revenue, directorId, director) VALUES( 65, 117, 0, 0, 2364323, 'Alessandro Celli') ON CONFLICT DO NOTHING;
INSERT INTO genres (mediaId, genre) VALUES(65, 'Action') ON CONFLICT DO NOTHING;
INSERT INTO genres (mediaId, genre) VALUES(65, 'Crime') ON CONFLICT DO NOTHING;
INSERT INTO genres (mediaId, genre) VALUES(65, 'Science Fiction') ON CONFLICT DO NOTHING;
INSERT INTO genres (mediaId, genre) VALUES(65, 'Drama') ON CONFLICT DO NOTHING;
INSERT INTO actors (mediaId, actorId , actorName, characterName, profilePath) VALUES(65, 1395660, 'Alessandro Borghi', 'Salvatore noto come Testacalda', 'https://image.tmdb.org/t/p/original/cRnm7HQ84Ls6b91BONx0BrTUQXy.jpg') ON CONFLICT DO NOTHING;
INSERT INTO actors (mediaId, actorId , actorName, characterName, profilePath) VALUES(65, 2783180, 'Dennis Protopapa', 'Pietro detto Mondocane', 'None') ON CONFLICT DO NOTHING;
INSERT INTO actors (mediaId, actorId , actorName, characterName, profilePath) VALUES(65, 2783181, 'Giuliano Soprano', 'Christian detto Pisciasotto', 'None') ON CONFLICT DO NOTHING;
INSERT INTO actors (mediaId, actorId , actorName, characterName, profilePath) VALUES(65, 1204168, 'Barbara Ronchi', 'Katia', 'https://image.tmdb.org/t/p/original/3orB0uhiF5zWOksF7ASDaUruPxt.jpg') ON CONFLICT DO NOTHING;
INSERT INTO actors (mediaId, actorId , actorName, characterName, profilePath) VALUES(65, 1138342, 'Josafat Vagni', 'Tiradritto', 'https://image.tmdb.org/t/p/original/bg8KPJOepP31sr3cV8RQeo0jhxq.jpg') ON CONFLICT DO NOTHING;
INSERT INTO actors (mediaId, actorId , actorName, characterName, profilePath) VALUES(65, 1749087, 'Federica Torchetti', 'Sanghe', 'https://image.tmdb.org/t/p/original/8K501m3oJfoh7ePABSidXu26ClZ.jpg') ON CONFLICT DO NOTHING;
INSERT INTO actors (mediaId, actorId , actorName, characterName, profilePath) VALUES(65, 2165954, 'Ludovica Nasti', 'Sabrina', 'https://image.tmdb.org/t/p/original/zoJ0vlJGFNzBqMOFlKOzrPW9si3.jpg') ON CONFLICT DO NOTHING;
INSERT INTO actors (mediaId, actorId , actorName, characterName, profilePath) VALUES(65, 2894830, 'Lavinia Novelli', 'Randagia', 'None') ON CONFLICT DO NOTHING;
INSERT INTO actors (mediaId, actorId , actorName, characterName, profilePath) VALUES(65, 2894831, 'Adriano Novelli', 'Bombino', 'None') ON CONFLICT DO NOTHING;
INSERT INTO actors (mediaId, actorId , actorName, characterName, profilePath) VALUES(65, 2283286, 'Alex Elton', 'Prefetto', 'None') ON CONFLICT DO NOTHING;
INSERT INTO providers (mediaId, providerId, providerName, logoPath) VALUES( 65, 2, 'Apple TV', 'https://image.tmdb.org/t/p/original/peURlLlr8jggOwK53fJ5wdQl05y.jpg') ON CONFLICT DO NOTHING;
INSERT INTO providers (mediaId, providerId, providerName, logoPath) VALUES( 65, 3, 'Google Play Movies', 'https://image.tmdb.org/t/p/original/tbEdFQDwx5LEVr8WpSeXQSIirVq.jpg') ON CONFLICT DO NOTHING;
INSERT INTO providers (mediaId, providerId, providerName, logoPath) VALUES( 65, 10, 'Amazon Video', 'https://image.tmdb.org/t/p/original/5NyLm42TmCqCMOZFvH4fcoSNKEW.jpg') ON CONFLICT DO NOTHING;
INSERT INTO media (mediaId, type, name, originalLanguage, adult, releaseDate, overview, backdropPath, posterPath, trailerLink, tmdbRating, status) VALUES(66, false, 'Avatar: The Way of Water', 'en', False, '2022-12-14',  'Set more than a decade after the events of the first film, learn the story of the Sully family (Jake, Neytiri, and their kids), the trouble that follows them, the lengths they go to keep each other safe, the battles they fight to stay alive, and the tragedies they endure.', 'https://image.tmdb.org/t/p/original/8rpDcsfLJypbO6vREc0547VKqEv.jpg', 'https://image.tmdb.org/t/p/original/t6HIqrRAclMCA60NsSmeqe9RmNV.jpg', 'https://www.youtube.com/watch?v=o5F8MOz_IDw', 7.7, 'Released') ON CONFLICT DO NOTHING;
INSERT INTO movies (mediaId, runtime, budget, revenue, directorId, director) VALUES( 66, 192, 460000000, 2320250281, 2710, 'James Cameron') ON CONFLICT DO NOTHING;
INSERT INTO genres (mediaId, genre) VALUES(66, 'Science Fiction') ON CONFLICT DO NOTHING;
INSERT INTO genres (mediaId, genre) VALUES(66, 'Adventure') ON CONFLICT DO NOTHING;
INSERT INTO genres (mediaId, genre) VALUES(66, 'Action') ON CONFLICT DO NOTHING;
INSERT INTO actors (mediaId, actorId , actorName, characterName, profilePath) VALUES(66, 65731, 'Sam Worthington', 'Jake Sully', 'https://image.tmdb.org/t/p/original/mflBcox36s9ZPbsZPVOuhf6axaJ.jpg') ON CONFLICT DO NOTHING;
INSERT INTO actors (mediaId, actorId , actorName, characterName, profilePath) VALUES(66, 8691, 'Zoe Saldaña', 'Neytiri', 'https://image.tmdb.org/t/p/original/snQ1rfO9Bb2LRG9MAOQnn3JXVHy.jpg') ON CONFLICT DO NOTHING;
INSERT INTO actors (mediaId, actorId , actorName, characterName, profilePath) VALUES(66, 10205, 'Sigourney Weaver', 'Kiri / Dr. Grace Augustine', 'https://image.tmdb.org/t/p/original/pdnMwjkUzw3desD3r2Pl5yUn3EK.jpg') ON CONFLICT DO NOTHING;
INSERT INTO actors (mediaId, actorId , actorName, characterName, profilePath) VALUES(66, 32747, 'Stephen Lang', 'Colonel Miles Quaritch', 'https://image.tmdb.org/t/p/original/xEBuFWrCKDQD6r6CZK71GYIc4UW.jpg') ON CONFLICT DO NOTHING;
INSERT INTO actors (mediaId, actorId , actorName, characterName, profilePath) VALUES(66, 204, 'Kate Winslet', 'Ronal', 'https://image.tmdb.org/t/p/original/zIiU5mOcinbkpHWCxuDigucsyZC.jpg') ON CONFLICT DO NOTHING;
INSERT INTO actors (mediaId, actorId , actorName, characterName, profilePath) VALUES(66, 7248, 'Cliff Curtis', 'Tonowari', 'https://image.tmdb.org/t/p/original/3D6qz8vL6DWHAO3HeXeaSuwxq3s.jpg') ON CONFLICT DO NOTHING;
INSERT INTO actors (mediaId, actorId , actorName, characterName, profilePath) VALUES(66, 59231, 'Joel David Moore', 'Norm Spellman', 'https://image.tmdb.org/t/p/original/qrDWE1tBKZKKBrPgB8aWptt1EoB.jpg') ON CONFLICT DO NOTHING;
INSERT INTO actors (mediaId, actorId , actorName, characterName, profilePath) VALUES(66, 30485, 'CCH Pounder', 'Mo''at', 'https://image.tmdb.org/t/p/original/c0ey32ObHhJIQVQYqGejaxOS23x.jpg') ON CONFLICT DO NOTHING;
INSERT INTO actors (mediaId, actorId , actorName, characterName, profilePath) VALUES(66, 36190, 'Edie Falco', 'General Frances Ardmore', 'https://image.tmdb.org/t/p/original/jS2Hnr5OmntpX0J7EpH70zAG0mz.jpg') ON CONFLICT DO NOTHING;
INSERT INTO actors (mediaId, actorId , actorName, characterName, profilePath) VALUES(66, 55936, 'Jemaine Clement', 'Dr. Ian Garvin', 'https://image.tmdb.org/t/p/original/6eiNbeurpHb2fxIeT0RrJ0wRI25.jpg') ON CONFLICT DO NOTHING;
INSERT INTO media (mediaId, type, name, originalLanguage, adult, releaseDate, overview, backdropPath, posterPath, trailerLink, tmdbRating, status) VALUES(67, false, 'The Black Book', 'en', False, '2023-09-22',  'After his son is wrongly accused of kidnapping, a deacon who has just lost his wife takes matters into his own hands and fights a crooked police gang to clear him.', 'https://image.tmdb.org/t/p/original/9WxqnP9c29wXd03sALSpxpTx8fk.jpg', 'https://image.tmdb.org/t/p/original/kn28W24slBLyGr8ZIZnxNE5YZrY.jpg', 'https://www.youtube.com/watch?v=E_f5GAMFfTM', 7.3, 'Released') ON CONFLICT DO NOTHING;
INSERT INTO movies (mediaId, runtime, budget, revenue, directorId, director) VALUES( 67, 124, 1000000, 0, 4244348, 'Editi Effiong') ON CONFLICT DO NOTHING;
INSERT INTO genres (mediaId, genre) VALUES(67, 'Mystery') ON CONFLICT DO NOTHING;
INSERT INTO genres (mediaId, genre) VALUES(67, 'Thriller') ON CONFLICT DO NOTHING;
INSERT INTO genres (mediaId, genre) VALUES(67, 'Action') ON CONFLICT DO NOTHING;
INSERT INTO actors (mediaId, actorId , actorName, characterName, profilePath) VALUES(67, 1349408, 'Richard Mofe-Damijo', 'Paul Edima', 'https://image.tmdb.org/t/p/original/ycEuQzNuKwTNiCniVR2X8YbPUWP.jpg') ON CONFLICT DO NOTHING;
INSERT INTO actors (mediaId, actorId , actorName, characterName, profilePath) VALUES(67, 2015409, 'Ade Laoye', 'Vic Kalu', 'https://image.tmdb.org/t/p/original/6oNvenBDraDXtsqRC2hJtUXpq9H.jpg') ON CONFLICT DO NOTHING;
INSERT INTO actors (mediaId, actorId , actorName, characterName, profilePath) VALUES(67, 4244344, 'Sam Dede', 'Angel', 'https://image.tmdb.org/t/p/original/3wRHFT3elJdv2mCRnE5YFvGDA8s.jpg') ON CONFLICT DO NOTHING;
INSERT INTO actors (mediaId, actorId , actorName, characterName, profilePath) VALUES(67, 4244345, 'Alex Usifo Omiagbo', 'General Isa', 'https://image.tmdb.org/t/p/original/hHk1y2cD9IksH405MJHV0obRT7f.jpg') ON CONFLICT DO NOTHING;
INSERT INTO actors (mediaId, actorId , actorName, characterName, profilePath) VALUES(67, 4244346, 'Shaffy Bello', 'Big Daddy', 'https://image.tmdb.org/t/p/original/n4rwGSfcZfiis9vpGptEoVYy01a.jpg') ON CONFLICT DO NOTHING;
INSERT INTO actors (mediaId, actorId , actorName, characterName, profilePath) VALUES(67, 4244347, 'Kelechi Udegbe', 'Officer Abayomi', 'https://image.tmdb.org/t/p/original/Atjpbfrs8g9SwtWBk0BHEO7gyzX.jpg') ON CONFLICT DO NOTHING;
INSERT INTO actors (mediaId, actorId , actorName, characterName, profilePath) VALUES(67, 2790054, 'Ikechukwu Onunaku', 'Deputy Commissioner', 'https://image.tmdb.org/t/p/original/jQQtzvq2mFfuPtCAA0rF0l59Wcg.jpg') ON CONFLICT DO NOTHING;
INSERT INTO actors (mediaId, actorId , actorName, characterName, profilePath) VALUES(67, 1559532, 'Taiwo Ajai-Lycett', 'Editor', 'https://image.tmdb.org/t/p/original/wM0B2mfBZvc19BFVEnl9Od4Uxqd.jpg') ON CONFLICT DO NOTHING;
INSERT INTO actors (mediaId, actorId , actorName, characterName, profilePath) VALUES(67, 1746323, 'Iretiola Doyle', 'Commissioner', 'https://image.tmdb.org/t/p/original/1qZZz6QPgpBmcWJIEeyDQ99EEsq.jpg') ON CONFLICT DO NOTHING;
INSERT INTO actors (mediaId, actorId , actorName, characterName, profilePath) VALUES(67, 1486477, 'Bimbo Akintola', 'Professor Craig', 'None') ON CONFLICT DO NOTHING;
INSERT INTO media (mediaId, type, name, originalLanguage, adult, releaseDate, overview, backdropPath, posterPath, trailerLink, tmdbRating, status) VALUES(68, false, 'Sakra', 'cn', False, '2023-01-16',  'Qiao Feng is the respected leader of a roving band of martial artists. After he is wrongfully accused of murder and subsequently exiled, Qiao Feng goes on the run in search of answers about his own mysterious origin story—and the unknown enemies working to destroy him from the shadows.', 'https://image.tmdb.org/t/p/original/rV56FkcHkzHJcBOOqoCeSDnoBff.jpg', 'https://image.tmdb.org/t/p/original/jGKCpt3zzbGZbgoza6HCvecqElM.jpg', 'https://www.youtube.com/watch?v=aHP_pyGtFIk', 6.6, 'Released') ON CONFLICT DO NOTHING;
INSERT INTO movies (mediaId, runtime, budget, revenue, directorId, director) VALUES( 68, 130, 0, 159959, 1341, 'Donnie Yen') ON CONFLICT DO NOTHING;
INSERT INTO genres (mediaId, genre) VALUES(68, 'Action') ON CONFLICT DO NOTHING;
INSERT INTO genres (mediaId, genre) VALUES(68, 'Drama') ON CONFLICT DO NOTHING;
INSERT INTO actors (mediaId, actorId , actorName, characterName, profilePath) VALUES(68, 1341, 'Donnie Yen', 'Qiao Feng / Xiao Feng', 'https://image.tmdb.org/t/p/original/hTlhrrZMj8hZVvD17j4KyAFWBHc.jpg') ON CONFLICT DO NOTHING;
INSERT INTO actors (mediaId, actorId , actorName, characterName, profilePath) VALUES(68, 2085448, 'Yukee Chen', 'A Zhu', 'https://image.tmdb.org/t/p/original/3E8eXz1CJsE34LZsmQt1V3jH2Y5.jpg') ON CONFLICT DO NOTHING;
INSERT INTO actors (mediaId, actorId , actorName, characterName, profilePath) VALUES(68, 1397017, 'Liu Yase', 'A Zi', 'https://image.tmdb.org/t/p/original/2UBsASN6G37pjZtjl0Zse6S74y9.jpg') ON CONFLICT DO NOTHING;
INSERT INTO actors (mediaId, actorId , actorName, characterName, profilePath) VALUES(68, 84205, 'Kara Wai Ying-Hung', 'Ruan Xingzhu', 'https://image.tmdb.org/t/p/original/6OV9kM62Y7M7EswtkpCThs0QAxg.jpg') ON CONFLICT DO NOTHING;
INSERT INTO actors (mediaId, actorId , actorName, characterName, profilePath) VALUES(68, 1800792, 'Wu Yue', 'Murong Fu', 'https://image.tmdb.org/t/p/original/hRePA3mh9mfAqX7SJ4rGxrNrxT7.jpg') ON CONFLICT DO NOTHING;
INSERT INTO actors (mediaId, actorId , actorName, characterName, profilePath) VALUES(68, 72732, 'Eddie Cheung', 'Duan Zhengchun', 'https://image.tmdb.org/t/p/original/jTrBt3y43LsO8XYsQnWg8bdwsP2.jpg') ON CONFLICT DO NOTHING;
INSERT INTO actors (mediaId, actorId , actorName, characterName, profilePath) VALUES(68, 1255467, 'Grace Wong', 'Mrs. Ma', 'https://image.tmdb.org/t/p/original/Ab9GO6Awb183qaSP9VxlVNWZpFg.jpg') ON CONFLICT DO NOTHING;
INSERT INTO actors (mediaId, actorId , actorName, characterName, profilePath) VALUES(68, 1571926, 'Yuming Du', 'Bai Shijing', 'https://image.tmdb.org/t/p/original/aqxa9aRrGOIiIcia0Vb3ErvXz4e.jpg') ON CONFLICT DO NOTHING;
INSERT INTO actors (mediaId, actorId , actorName, characterName, profilePath) VALUES(68, 78877, 'Ray Lui', 'Murong Bo', 'https://image.tmdb.org/t/p/original/v6KV1Ib7ck9noPdwL6L2lAozeak.jpg') ON CONFLICT DO NOTHING;
INSERT INTO actors (mediaId, actorId , actorName, characterName, profilePath) VALUES(68, 1145614, 'Tsui Siu-Ming', 'Jiu Mozhi', 'https://image.tmdb.org/t/p/original/aY9b2ucIGylE3d7a1GNALk8qwH.jpg') ON CONFLICT DO NOTHING;
INSERT INTO media (mediaId, type, name, originalLanguage, adult, releaseDate, overview, backdropPath, posterPath, trailerLink, tmdbRating, status) VALUES(69, false, 'Just Super', 'no', False, '2022-09-30',  'Eleven year old gaming enthusiast Hedvig finds her life turned upside down when she must step into the shoes of her father, who is the town’s secret superhero, sooner than expected. Little does she know, this will lead her on a journey of self-discovery through which she will uncover her inner hero, despite a lack of super strength, speed or coordination.', 'https://image.tmdb.org/t/p/original/o7eWnlIgPkCbBBIYlGIiQLTvJpI.jpg', 'https://image.tmdb.org/t/p/original/iZxqMQTIQ6HYOzyeiDxYYtyj4H7.jpg', 'https://www.youtube.com/watch?v=VmVeW7gQmYU', 5.6, 'Released') ON CONFLICT DO NOTHING;
INSERT INTO movies (mediaId, runtime, budget, revenue, directorId, director) VALUES( 69, 76, 3800000, 2013434, 81397, 'Rasmus A. Sivertsen') ON CONFLICT DO NOTHING;
INSERT INTO genres (mediaId, genre) VALUES(69, 'Animation') ON CONFLICT DO NOTHING;
INSERT INTO genres (mediaId, genre) VALUES(69, 'Family') ON CONFLICT DO NOTHING;
INSERT INTO genres (mediaId, genre) VALUES(69, 'Fantasy') ON CONFLICT DO NOTHING;
INSERT INTO actors (mediaId, actorId , actorName, characterName, profilePath) VALUES(69, 3925820, 'Hennika Eggum Huuse', 'Hedvig', 'None') ON CONFLICT DO NOTHING;
INSERT INTO actors (mediaId, actorId , actorName, characterName, profilePath) VALUES(69, 2360427, 'Todd Bishop Monrad Vistven', 'Thomas', 'None') ON CONFLICT DO NOTHING;
INSERT INTO actors (mediaId, actorId , actorName, characterName, profilePath) VALUES(69, 3925821, 'Johannes Kjærnes', 'Adrian', 'None') ON CONFLICT DO NOTHING;
INSERT INTO actors (mediaId, actorId , actorName, characterName, profilePath) VALUES(69, 559195, 'Tobias Santelmann', 'Super Lion', 'https://image.tmdb.org/t/p/original/wDsLQNsG4WWvwE6pwtV0FhL5JZt.jpg') ON CONFLICT DO NOTHING;
INSERT INTO actors (mediaId, actorId , actorName, characterName, profilePath) VALUES(69, 73552, 'Kari Simonsen', 'Grandma', 'https://image.tmdb.org/t/p/original/6rMV5Aq3voOcmAdo6MGNn2BFqJj.jpg') ON CONFLICT DO NOTHING;
INSERT INTO actors (mediaId, actorId , actorName, characterName, profilePath) VALUES(69, 1962051, 'Henriette Friis Marø', 'Teacher', 'https://image.tmdb.org/t/p/original/mc1Wk57XkQmKKGCz8ATCLw6pcH9.jpg') ON CONFLICT DO NOTHING;
INSERT INTO actors (mediaId, actorId , actorName, characterName, profilePath) VALUES(69, 146133, 'Line Verndal', 'Aunt', 'https://image.tmdb.org/t/p/original/kZSQyDXIdS41ACkFX4tf1GzQYNu.jpg') ON CONFLICT DO NOTHING;
INSERT INTO actors (mediaId, actorId , actorName, characterName, profilePath) VALUES(69, 81401, 'Atle Antonsen', 'Uncle', 'https://image.tmdb.org/t/p/original/raqadP6yLilB068ugOBSUAqnRtW.jpg') ON CONFLICT DO NOTHING;
INSERT INTO actors (mediaId, actorId , actorName, characterName, profilePath) VALUES(69, 2758535, 'Desta Marie Beeder', 'News Reporter', 'None') ON CONFLICT DO NOTHING;
INSERT INTO actors (mediaId, actorId , actorName, characterName, profilePath) VALUES(69, 76917, 'Charlotte Frogner', 'Mom', 'https://image.tmdb.org/t/p/original/xAaBmAepMzWoHuoI5sl1feYEKYx.jpg') ON CONFLICT DO NOTHING;
INSERT INTO media (mediaId, type, name, originalLanguage, adult, releaseDate, overview, backdropPath, posterPath, trailerLink, tmdbRating, status) VALUES(70, false, 'Puss in Boots: The Last Wish', 'en', False, '2022-12-07',  'Puss in Boots discovers that his passion for adventure has taken its toll: He has burned through eight of his nine lives, leaving him with only one life left. Puss sets out on an epic journey to find the mythical Last Wish and restore his nine lives.', 'https://image.tmdb.org/t/p/original/b1Y8SUb12gPHCSSSNlbX4nB3IKy.jpg', 'https://image.tmdb.org/t/p/original/kuf6dutpsT0vSVehic3EZIqkOBt.jpg', 'https://www.youtube.com/watch?v=tHb7WlgyaUc', 8.3, 'Released') ON CONFLICT DO NOTHING;
INSERT INTO movies (mediaId, runtime, budget, revenue, directorId, director) VALUES( 70, 103, 90000000, 482129780, 1450348, 'Joel Crawford') ON CONFLICT DO NOTHING;
INSERT INTO genres (mediaId, genre) VALUES(70, 'Adventure') ON CONFLICT DO NOTHING;
INSERT INTO genres (mediaId, genre) VALUES(70, 'Fantasy') ON CONFLICT DO NOTHING;
INSERT INTO genres (mediaId, genre) VALUES(70, 'Animation') ON CONFLICT DO NOTHING;
INSERT INTO genres (mediaId, genre) VALUES(70, 'Comedy') ON CONFLICT DO NOTHING;
INSERT INTO genres (mediaId, genre) VALUES(70, 'Family') ON CONFLICT DO NOTHING;
INSERT INTO genres (mediaId, genre) VALUES(70, 'Action') ON CONFLICT DO NOTHING;
INSERT INTO actors (mediaId, actorId , actorName, characterName, profilePath) VALUES(70, 3131, 'Antonio Banderas', 'Puss in Boots (voice)', 'https://image.tmdb.org/t/p/original/n8YlGookYzgD3cmpMP45BYRNIoh.jpg') ON CONFLICT DO NOTHING;
INSERT INTO actors (mediaId, actorId , actorName, characterName, profilePath) VALUES(70, 3136, 'Salma Hayek Pinault', 'Kitty Softpaws (voice)', 'https://image.tmdb.org/t/p/original/u4AR1MJnanaauWcQrzV15UyABb3.jpg') ON CONFLICT DO NOTHING;
INSERT INTO actors (mediaId, actorId , actorName, characterName, profilePath) VALUES(70, 210172, 'Harvey Guillén', 'Perrito (voice)', 'https://image.tmdb.org/t/p/original/yiNBonobPwqMVweB02JWufzp2l9.jpg') ON CONFLICT DO NOTHING;
INSERT INTO actors (mediaId, actorId , actorName, characterName, profilePath) VALUES(70, 52583, 'Wagner Moura', 'Wolf (voice)', 'https://image.tmdb.org/t/p/original/yJjV1ZCQbCSSgRy05FncCKjyaY4.jpg') ON CONFLICT DO NOTHING;
INSERT INTO actors (mediaId, actorId , actorName, characterName, profilePath) VALUES(70, 1373737, 'Florence Pugh', 'Goldilocks (voice)', 'https://image.tmdb.org/t/p/original/c03E1GI4lCQ19WqZ4G4Da9CUFNH.jpg') ON CONFLICT DO NOTHING;
INSERT INTO actors (mediaId, actorId , actorName, characterName, profilePath) VALUES(70, 39187, 'Olivia Colman', 'Mama Bear (voice)', 'https://image.tmdb.org/t/p/original/4ZwZ66zXZyX26Kf2wfeMt1tQZQf.jpg') ON CONFLICT DO NOTHING;
INSERT INTO actors (mediaId, actorId , actorName, characterName, profilePath) VALUES(70, 5538, 'Ray Winstone', 'Papa Bear (voice)', 'https://image.tmdb.org/t/p/original/hhKZGnu66EXC0nDYzjErMs62ETb.jpg') ON CONFLICT DO NOTHING;
INSERT INTO actors (mediaId, actorId , actorName, characterName, profilePath) VALUES(70, 1346535, 'Samson Kayo', 'Baby Bear (voice)', 'https://image.tmdb.org/t/p/original/jyGT8cgl6MEANOpRKoHgXaC1yp6.jpg') ON CONFLICT DO NOTHING;
INSERT INTO actors (mediaId, actorId , actorName, characterName, profilePath) VALUES(70, 933558, 'John Mulaney', 'Jack Horner (voice)', 'https://image.tmdb.org/t/p/original/fag9JGgIVSeraG4FQ4WSmq4qCIA.jpg') ON CONFLICT DO NOTHING;
INSERT INTO actors (mediaId, actorId , actorName, characterName, profilePath) VALUES(70, 1180099, 'Da''Vine Joy Randolph', 'Mama Luna (voice)', 'https://image.tmdb.org/t/p/original/awNT6lltD8zItbGtolmO8IGT8ot.jpg') ON CONFLICT DO NOTHING;
INSERT INTO providers (mediaId, providerId, providerName, logoPath) VALUES( 70, 3, 'Google Play Movies', 'https://image.tmdb.org/t/p/original/tbEdFQDwx5LEVr8WpSeXQSIirVq.jpg') ON CONFLICT DO NOTHING;
INSERT INTO providers (mediaId, providerId, providerName, logoPath) VALUES( 70, 339, 'Movistar Play', 'https://image.tmdb.org/t/p/original/cDzkhgvozSr4GW2aRdV22uDuFpw.jpg') ON CONFLICT DO NOTHING;
INSERT INTO providers (mediaId, providerId, providerName, logoPath) VALUES( 70, 167, 'Claro video', 'https://image.tmdb.org/t/p/original/lJT7r1nprk1Z8t1ywiIa8h9d3rc.jpg') ON CONFLICT DO NOTHING;
INSERT INTO media (mediaId, type, name, originalLanguage, adult, releaseDate, overview, backdropPath, posterPath, trailerLink, tmdbRating, status) VALUES(71, false, 'Detective Conan: Black Iron Submarine', 'ja', False, '2023-04-14',  'The 26th movie entry in the “Detective Conan” franchise.', 'https://image.tmdb.org/t/p/original/zZnsfR6BRqtxyLyAhsi2TMukEBx.jpg', 'https://image.tmdb.org/t/p/original/hKefTFkTFK90xEDchURKPp3S3gN.jpg', 'None', 6.4, 'Released') ON CONFLICT DO NOTHING;
INSERT INTO movies (mediaId, runtime, budget, revenue, directorId, director) VALUES( 71, 110, 0, 0, 1144885, 'Yuzuru Tachikawa') ON CONFLICT DO NOTHING;
INSERT INTO genres (mediaId, genre) VALUES(71, 'Animation') ON CONFLICT DO NOTHING;
INSERT INTO genres (mediaId, genre) VALUES(71, 'Action') ON CONFLICT DO NOTHING;
INSERT INTO genres (mediaId, genre) VALUES(71, 'Crime') ON CONFLICT DO NOTHING;
INSERT INTO genres (mediaId, genre) VALUES(71, 'Mystery') ON CONFLICT DO NOTHING;
INSERT INTO actors (mediaId, actorId , actorName, characterName, profilePath) VALUES(71, 68470, 'Minami Takayama', 'Conan Edogawa (voice)', 'https://image.tmdb.org/t/p/original/fDfP8TG6Sbosxc8zkz5xj7wkUrE.jpg') ON CONFLICT DO NOTHING;
INSERT INTO actors (mediaId, actorId , actorName, characterName, profilePath) VALUES(71, 87582, 'Wakana Yamazaki', 'Ran Mouri (voice)', 'https://image.tmdb.org/t/p/original/7BKB03wUE66hSUTUpUKBQ6djYsA.jpg') ON CONFLICT DO NOTHING;
INSERT INTO actors (mediaId, actorId , actorName, characterName, profilePath) VALUES(71, 237076, 'Rikiya Koyama', 'Kogoro Mouri (voice)', 'https://image.tmdb.org/t/p/original/hsZm87BORLpzhaycBaWOD5xpjVC.jpg') ON CONFLICT DO NOTHING;
INSERT INTO actors (mediaId, actorId , actorName, characterName, profilePath) VALUES(71, 40325, 'Megumi Hayashibara', 'Ai Haibara (voice)', 'https://image.tmdb.org/t/p/original/wqwCa9PNUBXPuN9MpSnYq2dz740.jpg') ON CONFLICT DO NOTHING;
INSERT INTO actors (mediaId, actorId , actorName, characterName, profilePath) VALUES(71, 90561, 'Shuichi Ikeda', 'Shuichi Akai (voice)', 'https://image.tmdb.org/t/p/original/b6jZTV9sGC0W5ZuMTuDj1rF4VN9.jpg') ON CONFLICT DO NOTHING;
INSERT INTO actors (mediaId, actorId , actorName, characterName, profilePath) VALUES(71, 89968, 'Kazuhiko Inoue', 'Ninzaburo Shiratori (voice)', 'https://image.tmdb.org/t/p/original/kRndwjOOlNi84NqIGbnitpJCQ6k.jpg') ON CONFLICT DO NOTHING;
INSERT INTO actors (mediaId, actorId , actorName, characterName, profilePath) VALUES(71, 142704, 'Kenichi Ogata', 'Hiroshi Agasa (voice)', 'https://image.tmdb.org/t/p/original/rTk93s0IfeUV8cvKc9BsJbrSBGV.jpg') ON CONFLICT DO NOTHING;
INSERT INTO actors (mediaId, actorId , actorName, characterName, profilePath) VALUES(71, 101914, 'Atsuko Yuya', 'Miwako Sato (voice)', 'https://image.tmdb.org/t/p/original/hociwUP9rYQfqXpAnYDrXqJLoBX.jpg') ON CONFLICT DO NOTHING;
INSERT INTO actors (mediaId, actorId , actorName, characterName, profilePath) VALUES(71, 1244239, 'Yukimasa Kishino', 'Hyoe Kuroda (voice)', 'https://image.tmdb.org/t/p/original/As1ozKRaq1NYqdRTsO8u7HWFk1T.jpg') ON CONFLICT DO NOTHING;
INSERT INTO actors (mediaId, actorId , actorName, characterName, profilePath) VALUES(71, 101912, 'Yukitoshi Hori', 'Gin (voice)', 'https://image.tmdb.org/t/p/original/ygck090UXAWoRvFuakktMdRSsxO.jpg') ON CONFLICT DO NOTHING;
INSERT INTO media (mediaId, type, name, originalLanguage, adult, releaseDate, overview, backdropPath, posterPath, trailerLink, tmdbRating, status) VALUES(72, false, 'Ogre', 'fr', False, '2022-04-20',  'Six-year-old Jules and his mother Chloé land in deserted French countryside. To start a new life, far from a painful past, she has accepted to take over the village school. But the apparently quiet community is consumed by the unexplained disappearance of a little boy months ago. Mathieu, the town doctor, is not insensible to the newcomer’s charm. As he becomes closer to Chloé, her son Jules grows increasingly anxious. He knows it, he can feel it: Mathieu is the beast, that now wants to devour him and take his mother away.', 'https://image.tmdb.org/t/p/original/neAZmJsaLDG0he8SzcGbWqK1JZE.jpg', 'https://image.tmdb.org/t/p/original/3QxtIzY8vRI4FV2hHUNrN9JifYf.jpg', 'None', 5.1, 'Released') ON CONFLICT DO NOTHING;
INSERT INTO movies (mediaId, runtime, budget, revenue, directorId, director) VALUES( 72, 103, 0, 0, 114714, 'Arnaud Malherbe') ON CONFLICT DO NOTHING;
INSERT INTO genres (mediaId, genre) VALUES(72, 'Horror') ON CONFLICT DO NOTHING;
INSERT INTO genres (mediaId, genre) VALUES(72, 'Fantasy') ON CONFLICT DO NOTHING;
INSERT INTO genres (mediaId, genre) VALUES(72, 'Drama') ON CONFLICT DO NOTHING;
INSERT INTO actors (mediaId, actorId , actorName, characterName, profilePath) VALUES(72, 228714, 'Ana Girardot', 'Chloé', 'https://image.tmdb.org/t/p/original/qx8HdKe1oOm9qBw5ak76Qksr8O0.jpg') ON CONFLICT DO NOTHING;
INSERT INTO actors (mediaId, actorId , actorName, characterName, profilePath) VALUES(72, 223325, 'Samuel Jouy', 'Mathieu', 'https://image.tmdb.org/t/p/original/kNJWfwSMX4cwz8CduxGNtb4MSlw.jpg') ON CONFLICT DO NOTHING;
INSERT INTO actors (mediaId, actorId , actorName, characterName, profilePath) VALUES(72, 4259385, 'Giovanni Pucci', 'Jules', 'https://image.tmdb.org/t/p/original/u2w0PYRZ9xTia4OzCYmNgYS2aKw.jpg') ON CONFLICT DO NOTHING;
INSERT INTO actors (mediaId, actorId , actorName, characterName, profilePath) VALUES(72, 2066064, 'Fabien Houssaye', 'Ogre', 'https://image.tmdb.org/t/p/original/XQ210kXl5VyQxW8Rgafbkz4Tmo.jpg') ON CONFLICT DO NOTHING;
INSERT INTO actors (mediaId, actorId , actorName, characterName, profilePath) VALUES(72, 3430502, 'Albertine Rivière', 'Alice', 'None') ON CONFLICT DO NOTHING;
INSERT INTO actors (mediaId, actorId , actorName, characterName, profilePath) VALUES(72, 3477335, 'Félix Malherbe', '', 'None') ON CONFLICT DO NOTHING;
INSERT INTO actors (mediaId, actorId , actorName, characterName, profilePath) VALUES(72, 3477337, 'Emile Thenard', '', 'None') ON CONFLICT DO NOTHING;
INSERT INTO actors (mediaId, actorId , actorName, characterName, profilePath) VALUES(72, 3477338, 'Roman Malherbe', '', 'None') ON CONFLICT DO NOTHING;
INSERT INTO actors (mediaId, actorId , actorName, characterName, profilePath) VALUES(72, 3477340, 'Charlie Thenard', '', 'None') ON CONFLICT DO NOTHING;
INSERT INTO actors (mediaId, actorId , actorName, characterName, profilePath) VALUES(72, 3477341, 'Claire Marin', '', 'None') ON CONFLICT DO NOTHING;
INSERT INTO media (mediaId, type, name, originalLanguage, adult, releaseDate, overview, backdropPath, posterPath, trailerLink, tmdbRating, status) VALUES(73, false, 'Adipurush', 'hi', False, '2023-06-16',  '7000 years ago, Ayodhya''s Prince Raghava and Prince Sesh along with the Mighty Vanar Warriors travels to the island of Lanka with an aim to rescue Raghava''s wife Janaki, who has been abducted by Lankesh, the king of Lanka.', 'https://image.tmdb.org/t/p/original/2QL5j6mB4ZpyBcVr0WO9H9MQGBu.jpg', 'https://image.tmdb.org/t/p/original/bNY8xxtLm0HtdPS0kBttK3WKGQf.jpg', 'None', 5.4, 'Released') ON CONFLICT DO NOTHING;
INSERT INTO movies (mediaId, runtime, budget, revenue, directorId, director) VALUES( 73, 179, 63000000, 43000000, 1407759, 'Om Raut') ON CONFLICT DO NOTHING;
INSERT INTO genres (mediaId, genre) VALUES(73, 'Action') ON CONFLICT DO NOTHING;
INSERT INTO genres (mediaId, genre) VALUES(73, 'Adventure') ON CONFLICT DO NOTHING;
INSERT INTO genres (mediaId, genre) VALUES(73, 'Drama') ON CONFLICT DO NOTHING;
INSERT INTO genres (mediaId, genre) VALUES(73, 'Fantasy') ON CONFLICT DO NOTHING;
INSERT INTO actors (mediaId, actorId , actorName, characterName, profilePath) VALUES(73, 237045, 'Prabhas', 'Raghava', 'https://image.tmdb.org/t/p/original/6naZ3oybdCtfggc5pTrcBDxOXrP.jpg') ON CONFLICT DO NOTHING;
INSERT INTO actors (mediaId, actorId , actorName, characterName, profilePath) VALUES(73, 35747, 'Saif Ali Khan', 'Ravan "Lankesh"', 'https://image.tmdb.org/t/p/original/85uKiFDEcIqzLh0GwqYvecXw4uA.jpg') ON CONFLICT DO NOTHING;
INSERT INTO actors (mediaId, actorId , actorName, characterName, profilePath) VALUES(73, 1285028, 'Kriti Sanon', 'Janaki', 'https://image.tmdb.org/t/p/original/go8GUz7poytTvm9P9HNHQ3T84N1.jpg') ON CONFLICT DO NOTHING;
INSERT INTO actors (mediaId, actorId , actorName, characterName, profilePath) VALUES(73, 1521297, 'Sunny Singh Nijjar', 'Sesh', 'https://image.tmdb.org/t/p/original/4twDvnGB7lGUevvYDyAuBmOleCl.jpg') ON CONFLICT DO NOTHING;
INSERT INTO actors (mediaId, actorId , actorName, characterName, profilePath) VALUES(73, 2506596, 'Devdatta Nage', 'Bajarang', 'None') ON CONFLICT DO NOTHING;
INSERT INTO actors (mediaId, actorId , actorName, characterName, profilePath) VALUES(73, 86303, 'Vatsal Sheth', 'Meghanadha "Indrajit"', 'https://image.tmdb.org/t/p/original/50kldCcqZd1ihT0SPILc52LCUnb.jpg') ON CONFLICT DO NOTHING;
INSERT INTO actors (mediaId, actorId , actorName, characterName, profilePath) VALUES(73, 1251481, 'Siddhant Karnick', 'Vibhishana', 'None') ON CONFLICT DO NOTHING;
INSERT INTO actors (mediaId, actorId , actorName, characterName, profilePath) VALUES(73, 2885539, 'Gaurrav Walia', 'Sugriva', 'None') ON CONFLICT DO NOTHING;
INSERT INTO actors (mediaId, actorId , actorName, characterName, profilePath) VALUES(73, 4210398, 'Roopesh Jadhav', 'Jambavan', 'None') ON CONFLICT DO NOTHING;
INSERT INTO actors (mediaId, actorId , actorName, characterName, profilePath) VALUES(73, 4210402, 'Manohar Pandey', 'Angad', 'None') ON CONFLICT DO NOTHING;
INSERT INTO media (mediaId, type, name, originalLanguage, adult, releaseDate, overview, backdropPath, posterPath, trailerLink, tmdbRating, status) VALUES(74, false, 'Make Me Scream', 'en', False, '2023-10-02',  'In this hilariously horrifying Halloween special hosted by Tempestt Bledsoe and Darryl M. Bell, three celebrity teams led by Jaleel White, Shoniqua Shandai, and Lil’ Xan, embark on a gruesome game of terror. A game where they must face a series of bone-chilling scare zones while trying NOT to scream! The team with the lowest score survives the night and takes home the prestigious Medal of Mayhem.', 'https://image.tmdb.org/t/p/original/6oD7RTYoZFioq7TAE0l6BeZjrTc.jpg', 'https://image.tmdb.org/t/p/original/6IcIsDrjvC0C4Gm1MG74858buQd.jpg', 'https://www.youtube.com/watch?v=u_PWDcuDhgg', 6.2, 'Released') ON CONFLICT DO NOTHING;
INSERT INTO movies (mediaId, runtime, budget, revenue, directorId, director) VALUES( 74, 0, 0, 0, 1496407, 'Edgar Martin') ON CONFLICT DO NOTHING;
INSERT INTO genres (mediaId, genre) VALUES(74, 'Comedy') ON CONFLICT DO NOTHING;
INSERT INTO actors (mediaId, actorId , actorName, characterName, profilePath) VALUES(74, 92087, 'Tempestt Bledsoe', 'Self - Host', 'https://image.tmdb.org/t/p/original/3HTnEKD1MZ8TZrOrgAyThBgx78T.jpg') ON CONFLICT DO NOTHING;
INSERT INTO actors (mediaId, actorId , actorName, characterName, profilePath) VALUES(74, 102708, 'Darryl M. Bell', 'Self - Host', 'https://image.tmdb.org/t/p/original/XwJmdye7UTj256CHUXsJebHsrS.jpg') ON CONFLICT DO NOTHING;
INSERT INTO actors (mediaId, actorId , actorName, characterName, profilePath) VALUES(74, 87079, 'Jaleel White', 'Self', 'https://image.tmdb.org/t/p/original/txSsldskYkO4PbxKML8NvUq2sCk.jpg') ON CONFLICT DO NOTHING;
INSERT INTO actors (mediaId, actorId , actorName, characterName, profilePath) VALUES(74, 1467968, 'Shoniqua Shandai', 'Self', 'https://image.tmdb.org/t/p/original/qhcKzPEPusgPkcHV8MmDUrBRKde.jpg') ON CONFLICT DO NOTHING;
INSERT INTO actors (mediaId, actorId , actorName, characterName, profilePath) VALUES(74, 4092596, 'Lil Xan', 'Self', 'None') ON CONFLICT DO NOTHING;
INSERT INTO media (mediaId, type, name, originalLanguage, adult, releaseDate, overview, backdropPath, posterPath, trailerLink, tmdbRating, status) VALUES(75, false, 'Insidious: The Red Door', 'en', False, '2023-07-05',  'To put their demons to rest once and for all, Josh Lambert and a college-aged Dalton Lambert must go deeper into The Further than ever before, facing their family''s dark past and a host of new and more horrifying terrors that lurk behind the red door.', 'https://image.tmdb.org/t/p/original/hPcP1kv6vrkRmQO3YgV1H97FE5Q.jpg', 'https://image.tmdb.org/t/p/original/d07phJqCx6z5wILDYqkyraorDPi.jpg', 'https://www.youtube.com/watch?v=gexw4P68kbg', 6.8, 'Released') ON CONFLICT DO NOTHING;
INSERT INTO movies (mediaId, runtime, budget, revenue, directorId, director) VALUES( 75, 107, 16000000, 185582093, 17178, 'Patrick Wilson') ON CONFLICT DO NOTHING;
INSERT INTO genres (mediaId, genre) VALUES(75, 'Horror') ON CONFLICT DO NOTHING;
INSERT INTO genres (mediaId, genre) VALUES(75, 'Mystery') ON CONFLICT DO NOTHING;
INSERT INTO genres (mediaId, genre) VALUES(75, 'Thriller') ON CONFLICT DO NOTHING;
INSERT INTO actors (mediaId, actorId , actorName, characterName, profilePath) VALUES(75, 17181, 'Ty Simpkins', 'Dalton Lambert', 'https://image.tmdb.org/t/p/original/iGPK0aZeKBkyBAjg7zl7AoZ7r2l.jpg') ON CONFLICT DO NOTHING;
INSERT INTO actors (mediaId, actorId , actorName, characterName, profilePath) VALUES(75, 17178, 'Patrick Wilson', 'Josh Lambert', 'https://image.tmdb.org/t/p/original/tc1ezEfIY8BhCy85svOUDtpBFPt.jpg') ON CONFLICT DO NOTHING;
INSERT INTO actors (mediaId, actorId , actorName, characterName, profilePath) VALUES(75, 9827, 'Rose Byrne', 'Renai Lambert', 'https://image.tmdb.org/t/p/original/4oQWCLK7gd6RNKF0WJipJo7TyFP.jpg') ON CONFLICT DO NOTHING;
INSERT INTO actors (mediaId, actorId , actorName, characterName, profilePath) VALUES(75, 7401, 'Lin Shaye', 'Elise Rainier', 'https://image.tmdb.org/t/p/original/aL87Za52elH81zMiXQn5C7AXAeg.jpg') ON CONFLICT DO NOTHING;
INSERT INTO actors (mediaId, actorId , actorName, characterName, profilePath) VALUES(75, 3704264, 'Sinclair Daniel', 'Chris Winslow', 'https://image.tmdb.org/t/p/original/lvlGYC70bTyfbRLbj4b8YyMk4Xi.jpg') ON CONFLICT DO NOTHING;
INSERT INTO actors (mediaId, actorId , actorName, characterName, profilePath) VALUES(75, 765, 'Hiam Abbass', 'Professor Armagan', 'https://image.tmdb.org/t/p/original/hkzC5aJKTiuCchBpybaHDVngYZW.jpg') ON CONFLICT DO NOTHING;
INSERT INTO actors (mediaId, actorId , actorName, characterName, profilePath) VALUES(75, 208524, 'Andrew Astor', 'Foster Lambert', 'https://image.tmdb.org/t/p/original/8rXmfA1QfycVOq4gQeSMHpacGtX.jpg') ON CONFLICT DO NOTHING;
INSERT INTO actors (mediaId, actorId , actorName, characterName, profilePath) VALUES(75, 1919708, 'Juliana Davies', 'Kali Lambert', 'https://image.tmdb.org/t/p/original/zqMiuHWScYXCgD7SV9UcFx0NvyM.jpg') ON CONFLICT DO NOTHING;
INSERT INTO actors (mediaId, actorId , actorName, characterName, profilePath) VALUES(75, 80619, 'Steve Coulter', 'Carl', 'https://image.tmdb.org/t/p/original/5bK6a5Cfy5DxVoNpzt4nbhUUW85.jpg') ON CONFLICT DO NOTHING;
INSERT INTO actors (mediaId, actorId , actorName, characterName, profilePath) VALUES(75, 3651651, 'Peter Dager', 'Nick the Dick', 'None') ON CONFLICT DO NOTHING;
INSERT INTO providers (mediaId, providerId, providerName, logoPath) VALUES( 75, 3, 'Google Play Movies', 'https://image.tmdb.org/t/p/original/tbEdFQDwx5LEVr8WpSeXQSIirVq.jpg') ON CONFLICT DO NOTHING;
INSERT INTO media (mediaId, type, name, originalLanguage, adult, releaseDate, overview, backdropPath, posterPath, trailerLink, tmdbRating, status) VALUES(76, false, 'Two Of A Kind', 'fr', False, '2022-09-28',  'Grégoire Beaulieu learns that he has a twin brother: Anthony Girard. Gregoire is bourgeois, ambitious and promised to a great career, Anthony has no prospect and lives of shenanigans. The two brothers couldn’t be more opposite. Especially when one is white and the other is black !', 'https://image.tmdb.org/t/p/original/trG2UvJajnAVpVyX1beqkf7ww5P.jpg', 'https://image.tmdb.org/t/p/original/xIRF6tXBhOGfbhNreRW7vtV1Wxk.jpg', 'None', 5.8, 'Released') ON CONFLICT DO NOTHING;
INSERT INTO movies (mediaId, runtime, budget, revenue, directorId, director) VALUES( 76, 98, 6200000, 0, 1447639, 'Wilfried Méance') ON CONFLICT DO NOTHING;
INSERT INTO genres (mediaId, genre) VALUES(76, 'Comedy') ON CONFLICT DO NOTHING;
INSERT INTO actors (mediaId, actorId , actorName, characterName, profilePath) VALUES(76, 1332481, 'Ahmed Sylla', 'Anthony Girard', 'https://image.tmdb.org/t/p/original/38DD74BMJ4PEebdKhtAGzrQyLwd.jpg') ON CONFLICT DO NOTHING;
INSERT INTO actors (mediaId, actorId , actorName, characterName, profilePath) VALUES(76, 2025939, 'Bertrand Usclat', 'Grégoire Beaulieu', 'https://image.tmdb.org/t/p/original/tJIe07omBUTrCBE4x2VSWQJWyBr.jpg') ON CONFLICT DO NOTHING;
INSERT INTO actors (mediaId, actorId , actorName, characterName, profilePath) VALUES(76, 2112198, 'Pauline Clément', 'Noémie Vignon', 'https://image.tmdb.org/t/p/original/3FZA5Q1fN7U0knqLnDEWHqNKRJ6.jpg') ON CONFLICT DO NOTHING;
INSERT INTO actors (mediaId, actorId , actorName, characterName, profilePath) VALUES(76, 21171, 'Gérard Jugnot', 'Patrice Beaulieu', 'https://image.tmdb.org/t/p/original/lzhsTTRrlOCkxombuKHusukGOjz.jpg') ON CONFLICT DO NOTHING;
INSERT INTO actors (mediaId, actorId , actorName, characterName, profilePath) VALUES(76, 78475, 'Isabelle Gélinas', 'Patricia Beaulieu', 'https://image.tmdb.org/t/p/original/xdoOUJxr1RoCVsBxSNObftAvBGr.jpg') ON CONFLICT DO NOTHING;
INSERT INTO actors (mediaId, actorId , actorName, characterName, profilePath) VALUES(76, 78421, 'Nicolas Marié', 'Gérald Morand', 'https://image.tmdb.org/t/p/original/qbfZbRhyAi3rgerGmxoXAvQbQN8.jpg') ON CONFLICT DO NOTHING;
INSERT INTO actors (mediaId, actorId , actorName, characterName, profilePath) VALUES(76, 38898, 'Jean-Luc Bideau', 'Paul Girard', 'https://image.tmdb.org/t/p/original/gu7ATNYO4iAwJavdUJaW66P0BVF.jpg') ON CONFLICT DO NOTHING;
INSERT INTO actors (mediaId, actorId , actorName, characterName, profilePath) VALUES(76, 119199, 'Claude Perron', 'Claire', 'https://image.tmdb.org/t/p/original/dyR2HjTzWo5qBqUs5msvowQpeu5.jpg') ON CONFLICT DO NOTHING;
INSERT INTO actors (mediaId, actorId , actorName, characterName, profilePath) VALUES(76, 2287229, 'Marc Riso', 'Maître Fraises', 'https://image.tmdb.org/t/p/original/uJnK2ciQnRkfHQUz5E5YrLvi94u.jpg') ON CONFLICT DO NOTHING;
INSERT INTO actors (mediaId, actorId , actorName, characterName, profilePath) VALUES(76, 1384472, 'Romain Lancry', 'Mathieu', 'https://image.tmdb.org/t/p/original/6R0FtemGt29oxQuZzCTrsSvGc6f.jpg') ON CONFLICT DO NOTHING;
INSERT INTO media (mediaId, type, name, originalLanguage, adult, releaseDate, overview, backdropPath, posterPath, trailerLink, tmdbRating, status) VALUES(77, false, 'The Equalizer', 'en', False, '2014-09-24',  'McCall believes he has put his mysterious past behind him and dedicated himself to beginning a new, quiet life. But when he meets Teri, a young girl under the control of ultra-violent Russian gangsters, he can’t stand idly by – he has to help her. Armed with hidden skills that allow him to serve vengeance against anyone who would brutalize the helpless, McCall comes out of his self-imposed retirement and finds his desire for justice reawakened. If someone has a problem, if the odds are stacked against them, if they have nowhere else to turn, McCall will help. He is The Equalizer.', 'https://image.tmdb.org/t/p/original/wHytVsfAZsVDAcABd6iQGmE2j29.jpg', 'https://image.tmdb.org/t/p/original/9u4yW7yPA0BQ2pv9XwiNzItwvp8.jpg', 'https://www.youtube.com/watch?v=VjctHUEmutw', 7.2, 'Released') ON CONFLICT DO NOTHING;
INSERT INTO movies (mediaId, runtime, budget, revenue, directorId, director) VALUES( 77, 132, 55000000, 192330738, 20907, 'Antoine Fuqua') ON CONFLICT DO NOTHING;
INSERT INTO genres (mediaId, genre) VALUES(77, 'Thriller') ON CONFLICT DO NOTHING;
INSERT INTO genres (mediaId, genre) VALUES(77, 'Action') ON CONFLICT DO NOTHING;
INSERT INTO genres (mediaId, genre) VALUES(77, 'Crime') ON CONFLICT DO NOTHING;
INSERT INTO actors (mediaId, actorId , actorName, characterName, profilePath) VALUES(77, 5292, 'Denzel Washington', 'Robert McCall', 'https://image.tmdb.org/t/p/original/jj2Gcobpopokal0YstuCQW0ldJ4.jpg') ON CONFLICT DO NOTHING;
INSERT INTO actors (mediaId, actorId , actorName, characterName, profilePath) VALUES(77, 20982, 'Marton Csokas', 'Teddy', 'https://image.tmdb.org/t/p/original/jKtjjwf8MHnUsQ3YA56LH9pJjee.jpg') ON CONFLICT DO NOTHING;
INSERT INTO actors (mediaId, actorId , actorName, characterName, profilePath) VALUES(77, 56734, 'Chloë Grace Moretz', 'Teri', 'https://image.tmdb.org/t/p/original/uIlu8tHJahd605Tknh9XbTbuptR.jpg') ON CONFLICT DO NOTHING;
INSERT INTO actors (mediaId, actorId , actorName, characterName, profilePath) VALUES(77, 35029, 'David Harbour', 'Masters', 'https://image.tmdb.org/t/p/original/chPekukMF5SNnW6b22NbYPqAStr.jpg') ON CONFLICT DO NOTHING;
INSERT INTO actors (mediaId, actorId , actorName, characterName, profilePath) VALUES(77, 58754, 'Haley Bennett', 'Mandy', 'https://image.tmdb.org/t/p/original/8HRgGypSwHeI27ffmcAELNoxIOw.jpg') ON CONFLICT DO NOTHING;
INSERT INTO actors (mediaId, actorId , actorName, characterName, profilePath) VALUES(77, 8984, 'Bill Pullman', 'Brian Plummer', 'https://image.tmdb.org/t/p/original/AlLhgmcX5zh3frPT82OSPY9gqXO.jpg') ON CONFLICT DO NOTHING;
INSERT INTO actors (mediaId, actorId , actorName, characterName, profilePath) VALUES(77, 6832, 'Melissa Leo', 'Susan Plummer', 'https://image.tmdb.org/t/p/original/ueAIX0MH68xCei3N8vFLS0EUEjY.jpg') ON CONFLICT DO NOTHING;
INSERT INTO actors (mediaId, actorId , actorName, characterName, profilePath) VALUES(77, 1224149, 'David Meunier', 'Slavi', 'https://image.tmdb.org/t/p/original/8gLRTQxeTUVtgGGb302f80peoMq.jpg') ON CONFLICT DO NOTHING;
INSERT INTO actors (mediaId, actorId , actorName, characterName, profilePath) VALUES(77, 1399659, 'Johnny Skourtis', 'Ralphie', 'https://image.tmdb.org/t/p/original/4TjXylYMTEUbAqavF6cuP3QhnBb.jpg') ON CONFLICT DO NOTHING;
INSERT INTO actors (mediaId, actorId , actorName, characterName, profilePath) VALUES(77, 20563, 'Alex Veadov', 'Tevi', 'https://image.tmdb.org/t/p/original/bpJKpwpYSgnSkjAA5SX50Wwr0Qa.jpg') ON CONFLICT DO NOTHING;
INSERT INTO providers (mediaId, providerId, providerName, logoPath) VALUES( 77, 2, 'Apple TV', 'https://image.tmdb.org/t/p/original/peURlLlr8jggOwK53fJ5wdQl05y.jpg') ON CONFLICT DO NOTHING;
INSERT INTO providers (mediaId, providerId, providerName, logoPath) VALUES( 77, 339, 'Movistar Play', 'https://image.tmdb.org/t/p/original/cDzkhgvozSr4GW2aRdV22uDuFpw.jpg') ON CONFLICT DO NOTHING;
INSERT INTO media (mediaId, type, name, originalLanguage, adult, releaseDate, overview, backdropPath, posterPath, trailerLink, tmdbRating, status) VALUES(78, false, 'The Creator', 'en', False, '2023-09-27',  'Amid a future war between the human race and the forces of artificial intelligence, a hardened ex-special forces agent grieving the disappearance of his wife, is recruited to hunt down and kill the Creator, the elusive architect of advanced AI who has developed a mysterious weapon with the power to end the war—and mankind itself.', 'https://image.tmdb.org/t/p/original/iQcCAm8hKWZyUntqrvzyEGtXyJl.jpg', 'https://image.tmdb.org/t/p/original/vBZ0qvaRxqEhZwl6LWmruJqWE8Z.jpg', 'https://www.youtube.com/watch?v=MAZuGdi32bk', 7.2, 'Released') ON CONFLICT DO NOTHING;
INSERT INTO movies (mediaId, runtime, budget, revenue, directorId, director) VALUES( 78, 134, 80000000, 79909118, 129894, 'Gareth Edwards') ON CONFLICT DO NOTHING;
INSERT INTO genres (mediaId, genre) VALUES(78, 'Science Fiction') ON CONFLICT DO NOTHING;
INSERT INTO genres (mediaId, genre) VALUES(78, 'Action') ON CONFLICT DO NOTHING;
INSERT INTO genres (mediaId, genre) VALUES(78, 'Thriller') ON CONFLICT DO NOTHING;
INSERT INTO actors (mediaId, actorId , actorName, characterName, profilePath) VALUES(78, 1117313, 'John David Washington', 'Joshua', 'https://image.tmdb.org/t/p/original/qoOp8XvZ4v7B0C9ZmtoRCl9CDSO.jpg') ON CONFLICT DO NOTHING;
INSERT INTO actors (mediaId, actorId , actorName, characterName, profilePath) VALUES(78, 4068148, 'Madeleine Yuna Voyles', 'Alphie', 'https://image.tmdb.org/t/p/original/mLKvNuCJSgyK0WdLd4ogO81sOO1.jpg') ON CONFLICT DO NOTHING;
INSERT INTO actors (mediaId, actorId , actorName, characterName, profilePath) VALUES(78, 97576, 'Gemma Chan', 'Maya', 'https://image.tmdb.org/t/p/original/lm2FKwj2zO8ZsqMNFHm4KMtlNlM.jpg') ON CONFLICT DO NOTHING;
INSERT INTO actors (mediaId, actorId , actorName, characterName, profilePath) VALUES(78, 19, 'Allison Janney', 'Colonel Howell', 'https://image.tmdb.org/t/p/original/cDcB8mKP1GiIeoM3Qe7GIucs0iv.jpg') ON CONFLICT DO NOTHING;
INSERT INTO actors (mediaId, actorId , actorName, characterName, profilePath) VALUES(78, 3899, 'Ken Watanabe', 'Harun', 'https://image.tmdb.org/t/p/original/w2t30L5Cmr34myAaUobLoSgsLfS.jpg') ON CONFLICT DO NOTHING;
INSERT INTO actors (mediaId, actorId , actorName, characterName, profilePath) VALUES(78, 1526793, 'Sturgill Simpson', 'Drew', 'https://image.tmdb.org/t/p/original/bpS4YRGyPKcgNjSu6pnsMnVRRv8.jpg') ON CONFLICT DO NOTHING;
INSERT INTO actors (mediaId, actorId , actorName, characterName, profilePath) VALUES(78, 1616920, 'Amar Chadha-Patel', 'Omni / Sek-On / Sergeant Bui', 'https://image.tmdb.org/t/p/original/6SZXUfn5A2IzwrWhpBDw99gC4uQ.jpg') ON CONFLICT DO NOTHING;
INSERT INTO actors (mediaId, actorId , actorName, characterName, profilePath) VALUES(78, 212776, 'Marc Menchaca', 'McBride', 'https://image.tmdb.org/t/p/original/fL0LmdBwau30M4AFPVJrpLRXXsU.jpg') ON CONFLICT DO NOTHING;
INSERT INTO actors (mediaId, actorId , actorName, characterName, profilePath) VALUES(78, 1636654, 'Robbie Tann', 'Shipley', 'https://image.tmdb.org/t/p/original/4nlLmgcjtTlxYWgTyoTqjaeMe43.jpg') ON CONFLICT DO NOTHING;
INSERT INTO actors (mediaId, actorId , actorName, characterName, profilePath) VALUES(78, 202032, 'Ralph Ineson', 'General Andrews', 'https://image.tmdb.org/t/p/original/sn3ONJw2pJxMHiCqPwvkaiWr5mc.jpg') ON CONFLICT DO NOTHING;
INSERT INTO media (mediaId, type, name, originalLanguage, adult, releaseDate, overview, backdropPath, posterPath, trailerLink, tmdbRating, status) VALUES(79, false, 'Coco', 'en', False, '2017-10-27',  'Despite his family’s baffling generations-old ban on music, Miguel dreams of becoming an accomplished musician like his idol, Ernesto de la Cruz. Desperate to prove his talent, Miguel finds himself in the stunning and colorful Land of the Dead following a mysterious chain of events. Along the way, he meets charming trickster Hector, and together, they set off on an extraordinary journey to unlock the real story behind Miguel''s family history.', 'https://image.tmdb.org/t/p/original/askg3SMvhqEl4OL52YuvdtY40Yb.jpg', 'https://image.tmdb.org/t/p/original/gGEsBPAijhVUFoiNpgZXqRVWJt2.jpg', 'https://www.youtube.com/watch?v=_TLXORFumu0', 8.2, 'Released') ON CONFLICT DO NOTHING;
INSERT INTO movies (mediaId, runtime, budget, revenue, directorId, director) VALUES( 79, 105, 175000000, 800526015, 8, 'Lee Unkrich') ON CONFLICT DO NOTHING;
INSERT INTO genres (mediaId, genre) VALUES(79, 'Family') ON CONFLICT DO NOTHING;
INSERT INTO genres (mediaId, genre) VALUES(79, 'Animation') ON CONFLICT DO NOTHING;
INSERT INTO genres (mediaId, genre) VALUES(79, 'Fantasy') ON CONFLICT DO NOTHING;
INSERT INTO genres (mediaId, genre) VALUES(79, 'Music') ON CONFLICT DO NOTHING;
INSERT INTO genres (mediaId, genre) VALUES(79, 'Comedy') ON CONFLICT DO NOTHING;
INSERT INTO genres (mediaId, genre) VALUES(79, 'Adventure') ON CONFLICT DO NOTHING;
INSERT INTO actors (mediaId, actorId , actorName, characterName, profilePath) VALUES(79, 1193391, 'Anthony Gonzalez', 'Miguel Rivera (voice)', 'https://image.tmdb.org/t/p/original/3SfBmj35OfL8eVIQt9nTixWqVJH.jpg') ON CONFLICT DO NOTHING;
INSERT INTO actors (mediaId, actorId , actorName, characterName, profilePath) VALUES(79, 258, 'Gael García Bernal', 'Héctor (voice)', 'https://image.tmdb.org/t/p/original/7mq3EQN1oJfYNXkv9xKXKu6Ccw5.jpg') ON CONFLICT DO NOTHING;
INSERT INTO actors (mediaId, actorId , actorName, characterName, profilePath) VALUES(79, 4589, 'Benjamin Bratt', 'Ernesto de la Cruz (voice)', 'https://image.tmdb.org/t/p/original/jixSFwipypcSEdZsNte1pyhXWjN.jpg') ON CONFLICT DO NOTHING;
INSERT INTO actors (mediaId, actorId , actorName, characterName, profilePath) VALUES(79, 10402, 'Alanna Ubach', 'Mamá Imelda Rivera (voice)', 'https://image.tmdb.org/t/p/original/p2sIpgftEIkhPrrpgu8wW8XEpDg.jpg') ON CONFLICT DO NOTHING;
INSERT INTO actors (mediaId, actorId , actorName, characterName, profilePath) VALUES(79, 154004, 'Renée Victor', 'Elena Rivera (voice)', 'https://image.tmdb.org/t/p/original/wAVDqwFhQsRQgO6VIYq6T9Wbbx8.jpg') ON CONFLICT DO NOTHING;
INSERT INTO actors (mediaId, actorId , actorName, characterName, profilePath) VALUES(79, 1043869, 'Ana Ofelia Murguía', 'Mamá Socorro "Coco" Rivera (voice)', 'https://image.tmdb.org/t/p/original/rjlxNNR3t2BXDm1yjXLHx5489cV.jpg') ON CONFLICT DO NOTHING;
INSERT INTO actors (mediaId, actorId , actorName, characterName, profilePath) VALUES(79, 587, 'Edward James Olmos', 'Chicharrón (voice)', 'https://image.tmdb.org/t/p/original/mXnilUrQBIMLHSQkPjQk99mX70x.jpg') ON CONFLICT DO NOTHING;
INSERT INTO actors (mediaId, actorId , actorName, characterName, profilePath) VALUES(79, 545087, 'Jaime Camil', 'Papá Enrique Rivera (voice)', 'https://image.tmdb.org/t/p/original/njvdXEGN3bSSXpsyVnyKQTXdf1V.jpg') ON CONFLICT DO NOTHING;
INSERT INTO actors (mediaId, actorId , actorName, characterName, profilePath) VALUES(79, 22767, 'Alfonso Arau', 'Papá Julio Rivera (voice)', 'https://image.tmdb.org/t/p/original/5ishPim5akWXSnMbwOWSc3KxDx8.jpg') ON CONFLICT DO NOTHING;
INSERT INTO actors (mediaId, actorId , actorName, characterName, profilePath) VALUES(79, 178667, 'Herbert Siguenza', 'Tío Oscar Rivera / Tío Felipe Rivera (voice)', 'https://image.tmdb.org/t/p/original/aVLX3sRMZp1qIfqCRHgjjy2NfGI.jpg') ON CONFLICT DO NOTHING;
INSERT INTO media (mediaId, type, name, originalLanguage, adult, releaseDate, overview, backdropPath, posterPath, trailerLink, tmdbRating, status) VALUES(80, false, 'Fair Play', 'en', False, '2023-09-28',  'An unexpected promotion at a cutthroat hedge fund pushes a young couple''s relationship to the brink, threatening to unravel not only their recent engagement but their lives.', 'https://image.tmdb.org/t/p/original/50Wq7fY21obXVRICuljdlSigWvH.jpg', 'https://image.tmdb.org/t/p/original/tGgojtD6vJKYeCfktAhhA1pmH0n.jpg', 'https://www.youtube.com/watch?v=Vw9fgeNoTDU', 6.6, 'Released') ON CONFLICT DO NOTHING;
INSERT INTO movies (mediaId, runtime, budget, revenue, directorId, director) VALUES( 80, 113, 0, 0, 1170655, 'Chloe Domont') ON CONFLICT DO NOTHING;
INSERT INTO genres (mediaId, genre) VALUES(80, 'Drama') ON CONFLICT DO NOTHING;
INSERT INTO genres (mediaId, genre) VALUES(80, 'Thriller') ON CONFLICT DO NOTHING;
INSERT INTO actors (mediaId, actorId , actorName, characterName, profilePath) VALUES(80, 1232756, 'Phoebe Dynevor', 'Emily', 'https://image.tmdb.org/t/p/original/gvriCFuwIvOoZyYph5YkYGZyFR9.jpg') ON CONFLICT DO NOTHING;
INSERT INTO actors (mediaId, actorId , actorName, characterName, profilePath) VALUES(80, 71375, 'Alden Ehrenreich', 'Luke', 'https://image.tmdb.org/t/p/original/bx86TPUmeHp0QkijQb16r2qIwEr.jpg') ON CONFLICT DO NOTHING;
INSERT INTO actors (mediaId, actorId , actorName, characterName, profilePath) VALUES(80, 1665, 'Eddie Marsan', 'Campbell', 'https://image.tmdb.org/t/p/original/9atfOgIxhfOKvv2be8HEp6SzOct.jpg') ON CONFLICT DO NOTHING;
INSERT INTO actors (mediaId, actorId , actorName, characterName, profilePath) VALUES(80, 10581, 'Rich Sommer', 'Paul', 'https://image.tmdb.org/t/p/original/tqpwfXczNvvel5Dep5ejUD4X9ie.jpg') ON CONFLICT DO NOTHING;
INSERT INTO actors (mediaId, actorId , actorName, characterName, profilePath) VALUES(80, 1192218, 'Sebastian de Souza', 'Rory', 'https://image.tmdb.org/t/p/original/aueQZSQghquLSZ4qjRQPO4GGAMS.jpg') ON CONFLICT DO NOTHING;
INSERT INTO actors (mediaId, actorId , actorName, characterName, profilePath) VALUES(80, 2264312, 'Sia Alipour', 'Arjun', 'None') ON CONFLICT DO NOTHING;
INSERT INTO actors (mediaId, actorId , actorName, characterName, profilePath) VALUES(80, 3757686, 'Yacine Ramoul', 'Jeremie', 'None') ON CONFLICT DO NOTHING;
INSERT INTO actors (mediaId, actorId , actorName, characterName, profilePath) VALUES(80, 3455774, 'Brandon Bassir', 'Dax', 'https://image.tmdb.org/t/p/original/jbWbXQFHarJGd1gr7YrD6RAqQ7S.jpg') ON CONFLICT DO NOTHING;
INSERT INTO actors (mediaId, actorId , actorName, characterName, profilePath) VALUES(80, 1980391, 'Jamie Wilkes', 'Quinn', 'https://image.tmdb.org/t/p/original/tPSeHQCj3rjpP2g38CVS147bc7.jpg') ON CONFLICT DO NOTHING;
INSERT INTO actors (mediaId, actorId , actorName, characterName, profilePath) VALUES(80, 4275347, 'Freddy Sawyer', 'Derek', 'None') ON CONFLICT DO NOTHING;
INSERT INTO media (mediaId, type, name, originalLanguage, adult, releaseDate, overview, backdropPath, posterPath, trailerLink, tmdbRating, status) VALUES(81, false, 'Scooby-Doo! And Krypto, Too!', 'en', False, '2023-09-26',  'When the Justice League goes missing and villains overrun Metropolis, there''s only one team that can solve this mystery: Scooby-Doo and the gang! But wait, there''s a new dog in town – Krypto – Superman''s Superdog with Super Powers. Mystery Inc. will need all the help it can get when phantoms menace the Justice League''s headquarters.', 'https://image.tmdb.org/t/p/original/8UjwvrxTpsD46cDQklDdU14RQYB.jpg', 'https://image.tmdb.org/t/p/original/ntMOnvlYYnio7Fx3xqBu9B1Sz7f.jpg', 'https://www.youtube.com/watch?v=6NfkdZThS4I', 7.7, 'Released') ON CONFLICT DO NOTHING;
INSERT INTO movies (mediaId, runtime, budget, revenue, directorId, director) VALUES( 81, 79, 0, 0, 1659094, 'Cecilia Aranovich') ON CONFLICT DO NOTHING;
INSERT INTO genres (mediaId, genre) VALUES(81, 'Animation') ON CONFLICT DO NOTHING;
INSERT INTO genres (mediaId, genre) VALUES(81, 'Family') ON CONFLICT DO NOTHING;
INSERT INTO genres (mediaId, genre) VALUES(81, 'Mystery') ON CONFLICT DO NOTHING;
INSERT INTO genres (mediaId, genre) VALUES(81, 'Fantasy') ON CONFLICT DO NOTHING;
INSERT INTO genres (mediaId, genre) VALUES(81, 'Comedy') ON CONFLICT DO NOTHING;
INSERT INTO actors (mediaId, actorId , actorName, characterName, profilePath) VALUES(81, 15831, 'Frank Welker', 'Scooby-Doo / Fred Jones (voice)', 'https://image.tmdb.org/t/p/original/xXODQ5AX6pG4my8ieeEIuiAREXs.jpg') ON CONFLICT DO NOTHING;
INSERT INTO actors (mediaId, actorId , actorName, characterName, profilePath) VALUES(81, 15761, 'Grey DeLisle', 'Daphne Blake / Wonder Woman (voice)', 'https://image.tmdb.org/t/p/original/vrUHaXe1pG56yZkgH7Hs3LGRLTT.jpg') ON CONFLICT DO NOTHING;
INSERT INTO actors (mediaId, actorId , actorName, characterName, profilePath) VALUES(81, 26457, 'Matthew Lillard', 'Shaggy Rogers (voice)', 'https://image.tmdb.org/t/p/original/auUbijDzR9xpSgQtLsYDvNatloj.jpg') ON CONFLICT DO NOTHING;
INSERT INTO actors (mediaId, actorId , actorName, characterName, profilePath) VALUES(81, 132354, 'Kate Micucci', 'Velma Dinkley (voice)', 'https://image.tmdb.org/t/p/original/lgmIxZ59bnYflbkWyAfmWi0bUsT.jpg') ON CONFLICT DO NOTHING;
INSERT INTO actors (mediaId, actorId , actorName, characterName, profilePath) VALUES(81, 1211946, 'P.J. Byrne', 'J.B. (voice)', 'https://image.tmdb.org/t/p/original/sKqr3A3LjLYlRCXJGJI8rjpdMOs.jpg') ON CONFLICT DO NOTHING;
INSERT INTO actors (mediaId, actorId , actorName, characterName, profilePath) VALUES(81, 1971010, 'Victoria Grace', 'Mercy (voice)', 'https://image.tmdb.org/t/p/original/8Mmm10fY1irInjOFQQ6ciCFoBbN.jpg') ON CONFLICT DO NOTHING;
INSERT INTO actors (mediaId, actorId , actorName, characterName, profilePath) VALUES(81, 134424, 'Charles Halford', 'Lex Luthor (voice)', 'https://image.tmdb.org/t/p/original/mrCy6dA5AHqczA4aJX4drCQ3tjC.jpg') ON CONFLICT DO NOTHING;
INSERT INTO actors (mediaId, actorId , actorName, characterName, profilePath) VALUES(81, 19508, 'Nolan North', 'Computer / Joker / Superman (voice)', 'https://image.tmdb.org/t/p/original/gb499KZIoBTZnKCGKE4zwzlcfSe.jpg') ON CONFLICT DO NOTHING;
INSERT INTO actors (mediaId, actorId , actorName, characterName, profilePath) VALUES(81, 15762, 'Tara Strong', 'Helen / Lois Lane / Harley Quinn (voice)', 'https://image.tmdb.org/t/p/original/8Z86FfWbnUJnyFTcLa9MpVVFhMh.jpg') ON CONFLICT DO NOTHING;
INSERT INTO actors (mediaId, actorId , actorName, characterName, profilePath) VALUES(81, 60279, 'Fred Tatasciore', 'Solomon Grundy / Perry White (voice)', 'https://image.tmdb.org/t/p/original/busoEz4khUJ0hOoKHexjXwGrsit.jpg') ON CONFLICT DO NOTHING;
INSERT INTO providers (mediaId, providerId, providerName, logoPath) VALUES( 81, 2, 'Apple TV', 'https://image.tmdb.org/t/p/original/peURlLlr8jggOwK53fJ5wdQl05y.jpg') ON CONFLICT DO NOTHING;
INSERT INTO providers (mediaId, providerId, providerName, logoPath) VALUES( 81, 3, 'Google Play Movies', 'https://image.tmdb.org/t/p/original/tbEdFQDwx5LEVr8WpSeXQSIirVq.jpg') ON CONFLICT DO NOTHING;
INSERT INTO providers (mediaId, providerId, providerName, logoPath) VALUES( 81, 167, 'Claro video', 'https://image.tmdb.org/t/p/original/lJT7r1nprk1Z8t1ywiIa8h9d3rc.jpg') ON CONFLICT DO NOTHING;
INSERT INTO media (mediaId, type, name, originalLanguage, adult, releaseDate, overview, backdropPath, posterPath, trailerLink, tmdbRating, status) VALUES(82, false, 'Monster Inside: America''s Most Extreme Haunted House', 'en', False, '2023-10-12',  'Russ McKamey is the creator of the world''s "most extreme haunted house" - McKamey Manor. He is also a manipulative abuser, according to three people who realize the horror is never over once you decide to enter the Manor.', 'https://image.tmdb.org/t/p/original/pwsSGCxAJ8ZKvkcpSDxMBEjCwSO.jpg', 'https://image.tmdb.org/t/p/original/5qXF43ZW6liSInXRXDdNpnxphAb.jpg', 'https://www.youtube.com/watch?v=vYexezLbQDE', 7.2, 'Released') ON CONFLICT DO NOTHING;
INSERT INTO movies (mediaId, runtime, budget, revenue, directorId, director) VALUES( 82, 80, 0, 0, 1278071, 'Andrew Renzi') ON CONFLICT DO NOTHING;
INSERT INTO genres (mediaId, genre) VALUES(82, 'Documentary') ON CONFLICT DO NOTHING;
INSERT INTO genres (mediaId, genre) VALUES(82, 'Horror') ON CONFLICT DO NOTHING;
INSERT INTO genres (mediaId, genre) VALUES(82, 'Crime') ON CONFLICT DO NOTHING;
INSERT INTO actors (mediaId, actorId , actorName, characterName, profilePath) VALUES(82, 4303585, 'Justin Yerace', 'The Wolf', 'None') ON CONFLICT DO NOTHING;
INSERT INTO actors (mediaId, actorId , actorName, characterName, profilePath) VALUES(82, 4303579, 'Russ McKamey', 'Self', 'None') ON CONFLICT DO NOTHING;
INSERT INTO actors (mediaId, actorId , actorName, characterName, profilePath) VALUES(82, 4303580, 'Melissa Everly', 'Self', 'None') ON CONFLICT DO NOTHING;
INSERT INTO actors (mediaId, actorId , actorName, characterName, profilePath) VALUES(82, 4303583, 'Brandon Vance', 'Self', 'None') ON CONFLICT DO NOTHING;
INSERT INTO media (mediaId, type, name, originalLanguage, adult, releaseDate, overview, backdropPath, posterPath, trailerLink, tmdbRating, status) VALUES(83, false, 'One Piece Film Red', 'ja', False, '2022-08-06',  'Uta — the most beloved singer in the world. Her voice, which she sings with while concealing her true identity, has been described as “otherworldly.” She will appear in public for the first time at a live concert. As the venue fills with all kinds of Uta fans — excited pirates, the Navy watching closely, and the Straw Hats led by Luffy who simply came to enjoy her sonorous performance — the voice that the whole world has been waiting for is about to resound.', 'https://image.tmdb.org/t/p/original/A3m5GJu5kzAKK2wkGlzErlCCElT.jpg', 'https://image.tmdb.org/t/p/original/ogDXuVkO92GcETZfSofXXemw7gb.jpg', 'https://www.youtube.com/watch?v=ZrhZvqgtdYY', 7.3, 'Released') ON CONFLICT DO NOTHING;
INSERT INTO movies (mediaId, runtime, budget, revenue, directorId, director) VALUES( 83, 115, 0, 150797338, 90502, 'Goro Taniguchi') ON CONFLICT DO NOTHING;
INSERT INTO genres (mediaId, genre) VALUES(83, 'Animation') ON CONFLICT DO NOTHING;
INSERT INTO genres (mediaId, genre) VALUES(83, 'Adventure') ON CONFLICT DO NOTHING;
INSERT INTO genres (mediaId, genre) VALUES(83, 'Action') ON CONFLICT DO NOTHING;
INSERT INTO genres (mediaId, genre) VALUES(83, 'Fantasy') ON CONFLICT DO NOTHING;
INSERT INTO actors (mediaId, actorId , actorName, characterName, profilePath) VALUES(83, 203473, 'Kaori Nazuka', 'Uta (voice)', 'https://image.tmdb.org/t/p/original/zTydHbhNjpwoCydvrJAd3d64C3g.jpg') ON CONFLICT DO NOTHING;
INSERT INTO actors (mediaId, actorId , actorName, characterName, profilePath) VALUES(83, 90561, 'Shuichi Ikeda', 'Shanks (voice)', 'https://image.tmdb.org/t/p/original/b6jZTV9sGC0W5ZuMTuDj1rF4VN9.jpg') ON CONFLICT DO NOTHING;
INSERT INTO actors (mediaId, actorId , actorName, characterName, profilePath) VALUES(83, 65510, 'Mayumi Tanaka', 'Monkey D. Luffy (voice)', 'https://image.tmdb.org/t/p/original/dWh2Y3bQkSjPv3c7kyy5P6M3PLS.jpg') ON CONFLICT DO NOTHING;
INSERT INTO actors (mediaId, actorId , actorName, characterName, profilePath) VALUES(83, 84507, 'Kazuya Nakai', 'Roronoa Zoro (voice)', 'https://image.tmdb.org/t/p/original/78PKViY7brjF3AJI8h3tXyUyYT7.jpg') ON CONFLICT DO NOTHING;
INSERT INTO actors (mediaId, actorId , actorName, characterName, profilePath) VALUES(83, 90133, 'Akemi Okamura', 'Nami (voice)', 'https://image.tmdb.org/t/p/original/qEwVfsrA23SCzRZMSlghw2sHctQ.jpg') ON CONFLICT DO NOTHING;
INSERT INTO actors (mediaId, actorId , actorName, characterName, profilePath) VALUES(83, 68472, 'Kappei Yamaguchi', 'Usopp (voice)', 'https://image.tmdb.org/t/p/original/mJyxKRZxLv9D7LH5KcNSkjSKYOB.jpg') ON CONFLICT DO NOTHING;
INSERT INTO actors (mediaId, actorId , actorName, characterName, profilePath) VALUES(83, 84505, 'Hiroaki Hirata', 'Sanji (voice)', 'https://image.tmdb.org/t/p/original/mMWEdlssJm3TVuXW4Wb7pQeX20Z.jpg') ON CONFLICT DO NOTHING;
INSERT INTO actors (mediaId, actorId , actorName, characterName, profilePath) VALUES(83, 73044, 'Ikue Otani', 'Tony Tony Chopper (voice)', 'https://image.tmdb.org/t/p/original/my8LBLQ4MsK4hRz1PAATIqtieaI.jpg') ON CONFLICT DO NOTHING;
INSERT INTO actors (mediaId, actorId , actorName, characterName, profilePath) VALUES(83, 77933, 'Yuriko Yamaguchi', 'Nico Robin (voice)', 'https://image.tmdb.org/t/p/original/7e3BXCPv0X2pqwfdfW52n7VDFmI.jpg') ON CONFLICT DO NOTHING;
INSERT INTO actors (mediaId, actorId , actorName, characterName, profilePath) VALUES(83, 112276, 'Kazuki Yao', 'Franky (voice)', 'https://image.tmdb.org/t/p/original/gWVK0ws65UVH1Pe8ok8oBnDf9Vf.jpg') ON CONFLICT DO NOTHING;
INSERT INTO providers (mediaId, providerId, providerName, logoPath) VALUES( 83, 2, 'Apple TV', 'https://image.tmdb.org/t/p/original/peURlLlr8jggOwK53fJ5wdQl05y.jpg') ON CONFLICT DO NOTHING;
INSERT INTO media (mediaId, type, name, originalLanguage, adult, releaseDate, overview, backdropPath, posterPath, trailerLink, tmdbRating, status) VALUES(84, false, 'Megalomaniac', 'fr', False, '2023-09-08',  'Felix and Martha, the two offspring of legendary serial murderer The Skinner of Mons, grapple with the grotesque legacy bequeathed to them. While Martha works a menial janitorial job, Felix continues his father''s reign of terror. But following a brutal attack at work, Martha quickly descends into madness, finding she must come to terms with the infamous blood that flows through her veins.', 'https://image.tmdb.org/t/p/original/agJTpYOjSSG9uZe5xVZHL8nE6nj.jpg', 'https://image.tmdb.org/t/p/original/bgullymFFblfNaEqRX2j74oTIQ.jpg', 'https://www.youtube.com/watch?v=NNd2Zcp1NNA', 6.1, 'Released') ON CONFLICT DO NOTHING;
INSERT INTO movies (mediaId, runtime, budget, revenue, directorId, director) VALUES( 84, 100, 0, 0, 1478317, 'Karim Ouelhaj') ON CONFLICT DO NOTHING;
INSERT INTO genres (mediaId, genre) VALUES(84, 'Horror') ON CONFLICT DO NOTHING;
INSERT INTO genres (mediaId, genre) VALUES(84, 'Mystery') ON CONFLICT DO NOTHING;
INSERT INTO genres (mediaId, genre) VALUES(84, 'Thriller') ON CONFLICT DO NOTHING;
INSERT INTO actors (mediaId, actorId , actorName, characterName, profilePath) VALUES(84, 3127137, 'Eline Schumacher', '', 'https://image.tmdb.org/t/p/original/p3GlJMp704D9occGYUDmBBYmZkm.jpg') ON CONFLICT DO NOTHING;
INSERT INTO actors (mediaId, actorId , actorName, characterName, profilePath) VALUES(84, 1125003, 'Benjamin Ramon', '', 'https://image.tmdb.org/t/p/original/9j3pUOZiOVfNiA1HdSBcnuefYRZ.jpg') ON CONFLICT DO NOTHING;
INSERT INTO actors (mediaId, actorId , actorName, characterName, profilePath) VALUES(84, 76292, 'Wim Willaert', '', 'https://image.tmdb.org/t/p/original/wJrWt3jPitmSTlXtb2xDVl3fNAt.jpg') ON CONFLICT DO NOTHING;
INSERT INTO actors (mediaId, actorId , actorName, characterName, profilePath) VALUES(84, 1133677, 'Pierre Nisse', '', 'https://image.tmdb.org/t/p/original/mXAxKleYW7TDDjlDI4RsupG6Nrz.jpg') ON CONFLICT DO NOTHING;
INSERT INTO actors (mediaId, actorId , actorName, characterName, profilePath) VALUES(84, 1560859, 'Raphaëlle Lubansu', '', 'https://image.tmdb.org/t/p/original/okio7UDkwhXcR8MEpIIHkwN684X.jpg') ON CONFLICT DO NOTHING;
INSERT INTO actors (mediaId, actorId , actorName, characterName, profilePath) VALUES(84, 1898179, 'Quentin Lasbazeilles', '', 'https://image.tmdb.org/t/p/original/dcW5cUkmsvEtsd3w0XNwAUoZP7i.jpg') ON CONFLICT DO NOTHING;
INSERT INTO actors (mediaId, actorId , actorName, characterName, profilePath) VALUES(84, 2232819, 'Olivier Picard', '', 'None') ON CONFLICT DO NOTHING;
INSERT INTO actors (mediaId, actorId , actorName, characterName, profilePath) VALUES(84, 2875573, 'Catherine Jandrain', '', 'None') ON CONFLICT DO NOTHING;
INSERT INTO media (mediaId, type, name, originalLanguage, adult, releaseDate, overview, backdropPath, posterPath, trailerLink, tmdbRating, status) VALUES(85, false, 'Ruby Gillman, Teenage Kraken', 'en', False, '2023-06-28',  'Ruby Gillman, a sweet and awkward high school student, discovers she''s a direct descendant of the warrior kraken queens. The kraken are sworn to protect the oceans of the world against the vain, power-hungry mermaids. Destined to inherit the throne from her commanding grandmother, Ruby must use her newfound powers to protect those she loves most.', 'https://image.tmdb.org/t/p/original/f7UI3dYpr7ZUHGo0iIr1Qvy1VPe.jpg', 'https://image.tmdb.org/t/p/original/lotWiuWuTGlQ94rzBdy6ZmKZnTA.jpg', 'https://www.youtube.com/watch?v=u4uyD8FFUIw', 7.4, 'Released') ON CONFLICT DO NOTHING;
INSERT INTO movies (mediaId, runtime, budget, revenue, directorId, director) VALUES( 85, 91, 70000000, 43716515, 71267, 'Kirk DeMicco') ON CONFLICT DO NOTHING;
INSERT INTO genres (mediaId, genre) VALUES(85, 'Animation') ON CONFLICT DO NOTHING;
INSERT INTO genres (mediaId, genre) VALUES(85, 'Family') ON CONFLICT DO NOTHING;
INSERT INTO genres (mediaId, genre) VALUES(85, 'Fantasy') ON CONFLICT DO NOTHING;
INSERT INTO genres (mediaId, genre) VALUES(85, 'Comedy') ON CONFLICT DO NOTHING;
INSERT INTO actors (mediaId, actorId , actorName, characterName, profilePath) VALUES(85, 1452046, 'Lana Condor', 'Ruby Gillman (voice)', 'https://image.tmdb.org/t/p/original/vWn27Fk2GLwH7o9fBG9hBWZI6OR.jpg') ON CONFLICT DO NOTHING;
INSERT INTO actors (mediaId, actorId , actorName, characterName, profilePath) VALUES(85, 3051, 'Toni Collette', 'Agatha Gillman (voice)', 'https://image.tmdb.org/t/p/original/6QllXhefzi294BcqrV8RUR4xhsy.jpg') ON CONFLICT DO NOTHING;
INSERT INTO actors (mediaId, actorId , actorName, characterName, profilePath) VALUES(85, 1392140, 'Annie Murphy', 'Chelsea Van Der Zee (voice)', 'https://image.tmdb.org/t/p/original/1cQ9Piq6kcTzmzJ9I4oGd7oFEdS.jpg') ON CONFLICT DO NOTHING;
INSERT INTO actors (mediaId, actorId , actorName, characterName, profilePath) VALUES(85, 1429453, 'Sam Richardson', 'Uncle Brill (voice)', 'https://image.tmdb.org/t/p/original/9GonbfsghKD33PZlvAttAhCS8S8.jpg') ON CONFLICT DO NOTHING;
INSERT INTO actors (mediaId, actorId , actorName, characterName, profilePath) VALUES(85, 1700631, 'Liza Koshy', 'Margo (voice)', 'https://image.tmdb.org/t/p/original/67PtOsPiLTvyFtRtJ1pK23oJICc.jpg') ON CONFLICT DO NOTHING;
INSERT INTO actors (mediaId, actorId , actorName, characterName, profilePath) VALUES(85, 62831, 'Will Forte', 'Gordon Lighthouse (voice)', 'https://image.tmdb.org/t/p/original/kphnirb7YggSVEhGI47kACxaIJQ.jpg') ON CONFLICT DO NOTHING;
INSERT INTO actors (mediaId, actorId , actorName, characterName, profilePath) VALUES(85, 91671, 'Colman Domingo', 'Arthur Gillman (voice)', 'https://image.tmdb.org/t/p/original/2tu6T9ugnf82qIMGVKWSb0dvvq5.jpg') ON CONFLICT DO NOTHING;
INSERT INTO actors (mediaId, actorId , actorName, characterName, profilePath) VALUES(85, 1998733, 'Jaboukie Young-White', 'Connor (voice)', 'https://image.tmdb.org/t/p/original/8OYI8OqsMUpBZica4lM2odjgVH6.jpg') ON CONFLICT DO NOTHING;
INSERT INTO actors (mediaId, actorId , actorName, characterName, profilePath) VALUES(85, 2786265, 'Blue Chapman', 'Sam Gillman (voice)', 'https://image.tmdb.org/t/p/original/sBFiLuv9AqaguPy56vSQXkPQgtg.jpg') ON CONFLICT DO NOTHING;
INSERT INTO actors (mediaId, actorId , actorName, characterName, profilePath) VALUES(85, 1685831, 'Ramona Young', 'Bliss (voice)', 'https://image.tmdb.org/t/p/original/3ZVDaqAKw3wjXBnT62FZn1hbock.jpg') ON CONFLICT DO NOTHING;
INSERT INTO providers (mediaId, providerId, providerName, logoPath) VALUES( 85, 2, 'Apple TV', 'https://image.tmdb.org/t/p/original/peURlLlr8jggOwK53fJ5wdQl05y.jpg') ON CONFLICT DO NOTHING;
INSERT INTO providers (mediaId, providerId, providerName, logoPath) VALUES( 85, 3, 'Google Play Movies', 'https://image.tmdb.org/t/p/original/tbEdFQDwx5LEVr8WpSeXQSIirVq.jpg') ON CONFLICT DO NOTHING;
INSERT INTO providers (mediaId, providerId, providerName, logoPath) VALUES( 85, 167, 'Claro video', 'https://image.tmdb.org/t/p/original/lJT7r1nprk1Z8t1ywiIa8h9d3rc.jpg') ON CONFLICT DO NOTHING;
INSERT INTO media (mediaId, type, name, originalLanguage, adult, releaseDate, overview, backdropPath, posterPath, trailerLink, tmdbRating, status) VALUES(86, false, 'Mavka: The Forest Song', 'uk', False, '2023-03-02',  'Mavka — a Soul of the Forest and its Warden — faces an impossible choice between love and her duty as guardian to the Heart of the Forest, when she falls in love with a human — the talented young musician Lukas.', 'https://image.tmdb.org/t/p/original/vT17lPUglrAzjEqMwjPpIDe49ty.jpg', 'https://image.tmdb.org/t/p/original/eeJjd9JU2Mdj9d7nWRFLWlrcExi.jpg', 'https://www.youtube.com/watch?v=WZ1je_JJTv8', 7.3, 'Released') ON CONFLICT DO NOTHING;
INSERT INTO movies (mediaId, runtime, budget, revenue, directorId, director) VALUES( 86, 99, 5000000, 16858557, 1823439, 'Oleksandra Ruban') ON CONFLICT DO NOTHING;
INSERT INTO genres (mediaId, genre) VALUES(86, 'Animation') ON CONFLICT DO NOTHING;
INSERT INTO genres (mediaId, genre) VALUES(86, 'Adventure') ON CONFLICT DO NOTHING;
INSERT INTO genres (mediaId, genre) VALUES(86, 'Family') ON CONFLICT DO NOTHING;
INSERT INTO genres (mediaId, genre) VALUES(86, 'Fantasy') ON CONFLICT DO NOTHING;
INSERT INTO actors (mediaId, actorId , actorName, characterName, profilePath) VALUES(86, 1975746, 'Nataliia Denysenko', 'Mavka (voice)', 'https://image.tmdb.org/t/p/original/icFn3OujI8b4UCLpnwZHsHpUFm3.jpg') ON CONFLICT DO NOTHING;
INSERT INTO actors (mediaId, actorId , actorName, characterName, profilePath) VALUES(86, 3888631, 'Artem Pyvovarov', 'Lucas (voice)', 'https://image.tmdb.org/t/p/original/sSRRRzGwR4LV6PKOn8leGXjk3CA.jpg') ON CONFLICT DO NOTHING;
INSERT INTO actors (mediaId, actorId , actorName, characterName, profilePath) VALUES(86, 2143247, 'Nazar Zadniprovskyi', 'Lesh (voice)', 'https://image.tmdb.org/t/p/original/tbBYf4afl7qTu2Jwk6onvrSZZZw.jpg') ON CONFLICT DO NOTHING;
INSERT INTO actors (mediaId, actorId , actorName, characterName, profilePath) VALUES(86, 927727, 'Oleh Skrypka', 'The One, Who Sits in the Rock (voice)', 'https://image.tmdb.org/t/p/original/xIaeO5IibTfh9oOwVXoUTgIQ6Pl.jpg') ON CONFLICT DO NOTHING;
INSERT INTO actors (mediaId, actorId , actorName, characterName, profilePath) VALUES(86, 1722846, 'Olena Kravets', 'Kylina (voice)', 'https://image.tmdb.org/t/p/original/z3YPcVr3shmS0GWllcOuw2E8qCq.jpg') ON CONFLICT DO NOTHING;
INSERT INTO actors (mediaId, actorId , actorName, characterName, profilePath) VALUES(86, 1261201, 'Serhii Prytula', 'Frol (voice)', 'https://image.tmdb.org/t/p/original/xprCQ46uSN6kUvPunKSvgpkpeS3.jpg') ON CONFLICT DO NOTHING;
INSERT INTO actors (mediaId, actorId , actorName, characterName, profilePath) VALUES(86, 2048236, 'Oleh Mykhailiuta', 'Uncle Leo (voice)', 'https://image.tmdb.org/t/p/original/oaGycFdFAvvwu9Fkk7sercWlzjV.jpg') ON CONFLICT DO NOTHING;
INSERT INTO actors (mediaId, actorId , actorName, characterName, profilePath) VALUES(86, 1532837, 'Nataliia Sumska', 'The Healer (voice)', 'https://image.tmdb.org/t/p/original/vgCFjUeec2Wx8rfDqqtN9miYfIT.jpg') ON CONFLICT DO NOTHING;
INSERT INTO actors (mediaId, actorId , actorName, characterName, profilePath) VALUES(86, 3650445, 'Julia Sanina', 'Ondina (voice)', 'https://image.tmdb.org/t/p/original/6osPI7YDbduASjPOsB56LsrPUIw.jpg') ON CONFLICT DO NOTHING;
INSERT INTO actors (mediaId, actorId , actorName, characterName, profilePath) VALUES(86, 1818893, 'Mykhailo Khoma', 'Hush (voice)', 'https://image.tmdb.org/t/p/original/99MNJvjYLDk5wpBXG3KGiyF2cpb.jpg') ON CONFLICT DO NOTHING;
INSERT INTO media (mediaId, type, name, originalLanguage, adult, releaseDate, overview, backdropPath, posterPath, trailerLink, tmdbRating, status) VALUES(87, false, 'The Nightmare Before Christmas', 'en', False, '1993-10-09',  'Tired of scaring humans every October 31 with the same old bag of tricks, Jack Skellington, the spindly king of Halloween Town, kidnaps Santa Claus and plans to deliver shrunken heads and other ghoulish gifts to children on Christmas morning. But as Christmas approaches, Jack''s rag-doll girlfriend, Sally, tries to foil his misguided plans.', 'https://image.tmdb.org/t/p/original/xWT5F1DNxciNLEMXRl49iq8zvN7.jpg', 'https://image.tmdb.org/t/p/original/oQffRNjK8e19rF7xVYEN8ew0j7b.jpg', 'https://www.youtube.com/watch?v=lVtetOjX_vk', 7.8, 'Released') ON CONFLICT DO NOTHING;
INSERT INTO movies (mediaId, runtime, budget, revenue, directorId, director) VALUES( 87, 79, 24000000, 75634409, 57646, 'Henry Selick') ON CONFLICT DO NOTHING;
INSERT INTO genres (mediaId, genre) VALUES(87, 'Fantasy') ON CONFLICT DO NOTHING;
INSERT INTO genres (mediaId, genre) VALUES(87, 'Animation') ON CONFLICT DO NOTHING;
INSERT INTO genres (mediaId, genre) VALUES(87, 'Family') ON CONFLICT DO NOTHING;
INSERT INTO actors (mediaId, actorId , actorName, characterName, profilePath) VALUES(87, 531, 'Danny Elfman', 'Jack Skellington (singing) / Barrel / Clown with the Tear away Face (voice)', 'https://image.tmdb.org/t/p/original/bcpur9bF56nLxzFzZowipA2wZhy.jpg') ON CONFLICT DO NOTHING;
INSERT INTO actors (mediaId, actorId , actorName, characterName, profilePath) VALUES(87, 14541, 'Chris Sarandon', 'Jack Skellington (voice)', 'https://image.tmdb.org/t/p/original/jP92Lq3JHl8mbdxzcZ6PyCQDwa5.jpg') ON CONFLICT DO NOTHING;
INSERT INTO actors (mediaId, actorId , actorName, characterName, profilePath) VALUES(87, 11514, 'Catherine O''Hara', 'Sally / Shock (voice)', 'https://image.tmdb.org/t/p/original/gI2RyymLJ9ZrhEyJSD5EqSvFpCX.jpg') ON CONFLICT DO NOTHING;
INSERT INTO actors (mediaId, actorId , actorName, characterName, profilePath) VALUES(87, 21282, 'William Hickey', 'Dr. Finkelstein (voice)', 'https://image.tmdb.org/t/p/original/oPPyHJKJceliMLk8S8ldjuDg6V5.jpg') ON CONFLICT DO NOTHING;
INSERT INTO actors (mediaId, actorId , actorName, characterName, profilePath) VALUES(87, 13243, 'Glenn Shadix', 'Mayor (voice)', 'https://image.tmdb.org/t/p/original/zTu0Fh0ohLIvFnEXiRvhe91T3Wg.jpg') ON CONFLICT DO NOTHING;
INSERT INTO actors (mediaId, actorId , actorName, characterName, profilePath) VALUES(87, 5129, 'Paul Reubens', 'Lock (voice)', 'https://image.tmdb.org/t/p/original/9xGL3pGNAiZDtzKTVDQY90Mkyqs.jpg') ON CONFLICT DO NOTHING;
INSERT INTO actors (mediaId, actorId , actorName, characterName, profilePath) VALUES(87, 95758, 'Ken Page', 'Oogie Boogie (voice)', 'https://image.tmdb.org/t/p/original/pF2kpxQ9ycQyw3LvhmE5oJ4XQf1.jpg') ON CONFLICT DO NOTHING;
INSERT INTO actors (mediaId, actorId , actorName, characterName, profilePath) VALUES(87, 1495928, 'Edward Ivory', 'Santa Claus (voice)', 'None') ON CONFLICT DO NOTHING;
INSERT INTO actors (mediaId, actorId , actorName, characterName, profilePath) VALUES(87, 1720665, 'Kerry Katz', 'Man Under Stairs / Vampire / Corpse Dad (voice)', 'None') ON CONFLICT DO NOTHING;
INSERT INTO actors (mediaId, actorId , actorName, characterName, profilePath) VALUES(87, 1222823, 'Carmen Twillie', 'Undersea Gal / Man Under the Stairs (voice)', 'https://image.tmdb.org/t/p/original/6RsAMRvE82FHIGPOSJcbanJPewM.jpg') ON CONFLICT DO NOTHING;
INSERT INTO providers (mediaId, providerId, providerName, logoPath) VALUES( 87, 3, 'Google Play Movies', 'https://image.tmdb.org/t/p/original/tbEdFQDwx5LEVr8WpSeXQSIirVq.jpg') ON CONFLICT DO NOTHING;
INSERT INTO media (mediaId, type, name, originalLanguage, adult, releaseDate, overview, backdropPath, posterPath, trailerLink, tmdbRating, status) VALUES(88, false, 'The Flood', 'en', False, '2023-07-14',  'A horde of giant hungry alligators is unleashed on a group of in-transit prisoners and their guards after a massive hurricane floods Louisiana.', 'https://image.tmdb.org/t/p/original/bz66a19bR6BKsbY8gSZCM4etJiK.jpg', 'https://image.tmdb.org/t/p/original/mvjqqklMpHwOxc40rn7dMhGT0Fc.jpg', 'https://www.youtube.com/watch?v=xx5sYS0pHJg', 6.8, 'Released') ON CONFLICT DO NOTHING;
INSERT INTO movies (mediaId, runtime, budget, revenue, directorId, director) VALUES( 88, 93, 0, 0, 99096, 'Brandon Slagle') ON CONFLICT DO NOTHING;
INSERT INTO genres (mediaId, genre) VALUES(88, 'Action') ON CONFLICT DO NOTHING;
INSERT INTO genres (mediaId, genre) VALUES(88, 'Mystery') ON CONFLICT DO NOTHING;
INSERT INTO genres (mediaId, genre) VALUES(88, 'Thriller') ON CONFLICT DO NOTHING;
INSERT INTO genres (mediaId, genre) VALUES(88, 'Horror') ON CONFLICT DO NOTHING;
INSERT INTO actors (mediaId, actorId , actorName, characterName, profilePath) VALUES(88, 212833, 'Nicky Whelan', 'Sheriff Jo Newman', 'https://image.tmdb.org/t/p/original/5uleEujk5NgfsSSGOacvQLJmlV9.jpg') ON CONFLICT DO NOTHING;
INSERT INTO actors (mediaId, actorId , actorName, characterName, profilePath) VALUES(88, 27763, 'Casper Van Dien', 'Russell Cody', 'https://image.tmdb.org/t/p/original/gHnDUOCuckdZf60tKrfL9VkJD8M.jpg') ON CONFLICT DO NOTHING;
INSERT INTO actors (mediaId, actorId , actorName, characterName, profilePath) VALUES(88, 54649, 'Louis Mandylor', 'Rafe Calderon', 'https://image.tmdb.org/t/p/original/skvNBR83wxjbFj6XuLxWAhCZTmh.jpg') ON CONFLICT DO NOTHING;
INSERT INTO actors (mediaId, actorId , actorName, characterName, profilePath) VALUES(88, 145553, 'Devanny Pinn', 'Sommer Edward', 'https://image.tmdb.org/t/p/original/jt4o5VgyGQYPSpDa336uOIR9ewn.jpg') ON CONFLICT DO NOTHING;
INSERT INTO actors (mediaId, actorId , actorName, characterName, profilePath) VALUES(88, 84841, 'Randy Wayne', 'Dale Elkins', 'https://image.tmdb.org/t/p/original/p0SENcEiSxd3uy31ekcFF4xXvJP.jpg') ON CONFLICT DO NOTHING;
INSERT INTO actors (mediaId, actorId , actorName, characterName, profilePath) VALUES(88, 2465152, 'Kim DeLonghi', 'Eva Carter', 'https://image.tmdb.org/t/p/original/2eSJYs4rcliLsBAGEFuAEeLzfx3.jpg') ON CONFLICT DO NOTHING;
INSERT INTO actors (mediaId, actorId , actorName, characterName, profilePath) VALUES(88, 1226119, 'Ryan Francis', 'Jay Stamper', 'https://image.tmdb.org/t/p/original/4uqKjU32W2sLVdiWJTJzkZh5IJF.jpg') ON CONFLICT DO NOTHING;
INSERT INTO actors (mediaId, actorId , actorName, characterName, profilePath) VALUES(88, 2091809, 'Mike Ferguson', 'Floyd McGraw', 'https://image.tmdb.org/t/p/original/fgmxWHKESApKHtu1Rar0iCVi6if.jpg') ON CONFLICT DO NOTHING;
INSERT INTO actors (mediaId, actorId , actorName, characterName, profilePath) VALUES(88, 1602210, 'Eoin O''Brien', '''Big Jim'' Pruett', 'https://image.tmdb.org/t/p/original/376zIxv82hV8FKCbaAmqcc8UYOP.jpg') ON CONFLICT DO NOTHING;
INSERT INTO actors (mediaId, actorId , actorName, characterName, profilePath) VALUES(88, 3098427, 'Randall J. Bacon', 'Jonathan ''Jox'' Apone', 'None') ON CONFLICT DO NOTHING;
INSERT INTO media (mediaId, type, name, originalLanguage, adult, releaseDate, overview, backdropPath, posterPath, trailerLink, tmdbRating, status) VALUES(89, false, 'Don''t Sleep', 'en', False, '2017-09-29',  'After moving into a cottage together, two young lovers confront horrors of a forgotten childhood.', 'https://image.tmdb.org/t/p/original/fBHfuMIp43iKo2mH1AbenNS9jIT.jpg', 'https://image.tmdb.org/t/p/original/jP0fjDDZaYGpuwD9as6tNn0ePPz.jpg', 'https://www.youtube.com/watch?v=7oR04_eN5Ys', 4.5, 'Released') ON CONFLICT DO NOTHING;
INSERT INTO movies (mediaId, runtime, budget, revenue, directorId, director) VALUES( 89, 101, 0, 0, 71339, 'Rick Bieber') ON CONFLICT DO NOTHING;
INSERT INTO genres (mediaId, genre) VALUES(89, 'Horror') ON CONFLICT DO NOTHING;
INSERT INTO genres (mediaId, genre) VALUES(89, 'Thriller') ON CONFLICT DO NOTHING;
INSERT INTO actors (mediaId, actorId , actorName, characterName, profilePath) VALUES(89, 2130, 'Cary Elwes', 'Dr. Richard Sommers', 'https://image.tmdb.org/t/p/original/9P0JD0LC4j3Y43s6TGM8rOqmbwb.jpg') ON CONFLICT DO NOTHING;
INSERT INTO actors (mediaId, actorId , actorName, characterName, profilePath) VALUES(89, 1192761, 'Dominic Sherwood', 'Zach Bradford', 'https://image.tmdb.org/t/p/original/1ZxJDocd5JGwjKxEJ1gjORj1prQ.jpg') ON CONFLICT DO NOTHING;
INSERT INTO actors (mediaId, actorId , actorName, characterName, profilePath) VALUES(89, 70767, 'Drea de Matteo', 'Jo Marino', 'https://image.tmdb.org/t/p/original/kRr4XnvKGBYW0aVejQzpZiosOmo.jpg') ON CONFLICT DO NOTHING;
INSERT INTO actors (mediaId, actorId , actorName, characterName, profilePath) VALUES(89, 50877, 'Jill Hennessy', 'Cindy Bradford', 'https://image.tmdb.org/t/p/original/dCJvqrN7KXAEJLfb2JFTvMr9HXh.jpg') ON CONFLICT DO NOTHING;
INSERT INTO actors (mediaId, actorId , actorName, characterName, profilePath) VALUES(89, 77912, 'Andrew Lewis Caldwell', 'Timmy Mickelsen', 'https://image.tmdb.org/t/p/original/2g33J4GnUzhCU3GYSswPAh06j9l.jpg') ON CONFLICT DO NOTHING;
INSERT INTO actors (mediaId, actorId , actorName, characterName, profilePath) VALUES(89, 20752, 'Alex Rocco', 'Mr. Marino', 'https://image.tmdb.org/t/p/original/uAG4qvYhYHuCyyXGm3lqC4o6ujc.jpg') ON CONFLICT DO NOTHING;
INSERT INTO actors (mediaId, actorId , actorName, characterName, profilePath) VALUES(89, 21724, 'Alex Carter', 'Vincent Marino', 'https://image.tmdb.org/t/p/original/nmncZHg4VPi0Ij2PYYhArDCON6z.jpg') ON CONFLICT DO NOTHING;
INSERT INTO actors (mediaId, actorId , actorName, characterName, profilePath) VALUES(89, 1058507, 'Marem Hassler', 'Sandy Sommers', 'https://image.tmdb.org/t/p/original/eNZhyFIBTdxZ9uvdfXcdYyxEo1a.jpg') ON CONFLICT DO NOTHING;
INSERT INTO actors (mediaId, actorId , actorName, characterName, profilePath) VALUES(89, 1187068, 'Charlbi Dean', 'Shawn Edmond', 'https://image.tmdb.org/t/p/original/bdWguLfrKPfRVIFvEOsVNMdeqw9.jpg') ON CONFLICT DO NOTHING;
INSERT INTO actors (mediaId, actorId , actorName, characterName, profilePath) VALUES(89, 1855543, 'Dash Williams', 'Young Zach', 'https://image.tmdb.org/t/p/original/bESJQ57DEyOXTg135UYmd0WMN2B.jpg') ON CONFLICT DO NOTHING;
INSERT INTO providers (mediaId, providerId, providerName, logoPath) VALUES( 89, 2, 'Apple TV', 'https://image.tmdb.org/t/p/original/peURlLlr8jggOwK53fJ5wdQl05y.jpg') ON CONFLICT DO NOTHING;
INSERT INTO providers (mediaId, providerId, providerName, logoPath) VALUES( 89, 3, 'Google Play Movies', 'https://image.tmdb.org/t/p/original/tbEdFQDwx5LEVr8WpSeXQSIirVq.jpg') ON CONFLICT DO NOTHING;
INSERT INTO providers (mediaId, providerId, providerName, logoPath) VALUES( 89, 10, 'Amazon Video', 'https://image.tmdb.org/t/p/original/5NyLm42TmCqCMOZFvH4fcoSNKEW.jpg') ON CONFLICT DO NOTHING;
INSERT INTO media (mediaId, type, name, originalLanguage, adult, releaseDate, overview, backdropPath, posterPath, trailerLink, tmdbRating, status) VALUES(90, false, 'Viking: Bloodlust', 'en', False, '2023-04-21',  'A band of vikings are on the run from a blood thirsty group of Berserkers who want to fight to the death.', 'https://image.tmdb.org/t/p/original/vMJb1D40wQNbTveNVFpNbo12faA.jpg', 'https://image.tmdb.org/t/p/original/xveBJmViwHdgjH3UQQmImkHOW7B.jpg', 'https://www.youtube.com/watch?v=xMMQZIIvliU', 7, 'Released') ON CONFLICT DO NOTHING;
INSERT INTO movies (mediaId, runtime, budget, revenue, directorId, director) VALUES( 90, 82, 0, 0, 3791327, 'Greg Keith') ON CONFLICT DO NOTHING;
INSERT INTO genres (mediaId, genre) VALUES(90, 'Action') ON CONFLICT DO NOTHING;
INSERT INTO genres (mediaId, genre) VALUES(90, 'History') ON CONFLICT DO NOTHING;
INSERT INTO actors (mediaId, actorId , actorName, characterName, profilePath) VALUES(90, 2063499, 'Stephen Samson', 'Ander', 'https://image.tmdb.org/t/p/original/B1Pkaj8hhEVtDhiSFNlxg3tOL9.jpg') ON CONFLICT DO NOTHING;
INSERT INTO actors (mediaId, actorId , actorName, characterName, profilePath) VALUES(90, 3071361, 'Madalena Alberto', 'Estrid', 'https://image.tmdb.org/t/p/original/32BY9NouEJapvb5sqBLg1cXiCaK.jpg') ON CONFLICT DO NOTHING;
INSERT INTO actors (mediaId, actorId , actorName, characterName, profilePath) VALUES(90, 2339454, 'Jodyanne Richardson', 'Olga', 'https://image.tmdb.org/t/p/original/zRG5FNN3NP5tBidiJPOEsKmV6tO.jpg') ON CONFLICT DO NOTHING;
INSERT INTO actors (mediaId, actorId , actorName, characterName, profilePath) VALUES(90, 3613674, 'Jamie Sordyl', 'Gro', 'None') ON CONFLICT DO NOTHING;
INSERT INTO actors (mediaId, actorId , actorName, characterName, profilePath) VALUES(90, 3791324, 'Andrea Bechis', 'Finnr', 'https://image.tmdb.org/t/p/original/prd50XqNyFY0iR8UC1p25qkZeJG.jpg') ON CONFLICT DO NOTHING;
INSERT INTO actors (mediaId, actorId , actorName, characterName, profilePath) VALUES(90, 3351566, 'Julia Quayle', 'Hilda', 'https://image.tmdb.org/t/p/original/9Z59ZcCL0G2X7owNXmq89TToZUt.jpg') ON CONFLICT DO NOTHING;
INSERT INTO actors (mediaId, actorId , actorName, characterName, profilePath) VALUES(90, 3722624, 'Steevan Glover', 'Magni', 'https://image.tmdb.org/t/p/original/rA6tk3KTzOXPjlJUkZKwPbk9gmO.jpg') ON CONFLICT DO NOTHING;
INSERT INTO actors (mediaId, actorId , actorName, characterName, profilePath) VALUES(90, 3737036, 'Gaston Alexander', 'Lar', 'None') ON CONFLICT DO NOTHING;
INSERT INTO actors (mediaId, actorId , actorName, characterName, profilePath) VALUES(90, 3570378, 'Simon Ellis', 'Rasmus', 'https://image.tmdb.org/t/p/original/5jMod5AQsn2FD7QGanvoXGZMMVT.jpg') ON CONFLICT DO NOTHING;
INSERT INTO actors (mediaId, actorId , actorName, characterName, profilePath) VALUES(90, 3791327, 'Greg Keith', 'Amleth', 'https://image.tmdb.org/t/p/original/wzDZtP6AJySygMCq7zOSefJT0AQ.jpg') ON CONFLICT DO NOTHING;
INSERT INTO media (mediaId, type, name, originalLanguage, adult, releaseDate, overview, backdropPath, posterPath, trailerLink, tmdbRating, status) VALUES(91, false, 'No Hard Feelings', 'en', False, '2023-06-15',  'On the brink of losing her childhood home, Maddie discovers an intriguing job listing: wealthy helicopter parents looking for someone to “date” their introverted 19-year-old son, Percy, before he leaves for college. To her surprise, Maddie soon discovers the awkward Percy is no sure thing.', 'https://image.tmdb.org/t/p/original/rRcNmiH55Tz0ugUsDUGmj8Bsa4V.jpg', 'https://image.tmdb.org/t/p/original/gD72DhJ7NbfxvtxGiAzLaa0xaoj.jpg', 'https://www.youtube.com/watch?v=7psP7xBEa28', 7.1, 'Released') ON CONFLICT DO NOTHING;
INSERT INTO movies (mediaId, runtime, budget, revenue, directorId, director) VALUES( 91, 104, 45000000, 82995526, 84416, 'Gene Stupnitsky') ON CONFLICT DO NOTHING;
INSERT INTO genres (mediaId, genre) VALUES(91, 'Comedy') ON CONFLICT DO NOTHING;
INSERT INTO genres (mediaId, genre) VALUES(91, 'Romance') ON CONFLICT DO NOTHING;
INSERT INTO actors (mediaId, actorId , actorName, characterName, profilePath) VALUES(91, 72129, 'Jennifer Lawrence', 'Maddie Barker', 'https://image.tmdb.org/t/p/original/nSWSc3pAQEw0lPAmAk4d9GFMv6k.jpg') ON CONFLICT DO NOTHING;
INSERT INTO actors (mediaId, actorId , actorName, characterName, profilePath) VALUES(91, 2914688, 'Andrew Barth Feldman', 'Percy Becker', 'https://image.tmdb.org/t/p/original/17rLE4Q4gKejJp1TsByGnzMpK00.jpg') ON CONFLICT DO NOTHING;
INSERT INTO actors (mediaId, actorId , actorName, characterName, profilePath) VALUES(91, 60034, 'Laura Benanti', 'Allison Becker', 'https://image.tmdb.org/t/p/original/meoraoVzlCExK6RUFX2GqVNv0vw.jpg') ON CONFLICT DO NOTHING;
INSERT INTO actors (mediaId, actorId , actorName, characterName, profilePath) VALUES(91, 4756, 'Matthew Broderick', 'Laird Becker', 'https://image.tmdb.org/t/p/original/papqFgpyroZJEqd7WvuNGN8ti2k.jpg') ON CONFLICT DO NOTHING;
INSERT INTO actors (mediaId, actorId , actorName, characterName, profilePath) VALUES(91, 118752, 'Natalie Morales', 'Sara', 'https://image.tmdb.org/t/p/original/faHjkHWepBM2mx8lq7kS0D3YeOE.jpg') ON CONFLICT DO NOTHING;
INSERT INTO actors (mediaId, actorId , actorName, characterName, profilePath) VALUES(91, 209087, 'Scott MacArthur', 'Jim', 'https://image.tmdb.org/t/p/original/1IzuhFhE3IPzTXv9zcP8iCya9KQ.jpg') ON CONFLICT DO NOTHING;
INSERT INTO actors (mediaId, actorId , actorName, characterName, profilePath) VALUES(91, 21042, 'Ebon Moss-Bachrach', 'Gary', 'https://image.tmdb.org/t/p/original/79hU38XpN58dN2Rsw1DpUSC4PlH.jpg') ON CONFLICT DO NOTHING;
INSERT INTO actors (mediaId, actorId , actorName, characterName, profilePath) VALUES(91, 1180698, 'Kyle Mooney', 'Jody', 'https://image.tmdb.org/t/p/original/xywmFOt1OkUGa2Ex2YnmjI6gyd7.jpg') ON CONFLICT DO NOTHING;
INSERT INTO actors (mediaId, actorId , actorName, characterName, profilePath) VALUES(91, 552252, 'Hasan Minhaj', 'Doug Khan', 'https://image.tmdb.org/t/p/original/6vHHhLnbKBCPmYc90qAV2Cde95F.jpg') ON CONFLICT DO NOTHING;
INSERT INTO actors (mediaId, actorId , actorName, characterName, profilePath) VALUES(91, 3075124, 'Jordan Mendoza', 'Crispin', 'https://image.tmdb.org/t/p/original/rIUmIBIVpXhMamsYRgymb0fjdSP.jpg') ON CONFLICT DO NOTHING;
INSERT INTO providers (mediaId, providerId, providerName, logoPath) VALUES( 91, 3, 'Google Play Movies', 'https://image.tmdb.org/t/p/original/tbEdFQDwx5LEVr8WpSeXQSIirVq.jpg') ON CONFLICT DO NOTHING;
INSERT INTO media (mediaId, type, name, originalLanguage, adult, releaseDate, overview, backdropPath, posterPath, trailerLink, tmdbRating, status) VALUES(92, false, 'Spy Kids: Armageddon', 'en', False, '2023-09-22',  'When the children of the world’s greatest secret agents unwittingly help a powerful game developer unleash a computer virus that gives him control of all technology, they must become spies themselves to save their parents and the world.', 'https://image.tmdb.org/t/p/original/6fKEw0I2FTD5FLOQ5q7L1tqf876.jpg', 'https://image.tmdb.org/t/p/original/vd8YdaH7dzeIMGTNwQinlSiA1gV.jpg', 'https://www.youtube.com/watch?v=TuiRw0v3bAw', 6.3, 'Released') ON CONFLICT DO NOTHING;
INSERT INTO movies (mediaId, runtime, budget, revenue, directorId, director) VALUES( 92, 98, 0, 0, 2294, 'Robert Rodriguez') ON CONFLICT DO NOTHING;
INSERT INTO genres (mediaId, genre) VALUES(92, 'Family') ON CONFLICT DO NOTHING;
INSERT INTO genres (mediaId, genre) VALUES(92, 'Comedy') ON CONFLICT DO NOTHING;
INSERT INTO genres (mediaId, genre) VALUES(92, 'Action') ON CONFLICT DO NOTHING;
INSERT INTO genres (mediaId, genre) VALUES(92, 'Adventure') ON CONFLICT DO NOTHING;
INSERT INTO actors (mediaId, actorId , actorName, characterName, profilePath) VALUES(92, 2761895, 'Connor Esterson', 'Tony Tango-Torrez', 'https://image.tmdb.org/t/p/original/jwcfncolsSmWh1tZSk7i7c9JYqU.jpg') ON CONFLICT DO NOTHING;
INSERT INTO actors (mediaId, actorId , actorName, characterName, profilePath) VALUES(92, 2443015, 'Everly Carganilla', 'Patty Tango-Torrez', 'https://image.tmdb.org/t/p/original/wDC4LqUir2p5S5W30USmTWZRjoU.jpg') ON CONFLICT DO NOTHING;
INSERT INTO actors (mediaId, actorId , actorName, characterName, profilePath) VALUES(92, 69899, 'Zachary Levi', 'Terrence Tango', 'https://image.tmdb.org/t/p/original/1W8L3kEMMPF9umT3ZGaNIiCYKfZ.jpg') ON CONFLICT DO NOTHING;
INSERT INTO actors (mediaId, actorId , actorName, characterName, profilePath) VALUES(92, 180486, 'Gina Rodriguez', 'Nora Torrez', 'https://image.tmdb.org/t/p/original/5t6YkhPbYgug29TMCmgsgTNs3PJ.jpg') ON CONFLICT DO NOTHING;
INSERT INTO actors (mediaId, actorId , actorName, characterName, profilePath) VALUES(92, 141034, 'Billy Magnussen', 'Rey ''The King'' Kingston', 'https://image.tmdb.org/t/p/original/bA38HDFxJtwSV4OgSo3yJ1u9H2J.jpg') ON CONFLICT DO NOTHING;
INSERT INTO actors (mediaId, actorId , actorName, characterName, profilePath) VALUES(92, 51976, 'D.J. Cotrona', 'Devlin', 'https://image.tmdb.org/t/p/original/mxm4UVHzHf0Z7YK1oAfzNSC0T35.jpg') ON CONFLICT DO NOTHING;
INSERT INTO actors (mediaId, actorId , actorName, characterName, profilePath) VALUES(92, 1390325, 'Joe Schilling', 'Heck Knight', 'https://image.tmdb.org/t/p/original/wjFwdrCj2OGq5YQK5TsQvriXuYN.jpg') ON CONFLICT DO NOTHING;
INSERT INTO actors (mediaId, actorId , actorName, characterName, profilePath) VALUES(92, 4190622, 'Solar Dena Bennett', 'OSS Agent', 'None') ON CONFLICT DO NOTHING;
INSERT INTO actors (mediaId, actorId , actorName, characterName, profilePath) VALUES(92, 4284575, 'Nicholas Ortiz', 'Cranky OSS Agent', 'None') ON CONFLICT DO NOTHING;
INSERT INTO actors (mediaId, actorId , actorName, characterName, profilePath) VALUES(92, 4190081, 'Brody Stowers', 'Kid in Courtyard', 'None') ON CONFLICT DO NOTHING;
INSERT INTO media (mediaId, type, name, originalLanguage, adult, releaseDate, overview, backdropPath, posterPath, trailerLink, tmdbRating, status) VALUES(93, false, 'Resident Evil: Death Island', 'ja', False, '2023-06-22',  'In San Francisco, Jill Valentine is dealing with a zombie outbreak and a new T-Virus, Leon Kennedy is on the trail of a kidnapped DARPA scientist, and Claire Redfield is investigating a monstrous fish that is killing whales in the bay. Joined by Chris Redfield and Rebecca Chambers, they discover the trail of clues from their separate cases all converge on the same location, Alcatraz Island, where a new evil has taken residence and awaits their arrival.', 'https://image.tmdb.org/t/p/original/7drO1kYgQ0PnnU87sAnBEphYrSM.jpg', 'https://image.tmdb.org/t/p/original/qayga07ICNDswm0cMJ8P3VwklFZ.jpg', 'https://www.youtube.com/watch?v=L-vkuA8oqMY', 7.6, 'Released') ON CONFLICT DO NOTHING;
INSERT INTO movies (mediaId, runtime, budget, revenue, directorId, director) VALUES( 93, 91, 0, 53929, 589915, 'Eiichirō Hasumi') ON CONFLICT DO NOTHING;
INSERT INTO genres (mediaId, genre) VALUES(93, 'Animation') ON CONFLICT DO NOTHING;
INSERT INTO genres (mediaId, genre) VALUES(93, 'Action') ON CONFLICT DO NOTHING;
INSERT INTO genres (mediaId, genre) VALUES(93, 'Horror') ON CONFLICT DO NOTHING;
INSERT INTO actors (mediaId, actorId , actorName, characterName, profilePath) VALUES(93, 556275, 'Matthew Mercer', 'Leon Scott  Kennedy (voice)', 'https://image.tmdb.org/t/p/original/fe1S317253vfMuNuIDjhp9vtNSs.jpg') ON CONFLICT DO NOTHING;
INSERT INTO actors (mediaId, actorId , actorName, characterName, profilePath) VALUES(93, 1618860, 'Nicole Tompkins', 'Jill Valentine (voice)', 'https://image.tmdb.org/t/p/original/rD3uXD6PHHLyXoTk2sSITKsJmSF.jpg') ON CONFLICT DO NOTHING;
INSERT INTO actors (mediaId, actorId , actorName, characterName, profilePath) VALUES(93, 91443, 'Kevin Dorman', 'Chris Redfield (voice)', 'https://image.tmdb.org/t/p/original/jByqQyo6VsnbtXwKGidaadSBOPb.jpg') ON CONFLICT DO NOTHING;
INSERT INTO actors (mediaId, actorId , actorName, characterName, profilePath) VALUES(93, 3015384, 'Stephanie Panisello', 'Claire Redfield (voice)', 'https://image.tmdb.org/t/p/original/tmiQx5yU14ulJ7vzZZHwEngsGhp.jpg') ON CONFLICT DO NOTHING;
INSERT INTO actors (mediaId, actorId , actorName, characterName, profilePath) VALUES(93, 78044, 'Erin Cahill', 'Rebecca Chambers (voice)', 'https://image.tmdb.org/t/p/original/w4WPh5Ex294Y0KnvmdIXfoSiB17.jpg') ON CONFLICT DO NOTHING;
INSERT INTO actors (mediaId, actorId , actorName, characterName, profilePath) VALUES(93, 81378, 'Salli Saffioti', 'Ingrid Hunnigan (voice)', 'https://image.tmdb.org/t/p/original/awF13TyorW4Rp5rq10p5XL0Po3m.jpg') ON CONFLICT DO NOTHING;
INSERT INTO actors (mediaId, actorId , actorName, characterName, profilePath) VALUES(93, 4051221, 'Daman Mills', 'Dylan Blake (voice)', 'https://image.tmdb.org/t/p/original/c4rFVlh5yXtdnKzcx0N633nBcFI.jpg') ON CONFLICT DO NOTHING;
INSERT INTO actors (mediaId, actorId , actorName, characterName, profilePath) VALUES(93, 228123, 'Lucien Dodge', 'JJ (voice)', 'https://image.tmdb.org/t/p/original/wAtloasr1EQlQ96O9pGlHFqryre.jpg') ON CONFLICT DO NOTHING;
INSERT INTO actors (mediaId, actorId , actorName, characterName, profilePath) VALUES(93, 1192968, 'Cristina Valenzuela', 'Maria Gomez (voice)', 'https://image.tmdb.org/t/p/original/7XlfLFY3zKqzqUfgksWicg5mzGY.jpg') ON CONFLICT DO NOTHING;
INSERT INTO actors (mediaId, actorId , actorName, characterName, profilePath) VALUES(93, 2263505, 'Frank Todaro', 'Antonio Taylor (voice)', 'https://image.tmdb.org/t/p/original/vuHWWdSF4pRrZkG6rxgTNx2y557.jpg') ON CONFLICT DO NOTHING;
INSERT INTO providers (mediaId, providerId, providerName, logoPath) VALUES( 93, 2, 'Apple TV', 'https://image.tmdb.org/t/p/original/peURlLlr8jggOwK53fJ5wdQl05y.jpg') ON CONFLICT DO NOTHING;
INSERT INTO providers (mediaId, providerId, providerName, logoPath) VALUES( 93, 3, 'Google Play Movies', 'https://image.tmdb.org/t/p/original/tbEdFQDwx5LEVr8WpSeXQSIirVq.jpg') ON CONFLICT DO NOTHING;
INSERT INTO media (mediaId, type, name, originalLanguage, adult, releaseDate, overview, backdropPath, posterPath, trailerLink, tmdbRating, status) VALUES(94, false, 'Darkland: The Return', 'da', False, '2023-04-13',  'Seven years ago, Zaid went to war against the Copenhagen underworld to avenge his dead brother. His identity as a respected doctor of cardiology and life as a family man is but a fading dream, and in prison Zaid suffers the loss of his son Noah, whom he barely knows. When a police agent approaches Zaid and offers him a deal to be released in exchange for infiltrating the Copenhagen underworld, he sees his chance to reclaim the remnants of the family life he left behind. But everything has a price, and Zaid realizes that he has now seriously endangered his son''s life. After all, once you become part of the underworld, is there any way out?', 'https://image.tmdb.org/t/p/original/4wVFtesa5YEWuAUHRcxoCN1Y1uN.jpg', 'https://image.tmdb.org/t/p/original/c8B4DsVcFVDLVmbpHMHU3RjLNAV.jpg', 'None', 6.5, 'Released') ON CONFLICT DO NOTHING;
INSERT INTO movies (mediaId, runtime, budget, revenue, directorId, director) VALUES( 94, 110, 0, 0, 1183636, 'Fenar Ahmad') ON CONFLICT DO NOTHING;
INSERT INTO genres (mediaId, genre) VALUES(94, 'Action') ON CONFLICT DO NOTHING;
INSERT INTO genres (mediaId, genre) VALUES(94, 'Thriller') ON CONFLICT DO NOTHING;
INSERT INTO actors (mediaId, actorId , actorName, characterName, profilePath) VALUES(94, 234907, 'Dar Salim', 'Zaid', 'https://image.tmdb.org/t/p/original/oTYCqdF6nfZTsvt1fbypi54ydI.jpg') ON CONFLICT DO NOTHING;
INSERT INTO actors (mediaId, actorId , actorName, characterName, profilePath) VALUES(94, 90514, 'Birgitte Hjort Sørensen', 'Helle', 'https://image.tmdb.org/t/p/original/uPak0FlCPdsc9B1pw4bBkuaMLXT.jpg') ON CONFLICT DO NOTHING;
INSERT INTO actors (mediaId, actorId , actorName, characterName, profilePath) VALUES(94, 32682, 'Stine Fischer Christensen', 'Stine', 'https://image.tmdb.org/t/p/original/6MYODCa28L1IzfhcYTUZUYThoF2.jpg') ON CONFLICT DO NOTHING;
INSERT INTO actors (mediaId, actorId , actorName, characterName, profilePath) VALUES(94, 1178394, 'Henrik Vestergaard', 'Lars', 'https://image.tmdb.org/t/p/original/1Opgkbdkyt1x5iEOLgV3VJ29ZpA.jpg') ON CONFLICT DO NOTHING;
INSERT INTO actors (mediaId, actorId , actorName, characterName, profilePath) VALUES(94, 3236472, 'Soheil Bavi', 'Muhdir', 'None') ON CONFLICT DO NOTHING;
INSERT INTO actors (mediaId, actorId , actorName, characterName, profilePath) VALUES(94, 3991209, 'Jack Pedersen', 'Shahin', 'None') ON CONFLICT DO NOTHING;
INSERT INTO actors (mediaId, actorId , actorName, characterName, profilePath) VALUES(94, 2595279, 'Mohamed Djeziri', '', 'None') ON CONFLICT DO NOTHING;
INSERT INTO actors (mediaId, actorId , actorName, characterName, profilePath) VALUES(94, 4188787, 'Abud Mustafa', '', 'None') ON CONFLICT DO NOTHING;
INSERT INTO actors (mediaId, actorId , actorName, characterName, profilePath) VALUES(94, 4188788, 'Ahmad Ayman', '', 'None') ON CONFLICT DO NOTHING;
INSERT INTO actors (mediaId, actorId , actorName, characterName, profilePath) VALUES(94, 4188789, 'Sebastian Nørgaard', '', 'None') ON CONFLICT DO NOTHING;
INSERT INTO media (mediaId, type, name, originalLanguage, adult, releaseDate, overview, backdropPath, posterPath, trailerLink, tmdbRating, status) VALUES(95, false, 'The Last Voyage of the Demeter', 'en', False, '2023-08-09',  'The crew of the merchant ship Demeter attempts to survive the ocean voyage from Carpathia to London as they are stalked each night by a merciless presence onboard the ship.', 'https://image.tmdb.org/t/p/original/qEm4FrkGh7kGoEiBOyGYNielYVc.jpg', 'https://image.tmdb.org/t/p/original/nrtbv6Cew7qC7k9GsYSf5uSmuKh.jpg', 'https://www.youtube.com/watch?v=6FgUUO9Ztd0', 7.3, 'Released') ON CONFLICT DO NOTHING;
INSERT INTO movies (mediaId, runtime, budget, revenue, directorId, director) VALUES( 95, 119, 45000000, 21576744, 135113, 'André Øvredal') ON CONFLICT DO NOTHING;
INSERT INTO genres (mediaId, genre) VALUES(95, 'Thriller') ON CONFLICT DO NOTHING;
INSERT INTO genres (mediaId, genre) VALUES(95, 'Horror') ON CONFLICT DO NOTHING;
INSERT INTO actors (mediaId, actorId , actorName, characterName, profilePath) VALUES(95, 1154054, 'Corey Hawkins', 'Clemens', 'https://image.tmdb.org/t/p/original/habqxQgt2ouTrrrjpbTfL6YVH7C.jpg') ON CONFLICT DO NOTHING;
INSERT INTO actors (mediaId, actorId , actorName, characterName, profilePath) VALUES(95, 1323109, 'Aisling Franciosi', 'Anna', 'https://image.tmdb.org/t/p/original/g6qewxM4EEg02HUTLUw9KGkLdNj.jpg') ON CONFLICT DO NOTHING;
INSERT INTO actors (mediaId, actorId , actorName, characterName, profilePath) VALUES(95, 83854, 'David Dastmalchian', 'Wojchek', 'https://image.tmdb.org/t/p/original/o9oOnTUbsFVYzifDZDdwrsAidy8.jpg') ON CONFLICT DO NOTHING;
INSERT INTO actors (mediaId, actorId , actorName, characterName, profilePath) VALUES(95, 111090, 'Javier Botet', 'Dracula / Nosferatu', 'https://image.tmdb.org/t/p/original/nuVbt1oreUUPPR0MhKKL7y6i9Dt.jpg') ON CONFLICT DO NOTHING;
INSERT INTO actors (mediaId, actorId , actorName, characterName, profilePath) VALUES(95, 15498, 'Liam Cunningham', 'Captain Eliot', 'https://image.tmdb.org/t/p/original/ljmFT9zYqh4k2bmEcNU6rxoE7fW.jpg') ON CONFLICT DO NOTHING;
INSERT INTO actors (mediaId, actorId , actorName, characterName, profilePath) VALUES(95, 1656685, 'Chris Walley', 'Abrams', 'https://image.tmdb.org/t/p/original/qASA1oFOwEvL7epg0HZkPE4SRwc.jpg') ON CONFLICT DO NOTHING;
INSERT INTO actors (mediaId, actorId , actorName, characterName, profilePath) VALUES(95, 1224010, 'Jon Jon Briones', 'Joseph', 'https://image.tmdb.org/t/p/original/rMLbpS7OgWcrDMKcJxrfk54Lm56.jpg') ON CONFLICT DO NOTHING;
INSERT INTO actors (mediaId, actorId , actorName, characterName, profilePath) VALUES(95, 80507, 'Stefan Kapičić', 'Olgaren', 'https://image.tmdb.org/t/p/original/6BLiyw6Ibt57C2aDxfrbHsHtczf.jpg') ON CONFLICT DO NOTHING;
INSERT INTO actors (mediaId, actorId , actorName, characterName, profilePath) VALUES(95, 1291166, 'Martin Furulund', 'Larsen', 'https://image.tmdb.org/t/p/original/6zGIHDbSMCITEmpmXi3JX5171Gh.jpg') ON CONFLICT DO NOTHING;
INSERT INTO actors (mediaId, actorId , actorName, characterName, profilePath) VALUES(95, 1238110, 'Nikolai Nikolaeff', 'Petrofsky', 'https://image.tmdb.org/t/p/original/nNXhasub1J9IikQx53oKgnyEBYH.jpg') ON CONFLICT DO NOTHING;
INSERT INTO media (mediaId, type, name, originalLanguage, adult, releaseDate, overview, backdropPath, posterPath, trailerLink, tmdbRating, status) VALUES(96, false, 'Miraculous: Ladybug & Cat Noir, The Movie', 'fr', False, '2023-07-05',  'A life of an ordinary Parisian teenager Marinette goes superhuman when she becomes Ladybug. Bestowed with magical powers of creation, Ladybug must unite with her opposite, Cat Noir, to save Paris as a new villain unleashes chaos unto the city.', 'https://image.tmdb.org/t/p/original/iEFuHjqrE059SmflBva1JzDJutE.jpg', 'https://image.tmdb.org/t/p/original/bBON9XO9Ek0DjRwMBnJNCwC96Cd.jpg', 'https://www.youtube.com/watch?v=3fzFvZToh8o', 7.8, 'Released') ON CONFLICT DO NOTHING;
INSERT INTO movies (mediaId, runtime, budget, revenue, directorId, director) VALUES( 96, 107, 86000000, 37229585, 1762584, 'Jeremy Zag') ON CONFLICT DO NOTHING;
INSERT INTO genres (mediaId, genre) VALUES(96, 'Animation') ON CONFLICT DO NOTHING;
INSERT INTO genres (mediaId, genre) VALUES(96, 'Family') ON CONFLICT DO NOTHING;
INSERT INTO genres (mediaId, genre) VALUES(96, 'Action') ON CONFLICT DO NOTHING;
INSERT INTO genres (mediaId, genre) VALUES(96, 'Fantasy') ON CONFLICT DO NOTHING;
INSERT INTO genres (mediaId, genre) VALUES(96, 'Romance') ON CONFLICT DO NOTHING;
INSERT INTO actors (mediaId, actorId , actorName, characterName, profilePath) VALUES(96, 1762588, 'Annouck Hautbois', 'Marinette Dupain-Cheng / Ladybug (voice)', 'https://image.tmdb.org/t/p/original/5D66aDzc8QrkNtdeFb0nsFku6Zh.jpg') ON CONFLICT DO NOTHING;
INSERT INTO actors (mediaId, actorId , actorName, characterName, profilePath) VALUES(96, 1558832, 'Benjamin Bollen', 'Adrien Agreste / Cat Noir (voice)', 'https://image.tmdb.org/t/p/original/qAvG7VqmZp6s2XE3KZooEfYDfW9.jpg') ON CONFLICT DO NOTHING;
INSERT INTO actors (mediaId, actorId , actorName, characterName, profilePath) VALUES(96, 1762590, 'Fanny Bloc', 'Alya Césaire (voice)', 'https://image.tmdb.org/t/p/original/7qcsMqQNNZ0Im1j0i9EUTBDdjaP.jpg') ON CONFLICT DO NOTHING;
INSERT INTO actors (mediaId, actorId , actorName, characterName, profilePath) VALUES(96, 1762592, 'Alexandre N''Guyen', 'Nino Lahiffe (voice)', 'None') ON CONFLICT DO NOTHING;
INSERT INTO actors (mediaId, actorId , actorName, characterName, profilePath) VALUES(96, 1758915, 'Antoine Tomé', 'Gabriel Agreste / Hawk Moth (voice)', 'https://image.tmdb.org/t/p/original/4tKFiEb0yJnM6I4AjzeJzy6QS7Z.jpg') ON CONFLICT DO NOTHING;
INSERT INTO actors (mediaId, actorId , actorName, characterName, profilePath) VALUES(96, 1762591, 'Marie Chevalot', 'Chloé Bourgeois / Nathalie Sancoeur (voice)', 'None') ON CONFLICT DO NOTHING;
INSERT INTO actors (mediaId, actorId , actorName, characterName, profilePath) VALUES(96, 1373143, 'Marie Nonnenmacher', 'Sabrina Raincomprix (voice)', 'https://image.tmdb.org/t/p/original/b0F4vbkVIWEk849tWKL04WcLJ6S.jpg') ON CONFLICT DO NOTHING;
INSERT INTO actors (mediaId, actorId , actorName, characterName, profilePath) VALUES(96, 1364266, 'Martial Le Minoux', 'Tom Dupain (voice)', 'https://image.tmdb.org/t/p/original/b1txgOyiWj2M7tiyfB29yxFrLRO.jpg') ON CONFLICT DO NOTHING;
INSERT INTO actors (mediaId, actorId , actorName, characterName, profilePath) VALUES(96, 1927322, 'Flora Kaprielian', 'The Magician (voice)', 'None') ON CONFLICT DO NOTHING;
INSERT INTO actors (mediaId, actorId , actorName, characterName, profilePath) VALUES(96, 1174994, 'Franck Tordjman', 'Nathaniel Kurtzberg / Ivan Bruel (voice)', 'None') ON CONFLICT DO NOTHING;
INSERT INTO media (mediaId, type, name, originalLanguage, adult, releaseDate, overview, backdropPath, posterPath, trailerLink, tmdbRating, status) VALUES(97, false, 'Top Gun: Maverick', 'en', False, '2022-05-24',  'After more than thirty years of service as one of the Navy’s top aviators, and dodging the advancement in rank that would ground him, Pete “Maverick” Mitchell finds himself training a detachment of TOP GUN graduates for a specialized mission the likes of which no living pilot has ever seen.', 'https://image.tmdb.org/t/p/original/AaV1YIdWKnjAIAOe8UUKBFm327v.jpg', 'https://image.tmdb.org/t/p/original/62HCnUTziyWcpDaBO2i1DX17ljH.jpg', 'https://www.youtube.com/watch?v=giXco2jaZ_4', 8.3, 'Released') ON CONFLICT DO NOTHING;
INSERT INTO movies (mediaId, runtime, budget, revenue, directorId, director) VALUES( 97, 131, 170000000, 1488732821, 86270, 'Joseph Kosinski') ON CONFLICT DO NOTHING;
INSERT INTO genres (mediaId, genre) VALUES(97, 'Action') ON CONFLICT DO NOTHING;
INSERT INTO genres (mediaId, genre) VALUES(97, 'Drama') ON CONFLICT DO NOTHING;
INSERT INTO actors (mediaId, actorId , actorName, characterName, profilePath) VALUES(97, 500, 'Tom Cruise', 'Capt. Pete ''Maverick'' Mitchell', 'https://image.tmdb.org/t/p/original/8qBylBsQf4llkGrWR3qAsOtOU8O.jpg') ON CONFLICT DO NOTHING;
INSERT INTO actors (mediaId, actorId , actorName, characterName, profilePath) VALUES(97, 996701, 'Miles Teller', 'Lt. Bradley ''Rooster'' Bradshaw', 'https://image.tmdb.org/t/p/original/cg3LW0xX6RKr8dmescxq1bepcb5.jpg') ON CONFLICT DO NOTHING;
INSERT INTO actors (mediaId, actorId , actorName, characterName, profilePath) VALUES(97, 6161, 'Jennifer Connelly', 'Penny Benjamin', 'https://image.tmdb.org/t/p/original/p17ymzw1sb9eo2SOp88jnwyryan.jpg') ON CONFLICT DO NOTHING;
INSERT INTO actors (mediaId, actorId , actorName, characterName, profilePath) VALUES(97, 65717, 'Jon Hamm', 'Adm. Beau ''Cyclone'' Simpson', 'https://image.tmdb.org/t/p/original/mrXE5fZbEDPc7BEE5G21J6qrwzi.jpg') ON CONFLICT DO NOTHING;
INSERT INTO actors (mediaId, actorId , actorName, characterName, profilePath) VALUES(97, 83271, 'Glen Powell', 'Lt. Jake ''Hangman'' Seresin', 'https://image.tmdb.org/t/p/original/lRbbndkwOXyvep9Y7kHiwbh9Ji5.jpg') ON CONFLICT DO NOTHING;
INSERT INTO actors (mediaId, actorId , actorName, characterName, profilePath) VALUES(97, 228, 'Ed Harris', 'Radm. Chester ''Hammer'' Cain', 'https://image.tmdb.org/t/p/original/ryF0KkljweLhPkQ70x6w3u9Qjjj.jpg') ON CONFLICT DO NOTHING;
INSERT INTO actors (mediaId, actorId , actorName, characterName, profilePath) VALUES(97, 5576, 'Val Kilmer', 'Adm. Tom ''Iceman'' Kazansky', 'https://image.tmdb.org/t/p/original/sWH9jTD0bC5gWhhceUlzfNiNup0.jpg') ON CONFLICT DO NOTHING;
INSERT INTO actors (mediaId, actorId , actorName, characterName, profilePath) VALUES(97, 1700685, 'Lewis Pullman', 'Lt. Robert ''Bob'' Floyd', 'https://image.tmdb.org/t/p/original/bar5VvioWtciX9MOfK88H4WDh2g.jpg') ON CONFLICT DO NOTHING;
INSERT INTO actors (mediaId, actorId , actorName, characterName, profilePath) VALUES(97, 124112, 'Charles Parnell', 'Adm. Solomon ''Warlock'' Bates', 'https://image.tmdb.org/t/p/original/nBpkNLRm6v6Yw99GxCkHCMwA2Zg.jpg') ON CONFLICT DO NOTHING;
INSERT INTO actors (mediaId, actorId , actorName, characterName, profilePath) VALUES(97, 1241330, 'Bashir Salahuddin', 'Wo-1. Bernie ''Hondo'' Coleman', 'https://image.tmdb.org/t/p/original/ZL5MRzjd6kWkvQXqh5mgPY1CKP.jpg') ON CONFLICT DO NOTHING;
INSERT INTO providers (mediaId, providerId, providerName, logoPath) VALUES( 97, 2, 'Apple TV', 'https://image.tmdb.org/t/p/original/peURlLlr8jggOwK53fJ5wdQl05y.jpg') ON CONFLICT DO NOTHING;
INSERT INTO providers (mediaId, providerId, providerName, logoPath) VALUES( 97, 3, 'Google Play Movies', 'https://image.tmdb.org/t/p/original/tbEdFQDwx5LEVr8WpSeXQSIirVq.jpg') ON CONFLICT DO NOTHING;
INSERT INTO providers (mediaId, providerId, providerName, logoPath) VALUES( 97, 339, 'Movistar Play', 'https://image.tmdb.org/t/p/original/cDzkhgvozSr4GW2aRdV22uDuFpw.jpg') ON CONFLICT DO NOTHING;
INSERT INTO media (mediaId, type, name, originalLanguage, adult, releaseDate, overview, backdropPath, posterPath, trailerLink, tmdbRating, status) VALUES(98, false, 'Dark Harvest', 'en', False, '2023-10-11',  'In a cursed town, the annual harvest becomes a brutal battle for survival. On Halloween 1963, Sawtooth Jack, a terrifying legend, rises from the cornfields, threatening the town’s children. Groups of boys unite to defeat the murderous scarecrow before midnight. Richie, a rebellious outcast, joins the run, motivated by his brother’s previous victory. As the hunt progresses, Richie makes a shocking discovery and faces a pivotal choice to break the relentless cycle.', 'https://image.tmdb.org/t/p/original/9qWD2PS8fWeUv3ud3yE9XMoorer.jpg', 'https://image.tmdb.org/t/p/original/sFBDjWdw8gHSI2dMivP7H52iwvp.jpg', 'https://www.youtube.com/watch?v=Pge4NmBzdkE', 5.6, 'Released') ON CONFLICT DO NOTHING;
INSERT INTO movies (mediaId, runtime, budget, revenue, directorId, director) VALUES( 98, 93, 0, 0, 27571, 'David Slade') ON CONFLICT DO NOTHING;
INSERT INTO genres (mediaId, genre) VALUES(98, 'Horror') ON CONFLICT DO NOTHING;
INSERT INTO genres (mediaId, genre) VALUES(98, 'Fantasy') ON CONFLICT DO NOTHING;
INSERT INTO genres (mediaId, genre) VALUES(98, 'Thriller') ON CONFLICT DO NOTHING;
INSERT INTO actors (mediaId, actorId , actorName, characterName, profilePath) VALUES(98, 3128163, 'Casey Likes', 'Richie Shepard', 'https://image.tmdb.org/t/p/original/s72uEvZ1Jdye6wBmv8YRJlaiVVo.jpg') ON CONFLICT DO NOTHING;
INSERT INTO actors (mediaId, actorId , actorName, characterName, profilePath) VALUES(98, 7002, 'Luke Kirby', 'Officer Jerry Ricks', 'https://image.tmdb.org/t/p/original/jyR24wKg77yJg2O2RTzyRdcNAYq.jpg') ON CONFLICT DO NOTHING;
INSERT INTO actors (mediaId, actorId , actorName, characterName, profilePath) VALUES(98, 4654, 'Jeremy Davies', 'Dan Shepard', 'https://image.tmdb.org/t/p/original/tNtcpQnMxzl0OqVDsyA63oAgPbI.jpg') ON CONFLICT DO NOTHING;
INSERT INTO actors (mediaId, actorId , actorName, characterName, profilePath) VALUES(98, 53755, 'Elizabeth Reaser', 'Donna Shepard', 'https://image.tmdb.org/t/p/original/tx2shpuofbAmmIoUXpXxqQ9exZM.jpg') ON CONFLICT DO NOTHING;
INSERT INTO actors (mediaId, actorId , actorName, characterName, profilePath) VALUES(98, 1503922, 'Emyri Crutchfield', 'Kelly Haines', 'https://image.tmdb.org/t/p/original/wsdVu6Duu5MjvAc82u1rrNM2AAK.jpg') ON CONFLICT DO NOTHING;
INSERT INTO actors (mediaId, actorId , actorName, characterName, profilePath) VALUES(98, 2511594, 'Megan Best', 'Annie', 'https://image.tmdb.org/t/p/original/w3M6fxedhJTCXCxcv7U4mJIoTs.jpg') ON CONFLICT DO NOTHING;
INSERT INTO actors (mediaId, actorId , actorName, characterName, profilePath) VALUES(98, 1393311, 'Jake Brennan', 'Dillon', 'https://image.tmdb.org/t/p/original/fihlJUyYiWesrmdqgjjrtUy69rH.jpg') ON CONFLICT DO NOTHING;
INSERT INTO actors (mediaId, actorId , actorName, characterName, profilePath) VALUES(98, 1663672, 'Britain Dalton', 'Jim Shephard', 'https://image.tmdb.org/t/p/original/zB42Yop5X3CPLzguun11XqdcLkW.jpg') ON CONFLICT DO NOTHING;
INSERT INTO actors (mediaId, actorId , actorName, characterName, profilePath) VALUES(98, 2766254, 'Dustin Ceithamer', 'Sawtooth Jack', 'https://image.tmdb.org/t/p/original/pY1nSvaYIrsOGeyh00Q5jIP7GdN.jpg') ON CONFLICT DO NOTHING;
INSERT INTO actors (mediaId, actorId , actorName, characterName, profilePath) VALUES(98, 59285, 'Ezra Buzzington', 'The Farmer', 'https://image.tmdb.org/t/p/original/j3kJRKgQdHAMXvJUtPHXJsGGW5X.jpg') ON CONFLICT DO NOTHING;
INSERT INTO media (mediaId, type, name, originalLanguage, adult, releaseDate, overview, backdropPath, posterPath, trailerLink, tmdbRating, status) VALUES(99, false, 'Coraline', 'en', False, '2009-02-05',  'A young girl discovers an idealized parallel universe behind a secret door in her new home, unaware that it contains a sinister secret.', 'https://image.tmdb.org/t/p/original/8GHxjXlI5rqyTBuVNekGTPjG5T6.jpg', 'https://image.tmdb.org/t/p/original/4jeFXQYytChdZYE9JYO7Un87IlW.jpg', 'https://www.youtube.com/watch?v=HnAVh-eWgTU', 7.9, 'Released') ON CONFLICT DO NOTHING;
INSERT INTO movies (mediaId, runtime, budget, revenue, directorId, director) VALUES( 99, 100, 60000000, 124600000, 57646, 'Henry Selick') ON CONFLICT DO NOTHING;
INSERT INTO genres (mediaId, genre) VALUES(99, 'Animation') ON CONFLICT DO NOTHING;
INSERT INTO genres (mediaId, genre) VALUES(99, 'Family') ON CONFLICT DO NOTHING;
INSERT INTO genres (mediaId, genre) VALUES(99, 'Fantasy') ON CONFLICT DO NOTHING;
INSERT INTO actors (mediaId, actorId , actorName, characterName, profilePath) VALUES(99, 501, 'Dakota Fanning', 'Coraline Jones (voice)', 'https://image.tmdb.org/t/p/original/fXxfYh0NoTiyedRwZPNqBMdz3Eh.jpg') ON CONFLICT DO NOTHING;
INSERT INTO actors (mediaId, actorId , actorName, characterName, profilePath) VALUES(99, 10742, 'Teri Hatcher', 'Mel Jones / Other Mother (voice)', 'https://image.tmdb.org/t/p/original/ySmnfZm8ZGabcwp4UwaMDeSzXqx.jpg') ON CONFLICT DO NOTHING;
INSERT INTO actors (mediaId, actorId , actorName, characterName, profilePath) VALUES(99, 12094, 'Jennifer Saunders', 'April Spink (voice)', 'https://image.tmdb.org/t/p/original/pTgxwHcz9L8SNVYvPJS0o0lgHya.jpg') ON CONFLICT DO NOTHING;
INSERT INTO actors (mediaId, actorId , actorName, characterName, profilePath) VALUES(99, 5539, 'Dawn French', 'Miriam Forcible (voice)', 'https://image.tmdb.org/t/p/original/yHp9LFHoXa4nreWrbl5vUYgtHS9.jpg') ON CONFLICT DO NOTHING;
INSERT INTO actors (mediaId, actorId , actorName, characterName, profilePath) VALUES(99, 65827, 'Keith David', 'Cat (voice)', 'https://image.tmdb.org/t/p/original/jJLJuR7FNHYL1fB5igjj7IXzOel.jpg') ON CONFLICT DO NOTHING;
INSERT INTO actors (mediaId, actorId , actorName, characterName, profilePath) VALUES(99, 6972, 'Ian McShane', 'Mr. Sergei Alexander Bobinsky / Other Bobinsky (voice)', 'https://image.tmdb.org/t/p/original/q9qKbux5Jo76Sj8g3luxBt6rYtz.jpg') ON CONFLICT DO NOTHING;
INSERT INTO actors (mediaId, actorId , actorName, characterName, profilePath) VALUES(99, 77344, 'John Hodgman', 'Charlie Jones / Other Father (voice)', 'https://image.tmdb.org/t/p/original/xlgpI6x1OECW6V7uB70DG7BirUa.jpg') ON CONFLICT DO NOTHING;
INSERT INTO actors (mediaId, actorId , actorName, characterName, profilePath) VALUES(99, 55426, 'Robert Bailey Jr.', 'Wyborne "Wybie" Lovat (voice)', 'https://image.tmdb.org/t/p/original/2CVKz4PSWBXv2IIIX54DW8MVza2.jpg') ON CONFLICT DO NOTHING;
INSERT INTO actors (mediaId, actorId , actorName, characterName, profilePath) VALUES(99, 2011351, 'Aankha Neal', 'Sweet Ghost Girl (voice)', 'None') ON CONFLICT DO NOTHING;
INSERT INTO actors (mediaId, actorId , actorName, characterName, profilePath) VALUES(99, 2011354, 'Hannah Kaiser', 'Tall Ghost Girl (voice)', 'None') ON CONFLICT DO NOTHING;
INSERT INTO providers (mediaId, providerId, providerName, logoPath) VALUES( 99, 2, 'Apple TV', 'https://image.tmdb.org/t/p/original/peURlLlr8jggOwK53fJ5wdQl05y.jpg') ON CONFLICT DO NOTHING;
INSERT INTO media (mediaId, type, name, originalLanguage, adult, releaseDate, overview, backdropPath, posterPath, trailerLink, tmdbRating, status) VALUES(100, false, 'Emmanuelle: Queen of Sados', 'el', False, '1980-03-12',  'After years of abuse at the hands of her husband, a woman, Emmanouella, is pushed to the breaking point. She hires a hitman to do in her husband, but just when she thinks her troubles are at an end, the assassin blackmails her. As her husband''s business partner struggles to prove her guilt, and as the hitman continues to threaten her new found security, Emmanouella struggles to keep her name clear and to keep her naive stepdaughter from becoming tangled in the web of danger she has created.', 'https://image.tmdb.org/t/p/original/smjGg5K8e6zofjSSc5o5xOnflLI.jpg', 'https://image.tmdb.org/t/p/original/pUF5mCb7EB4xdzvLFqSgSpUFAnV.jpg', 'None', 5.7, 'Released') ON CONFLICT DO NOTHING;
INSERT INTO movies (mediaId, runtime, budget, revenue, directorId, director) VALUES( 100, 91, 0, 0, 587351, 'Ilias Mylonakos') ON CONFLICT DO NOTHING;
INSERT INTO genres (mediaId, genre) VALUES(100, 'Crime') ON CONFLICT DO NOTHING;
INSERT INTO genres (mediaId, genre) VALUES(100, 'Drama') ON CONFLICT DO NOTHING;
INSERT INTO actors (mediaId, actorId , actorName, characterName, profilePath) VALUES(100, 41127, 'Laura Gemser', 'Emanuella Brindisi', 'https://image.tmdb.org/t/p/original/ekZOcN7FSgFkUp0lG1risp0UYGJ.jpg') ON CONFLICT DO NOTHING;
INSERT INTO actors (mediaId, actorId , actorName, characterName, profilePath) VALUES(100, 31991, 'Gabriele Tinti', 'Tommy Snow', 'https://image.tmdb.org/t/p/original/f2NJidxvaqX8MQSv7MN36NDK1kY.jpg') ON CONFLICT DO NOTHING;
INSERT INTO actors (mediaId, actorId , actorName, characterName, profilePath) VALUES(100, 587352, 'Livia Russo', 'Livia Brindisi', 'None') ON CONFLICT DO NOTHING;
INSERT INTO actors (mediaId, actorId , actorName, characterName, profilePath) VALUES(100, 587353, 'Nadia Neri', 'Ilona', 'None') ON CONFLICT DO NOTHING;
INSERT INTO actors (mediaId, actorId , actorName, characterName, profilePath) VALUES(100, 1340072, 'Haris Tryfonas', 'Mario Infanti (as Harris Stevens)', 'None') ON CONFLICT DO NOTHING;
INSERT INTO actors (mediaId, actorId , actorName, characterName, profilePath) VALUES(100, 30898, 'Gordon Mitchell', 'Robert', 'https://image.tmdb.org/t/p/original/6rwemb9GbwdUOXqH3yrkgWVykS7.jpg') ON CONFLICT DO NOTHING;
INSERT INTO actors (mediaId, actorId , actorName, characterName, profilePath) VALUES(100, 1707397, 'Pantelis Agelopoulos', 'Victor Brindisi', 'None') ON CONFLICT DO NOTHING;
INSERT INTO actors (mediaId, actorId , actorName, characterName, profilePath) VALUES(100, 1707398, 'Vagelis Vartan', 'Mike', 'None') ON CONFLICT DO NOTHING;
INSERT INTO actors (mediaId, actorId , actorName, characterName, profilePath) VALUES(100, 1368636, 'Elli Kiriakidou', '', 'None') ON CONFLICT DO NOTHING;
INSERT INTO actors (mediaId, actorId , actorName, characterName, profilePath) VALUES(100, 1653704, 'George Zenios', '', 'https://image.tmdb.org/t/p/original/8we4W1QXfl75PXgFxTRqDZZUuFH.jpg') ON CONFLICT DO NOTHING;
INSERT INTO media (mediaId, type, name, originalLanguage, adult, releaseDate, overview, backdropPath, posterPath, trailerLink, tmdbRating, status) VALUES(101, false, 'Spider-Man: No Way Home', 'en', False, '2021-12-15',  'Peter Parker is unmasked and no longer able to separate his normal life from the high-stakes of being a super-hero. When he asks for help from Doctor Strange the stakes become even more dangerous, forcing him to discover what it truly means to be Spider-Man.', 'https://image.tmdb.org/t/p/original/14QbnygCuTO0vl7CAFmPf1fgZfV.jpg', 'https://image.tmdb.org/t/p/original/5weKu49pzJCt06OPpjvT80efnQj.jpg', 'https://www.youtube.com/watch?v=1mTjfMFyPi8', 8, 'Released') ON CONFLICT DO NOTHING;
INSERT INTO movies (mediaId, runtime, budget, revenue, directorId, director) VALUES( 101, 148, 200000000, 1921847111, 1293994, 'Jon Watts') ON CONFLICT DO NOTHING;
INSERT INTO genres (mediaId, genre) VALUES(101, 'Action') ON CONFLICT DO NOTHING;
INSERT INTO genres (mediaId, genre) VALUES(101, 'Adventure') ON CONFLICT DO NOTHING;
INSERT INTO genres (mediaId, genre) VALUES(101, 'Science Fiction') ON CONFLICT DO NOTHING;
INSERT INTO actors (mediaId, actorId , actorName, characterName, profilePath) VALUES(101, 1136406, 'Tom Holland', 'Peter Parker / Spider-Man', 'https://image.tmdb.org/t/p/original/jdC3L52ghm0JkOSyH6PeHm297cV.jpg') ON CONFLICT DO NOTHING;
INSERT INTO actors (mediaId, actorId , actorName, characterName, profilePath) VALUES(101, 505710, 'Zendaya', 'Michelle ''MJ'' Jones', 'https://image.tmdb.org/t/p/original/m0KWqPwuJDJqpQQDtQrM9lqGURJ.jpg') ON CONFLICT DO NOTHING;
INSERT INTO actors (mediaId, actorId , actorName, characterName, profilePath) VALUES(101, 71580, 'Benedict Cumberbatch', 'Stephen Strange / Doctor Strange', 'https://image.tmdb.org/t/p/original/fBEucxECxGLKVHBznO0qHtCGiMO.jpg') ON CONFLICT DO NOTHING;
INSERT INTO actors (mediaId, actorId , actorName, characterName, profilePath) VALUES(101, 1649152, 'Jacob Batalon', 'Ned Leeds', 'https://image.tmdb.org/t/p/original/53YhaL4xw4Sb1ssoHkeSSBaO29c.jpg') ON CONFLICT DO NOTHING;
INSERT INTO actors (mediaId, actorId , actorName, characterName, profilePath) VALUES(101, 15277, 'Jon Favreau', 'Harold ''Happy'' Hogan', 'https://image.tmdb.org/t/p/original/8MtRRnEHaBSw8Ztdl8saXiw1egP.jpg') ON CONFLICT DO NOTHING;
INSERT INTO actors (mediaId, actorId , actorName, characterName, profilePath) VALUES(101, 134, 'Jamie Foxx', 'Max Dillon / Electro', 'https://image.tmdb.org/t/p/original/zD8Nsy4Xrghp7WunwpCj5JKBPeU.jpg') ON CONFLICT DO NOTHING;
INSERT INTO actors (mediaId, actorId , actorName, characterName, profilePath) VALUES(101, 5293, 'Willem Dafoe', 'Norman Osborn / Green Goblin', 'https://image.tmdb.org/t/p/original/ui8e4sgZAwMPi3hzEO53jyBJF9B.jpg') ON CONFLICT DO NOTHING;
INSERT INTO actors (mediaId, actorId , actorName, characterName, profilePath) VALUES(101, 658, 'Alfred Molina', 'Dr. Otto Octavius / Doctor Octopus', 'https://image.tmdb.org/t/p/original/nJo91Czesn6z0d0pkfbDoVZY3sg.jpg') ON CONFLICT DO NOTHING;
INSERT INTO actors (mediaId, actorId , actorName, characterName, profilePath) VALUES(101, 30082, 'Benedict Wong', 'Wong', 'https://image.tmdb.org/t/p/original/yYfLyrC2CE6vBWSJfkpuVKL2POM.jpg') ON CONFLICT DO NOTHING;
INSERT INTO actors (mediaId, actorId , actorName, characterName, profilePath) VALUES(101, 1291350, 'Tony Revolori', 'Eugene ''Flash'' Thompson', 'https://image.tmdb.org/t/p/original/tSF6XmXDikrKZbFUeoDnafXxKjT.jpg') ON CONFLICT DO NOTHING;
INSERT INTO providers (mediaId, providerId, providerName, logoPath) VALUES( 101, 3, 'Google Play Movies', 'https://image.tmdb.org/t/p/original/tbEdFQDwx5LEVr8WpSeXQSIirVq.jpg') ON CONFLICT DO NOTHING;
INSERT INTO media (mediaId, type, name, originalLanguage, adult, releaseDate, overview, backdropPath, posterPath, trailerLink, tmdbRating, status) VALUES(102, false, 'All Ladies Do It', 'it', False, '1992-02-21',  'After five years of marriage, Diana discovers the joys of adultery, claiming that she can save her failing relationship through betrayal.', 'https://image.tmdb.org/t/p/original/hkx6p7bTw2dOs4nSk6ZGTnEjCjW.jpg', 'https://image.tmdb.org/t/p/original/u4QZQ0QU2jf5H5qaBRRdGrz7dmy.jpg', 'https://www.youtube.com/watch?v=5_Gqr0BhS3Y', 4.8, 'Released') ON CONFLICT DO NOTHING;
INSERT INTO movies (mediaId, runtime, budget, revenue, directorId, director) VALUES( 102, 93, 0, 0, 58021, 'Tinto Brass') ON CONFLICT DO NOTHING;
INSERT INTO genres (mediaId, genre) VALUES(102, 'Comedy') ON CONFLICT DO NOTHING;
INSERT INTO genres (mediaId, genre) VALUES(102, 'Drama') ON CONFLICT DO NOTHING;
INSERT INTO actors (mediaId, actorId , actorName, characterName, profilePath) VALUES(102, 117296, 'Claudia Koll', 'Diana', 'https://image.tmdb.org/t/p/original/eciHuBo18R1CebFlOtQLONDOGxL.jpg') ON CONFLICT DO NOTHING;
INSERT INTO actors (mediaId, actorId , actorName, characterName, profilePath) VALUES(102, 117297, 'Paolo Lanza', 'Paolo', 'https://image.tmdb.org/t/p/original/jxJOejLw8DQMs34XqiGoRR07tGa.jpg') ON CONFLICT DO NOTHING;
INSERT INTO actors (mediaId, actorId , actorName, characterName, profilePath) VALUES(102, 117298, 'Ornella Marcucci', 'Nadia', 'https://image.tmdb.org/t/p/original/zH7i8XHWhXJ3sfJnp8VCCszYmmv.jpg') ON CONFLICT DO NOTHING;
INSERT INTO actors (mediaId, actorId , actorName, characterName, profilePath) VALUES(102, 117299, 'Isabella Deiana', 'Antonietta', 'None') ON CONFLICT DO NOTHING;
INSERT INTO actors (mediaId, actorId , actorName, characterName, profilePath) VALUES(102, 137354, 'Franco Branciaroli', 'Alphonse', 'https://image.tmdb.org/t/p/original/iOncWcmFuU0TRY7XlSNCQUxWN0f.jpg') ON CONFLICT DO NOTHING;
INSERT INTO actors (mediaId, actorId , actorName, characterName, profilePath) VALUES(102, 295908, 'Renzo Rinaldi', 'Sig. Silvio', 'https://image.tmdb.org/t/p/original/8PfA3hpC1HuudrMQ04QdPwdsTSy.jpg') ON CONFLICT DO NOTHING;
INSERT INTO actors (mediaId, actorId , actorName, characterName, profilePath) VALUES(102, 1679053, 'Marco Marciani', 'Marco', 'None') ON CONFLICT DO NOTHING;
INSERT INTO actors (mediaId, actorId , actorName, characterName, profilePath) VALUES(102, 1679052, 'Maurizio Martinoli', 'Lello', 'None') ON CONFLICT DO NOTHING;
INSERT INTO actors (mediaId, actorId , actorName, characterName, profilePath) VALUES(102, 1679054, 'Luciana Cirenei', 'Notaio', 'None') ON CONFLICT DO NOTHING;
INSERT INTO actors (mediaId, actorId , actorName, characterName, profilePath) VALUES(102, 1666814, 'Rossana Di Pierro', 'Zia Emma', 'None') ON CONFLICT DO NOTHING;
INSERT INTO media (mediaId, type, name, originalLanguage, adult, releaseDate, overview, backdropPath, posterPath, trailerLink, tmdbRating, status) VALUES(103, false, 'Finding Steve McQueen', 'en', False, '2019-03-15',  'In 1972, a gang of close-knit thieves from Youngstown, Ohio attempt to steal $30 million in illegal contributions. Based on the true story of the biggest bank heist in US history.', 'https://image.tmdb.org/t/p/original/voFUDCuXSGiZvV0esx6uQqWBH8h.jpg', 'https://image.tmdb.org/t/p/original/uhmNHWTVniHHYKTsWSvSir19K1z.jpg', 'https://www.youtube.com/watch?v=kiTP5h0uZj8', 6.3, 'Released') ON CONFLICT DO NOTHING;
INSERT INTO movies (mediaId, runtime, budget, revenue, directorId, director) VALUES( 103, 91, 7000000, 0, 16837, 'Mark Steven Johnson') ON CONFLICT DO NOTHING;
INSERT INTO genres (mediaId, genre) VALUES(103, 'Crime') ON CONFLICT DO NOTHING;
INSERT INTO actors (mediaId, actorId , actorName, characterName, profilePath) VALUES(103, 77700, 'Travis Fimmel', 'Harry Barber', 'https://image.tmdb.org/t/p/original/3feVQYAZXNHduKdtw3oMMAnUbQg.jpg') ON CONFLICT DO NOTHING;
INSERT INTO actors (mediaId, actorId , actorName, characterName, profilePath) VALUES(103, 2178, 'Forest Whitaker', 'Howard Lambert', 'https://image.tmdb.org/t/p/original/1GbfuDitXDBmNmXEKk2rGEXiEXE.jpg') ON CONFLICT DO NOTHING;
INSERT INTO actors (mediaId, actorId , actorName, characterName, profilePath) VALUES(103, 19538, 'Rachael Taylor', 'Molly Murphy', 'https://image.tmdb.org/t/p/original/9K3u4xM3fnyzulvqT0cVg8s2mKt.jpg') ON CONFLICT DO NOTHING;
INSERT INTO actors (mediaId, actorId , actorName, characterName, profilePath) VALUES(103, 886, 'William Fichtner', 'Enzo Rotella', 'https://image.tmdb.org/t/p/original/wWtJOoaNAwPparpzMNuRBjvxwEf.jpg') ON CONFLICT DO NOTHING;
INSERT INTO actors (mediaId, actorId , actorName, characterName, profilePath) VALUES(103, 4888, 'Lily Rabe', 'Sharon Price', 'https://image.tmdb.org/t/p/original/u54mVF2vcjymvLhyImxzInq4Y3o.jpg') ON CONFLICT DO NOTHING;
INSERT INTO actors (mediaId, actorId , actorName, characterName, profilePath) VALUES(103, 133980, 'Jake Weary', 'Tommy Barber', 'https://image.tmdb.org/t/p/original/it7L53eTBaYNTJdFQ6PKQE2mjwP.jpg') ON CONFLICT DO NOTHING;
INSERT INTO actors (mediaId, actorId , actorName, characterName, profilePath) VALUES(103, 113563, 'Rhys Coiro', 'Ray Darrow', 'https://image.tmdb.org/t/p/original/pjPbrZHU0kJUiMOPYfxK8FeBwWQ.jpg') ON CONFLICT DO NOTHING;
INSERT INTO actors (mediaId, actorId , actorName, characterName, profilePath) VALUES(103, 2077300, 'Tess Malis Kincaid', 'Little League Mom', 'https://image.tmdb.org/t/p/original/vzZH2WrWNPmOywT3TX2DSCVzeuy.jpg') ON CONFLICT DO NOTHING;
INSERT INTO actors (mediaId, actorId , actorName, characterName, profilePath) VALUES(103, 3218, 'Louis Lombardi', 'Pauly Callahan', 'https://image.tmdb.org/t/p/original/cYxbGCEf0mnsACuxCIX0faCjGUQ.jpg') ON CONFLICT DO NOTHING;
INSERT INTO actors (mediaId, actorId , actorName, characterName, profilePath) VALUES(103, 9277, 'John Finn', 'W. Mark Felt', 'https://image.tmdb.org/t/p/original/tEv7ZUiO4gafQnXEOp43WSEvRfp.jpg') ON CONFLICT DO NOTHING;
INSERT INTO media (mediaId, type, name, originalLanguage, adult, releaseDate, overview, backdropPath, posterPath, trailerLink, tmdbRating, status) VALUES(104, false, 'Cats in the Museum', 'ru', False, '2023-03-23',  'A cartoon about the famous four-legged inhabitants of the St. Petersburg Winter Palace - museum cats that protect the territory of the State Hermitage from rats and mice.', 'https://image.tmdb.org/t/p/original/Ah0T0ukrQbwPwuBeWi8tIsqy90R.jpg', 'https://image.tmdb.org/t/p/original/xEyGkeCaqwV4IdjS7dP8YswXWOU.jpg', 'None', 7.3, 'Released') ON CONFLICT DO NOTHING;
INSERT INTO movies (mediaId, runtime, budget, revenue, directorId, director) VALUES( 104, 80, 0, 7200000, 1265147, 'Vasiliy Rovenskiy') ON CONFLICT DO NOTHING;
INSERT INTO genres (mediaId, genre) VALUES(104, 'Animation') ON CONFLICT DO NOTHING;
INSERT INTO genres (mediaId, genre) VALUES(104, 'Comedy') ON CONFLICT DO NOTHING;
INSERT INTO actors (mediaId, actorId , actorName, characterName, profilePath) VALUES(104, 3767302, 'Jordan Worsley', 'Vincent (voice)', 'None') ON CONFLICT DO NOTHING;
INSERT INTO actors (mediaId, actorId , actorName, characterName, profilePath) VALUES(104, 4156830, 'Stephen Peter Krisel', 'Maurice (voice)', 'None') ON CONFLICT DO NOTHING;
INSERT INTO actors (mediaId, actorId , actorName, characterName, profilePath) VALUES(104, 4156831, 'Maria Smakhtina', 'Cleopatra (voice)', 'None') ON CONFLICT DO NOTHING;
INSERT INTO actors (mediaId, actorId , actorName, characterName, profilePath) VALUES(104, 4200087, 'Michael Kleeman', 'Ghost / Puffin (voice)', 'None') ON CONFLICT DO NOTHING;
INSERT INTO actors (mediaId, actorId , actorName, characterName, profilePath) VALUES(104, 4200088, 'Nikki Aaron', 'Woman curator / Woman on ship (voice)', 'None') ON CONFLICT DO NOTHING;
INSERT INTO actors (mediaId, actorId , actorName, characterName, profilePath) VALUES(104, 2019558, 'Anton Eldarov', 'Baton / Rulet / Shokolad / Okhrannik (voice)', 'https://image.tmdb.org/t/p/original/3tHuvY9haDVE54DU7fh5jMuuPuM.jpg') ON CONFLICT DO NOTHING;
INSERT INTO actors (mediaId, actorId , actorName, characterName, profilePath) VALUES(104, 1473972, 'Polina Gagarina', 'Kleopatra (voice)', 'https://image.tmdb.org/t/p/original/7HnegjDPpy4bcFLzt1FSKCVIVSY.jpg') ON CONFLICT DO NOTHING;
INSERT INTO actors (mediaId, actorId , actorName, characterName, profilePath) VALUES(104, 3497513, 'Aleksandr Gavrilin', 'Ballon / Marmelad (voice)', 'https://image.tmdb.org/t/p/original/zjmQi9zBWJBYHDoYJe0UcWQ4wmB.jpg') ON CONFLICT DO NOTHING;
INSERT INTO actors (mediaId, actorId , actorName, characterName, profilePath) VALUES(104, 2046420, 'Irina Kireeva', 'Admin muzeya / devushka na korable / malchik / audiogid (voice)', 'https://image.tmdb.org/t/p/original/7ohjYfffIa6lbBrFb5KjFCElnnN.jpg') ON CONFLICT DO NOTHING;
INSERT INTO actors (mediaId, actorId , actorName, characterName, profilePath) VALUES(104, 1257180, 'Roman Kurtsyn', 'Vinsent (voice)', 'https://image.tmdb.org/t/p/original/gvcPUusj3CFikNRyqquE4o5byjH.jpg') ON CONFLICT DO NOTHING;
INSERT INTO media (mediaId, type, name, originalLanguage, adult, releaseDate, overview, backdropPath, posterPath, trailerLink, tmdbRating, status) VALUES(105, false, 'Warhorse One', 'en', False, '2023-06-30',  'A gunned down Navy SEAL Master Chief must guide a child to safety through a gauntlet of hostile Taliban insurgents and survive the brutal Afghanistan wilderness.', 'https://image.tmdb.org/t/p/original/J0XkW5toJLGEucm1pLDvTHXaKC.jpg', 'https://image.tmdb.org/t/p/original/jP2ik17jvKiV5sGEknMFbZv7WAe.jpg', 'https://www.youtube.com/watch?v=63rL3f2zl8Q', 7.2, 'Released') ON CONFLICT DO NOTHING;
INSERT INTO movies (mediaId, runtime, budget, revenue, directorId, director) VALUES( 105, 120, 0, 0, 12796, 'Johnny Strong') ON CONFLICT DO NOTHING;
INSERT INTO genres (mediaId, genre) VALUES(105, 'Action') ON CONFLICT DO NOTHING;
INSERT INTO genres (mediaId, genre) VALUES(105, 'Drama') ON CONFLICT DO NOTHING;
INSERT INTO genres (mediaId, genre) VALUES(105, 'War') ON CONFLICT DO NOTHING;
INSERT INTO actors (mediaId, actorId , actorName, characterName, profilePath) VALUES(105, 12796, 'Johnny Strong', 'Master Chief Richard Mirko', 'https://image.tmdb.org/t/p/original/zMe5hbmaMA5Jr6uVwtojusANaCg.jpg') ON CONFLICT DO NOTHING;
INSERT INTO actors (mediaId, actorId , actorName, characterName, profilePath) VALUES(105, 3882182, 'Athena Durner', 'Zoe Walters', 'https://image.tmdb.org/t/p/original/iQk9N5WOLvflt9Yo7NXdtIMcFn3.jpg') ON CONFLICT DO NOTHING;
INSERT INTO actors (mediaId, actorId , actorName, characterName, profilePath) VALUES(105, 1431483, 'Raj Kala', 'Radam', 'None') ON CONFLICT DO NOTHING;
INSERT INTO actors (mediaId, actorId , actorName, characterName, profilePath) VALUES(105, 3882183, 'James Sherrill', 'Petty Officer James ''G'' Wiliker', 'None') ON CONFLICT DO NOTHING;
INSERT INTO actors (mediaId, actorId , actorName, characterName, profilePath) VALUES(105, 3882184, 'Michael Sauers', 'Chief Petty Officer Mike Miller', 'None') ON CONFLICT DO NOTHING;
INSERT INTO media (mediaId, type, name, originalLanguage, adult, releaseDate, overview, backdropPath, posterPath, trailerLink, tmdbRating, status) VALUES(106, false, 'Corpse Bride', 'en', False, '2005-09-12',  'Set in a 19th-century European village, this stop-motion animation feature follows the story of Victor, a young man whisked away to the underworld and wed to a mysterious corpse bride, while his real bride Victoria waits bereft in the land of the living.', 'https://image.tmdb.org/t/p/original/tkWDQppuVNXOxR6ICqESsKCthOm.jpg', 'https://image.tmdb.org/t/p/original/isb2Qow76GpqYmsSyfdMfsYAjts.jpg', 'https://www.youtube.com/watch?v=IA2wo6ap1Wk', 7.5, 'Released') ON CONFLICT DO NOTHING;
INSERT INTO movies (mediaId, runtime, budget, revenue, directorId, director) VALUES( 106, 77, 40000000, 118133252, 510, 'Tim Burton') ON CONFLICT DO NOTHING;
INSERT INTO genres (mediaId, genre) VALUES(106, 'Romance') ON CONFLICT DO NOTHING;
INSERT INTO genres (mediaId, genre) VALUES(106, 'Fantasy') ON CONFLICT DO NOTHING;
INSERT INTO genres (mediaId, genre) VALUES(106, 'Animation') ON CONFLICT DO NOTHING;
INSERT INTO actors (mediaId, actorId , actorName, characterName, profilePath) VALUES(106, 85, 'Johnny Depp', 'Victor Van Dort (voice)', 'https://image.tmdb.org/t/p/original/z4wuEcnTW4hlICMYPGn5W8bK2zh.jpg') ON CONFLICT DO NOTHING;
INSERT INTO actors (mediaId, actorId , actorName, characterName, profilePath) VALUES(106, 1283, 'Helena Bonham Carter', 'Corpse Bride Emily (voice)', 'https://image.tmdb.org/t/p/original/DDeITcCpnBd0CkAIRPhggy9bt5.jpg') ON CONFLICT DO NOTHING;
INSERT INTO actors (mediaId, actorId , actorName, characterName, profilePath) VALUES(106, 1639, 'Emily Watson', 'Victoria Everglot (voice)', 'https://image.tmdb.org/t/p/original/bd0qiJXHoLNpkCqABsh67AKRtjC.jpg') ON CONFLICT DO NOTHING;
INSERT INTO actors (mediaId, actorId , actorName, characterName, profilePath) VALUES(106, 30364, 'Tracey Ullman', 'Nell Van Dort / Hildegarde (voice)', 'https://image.tmdb.org/t/p/original/cmug3uUXKBo9fhCcJk3pkgt1nvM.jpg') ON CONFLICT DO NOTHING;
INSERT INTO actors (mediaId, actorId , actorName, characterName, profilePath) VALUES(106, 34900, 'Paul Whitehouse', 'William Van Dort / Mayhew / Paul the Head Waiter (voice)', 'https://image.tmdb.org/t/p/original/v24xgnX50qEmH04RUmgC6dSCRYh.jpg') ON CONFLICT DO NOTHING;
INSERT INTO actors (mediaId, actorId , actorName, characterName, profilePath) VALUES(106, 34901, 'Joanna Lumley', 'Maudeline Everglot (voice)', 'https://image.tmdb.org/t/p/original/omQvLqkQf9yemMroaj6MJbf37sf.jpg') ON CONFLICT DO NOTHING;
INSERT INTO actors (mediaId, actorId , actorName, characterName, profilePath) VALUES(106, 3926, 'Albert Finney', 'Finis Everglot (voice)', 'https://image.tmdb.org/t/p/original/8WCFO9lMHel1bHVYl5lj8pYEw2s.jpg') ON CONFLICT DO NOTHING;
INSERT INTO actors (mediaId, actorId , actorName, characterName, profilePath) VALUES(106, 20766, 'Richard E. Grant', 'Barkis Bittern (voice)', 'https://image.tmdb.org/t/p/original/pIwiAEX7LiOgnV7KehM3OVmuG1f.jpg') ON CONFLICT DO NOTHING;
INSERT INTO actors (mediaId, actorId , actorName, characterName, profilePath) VALUES(106, 113, 'Christopher Lee', 'Pastor Galswells (voice)', 'https://image.tmdb.org/t/p/original/dA26fBr3t7mKqjn3OYW6kbD1LXM.jpg') ON CONFLICT DO NOTHING;
INSERT INTO actors (mediaId, actorId , actorName, characterName, profilePath) VALUES(106, 3796, 'Michael Gough', 'Elder Gutknecht (voice)', 'https://image.tmdb.org/t/p/original/owcwnV6dymBd9YIQKDPzVA5EtZX.jpg') ON CONFLICT DO NOTHING;
INSERT INTO providers (mediaId, providerId, providerName, logoPath) VALUES( 106, 2, 'Apple TV', 'https://image.tmdb.org/t/p/original/peURlLlr8jggOwK53fJ5wdQl05y.jpg') ON CONFLICT DO NOTHING;
INSERT INTO media (mediaId, type, name, originalLanguage, adult, releaseDate, overview, backdropPath, posterPath, trailerLink, tmdbRating, status) VALUES(107, false, 'Sisu', 'fi', False, '2023-01-27',  'Deep in the wilderness of Lapland, Aatami Korpi is searching for gold but after he stumbles upon Nazi patrol, a breathtaking and gold-hungry chase through the destroyed and mined Lapland wilderness begins.', 'https://image.tmdb.org/t/p/original/pBdQ4iorzRV2G38mdS6rzrmUfMA.jpg', 'https://image.tmdb.org/t/p/original/ygO9lowFMXWymATCrhoQXd6gCEh.jpg', 'https://www.youtube.com/watch?v=d2k4QAItiSA', 7.5, 'Released') ON CONFLICT DO NOTHING;
INSERT INTO movies (mediaId, runtime, budget, revenue, directorId, director) VALUES( 107, 91, 6200000, 13009289, 145228, 'Jalmari Helander') ON CONFLICT DO NOTHING;
INSERT INTO genres (mediaId, genre) VALUES(107, 'Action') ON CONFLICT DO NOTHING;
INSERT INTO genres (mediaId, genre) VALUES(107, 'War') ON CONFLICT DO NOTHING;
INSERT INTO actors (mediaId, actorId , actorName, characterName, profilePath) VALUES(107, 148012, 'Jorma Tommila', 'Aatami', 'https://image.tmdb.org/t/p/original/ll9ZZR4kMnHS8FU2yHx76bnm0P.jpg') ON CONFLICT DO NOTHING;
INSERT INTO actors (mediaId, actorId , actorName, characterName, profilePath) VALUES(107, 76547, 'Aksel Hennie', 'Bruno', 'https://image.tmdb.org/t/p/original/sceuNjVXtsHOS3cn0MsLfZRkAQx.jpg') ON CONFLICT DO NOTHING;
INSERT INTO actors (mediaId, actorId , actorName, characterName, profilePath) VALUES(107, 116265, 'Jack Doolan', 'Wolf', 'https://image.tmdb.org/t/p/original/oxG0UbYNecEjsIMHxi0E5J1ywBD.jpg') ON CONFLICT DO NOTHING;
INSERT INTO actors (mediaId, actorId , actorName, characterName, profilePath) VALUES(107, 1448024, 'Mimosa Willamo', 'Aino', 'https://image.tmdb.org/t/p/original/7QQ3HI08MxJDKdl7DRp95aspjOW.jpg') ON CONFLICT DO NOTHING;
INSERT INTO actors (mediaId, actorId , actorName, characterName, profilePath) VALUES(107, 124870, 'Onni Tommila', 'Schütze', 'https://image.tmdb.org/t/p/original/p2g6L4X3cJqmM8PIcHD7cVf8bTa.jpg') ON CONFLICT DO NOTHING;
INSERT INTO actors (mediaId, actorId , actorName, characterName, profilePath) VALUES(107, 1646708, 'Tatu Sinisalo', 'SS Soldier 1', 'https://image.tmdb.org/t/p/original/j4dgskTsHpfAhGEWfuOfIQORN9y.jpg') ON CONFLICT DO NOTHING;
INSERT INTO actors (mediaId, actorId , actorName, characterName, profilePath) VALUES(107, 148353, 'Arttu Kapulainen', 'Rower', 'https://image.tmdb.org/t/p/original/m80dCAQ0LvD1pvWTyPsEgFda26o.jpg') ON CONFLICT DO NOTHING;
INSERT INTO actors (mediaId, actorId , actorName, characterName, profilePath) VALUES(107, 1969616, 'Elina Saarela', 'Saara', 'https://image.tmdb.org/t/p/original/bsr6SaeMCg37t17Q7h9TMQl37I0.jpg') ON CONFLICT DO NOTHING;
INSERT INTO actors (mediaId, actorId , actorName, characterName, profilePath) VALUES(107, 16778, 'Ilkka Koivula', 'Fighter Pilot', 'https://image.tmdb.org/t/p/original/q6BYdDcF8uKGiySR7icBcfn9FtW.jpg') ON CONFLICT DO NOTHING;
INSERT INTO actors (mediaId, actorId , actorName, characterName, profilePath) VALUES(107, 1037333, 'Max Ovaska', 'Engineer', 'https://image.tmdb.org/t/p/original/oyBo5uf5YFu2pJgMuyA3aGYeo2G.jpg') ON CONFLICT DO NOTHING;
INSERT INTO media (mediaId, type, name, originalLanguage, adult, releaseDate, overview, backdropPath, posterPath, trailerLink, tmdbRating, status) VALUES(108, false, 'Saw', 'en', False, '2004-10-01',  'Obsessed with teaching his victims the value of life, a deranged, sadistic serial killer abducts the morally wayward. Once captured, they must face impossible choices in a horrific game of survival. The victims must fight to win their lives back, or die trying...', 'https://image.tmdb.org/t/p/original/ok4ot3YbfDYZcINXf91JUfq3maB.jpg', 'https://image.tmdb.org/t/p/original/4da0TS3iQ1IzuyhDS8elgkmOfrN.jpg', 'https://www.youtube.com/watch?v=zaANSeQ3La4', 7.4, 'Released') ON CONFLICT DO NOTHING;
INSERT INTO movies (mediaId, runtime, budget, revenue, directorId, director) VALUES( 108, 103, 1200000, 103911669, 2127, 'James Wan') ON CONFLICT DO NOTHING;
INSERT INTO genres (mediaId, genre) VALUES(108, 'Horror') ON CONFLICT DO NOTHING;
INSERT INTO genres (mediaId, genre) VALUES(108, 'Mystery') ON CONFLICT DO NOTHING;
INSERT INTO genres (mediaId, genre) VALUES(108, 'Crime') ON CONFLICT DO NOTHING;
INSERT INTO actors (mediaId, actorId , actorName, characterName, profilePath) VALUES(108, 2130, 'Cary Elwes', 'Dr. Lawrence Gordon', 'https://image.tmdb.org/t/p/original/9P0JD0LC4j3Y43s6TGM8rOqmbwb.jpg') ON CONFLICT DO NOTHING;
INSERT INTO actors (mediaId, actorId , actorName, characterName, profilePath) VALUES(108, 2128, 'Leigh Whannell', 'Adam Faulkner-Stanheight', 'https://image.tmdb.org/t/p/original/wvoTbsROOHfCqJ3Voe9zpal429L.jpg') ON CONFLICT DO NOTHING;
INSERT INTO actors (mediaId, actorId , actorName, characterName, profilePath) VALUES(108, 2047, 'Danny Glover', 'David Tapp', 'https://image.tmdb.org/t/p/original/whWpsKpF96i5nrQK98zBHGmuBR2.jpg') ON CONFLICT DO NOTHING;
INSERT INTO actors (mediaId, actorId , actorName, characterName, profilePath) VALUES(108, 2140, 'Monica Potter', 'Alison Gordon', 'https://image.tmdb.org/t/p/original/jCFOlFAjNPMkX9pJF2Au0cquZ6v.jpg') ON CONFLICT DO NOTHING;
INSERT INTO actors (mediaId, actorId , actorName, characterName, profilePath) VALUES(108, 2131, 'Ken Leung', 'Detective Steven Sing', 'https://image.tmdb.org/t/p/original/hpatUP6u74gkpDRmn9voNY9V43O.jpg') ON CONFLICT DO NOTHING;
INSERT INTO actors (mediaId, actorId , actorName, characterName, profilePath) VALUES(108, 2139, 'Makenzie Vega', 'Diana Gordon', 'https://image.tmdb.org/t/p/original/yPJ11EdP5rggFUNorQtSCzIag9d.jpg') ON CONFLICT DO NOTHING;
INSERT INTO actors (mediaId, actorId , actorName, characterName, profilePath) VALUES(108, 2136, 'Michael Emerson', 'Zep Hindle', 'https://image.tmdb.org/t/p/original/xOpr90SF1RCtjFNTu32nZQ90buY.jpg') ON CONFLICT DO NOTHING;
INSERT INTO actors (mediaId, actorId , actorName, characterName, profilePath) VALUES(108, 2138, 'Shawnee Smith', 'Amanda Young', 'https://image.tmdb.org/t/p/original/s2Ouz4b7xqDH72aU48TSW5zS40v.jpg') ON CONFLICT DO NOTHING;
INSERT INTO actors (mediaId, actorId , actorName, characterName, profilePath) VALUES(108, 2133, 'Dina Meyer', 'Allison Kerry', 'https://image.tmdb.org/t/p/original/bKte4cIXI1aQat8JLVNONZE4Y2.jpg') ON CONFLICT DO NOTHING;
INSERT INTO actors (mediaId, actorId , actorName, characterName, profilePath) VALUES(108, 2142, 'Alexandra Bokyun Chun', 'Carla', 'https://image.tmdb.org/t/p/original/eNgfe3wBJpj5ZFW42J9cCohruPx.jpg') ON CONFLICT DO NOTHING;
INSERT INTO providers (mediaId, providerId, providerName, logoPath) VALUES( 108, 2, 'Apple TV', 'https://image.tmdb.org/t/p/original/peURlLlr8jggOwK53fJ5wdQl05y.jpg') ON CONFLICT DO NOTHING;
INSERT INTO media (mediaId, type, name, originalLanguage, adult, releaseDate, overview, backdropPath, posterPath, trailerLink, tmdbRating, status) VALUES(109, false, 'A Deadly Invitation', 'es', False, '2023-10-06',  'Eccentric millionaire Olivia sends her half sister Agatha, and a group of old acquaintances, a mysterious invitation for a weekend on her yacht, where they will discover the true motive behind this invitation: the celebration of… a murder?', 'https://image.tmdb.org/t/p/original/5quyXeEA6RaoTjaiypECXOKXT2o.jpg', 'https://image.tmdb.org/t/p/original/fWsuqZ5kk5rYeWVXpjrHercEBNH.jpg', 'https://www.youtube.com/watch?v=QIjJsgHLcYY', 6, 'Released') ON CONFLICT DO NOTHING;
INSERT INTO movies (mediaId, runtime, budget, revenue, directorId, director) VALUES( 109, 93, 0, 0, 1310888, 'José Manuel Cravioto') ON CONFLICT DO NOTHING;
INSERT INTO genres (mediaId, genre) VALUES(109, 'Comedy') ON CONFLICT DO NOTHING;
INSERT INTO genres (mediaId, genre) VALUES(109, 'Mystery') ON CONFLICT DO NOTHING;
INSERT INTO actors (mediaId, actorId , actorName, characterName, profilePath) VALUES(109, 1251058, 'Regina Blandón', 'Agatha', 'https://image.tmdb.org/t/p/original/hoNmc7G7l70RcBa1hDj485Th5Ne.jpg') ON CONFLICT DO NOTHING;
INSERT INTO actors (mediaId, actorId , actorName, characterName, profilePath) VALUES(109, 16971, 'Maribel Verdú', 'Olivia', 'https://image.tmdb.org/t/p/original/5ml5J9yDEV6ZLkinkS7vAHfE882.jpg') ON CONFLICT DO NOTHING;
INSERT INTO actors (mediaId, actorId , actorName, characterName, profilePath) VALUES(109, 1255083, 'Stephanie Cayo', 'Sonia', 'https://image.tmdb.org/t/p/original/q1biqcKvbpU4tEvMcbVNaoO9ABM.jpg') ON CONFLICT DO NOTHING;
INSERT INTO actors (mediaId, actorId , actorName, characterName, profilePath) VALUES(109, 66914, 'Manolo Cardona', 'Cary', 'https://image.tmdb.org/t/p/original/9hPHLgO9lINwZynrFywTG9ms8Jl.jpg') ON CONFLICT DO NOTHING;
INSERT INTO actors (mediaId, actorId , actorName, characterName, profilePath) VALUES(109, 237368, 'Aarón Díaz', 'Naram', 'https://image.tmdb.org/t/p/original/4dvLKTuaT8lghNWxOaA3wuGid2l.jpg') ON CONFLICT DO NOTHING;
INSERT INTO actors (mediaId, actorId , actorName, characterName, profilePath) VALUES(109, 80494, 'José María de Tavira', 'Figue', 'https://image.tmdb.org/t/p/original/x6qV0LQLWlioWwmldyZNMidUB51.jpg') ON CONFLICT DO NOTHING;
INSERT INTO actors (mediaId, actorId , actorName, characterName, profilePath) VALUES(109, 1439156, 'Juan Manuel Pernas', 'Gustavo', 'https://image.tmdb.org/t/p/original/4zQcuXiwAySWI0M3DxCoAC05T1i.jpg') ON CONFLICT DO NOTHING;
INSERT INTO actors (mediaId, actorId , actorName, characterName, profilePath) VALUES(109, 129460, 'Pedro Damián', 'Carlos', 'https://image.tmdb.org/t/p/original/xmF2KjZqmtk4kazvh6daMqmsy5w.jpg') ON CONFLICT DO NOTHING;
INSERT INTO actors (mediaId, actorId , actorName, characterName, profilePath) VALUES(109, 20546, 'Helena Rojo', 'Ms. Cristina', 'https://image.tmdb.org/t/p/original/cNEAIf4rBfpgpCTIhL5HP4xqDQw.jpg') ON CONFLICT DO NOTHING;
INSERT INTO actors (mediaId, actorId , actorName, characterName, profilePath) VALUES(109, 1306428, 'Mariana Cabrera', 'Iris', 'https://image.tmdb.org/t/p/original/2Ma4ok9Ssb2YWmOlApio0bxZYy9.jpg') ON CONFLICT DO NOTHING;
INSERT INTO media (mediaId, type, name, originalLanguage, adult, releaseDate, overview, backdropPath, posterPath, trailerLink, tmdbRating, status) VALUES(110, false, 'The Pope''s Exorcist', 'en', False, '2023-04-05',  'Father Gabriele Amorth, Chief Exorcist of the Vatican, investigates a young boy''s terrifying possession and ends up uncovering a centuries-old conspiracy the Vatican has desperately tried to keep hidden.', 'https://image.tmdb.org/t/p/original/hiHGRbyTcbZoLsYYkO4QiCLYe34.jpg', 'https://image.tmdb.org/t/p/original/jFC4LS5qTAT3PinzdEzINfu1CV9.jpg', 'https://www.youtube.com/watch?v=YJXqvnT_rsk', 7.2, 'Released') ON CONFLICT DO NOTHING;
INSERT INTO movies (mediaId, runtime, budget, revenue, directorId, director) VALUES( 110, 103, 18000000, 70204828, 1299642, 'Julius Avery') ON CONFLICT DO NOTHING;
INSERT INTO genres (mediaId, genre) VALUES(110, 'Horror') ON CONFLICT DO NOTHING;
INSERT INTO genres (mediaId, genre) VALUES(110, 'Thriller') ON CONFLICT DO NOTHING;
INSERT INTO actors (mediaId, actorId , actorName, characterName, profilePath) VALUES(110, 934, 'Russell Crowe', 'Father Gabriele Amorth', 'https://image.tmdb.org/t/p/original/fbzD4utSGJlsV8XbYMLoMdEZ1Fc.jpg') ON CONFLICT DO NOTHING;
INSERT INTO actors (mediaId, actorId , actorName, characterName, profilePath) VALUES(110, 1172147, 'Daniel Zovatto', 'Father Esquibel', 'https://image.tmdb.org/t/p/original/6B9hny2s7frxtbRqrHqOT7ESB4A.jpg') ON CONFLICT DO NOTHING;
INSERT INTO actors (mediaId, actorId , actorName, characterName, profilePath) VALUES(110, 210454, 'Alex Essoe', 'Julia', 'https://image.tmdb.org/t/p/original/8J7iwekeItLdUWvePkZe3gu9Qrp.jpg') ON CONFLICT DO NOTHING;
INSERT INTO actors (mediaId, actorId , actorName, characterName, profilePath) VALUES(110, 22383, 'Franco Nero', 'The Pope', 'https://image.tmdb.org/t/p/original/uiCrTolkOqpZYVxveMZeBx7sjZO.jpg') ON CONFLICT DO NOTHING;
INSERT INTO actors (mediaId, actorId , actorName, characterName, profilePath) VALUES(110, 4041888, 'Peter DeSouza-Feighoney', 'Henry', 'https://image.tmdb.org/t/p/original/vuuLkX5EEJefYMtGomQj9tHLzRf.jpg') ON CONFLICT DO NOTHING;
INSERT INTO actors (mediaId, actorId , actorName, characterName, profilePath) VALUES(110, 2850009, 'Laurel Marsden', 'Amy', 'https://image.tmdb.org/t/p/original/kcm6kl68eERw0tpRrI3DXv6LJCD.jpg') ON CONFLICT DO NOTHING;
INSERT INTO actors (mediaId, actorId , actorName, characterName, profilePath) VALUES(110, 25135, 'Cornell John', 'Bishop Lumumba', 'https://image.tmdb.org/t/p/original/3bSSDGgUVn8TLy5d4RHoD5ZsPm0.jpg') ON CONFLICT DO NOTHING;
INSERT INTO actors (mediaId, actorId , actorName, characterName, profilePath) VALUES(110, 3361260, 'Ryan O''Grady', 'Cardinal Sullivan', 'https://image.tmdb.org/t/p/original/8mp6gnzhgC9VRe67NM0M1zH1yc9.jpg') ON CONFLICT DO NOTHING;
INSERT INTO actors (mediaId, actorId , actorName, characterName, profilePath) VALUES(110, 3294934, 'Bianca Bardoe', 'Rosaria', 'https://image.tmdb.org/t/p/original/eFNZsjIlobCE2accPPFv6Og1k2A.jpg') ON CONFLICT DO NOTHING;
INSERT INTO actors (mediaId, actorId , actorName, characterName, profilePath) VALUES(110, 2198643, 'Santi Bayón', 'Roberto Vasquez IV (Henry''s Dad)', 'https://image.tmdb.org/t/p/original/myTk8IlwUsQph4BPMMn2ZiETnK.jpg') ON CONFLICT DO NOTHING;
INSERT INTO providers (mediaId, providerId, providerName, logoPath) VALUES( 110, 3, 'Google Play Movies', 'https://image.tmdb.org/t/p/original/tbEdFQDwx5LEVr8WpSeXQSIirVq.jpg') ON CONFLICT DO NOTHING;
INSERT INTO media (mediaId, type, name, originalLanguage, adult, releaseDate, overview, backdropPath, posterPath, trailerLink, tmdbRating, status) VALUES(111, false, 'Guy Ritchie''s The Covenant', 'en', False, '2023-04-19',  'During the war in Afghanistan, a local interpreter risks his own life to carry an injured sergeant across miles of grueling terrain.', 'https://image.tmdb.org/t/p/original/eTvN54pd83TrSEOz6wbsXEJktCV.jpg', 'https://image.tmdb.org/t/p/original/kVG8zFFYrpyYLoHChuEeOGAd6Ru.jpg', 'https://www.youtube.com/watch?v=02PPMPArNEQ', 7.8, 'Released') ON CONFLICT DO NOTHING;
INSERT INTO movies (mediaId, runtime, budget, revenue, directorId, director) VALUES( 111, 123, 55000000, 20000000, 956, 'Guy Ritchie') ON CONFLICT DO NOTHING;
INSERT INTO genres (mediaId, genre) VALUES(111, 'War') ON CONFLICT DO NOTHING;
INSERT INTO genres (mediaId, genre) VALUES(111, 'Action') ON CONFLICT DO NOTHING;
INSERT INTO genres (mediaId, genre) VALUES(111, 'Thriller') ON CONFLICT DO NOTHING;
INSERT INTO actors (mediaId, actorId , actorName, characterName, profilePath) VALUES(111, 131, 'Jake Gyllenhaal', 'Master Sergeant John Kinley', 'https://image.tmdb.org/t/p/original/rJdYHYNhlcOBwbPvDZVvt1xw7bi.jpg') ON CONFLICT DO NOTHING;
INSERT INTO actors (mediaId, actorId , actorName, characterName, profilePath) VALUES(111, 234907, 'Dar Salim', 'Ahmed', 'https://image.tmdb.org/t/p/original/oTYCqdF6nfZTsvt1fbypi54ydI.jpg') ON CONFLICT DO NOTHING;
INSERT INTO actors (mediaId, actorId , actorName, characterName, profilePath) VALUES(111, 2380399, 'Sean Sagar', 'Charlie ''Jizzy'' Crow', 'https://image.tmdb.org/t/p/original/6Q2tNfe4T8SgEcF4r2h69UFi2DF.jpg') ON CONFLICT DO NOTHING;
INSERT INTO actors (mediaId, actorId , actorName, characterName, profilePath) VALUES(111, 1033691, 'Jason Wong', 'Joshua ''JJ'' Jung', 'https://image.tmdb.org/t/p/original/tt3D1PAoB8Yf4jPCovnhlP4pvL3.jpg') ON CONFLICT DO NOTHING;
INSERT INTO actors (mediaId, actorId , actorName, characterName, profilePath) VALUES(111, 1896053, 'Rhys Yates', 'Tom ''Tom Cat'' Hancock', 'https://image.tmdb.org/t/p/original/9Uq5TopRLZlmcdcUFIIT1VxKsXW.jpg') ON CONFLICT DO NOTHING;
INSERT INTO actors (mediaId, actorId , actorName, characterName, profilePath) VALUES(111, 1583358, 'Christian Ochoa', 'Eduardo ''Chow Chow'' Lopez', 'https://image.tmdb.org/t/p/original/dURBBwG4xtdwTY5xWLhTl5H1PzV.jpg') ON CONFLICT DO NOTHING;
INSERT INTO actors (mediaId, actorId , actorName, characterName, profilePath) VALUES(111, 1523242, 'Bobby Schofield', 'Steve Kersher', 'https://image.tmdb.org/t/p/original/3DY3MQGMcX9LjMcy9Ei4uxiBGTy.jpg') ON CONFLICT DO NOTHING;
INSERT INTO actors (mediaId, actorId , actorName, characterName, profilePath) VALUES(111, 130414, 'Emily Beecham', 'Caroline Kinley', 'https://image.tmdb.org/t/p/original/knR5avTlO4Xnxw7Nc3xxUj3rtjh.jpg') ON CONFLICT DO NOTHING;
INSERT INTO actors (mediaId, actorId , actorName, characterName, profilePath) VALUES(111, 9012, 'Jonny Lee Miller', 'Colonel Vokes', 'https://image.tmdb.org/t/p/original/otCQdDtnrMvZ5tPC62zLx0SaXeR.jpg') ON CONFLICT DO NOTHING;
INSERT INTO actors (mediaId, actorId , actorName, characterName, profilePath) VALUES(111, 23498, 'Alexander Ludwig', 'Sergeant Declan O''Brady', 'https://image.tmdb.org/t/p/original/unP5YUgEdECL2gMLs0zCNya6is6.jpg') ON CONFLICT DO NOTHING;
INSERT INTO media (mediaId, type, name, originalLanguage, adult, releaseDate, overview, backdropPath, posterPath, trailerLink, tmdbRating, status) VALUES(112, false, 'Heist 88', 'en', False, '2023-09-29',  'A criminal mastermind recruits a group of young bank employees to steal 80 million dollars in one of the largest bank heist in US history.', 'https://image.tmdb.org/t/p/original/u6JGnIabQslWMzX03hb3weEbvx0.jpg', 'https://image.tmdb.org/t/p/original/4ueFteb6V38fnSWTN4jIbLOlMlM.jpg', 'https://www.youtube.com/watch?v=7YRfANxudF8', 5.5, 'Released') ON CONFLICT DO NOTHING;
INSERT INTO movies (mediaId, runtime, budget, revenue, directorId, director) VALUES( 112, 83, 0, 0, 78061, 'Menhaj Huda') ON CONFLICT DO NOTHING;
INSERT INTO genres (mediaId, genre) VALUES(112, 'Crime') ON CONFLICT DO NOTHING;
INSERT INTO genres (mediaId, genre) VALUES(112, 'Drama') ON CONFLICT DO NOTHING;
INSERT INTO actors (mediaId, actorId , actorName, characterName, profilePath) VALUES(112, 24047, 'Courtney B. Vance', 'Jeremy Horne', 'https://image.tmdb.org/t/p/original/q4oCmhqEPXKSRK2hTZzTz2Zt4Ba.jpg') ON CONFLICT DO NOTHING;
INSERT INTO actors (mediaId, actorId , actorName, characterName, profilePath) VALUES(112, 155669, 'Keesha Sharp', 'Bree Barnes', 'https://image.tmdb.org/t/p/original/wpfOp6Z3kRuQZqVGYzPTohhqoMP.jpg') ON CONFLICT DO NOTHING;
INSERT INTO actors (mediaId, actorId , actorName, characterName, profilePath) VALUES(112, 65827, 'Keith David', 'Buddha Ray', 'https://image.tmdb.org/t/p/original/jJLJuR7FNHYL1fB5igjj7IXzOel.jpg') ON CONFLICT DO NOTHING;
INSERT INTO actors (mediaId, actorId , actorName, characterName, profilePath) VALUES(112, 3487247, 'Xavier Clyde', 'Danny Pugh', 'https://image.tmdb.org/t/p/original/4YHCf6k0Khvp0qn8lu2dzLl37V3.jpg') ON CONFLICT DO NOTHING;
INSERT INTO actors (mediaId, actorId , actorName, characterName, profilePath) VALUES(112, 2481158, 'Bentley Green', 'Marshall King', 'https://image.tmdb.org/t/p/original/tm8X157E5FAk3WvM048h3kFuo0O.jpg') ON CONFLICT DO NOTHING;
INSERT INTO actors (mediaId, actorId , actorName, characterName, profilePath) VALUES(112, 1971156, 'Nican Robinson', 'Rick Lewis', 'https://image.tmdb.org/t/p/original/aoEPk3xJ3jl29mQERT9OBj54JnW.jpg') ON CONFLICT DO NOTHING;
INSERT INTO actors (mediaId, actorId , actorName, characterName, profilePath) VALUES(112, 3314270, 'Precious Way', 'LaDonna Sanders', 'https://image.tmdb.org/t/p/original/pTvx9RCZjpMtY9MnTX3FjDOvKHV.jpg') ON CONFLICT DO NOTHING;
INSERT INTO media (mediaId, type, name, originalLanguage, adult, releaseDate, overview, backdropPath, posterPath, trailerLink, tmdbRating, status) VALUES(113, false, 'The Conference', 'sv', False, '2023-10-13',  'A team-building conference for municipal employees turns into a nightmare when accusations of corruption begin to circulate and plague the work environment. At the same time, a mysterious figure begins murdering the participants.', 'https://image.tmdb.org/t/p/original/ysh9CHjsf2DSaGyAGY8kTuXkx2w.jpg', 'https://image.tmdb.org/t/p/original/gpLHbB6emWDnfMFdQs0EoZZs0cV.jpg', 'https://www.youtube.com/watch?v=B9hpl8e-lQ4', 5.5, 'Released') ON CONFLICT DO NOTHING;
INSERT INTO movies (mediaId, runtime, budget, revenue, directorId, director) VALUES( 113, 100, 0, 0, 986759, 'Patrik Eklund') ON CONFLICT DO NOTHING;
INSERT INTO genres (mediaId, genre) VALUES(113, 'Horror') ON CONFLICT DO NOTHING;
INSERT INTO genres (mediaId, genre) VALUES(113, 'Comedy') ON CONFLICT DO NOTHING;
INSERT INTO genres (mediaId, genre) VALUES(113, 'Thriller') ON CONFLICT DO NOTHING;
INSERT INTO actors (mediaId, actorId , actorName, characterName, profilePath) VALUES(113, 109156, 'Katia Winter', 'Lina', 'https://image.tmdb.org/t/p/original/u9snj7ndxuaScWtH5YIYuyQ5coc.jpg') ON CONFLICT DO NOTHING;
INSERT INTO actors (mediaId, actorId , actorName, characterName, profilePath) VALUES(113, 526011, 'Adam Lundgren', 'Jonas', 'https://image.tmdb.org/t/p/original/hB62780sPK5HpHBylShEsrtfIh1.jpg') ON CONFLICT DO NOTHING;
INSERT INTO actors (mediaId, actorId , actorName, characterName, profilePath) VALUES(113, 132245, 'Eva Melander', 'Eva', 'https://image.tmdb.org/t/p/original/rhRJbKhetk4M9KpswhBuWcvZ7Ee.jpg') ON CONFLICT DO NOTHING;
INSERT INTO actors (mediaId, actorId , actorName, characterName, profilePath) VALUES(113, 99522, 'Bahar Pars', 'Nadja', 'https://image.tmdb.org/t/p/original/ic4ZWPm9038b9n2tNVGrsgq8NHx.jpg') ON CONFLICT DO NOTHING;
INSERT INTO actors (mediaId, actorId , actorName, characterName, profilePath) VALUES(113, 2396786, 'Amed Bozan', 'Amir', 'https://image.tmdb.org/t/p/original/6Qp4spXPqVIdRlelP48xugTLMNH.jpg') ON CONFLICT DO NOTHING;
INSERT INTO actors (mediaId, actorId , actorName, characterName, profilePath) VALUES(113, 221211, 'Maria Sid', 'Ingela', 'https://image.tmdb.org/t/p/original/viZJHa97qRIvAH1xwn9DdM8C2JL.jpg') ON CONFLICT DO NOTHING;
INSERT INTO actors (mediaId, actorId , actorName, characterName, profilePath) VALUES(113, 1309115, 'Christoffer Nordenrot', 'Kaj', 'https://image.tmdb.org/t/p/original/5y26GFOtYSeIvJQMjDXXxd3f9uy.jpg') ON CONFLICT DO NOTHING;
INSERT INTO actors (mediaId, actorId , actorName, characterName, profilePath) VALUES(113, 11048, 'Claes Hartelius', 'Torbjörn', 'https://image.tmdb.org/t/p/original/pVXa7EdsHk4gejKtdO5SVaUt2O8.jpg') ON CONFLICT DO NOTHING;
INSERT INTO actors (mediaId, actorId , actorName, characterName, profilePath) VALUES(113, 220592, 'Cecilia Nilsson', 'Anette', 'https://image.tmdb.org/t/p/original/xljBvmQ97Abq6MlA10o8cO6oTLt.jpg') ON CONFLICT DO NOTHING;
INSERT INTO actors (mediaId, actorId , actorName, characterName, profilePath) VALUES(113, 3084984, 'Lola Zackow', 'Jenny', 'https://image.tmdb.org/t/p/original/lC4qjdwr0spXDZJq4DbmZvOuEtL.jpg') ON CONFLICT DO NOTHING;
INSERT INTO media (mediaId, type, name, originalLanguage, adult, releaseDate, overview, backdropPath, posterPath, trailerLink, tmdbRating, status) VALUES(114, false, 'Scream VI', 'en', False, '2023-03-08',  'Following the latest Ghostface killings, the four survivors leave Woodsboro behind and start a fresh chapter.', 'https://image.tmdb.org/t/p/original/44immBwzhDVyjn87b3x3l9mlhAD.jpg', 'https://image.tmdb.org/t/p/original/wDWwtvkRRlgTiUr6TyLSMX8FCuZ.jpg', 'https://www.youtube.com/watch?v=1Ie2qmAOc6Q', 7.2, 'Released') ON CONFLICT DO NOTHING;
INSERT INTO movies (mediaId, runtime, budget, revenue, directorId, director) VALUES( 114, 123, 35000000, 168961389, 66681, 'Matt Bettinelli-Olpin') ON CONFLICT DO NOTHING;
INSERT INTO genres (mediaId, genre) VALUES(114, 'Horror') ON CONFLICT DO NOTHING;
INSERT INTO genres (mediaId, genre) VALUES(114, 'Crime') ON CONFLICT DO NOTHING;
INSERT INTO genres (mediaId, genre) VALUES(114, 'Thriller') ON CONFLICT DO NOTHING;
INSERT INTO actors (mediaId, actorId , actorName, characterName, profilePath) VALUES(114, 1373659, 'Melissa Barrera', 'Sam Carpenter', 'https://image.tmdb.org/t/p/original/bVJ9GbwMLUh2n4M4jWev4JvZv7n.jpg') ON CONFLICT DO NOTHING;
INSERT INTO actors (mediaId, actorId , actorName, characterName, profilePath) VALUES(114, 974169, 'Jenna Ortega', 'Tara Carpenter', 'https://image.tmdb.org/t/p/original/q1NRzyZQlYkxLY07GO9NVPkQnu8.jpg') ON CONFLICT DO NOTHING;
INSERT INTO actors (mediaId, actorId , actorName, characterName, profilePath) VALUES(114, 1508653, 'Jasmin Savoy Brown', 'Mindy Meeks-Martin', 'https://image.tmdb.org/t/p/original/qvN5Zb1WJJvKgUTnffPfzLaVIXc.jpg') ON CONFLICT DO NOTHING;
INSERT INTO actors (mediaId, actorId , actorName, characterName, profilePath) VALUES(114, 2174509, 'Mason Gooding', 'Chad Meeks-Martin', 'https://image.tmdb.org/t/p/original/bmlry1xqBzNgv8Chm783ss93Cvg.jpg') ON CONFLICT DO NOTHING;
INSERT INTO actors (mediaId, actorId , actorName, characterName, profilePath) VALUES(114, 1895760, 'Jack Champion', 'Ethan Landry', 'https://image.tmdb.org/t/p/original/aYY3C75ZwbQxGSSan9Uft4mGE9w.jpg') ON CONFLICT DO NOTHING;
INSERT INTO actors (mediaId, actorId , actorName, characterName, profilePath) VALUES(114, 51957, 'Roger L. Jackson', '''The Voice'' (voice)', 'https://image.tmdb.org/t/p/original/kDAoLRPVKgfTXRhDep0JNouhyAV.jpg') ON CONFLICT DO NOTHING;
INSERT INTO actors (mediaId, actorId , actorName, characterName, profilePath) VALUES(114, 60458, 'Liana Liberato', 'Quinn Bailey', 'https://image.tmdb.org/t/p/original/xM7YYem8dRhwL1G2O9yAUJhfdF0.jpg') ON CONFLICT DO NOTHING;
INSERT INTO actors (mediaId, actorId , actorName, characterName, profilePath) VALUES(114, 20212, 'Dermot Mulroney', 'Detective Bailey', 'https://image.tmdb.org/t/p/original/5gJszOF45KMPB5tmAbKdK0qgQBx.jpg') ON CONFLICT DO NOTHING;
INSERT INTO actors (mediaId, actorId , actorName, characterName, profilePath) VALUES(114, 1352921, 'Devyn Nekoda', 'Anika Kayoko', 'https://image.tmdb.org/t/p/original/rCODfNA6cRIkSKNPnkkk9ewDwQU.jpg') ON CONFLICT DO NOTHING;
INSERT INTO actors (mediaId, actorId , actorName, characterName, profilePath) VALUES(114, 426216, 'Josh Segarra', 'Danny Brackett', 'https://image.tmdb.org/t/p/original/f22Vy3G0LbomOmmUwTlpRbHEvcw.jpg') ON CONFLICT DO NOTHING;
INSERT INTO providers (mediaId, providerId, providerName, logoPath) VALUES( 114, 2, 'Apple TV', 'https://image.tmdb.org/t/p/original/peURlLlr8jggOwK53fJ5wdQl05y.jpg') ON CONFLICT DO NOTHING;
INSERT INTO providers (mediaId, providerId, providerName, logoPath) VALUES( 114, 3, 'Google Play Movies', 'https://image.tmdb.org/t/p/original/tbEdFQDwx5LEVr8WpSeXQSIirVq.jpg') ON CONFLICT DO NOTHING;
INSERT INTO media (mediaId, type, name, originalLanguage, adult, releaseDate, overview, backdropPath, posterPath, trailerLink, tmdbRating, status) VALUES(115, false, 'Jikirag', 'en', False, '2022-09-02',  'A pagan village, founded on the bones of both innocent and foul, is deeply rooted within the heart of an ancient Eden. When a balance of flesh and soil decays, the last surviving village elder battles madness and the macabre to save her people from not only themselves, but the monstrous judgement that burrows up from below.', 'https://image.tmdb.org/t/p/original/bUhFtAwSJu3JKWRlLTLrZdAiRkE.jpg', 'https://image.tmdb.org/t/p/original/yhK0h9KTrGSgp0CdsN9UOlg5YQI.jpg', 'https://www.youtube.com/watch?v=HnoQLdZZrPY', 7, 'Released') ON CONFLICT DO NOTHING;
INSERT INTO movies (mediaId, runtime, budget, revenue, directorId, director) VALUES( 115, 120, 0, 0, 3104228, 'Alexander J. Baxter') ON CONFLICT DO NOTHING;
INSERT INTO genres (mediaId, genre) VALUES(115, 'Horror') ON CONFLICT DO NOTHING;
INSERT INTO actors (mediaId, actorId , actorName, characterName, profilePath) VALUES(115, 2465888, 'Tracey Roath', 'Vouga', 'https://image.tmdb.org/t/p/original/xN87g3k14RB1cpmlxbNa31nt2L7.jpg') ON CONFLICT DO NOTHING;
INSERT INTO actors (mediaId, actorId , actorName, characterName, profilePath) VALUES(115, 3104228, 'Alexander J. Baxter', 'Ewan', 'None') ON CONFLICT DO NOTHING;
INSERT INTO actors (mediaId, actorId , actorName, characterName, profilePath) VALUES(115, 1009263, 'Roy Campsall', 'Jikirag', 'None') ON CONFLICT DO NOTHING;
INSERT INTO actors (mediaId, actorId , actorName, characterName, profilePath) VALUES(115, 2273768, 'Josefin Jönsson Tysén', 'Alis', 'None') ON CONFLICT DO NOTHING;
INSERT INTO actors (mediaId, actorId , actorName, characterName, profilePath) VALUES(115, 1705589, 'Corey Woods', 'Mer', 'https://image.tmdb.org/t/p/original/4tzSmwFwei6bmTJjo6eOkZTMuoj.jpg') ON CONFLICT DO NOTHING;
INSERT INTO actors (mediaId, actorId , actorName, characterName, profilePath) VALUES(115, 2672337, 'Brian Johnston', 'Caenen', 'https://image.tmdb.org/t/p/original/zGp9iQ0VtnaqSLjm6ADnY8DEcDV.jpg') ON CONFLICT DO NOTHING;
INSERT INTO actors (mediaId, actorId , actorName, characterName, profilePath) VALUES(115, 3640731, 'Jessica Moutray', 'Godiva', 'None') ON CONFLICT DO NOTHING;
INSERT INTO providers (mediaId, providerId, providerName, logoPath) VALUES( 115, 2, 'Apple TV', 'https://image.tmdb.org/t/p/original/peURlLlr8jggOwK53fJ5wdQl05y.jpg') ON CONFLICT DO NOTHING;
INSERT INTO providers (mediaId, providerId, providerName, logoPath) VALUES( 115, 3, 'Google Play Movies', 'https://image.tmdb.org/t/p/original/tbEdFQDwx5LEVr8WpSeXQSIirVq.jpg') ON CONFLICT DO NOTHING;
INSERT INTO providers (mediaId, providerId, providerName, logoPath) VALUES( 115, 10, 'Amazon Video', 'https://image.tmdb.org/t/p/original/5NyLm42TmCqCMOZFvH4fcoSNKEW.jpg') ON CONFLICT DO NOTHING;
INSERT INTO media (mediaId, type, name, originalLanguage, adult, releaseDate, overview, backdropPath, posterPath, trailerLink, tmdbRating, status) VALUES(116, false, 'Avengers: Infinity War', 'en', False, '2018-04-25',  'As the Avengers and their allies have continued to protect the world from threats too large for any one hero to handle, a new danger has emerged from the cosmic shadows: Thanos. A despot of intergalactic infamy, his goal is to collect all six Infinity Stones, artifacts of unimaginable power, and use them to inflict his twisted will on all of reality. Everything the Avengers have fought for has led up to this moment - the fate of Earth and existence itself has never been more uncertain.', 'https://image.tmdb.org/t/p/original/mDfJG3LC3Dqb67AZ52x3Z0jU0uB.jpg', 'https://image.tmdb.org/t/p/original/7WsyChQLEftFiDOVTGkv3hFpyyt.jpg', 'https://www.youtube.com/watch?v=QwievZ1Tx-8', 8.3, 'Released') ON CONFLICT DO NOTHING;
INSERT INTO movies (mediaId, runtime, budget, revenue, directorId, director) VALUES( 116, 149, 300000000, 2052415039, 19271, 'Anthony Russo') ON CONFLICT DO NOTHING;
INSERT INTO genres (mediaId, genre) VALUES(116, 'Adventure') ON CONFLICT DO NOTHING;
INSERT INTO genres (mediaId, genre) VALUES(116, 'Action') ON CONFLICT DO NOTHING;
INSERT INTO genres (mediaId, genre) VALUES(116, 'Science Fiction') ON CONFLICT DO NOTHING;
INSERT INTO actors (mediaId, actorId , actorName, characterName, profilePath) VALUES(116, 3223, 'Robert Downey Jr.', 'Tony Stark / Iron Man', 'https://image.tmdb.org/t/p/original/im9SAqJPZKEbVZGmjXuLI4O7RvM.jpg') ON CONFLICT DO NOTHING;
INSERT INTO actors (mediaId, actorId , actorName, characterName, profilePath) VALUES(116, 74568, 'Chris Hemsworth', 'Thor Odinson', 'https://image.tmdb.org/t/p/original/xkHHiJXraaMFXgRYspN6KVrFn17.jpg') ON CONFLICT DO NOTHING;
INSERT INTO actors (mediaId, actorId , actorName, characterName, profilePath) VALUES(116, 103, 'Mark Ruffalo', 'Bruce Banner / Hulk', 'https://image.tmdb.org/t/p/original/z3dvKqMNDQWk3QLxzumloQVR0pv.jpg') ON CONFLICT DO NOTHING;
INSERT INTO actors (mediaId, actorId , actorName, characterName, profilePath) VALUES(116, 16828, 'Chris Evans', 'Steve Rogers / Captain America', 'https://image.tmdb.org/t/p/original/3bOGNsHlrswhyW79uvIHH1V43JI.jpg') ON CONFLICT DO NOTHING;
INSERT INTO actors (mediaId, actorId , actorName, characterName, profilePath) VALUES(116, 1245, 'Scarlett Johansson', 'Natasha Romanoff / Black Widow', 'https://image.tmdb.org/t/p/original/6bBCPmc55gzP7TR9Th4WbykrYd0.jpg') ON CONFLICT DO NOTHING;
INSERT INTO actors (mediaId, actorId , actorName, characterName, profilePath) VALUES(116, 71580, 'Benedict Cumberbatch', 'Stephen Strange / Doctor Strange', 'https://image.tmdb.org/t/p/original/fBEucxECxGLKVHBznO0qHtCGiMO.jpg') ON CONFLICT DO NOTHING;
INSERT INTO actors (mediaId, actorId , actorName, characterName, profilePath) VALUES(116, 1136406, 'Tom Holland', 'Peter Parker / Spider-Man', 'https://image.tmdb.org/t/p/original/jdC3L52ghm0JkOSyH6PeHm297cV.jpg') ON CONFLICT DO NOTHING;
INSERT INTO actors (mediaId, actorId , actorName, characterName, profilePath) VALUES(116, 172069, 'Chadwick Boseman', 'T''Challa / Black Panther', 'https://image.tmdb.org/t/p/original/nL16SKfyP1b7Hk6LsuWiqMfbdb8.jpg') ON CONFLICT DO NOTHING;
INSERT INTO actors (mediaId, actorId , actorName, characterName, profilePath) VALUES(116, 1896, 'Don Cheadle', 'James ''Rhodey'' Rhodes / War Machine', 'https://image.tmdb.org/t/p/original/lZpvHaRDSNqAEYUgaJed9Vxrx5p.jpg') ON CONFLICT DO NOTHING;
INSERT INTO actors (mediaId, actorId , actorName, characterName, profilePath) VALUES(116, 8691, 'Zoe Saldaña', 'Gamora', 'https://image.tmdb.org/t/p/original/snQ1rfO9Bb2LRG9MAOQnn3JXVHy.jpg') ON CONFLICT DO NOTHING;
INSERT INTO media (mediaId, type, name, originalLanguage, adult, releaseDate, overview, backdropPath, posterPath, trailerLink, tmdbRating, status) VALUES(117, false, 'Knights of the Zodiac', 'en', False, '2023-04-27',  'When a headstrong street orphan, Seiya, in search of his abducted sister unwittingly taps into hidden powers, he discovers he might be the only person alive who can protect a reincarnated goddess, sent to watch over humanity. Can he let his past go and embrace his destiny to become a Knight of the Zodiac?', 'https://image.tmdb.org/t/p/original/oqP1qEZccq5AD9TVTIaO6IGUj7o.jpg', 'https://image.tmdb.org/t/p/original/qW4crfED8mpNDadSmMdi7ZDzhXF.jpg', 'https://www.youtube.com/watch?v=gZ3o0lTfYOs', 6.6, 'Released') ON CONFLICT DO NOTHING;
INSERT INTO movies (mediaId, runtime, budget, revenue, directorId, director) VALUES( 117, 113, 60000000, 6794519, 80577, 'Tomek Baginski') ON CONFLICT DO NOTHING;
INSERT INTO genres (mediaId, genre) VALUES(117, 'Fantasy') ON CONFLICT DO NOTHING;
INSERT INTO genres (mediaId, genre) VALUES(117, 'Action') ON CONFLICT DO NOTHING;
INSERT INTO genres (mediaId, genre) VALUES(117, 'Adventure') ON CONFLICT DO NOTHING;
INSERT INTO actors (mediaId, actorId , actorName, characterName, profilePath) VALUES(117, 1566805, 'Mackenyu', 'Seiya / The Pegasus Knight', 'https://image.tmdb.org/t/p/original/kIrLJmJCGc2fRAkVnBJXwAL7gAM.jpg') ON CONFLICT DO NOTHING;
INSERT INTO actors (mediaId, actorId , actorName, characterName, profilePath) VALUES(117, 1597855, 'Madison Iseman', 'Sienna / Athena', 'https://image.tmdb.org/t/p/original/jphvL4JtSmmcdTjMdxV92RRcb4a.jpg') ON CONFLICT DO NOTHING;
INSERT INTO actors (mediaId, actorId , actorName, characterName, profilePath) VALUES(117, 1969510, 'Diego Tinoco', 'Nero / The Pheonix Knight', 'https://image.tmdb.org/t/p/original/ayRLsNOGj7l1Flx3MOooKIWGNRK.jpg') ON CONFLICT DO NOTHING;
INSERT INTO actors (mediaId, actorId , actorName, characterName, profilePath) VALUES(117, 18702, 'Mark Dacascos', 'Mylock', 'https://image.tmdb.org/t/p/original/4yCBAEeBjtlmWaKLnPfgIJKHpRw.jpg') ON CONFLICT DO NOTHING;
INSERT INTO actors (mediaId, actorId , actorName, characterName, profilePath) VALUES(117, 6408, 'Nick Stahl', 'Cassios', 'https://image.tmdb.org/t/p/original/qWNe70AHt45hqnxIXh4mgPMIbCI.jpg') ON CONFLICT DO NOTHING;
INSERT INTO actors (mediaId, actorId , actorName, characterName, profilePath) VALUES(117, 10696, 'Famke Janssen', 'Guraad', 'https://image.tmdb.org/t/p/original/uvZGwNsLqe9NyA57Qlt46IkO8Bd.jpg') ON CONFLICT DO NOTHING;
INSERT INTO actors (mediaId, actorId , actorName, characterName, profilePath) VALUES(117, 48, 'Sean Bean', 'Alman Kido', 'https://image.tmdb.org/t/p/original/kTjiABk3TJ3yI0Cto5RsvyT6V3o.jpg') ON CONFLICT DO NOTHING;
INSERT INTO actors (mediaId, actorId , actorName, characterName, profilePath) VALUES(117, 3310573, 'Caitlin M Hutson', 'Marin / The Eagle Knight', 'https://image.tmdb.org/t/p/original/9E2nbzrUTx73Ot8hS0bk0BbX6E8.jpg') ON CONFLICT DO NOTHING;
INSERT INTO actors (mediaId, actorId , actorName, characterName, profilePath) VALUES(117, 4147784, 'Katie Moy', 'Marin / The Eagle Knight (Voice)', 'None') ON CONFLICT DO NOTHING;
INSERT INTO actors (mediaId, actorId , actorName, characterName, profilePath) VALUES(117, 3064611, 'Kaylan Teague', 'Patricia', 'https://image.tmdb.org/t/p/original/ulW8xnp87VxHydrHKaqPYQOJFu4.jpg') ON CONFLICT DO NOTHING;
INSERT INTO providers (mediaId, providerId, providerName, logoPath) VALUES( 117, 2, 'Apple TV', 'https://image.tmdb.org/t/p/original/peURlLlr8jggOwK53fJ5wdQl05y.jpg') ON CONFLICT DO NOTHING;
INSERT INTO providers (mediaId, providerId, providerName, logoPath) VALUES( 117, 3, 'Google Play Movies', 'https://image.tmdb.org/t/p/original/tbEdFQDwx5LEVr8WpSeXQSIirVq.jpg') ON CONFLICT DO NOTHING;
INSERT INTO media (mediaId, type, name, originalLanguage, adult, releaseDate, overview, backdropPath, posterPath, trailerLink, tmdbRating, status) VALUES(118, false, 'The Paramedic', 'it', False, '1982-02-07',  'At work, Mario Millio is the only male nurse not on strike. At home, his wife is more interested in calling the hot-line of a local TV-doctor. When Mario wins 15 million Lire in the lottery, he buys himself a new car and starts to live out his dreams in secret. All goes well until a criminal steals the car and Mario is blamed for the car thief''s crimes', 'https://image.tmdb.org/t/p/original/bEwynR30Z7HkNLm95sf3Vh88hKr.jpg', 'https://image.tmdb.org/t/p/original/mjcRRfVWeod9WEP3KsDonkeqTqA.jpg', 'None', 4.3, 'Released') ON CONFLICT DO NOTHING;
INSERT INTO movies (mediaId, runtime, budget, revenue, directorId, director) VALUES( 118, 110, 0, 0, 567755, 'Sergio Nasca') ON CONFLICT DO NOTHING;
INSERT INTO genres (mediaId, genre) VALUES(118, 'Comedy') ON CONFLICT DO NOTHING;
INSERT INTO actors (mediaId, actorId , actorName, characterName, profilePath) VALUES(118, 21237, 'Enrico Montesano', 'Mario Miglio', 'https://image.tmdb.org/t/p/original/6etZxpm3gDzjjwkJsXLJcUEUbM6.jpg') ON CONFLICT DO NOTHING;
INSERT INTO actors (mediaId, actorId , actorName, characterName, profilePath) VALUES(118, 44434, 'Edwige Fenech', 'Nina Miglio', 'https://image.tmdb.org/t/p/original/79v8gsqCnqJPpI5RRmMMQP9iXV3.jpg') ON CONFLICT DO NOTHING;
INSERT INTO actors (mediaId, actorId , actorName, characterName, profilePath) VALUES(118, 27275, 'Daniela Poggi', 'Vittoria', 'https://image.tmdb.org/t/p/original/lL9dNiMFwGc8aexbqQI8JlkymmH.jpg') ON CONFLICT DO NOTHING;
INSERT INTO actors (mediaId, actorId , actorName, characterName, profilePath) VALUES(118, 29327, 'Rossano Brazzi', 'Augusto Pinna', 'https://image.tmdb.org/t/p/original/qEpEMTG9gKN5D8ZpCfoQzd2kMFc.jpg') ON CONFLICT DO NOTHING;
INSERT INTO actors (mediaId, actorId , actorName, characterName, profilePath) VALUES(118, 52657, 'Enzo Cannavale', 'avvocato Generoso Gallina', 'https://image.tmdb.org/t/p/original/qKTBcs4UEwBhZIeYBpVcDjZVJKg.jpg') ON CONFLICT DO NOTHING;
INSERT INTO actors (mediaId, actorId , actorName, characterName, profilePath) VALUES(118, 126986, 'Marco Messeri', 'Spartaco', 'https://image.tmdb.org/t/p/original/gmFRoo4ajcCddsfIYPMwNJNNuAs.jpg') ON CONFLICT DO NOTHING;
INSERT INTO actors (mediaId, actorId , actorName, characterName, profilePath) VALUES(118, 122022, 'Enzo Robutti', 'Commissario di Polizia', 'https://image.tmdb.org/t/p/original/zaFLnjkEdUE0OvPh21ItLavRiwr.jpg') ON CONFLICT DO NOTHING;
INSERT INTO actors (mediaId, actorId , actorName, characterName, profilePath) VALUES(118, 119992, 'Leo Gullotta', 'Sostituto Procuratore', 'https://image.tmdb.org/t/p/original/wn9LQjKRZxrXm6a5zyfrLs71ChM.jpg') ON CONFLICT DO NOTHING;
INSERT INTO actors (mediaId, actorId , actorName, characterName, profilePath) VALUES(118, 120633, 'Mauro Di Francesco', 'infiltrato della Digos', 'https://image.tmdb.org/t/p/original/u8zNZ7O0Q9vOw866EJheij3Q7ly.jpg') ON CONFLICT DO NOTHING;
INSERT INTO actors (mediaId, actorId , actorName, characterName, profilePath) VALUES(118, 1033003, 'Enzo Liberti', 'portiere dello stabile', 'https://image.tmdb.org/t/p/original/q7tLz2f0rQJmU69cCJWSqFE5brC.jpg') ON CONFLICT DO NOTHING;
INSERT INTO media (mediaId, type, name, originalLanguage, adult, releaseDate, overview, backdropPath, posterPath, trailerLink, tmdbRating, status) VALUES(119, false, 'Rick and Morty: The Great Yokai Battle of Akihabara', 'pt', False, '2021-10-11',  '', 'https://image.tmdb.org/t/p/original/tCI7EP8IBdeV4BR05zmzW3JIjwx.jpg', 'https://image.tmdb.org/t/p/original/7aCOzT1lLtfOzHni8xIe4dbpEwC.jpg', 'None', 5.8, 'Released') ON CONFLICT DO NOTHING;
INSERT INTO movies (mediaId, runtime, budget, revenue, directorId, director) VALUES( 119, 0, 0, 0, 1870387, 'Masaru Matsumoto') ON CONFLICT DO NOTHING;
INSERT INTO media (mediaId, type, name, originalLanguage, adult, releaseDate, overview, backdropPath, posterPath, trailerLink, tmdbRating, status) VALUES(120, false, 'Lost in the Stars', 'zh', False, '2023-06-22',  'He Fei''s wife, Li Muzi, disappears during their anniversary trip. When she reappears, he insists that she is not his wife. As Chen Mai, a top lawyer gets involved in this bizarre case, more mysteries start to emerge.', 'https://image.tmdb.org/t/p/original/bk5l7vQKjypgPv74TlLQZzQmpCu.jpg', 'https://image.tmdb.org/t/p/original/oJ0X8ULclI1fQUXj14VcUFCjvXo.jpg', 'https://www.youtube.com/watch?v=smm6mo-VgjA', 6.3, 'Released') ON CONFLICT DO NOTHING;
INSERT INTO movies (mediaId, runtime, budget, revenue, directorId, director) VALUES( 120, 122, 9500000, 334039200, 3070248, 'Xiang Liu') ON CONFLICT DO NOTHING;
INSERT INTO genres (mediaId, genre) VALUES(120, 'Mystery') ON CONFLICT DO NOTHING;
INSERT INTO genres (mediaId, genre) VALUES(120, 'Crime') ON CONFLICT DO NOTHING;
INSERT INTO genres (mediaId, genre) VALUES(120, 'Drama') ON CONFLICT DO NOTHING;
INSERT INTO genres (mediaId, genre) VALUES(120, 'Thriller') ON CONFLICT DO NOTHING;
INSERT INTO actors (mediaId, actorId , actorName, characterName, profilePath) VALUES(120, 1743471, 'Zhu Yilong', 'He Fei', 'https://image.tmdb.org/t/p/original/jfNUWsyHsy3dtten3E5etzSWGWw.jpg') ON CONFLICT DO NOTHING;
INSERT INTO actors (mediaId, actorId , actorName, characterName, profilePath) VALUES(120, 1006864, 'Ni Ni', 'Chen Mai / Shen Man', 'https://image.tmdb.org/t/p/original/vKDj4szquQSnp7TIJ6VSXUO6B0f.jpg') ON CONFLICT DO NOTHING;
INSERT INTO actors (mediaId, actorId , actorName, characterName, profilePath) VALUES(120, 78253, 'Janice Man', 'Li Muzi / Jane', 'https://image.tmdb.org/t/p/original/h7UKw1U1JQnROUO3mOCrXdDeiKL.jpg') ON CONFLICT DO NOTHING;
INSERT INTO actors (mediaId, actorId , actorName, characterName, profilePath) VALUES(120, 1576969, 'Du Jiang', 'Zheng Cheng', 'https://image.tmdb.org/t/p/original/pRuPkC5I2DjujSaSTob9RivweUk.jpg') ON CONFLICT DO NOTHING;
INSERT INTO actors (mediaId, actorId , actorName, characterName, profilePath) VALUES(120, 2275811, 'Vincent Matile', 'Dr. Louis', 'https://image.tmdb.org/t/p/original/4l3DnShY17b1DbZIlFJudyW2gE8.jpg') ON CONFLICT DO NOTHING;
INSERT INTO actors (mediaId, actorId , actorName, characterName, profilePath) VALUES(120, 942226, 'Scotty Cox', 'Bar Owner', 'None') ON CONFLICT DO NOTHING;
INSERT INTO actors (mediaId, actorId , actorName, characterName, profilePath) VALUES(120, 3286607, 'Huang Ziqi', 'Li Muzi', 'https://image.tmdb.org/t/p/original/hybuzzbXKYdPDqHDwWO4ciNEgTa.jpg') ON CONFLICT DO NOTHING;
INSERT INTO actors (mediaId, actorId , actorName, characterName, profilePath) VALUES(120, 4232810, 'Meng Zhixu', 'Young Chen Mai', 'None') ON CONFLICT DO NOTHING;
INSERT INTO actors (mediaId, actorId , actorName, characterName, profilePath) VALUES(120, 2581179, 'Zhang Yiwenhan', 'Young Li Muzi', 'None') ON CONFLICT DO NOTHING;
INSERT INTO actors (mediaId, actorId , actorName, characterName, profilePath) VALUES(120, 3304354, 'Zhu Haiyu', 'Stacked Code Boy', 'https://image.tmdb.org/t/p/original/vk393Ate0j8MrY1HEHdtdCyPsNV.jpg') ON CONFLICT DO NOTHING;
INSERT INTO media (mediaId, type, name, originalLanguage, adult, releaseDate, overview, backdropPath, posterPath, trailerLink, tmdbRating, status) VALUES(121, false, 'Zack Snyder''s Justice League', 'en', False, '2021-03-18',  'Determined to ensure Superman''s ultimate sacrifice was not in vain, Bruce Wayne aligns forces with Diana Prince with plans to recruit a team of metahumans to protect the world from an approaching threat of catastrophic proportions.', 'https://image.tmdb.org/t/p/original/mKTccI6mwC4TumkzgzXoI8b2Qul.jpg', 'https://image.tmdb.org/t/p/original/tnAuB8q5vv7Ax9UAEje5Xi4BXik.jpg', 'https://www.youtube.com/watch?v=ui37YKQ9AC4', 8.2, 'Released') ON CONFLICT DO NOTHING;
INSERT INTO movies (mediaId, runtime, budget, revenue, directorId, director) VALUES( 121, 242, 70000000, 0, 15217, 'Zack Snyder') ON CONFLICT DO NOTHING;
INSERT INTO genres (mediaId, genre) VALUES(121, 'Action') ON CONFLICT DO NOTHING;
INSERT INTO genres (mediaId, genre) VALUES(121, 'Adventure') ON CONFLICT DO NOTHING;
INSERT INTO genres (mediaId, genre) VALUES(121, 'Fantasy') ON CONFLICT DO NOTHING;
INSERT INTO actors (mediaId, actorId , actorName, characterName, profilePath) VALUES(121, 880, 'Ben Affleck', 'Bruce Wayne / Batman', 'https://image.tmdb.org/t/p/original/u525jeDOzg9hVdvYfeehTGnw7Aa.jpg') ON CONFLICT DO NOTHING;
INSERT INTO actors (mediaId, actorId , actorName, characterName, profilePath) VALUES(121, 73968, 'Henry Cavill', 'Clark Kent / Superman / Kal-El', 'https://image.tmdb.org/t/p/original/iWdKjMry5Pt7vmxU7bmOQsIUyHa.jpg') ON CONFLICT DO NOTHING;
INSERT INTO actors (mediaId, actorId , actorName, characterName, profilePath) VALUES(121, 90633, 'Gal Gadot', 'Diana Prince / Wonder Woman', 'https://image.tmdb.org/t/p/original/AbXKtWQwuDiwhoQLh34VRglwuBE.jpg') ON CONFLICT DO NOTHING;
INSERT INTO actors (mediaId, actorId , actorName, characterName, profilePath) VALUES(121, 117642, 'Jason Momoa', 'Arthur Curry / Aquaman', 'https://image.tmdb.org/t/p/original/6dEFBpZH8C8OijsynkSajQT99Pb.jpg') ON CONFLICT DO NOTHING;
INSERT INTO actors (mediaId, actorId , actorName, characterName, profilePath) VALUES(121, 132157, 'Ezra Miller', 'Barry Allen / The Flash', 'https://image.tmdb.org/t/p/original/s6ulsRYtkaAArXsNC6cvinUiRNc.jpg') ON CONFLICT DO NOTHING;
INSERT INTO actors (mediaId, actorId , actorName, characterName, profilePath) VALUES(121, 1313559, 'Ray Fisher', 'Victor Stone / Cyborg', 'https://image.tmdb.org/t/p/original/310snvA05xDOQZDn2fJSp242GHw.jpg') ON CONFLICT DO NOTHING;
INSERT INTO actors (mediaId, actorId , actorName, characterName, profilePath) VALUES(121, 9273, 'Amy Adams', 'Lois Lane', 'https://image.tmdb.org/t/p/original/y6diBX61fD0C8GXaFa8rryTiIs1.jpg') ON CONFLICT DO NOTHING;
INSERT INTO actors (mediaId, actorId , actorName, characterName, profilePath) VALUES(121, 16940, 'Jeremy Irons', 'Alfred Pennyworth', 'https://image.tmdb.org/t/p/original/w8Ct1q02Ht3sWdOSqfp3B85TzT.jpg') ON CONFLICT DO NOTHING;
INSERT INTO actors (mediaId, actorId , actorName, characterName, profilePath) VALUES(121, 935, 'Connie Nielsen', 'Queen Hippolyta', 'https://image.tmdb.org/t/p/original/lvQypTfeH2Gn2PTbzq6XkT2PLmn.jpg') ON CONFLICT DO NOTHING;
INSERT INTO actors (mediaId, actorId , actorName, characterName, profilePath) VALUES(121, 2882, 'Diane Lane', 'Martha Kent', 'https://image.tmdb.org/t/p/original/81fhEMQlbhQ3mbI5ghq9RUrjkLB.jpg') ON CONFLICT DO NOTHING;
INSERT INTO providers (mediaId, providerId, providerName, logoPath) VALUES( 121, 3, 'Google Play Movies', 'https://image.tmdb.org/t/p/original/tbEdFQDwx5LEVr8WpSeXQSIirVq.jpg') ON CONFLICT DO NOTHING;
INSERT INTO media (mediaId, type, name, originalLanguage, adult, releaseDate, overview, backdropPath, posterPath, trailerLink, tmdbRating, status) VALUES(122, false, 'Ant-Man and the Wasp: Quantumania', 'en', False, '2023-02-15',  'Super-Hero partners Scott Lang and Hope van Dyne, along with with Hope''s parents Janet van Dyne and Hank Pym, and Scott''s daughter Cassie Lang, find themselves exploring the Quantum Realm, interacting with strange new creatures and embarking on an adventure that will push them beyond the limits of what they thought possible.', 'https://image.tmdb.org/t/p/original/m8JTwHFwX7I7JY5fPe4SjqejWag.jpg', 'https://image.tmdb.org/t/p/original/qnqGbB22YJ7dSs4o6M7exTpNxPz.jpg', 'https://www.youtube.com/watch?v=5WfTEZJnv_8', 6.4, 'Released') ON CONFLICT DO NOTHING;
INSERT INTO movies (mediaId, runtime, budget, revenue, directorId, director) VALUES( 122, 125, 200000000, 476071180, 59026, 'Peyton Reed') ON CONFLICT DO NOTHING;
INSERT INTO genres (mediaId, genre) VALUES(122, 'Action') ON CONFLICT DO NOTHING;
INSERT INTO genres (mediaId, genre) VALUES(122, 'Adventure') ON CONFLICT DO NOTHING;
INSERT INTO genres (mediaId, genre) VALUES(122, 'Science Fiction') ON CONFLICT DO NOTHING;
INSERT INTO actors (mediaId, actorId , actorName, characterName, profilePath) VALUES(122, 22226, 'Paul Rudd', 'Scott Lang / Ant-Man', 'https://image.tmdb.org/t/p/original/9iBLPdj6AVnfBI1B2c0vTnGRR24.jpg') ON CONFLICT DO NOTHING;
INSERT INTO actors (mediaId, actorId , actorName, characterName, profilePath) VALUES(122, 19034, 'Evangeline Lilly', 'Hope van Dyne / The Wasp', 'https://image.tmdb.org/t/p/original/4wWBoEWUkdsE8dp46zvDLf9jefC.jpg') ON CONFLICT DO NOTHING;
INSERT INTO actors (mediaId, actorId , actorName, characterName, profilePath) VALUES(122, 1674162, 'Jonathan Majors', 'Kang the Conqueror', 'https://image.tmdb.org/t/p/original/nsxnMbkl9Lpc12AmYwKi9SmsJ7e.jpg') ON CONFLICT DO NOTHING;
INSERT INTO actors (mediaId, actorId , actorName, characterName, profilePath) VALUES(122, 221192, 'Kathryn Newton', 'Cassie Lang', 'https://image.tmdb.org/t/p/original/hEz2R1RTgaNznJ3fa9n3KabIXYl.jpg') ON CONFLICT DO NOTHING;
INSERT INTO actors (mediaId, actorId , actorName, characterName, profilePath) VALUES(122, 1160, 'Michelle Pfeiffer', 'Janet van Dyne', 'https://image.tmdb.org/t/p/original/1sMxCGVcxxWd6Z6TuTuQllEeyDs.jpg') ON CONFLICT DO NOTHING;
INSERT INTO actors (mediaId, actorId , actorName, characterName, profilePath) VALUES(122, 3392, 'Michael Douglas', 'Dr. Hank Pym', 'https://image.tmdb.org/t/p/original/kVYGPIZowzXLEQfAGUNOqKjAbBb.jpg') ON CONFLICT DO NOTHING;
INSERT INTO actors (mediaId, actorId , actorName, characterName, profilePath) VALUES(122, 74541, 'Corey Stoll', 'M.O.D.O.K.', 'https://image.tmdb.org/t/p/original/etqmosIyf1xePKpi3i6rHJCm9GE.jpg') ON CONFLICT DO NOTHING;
INSERT INTO actors (mediaId, actorId , actorName, characterName, profilePath) VALUES(122, 1532, 'Bill Murray', 'Lord Krylar', 'https://image.tmdb.org/t/p/original/nnCsJc9x3ZiG3AFyiyc3FPehppy.jpg') ON CONFLICT DO NOTHING;
INSERT INTO actors (mediaId, actorId , actorName, characterName, profilePath) VALUES(122, 1410478, 'William Jackson Harper', 'Quaz', 'https://image.tmdb.org/t/p/original/5Oy037YttIweiqNGaErkalNmH0G.jpg') ON CONFLICT DO NOTHING;
INSERT INTO actors (mediaId, actorId , actorName, characterName, profilePath) VALUES(122, 83854, 'David Dastmalchian', 'Veb (voice)', 'https://image.tmdb.org/t/p/original/o9oOnTUbsFVYzifDZDdwrsAidy8.jpg') ON CONFLICT DO NOTHING;
INSERT INTO media (mediaId, type, name, originalLanguage, adult, releaseDate, overview, backdropPath, posterPath, trailerLink, tmdbRating, status) VALUES(123, false, 'Extraction 2', 'en', False, '2023-06-09',  'Tasked with extracting a family who is at the mercy of a Georgian gangster, Tyler Rake infiltrates one of the world''s deadliest prisons in order to save them. But when the extraction gets hot, and the gangster dies in the heat of battle, his equally ruthless brother tracks down Rake and his team to Vienna, in order to get revenge.', 'https://image.tmdb.org/t/p/original/wRxLAw4l17LqiFcPLkobriPTZAw.jpg', 'https://image.tmdb.org/t/p/original/7gKI9hpEMcZUQpNgKrkDzJpbnNS.jpg', 'https://www.youtube.com/watch?v=Y274jZs5s7s', 7.5, 'Released') ON CONFLICT DO NOTHING;
INSERT INTO movies (mediaId, runtime, budget, revenue, directorId, director) VALUES( 123, 123, 65000000, 0, 1120883, 'Sam Hargrave') ON CONFLICT DO NOTHING;
INSERT INTO genres (mediaId, genre) VALUES(123, 'Action') ON CONFLICT DO NOTHING;
INSERT INTO genres (mediaId, genre) VALUES(123, 'Thriller') ON CONFLICT DO NOTHING;
INSERT INTO actors (mediaId, actorId , actorName, characterName, profilePath) VALUES(123, 74568, 'Chris Hemsworth', 'Tyler Rake', 'https://image.tmdb.org/t/p/original/xkHHiJXraaMFXgRYspN6KVrFn17.jpg') ON CONFLICT DO NOTHING;
INSERT INTO actors (mediaId, actorId , actorName, characterName, profilePath) VALUES(123, 229932, 'Golshifteh Farahani', 'Nik Khan', 'https://image.tmdb.org/t/p/original/lbsd2lAIQq4egOUXDIfjhte12vv.jpg') ON CONFLICT DO NOTHING;
INSERT INTO actors (mediaId, actorId , actorName, characterName, profilePath) VALUES(123, 1886169, 'Adam Bessa', 'Yaz Khan', 'https://image.tmdb.org/t/p/original/nk0YOk4cdl9w9C1bVEbhj1U287L.jpg') ON CONFLICT DO NOTHING;
INSERT INTO actors (mediaId, actorId , actorName, characterName, profilePath) VALUES(123, 1106890, 'Tornike Gogrichiani', 'Zurab Radiani / Nikoloz Radiani', 'https://image.tmdb.org/t/p/original/rUEoEqVC5EFNgOGyYPWSTdwvwu.jpg') ON CONFLICT DO NOTHING;
INSERT INTO actors (mediaId, actorId , actorName, characterName, profilePath) VALUES(123, 1150149, 'Tornike Bziava', 'David Radiani', 'https://image.tmdb.org/t/p/original/brZSTPCKTfDOCcc7ZsqHbsENpZy.jpg') ON CONFLICT DO NOTHING;
INSERT INTO actors (mediaId, actorId , actorName, characterName, profilePath) VALUES(123, 1122543, 'Tinatin Dalakishvili', 'Ketevan Radiani', 'https://image.tmdb.org/t/p/original/15jcrSOVkK8rLViUMDCT4F1kjOh.jpg') ON CONFLICT DO NOTHING;
INSERT INTO actors (mediaId, actorId , actorName, characterName, profilePath) VALUES(123, 4114633, 'Andro Japaridze', 'Sandro Radiani', 'https://image.tmdb.org/t/p/original/nz8kZo5jS5cUcazNxYeCDTuo6s6.jpg') ON CONFLICT DO NOTHING;
INSERT INTO actors (mediaId, actorId , actorName, characterName, profilePath) VALUES(123, 1849385, 'Justin Howell', 'Gio', 'https://image.tmdb.org/t/p/original/fMo49t3T3AUaUDUAQqJqFbX1DOQ.jpg') ON CONFLICT DO NOTHING;
INSERT INTO actors (mediaId, actorId , actorName, characterName, profilePath) VALUES(123, 17605, 'Idris Elba', 'Alcott', 'https://image.tmdb.org/t/p/original/be1bVF7qGX91a6c5WeRPs5pKXln.jpg') ON CONFLICT DO NOTHING;
INSERT INTO actors (mediaId, actorId , actorName, characterName, profilePath) VALUES(123, 18182, 'Olga Kurylenko', 'Mia', 'https://image.tmdb.org/t/p/original/c0EqPTaW691PvvhGxcMgJ7BBiHl.jpg') ON CONFLICT DO NOTHING;
INSERT INTO media (mediaId, type, name, originalLanguage, adult, releaseDate, overview, backdropPath, posterPath, trailerLink, tmdbRating, status) VALUES(124, false, 'Angela', 'pt', False, '2023-09-07',  'In this biopic about the life and death of Ângela Diniz, Angela meets Raul and believes she has found someone who loves her free spirit as much as she does. The overwhelming attraction makes the couple drop everything and live the dream of rebuilding their lives on the beach. But the relationship declines into abuse and violence, giving rise to one of the most remembered murders in Brazil.', 'https://image.tmdb.org/t/p/original/TO0F2pIiMsb9r27aU3Wj9CT84n.jpg', 'https://image.tmdb.org/t/p/original/ovIX8JQSh58GKhYlhIhJohVqEaj.jpg', 'None', 6.4, 'Released') ON CONFLICT DO NOTHING;
INSERT INTO movies (mediaId, runtime, budget, revenue, directorId, director) VALUES( 124, 104, 0, 0, 1510867, 'Hugo Prata') ON CONFLICT DO NOTHING;
INSERT INTO genres (mediaId, genre) VALUES(124, 'Drama') ON CONFLICT DO NOTHING;
INSERT INTO genres (mediaId, genre) VALUES(124, 'Crime') ON CONFLICT DO NOTHING;
INSERT INTO actors (mediaId, actorId , actorName, characterName, profilePath) VALUES(124, 1175795, 'Isis Valverde', 'Angela', 'https://image.tmdb.org/t/p/original/yhQAFkIqDJUQvEWCce0zga78w0n.jpg') ON CONFLICT DO NOTHING;
INSERT INTO actors (mediaId, actorId , actorName, characterName, profilePath) VALUES(124, 322458, 'Gabriel Braga Nunes', 'Raul', 'https://image.tmdb.org/t/p/original/biltwrakfS7FQ8dUzUFlJmygBXk.jpg') ON CONFLICT DO NOTHING;
INSERT INTO actors (mediaId, actorId , actorName, characterName, profilePath) VALUES(124, 2652283, 'Alice Carvalho', 'Lili', 'https://image.tmdb.org/t/p/original/6oHnDZc97cs7SdHlqqCh4QTbf0I.jpg') ON CONFLICT DO NOTHING;
INSERT INTO actors (mediaId, actorId , actorName, characterName, profilePath) VALUES(124, 115170, 'Emílio Orciollo Netto', 'Moreau', 'https://image.tmdb.org/t/p/original/yCEI29Jo0103ERuqSiqOzk0rf2P.jpg') ON CONFLICT DO NOTHING;
INSERT INTO actors (mediaId, actorId , actorName, characterName, profilePath) VALUES(124, 144807, 'Gustavo Machado', 'Ibrahim', 'https://image.tmdb.org/t/p/original/reCs8TCesIUe7a7V96atMRXJJ0h.jpg') ON CONFLICT DO NOTHING;
INSERT INTO actors (mediaId, actorId , actorName, characterName, profilePath) VALUES(124, 1085282, 'Carolina Mânica', 'Adelita', 'https://image.tmdb.org/t/p/original/6IUIoplXpk1yj87jQd9OLAvVQQ.jpg') ON CONFLICT DO NOTHING;
INSERT INTO actors (mediaId, actorId , actorName, characterName, profilePath) VALUES(124, 1245031, 'Bianca Bin', 'Tóia', 'https://image.tmdb.org/t/p/original/vzGF7iuevixDOTda1jnISHhTRid.jpg') ON CONFLICT DO NOTHING;
INSERT INTO actors (mediaId, actorId , actorName, characterName, profilePath) VALUES(124, 143497, 'Chris Couto', 'Maria Diniz', 'https://image.tmdb.org/t/p/original/qdVii58UOlAo4tfB8utKFmnuoPM.jpg') ON CONFLICT DO NOTHING;
INSERT INTO actors (mediaId, actorId , actorName, characterName, profilePath) VALUES(124, 4308784, 'Hélio Toste', 'Dançarino Festa', 'https://image.tmdb.org/t/p/original/2sCcJE8C4JkCChSbKOBoZ9yqRvE.jpg') ON CONFLICT DO NOTHING;
INSERT INTO actors (mediaId, actorId , actorName, characterName, profilePath) VALUES(124, 1319190, 'Felipe Barros', 'Cinegrafista', 'None') ON CONFLICT DO NOTHING;
INSERT INTO media (mediaId, type, name, originalLanguage, adult, releaseDate, overview, backdropPath, posterPath, trailerLink, tmdbRating, status) VALUES(125, false, 'Encanto', 'en', False, '2021-10-13',  'The tale of an extraordinary family, the Madrigals, who live hidden in the mountains of Colombia, in a magical house, in a vibrant town, in a wondrous, charmed place called an Encanto. The magic of the Encanto has blessed every child in the family—every child except one, Mirabel. But when she discovers that the magic surrounding the Encanto is in danger, Mirabel decides that she, the only ordinary Madrigal, might just be her exceptional family''s last hope.', 'https://image.tmdb.org/t/p/original/3G1Q5xF40HkUBJXxt2DQgQzKTp5.jpg', 'https://image.tmdb.org/t/p/original/4j0PNHkMr5ax3IA8tjtxcmPU3QT.jpg', 'https://www.youtube.com/watch?v=CaimKeDcudo', 7.6, 'Released') ON CONFLICT DO NOTHING;
INSERT INTO movies (mediaId, runtime, budget, revenue, directorId, director) VALUES( 125, 102, 50000000, 253000000, 76595, 'Byron Howard') ON CONFLICT DO NOTHING;
INSERT INTO genres (mediaId, genre) VALUES(125, 'Animation') ON CONFLICT DO NOTHING;
INSERT INTO genres (mediaId, genre) VALUES(125, 'Comedy') ON CONFLICT DO NOTHING;
INSERT INTO genres (mediaId, genre) VALUES(125, 'Family') ON CONFLICT DO NOTHING;
INSERT INTO genres (mediaId, genre) VALUES(125, 'Fantasy') ON CONFLICT DO NOTHING;
INSERT INTO actors (mediaId, actorId , actorName, characterName, profilePath) VALUES(125, 968367, 'Stephanie Beatriz', 'Mirabel Madrigal (voice)', 'https://image.tmdb.org/t/p/original/pGo7zMGsMXOMSMZc68Xi3LvzeP0.jpg') ON CONFLICT DO NOTHING;
INSERT INTO actors (mediaId, actorId , actorName, characterName, profilePath) VALUES(125, 2521631, 'María Cecilia Botero', 'Abuela Alma Madrigal (voice)', 'https://image.tmdb.org/t/p/original/nH6eBBgv1PI9J6Ftkn01ny1TMt1.jpg') ON CONFLICT DO NOTHING;
INSERT INTO actors (mediaId, actorId , actorName, characterName, profilePath) VALUES(125, 5723, 'John Leguizamo', 'Bruno Madrigal (voice)', 'https://image.tmdb.org/t/p/original/kwYCdxTlDh9zauUCg4mp2XTCQTw.jpg') ON CONFLICT DO NOTHING;
INSERT INTO actors (mediaId, actorId , actorName, characterName, profilePath) VALUES(125, 1010157, 'Diane Guerrero', 'Isabela Madrigal (voice)', 'https://image.tmdb.org/t/p/original/suyRRuMIjBdAzTxdFM7U9zHMPTv.jpg') ON CONFLICT DO NOTHING;
INSERT INTO actors (mediaId, actorId , actorName, characterName, profilePath) VALUES(125, 2489411, 'Jessica Darrow', 'Luisa Madrigal (voice)', 'https://image.tmdb.org/t/p/original/rJojc1ZUasEnUxSk7lL42RxyQbP.jpg') ON CONFLICT DO NOTHING;
INSERT INTO actors (mediaId, actorId , actorName, characterName, profilePath) VALUES(125, 1489764, 'Carolina Gaitán', 'Pepa Madrigal (voice)', 'https://image.tmdb.org/t/p/original/c7UPkmhIXYWmlqaQK250L8GTsPQ.jpg') ON CONFLICT DO NOTHING;
INSERT INTO actors (mediaId, actorId , actorName, characterName, profilePath) VALUES(125, 120557, 'Angie Cepeda', 'Julieta Madrigal  (voice)', 'https://image.tmdb.org/t/p/original/57OE4acJypRTey5OQlQjkpv14pQ.jpg') ON CONFLICT DO NOTHING;
INSERT INTO actors (mediaId, actorId , actorName, characterName, profilePath) VALUES(125, 1969888, 'Ravi Cabot-Conyers', 'Antonio Madrigal (voice)', 'https://image.tmdb.org/t/p/original/uM5F2LcmFLJeMrguucByChufpbT.jpg') ON CONFLICT DO NOTHING;
INSERT INTO actors (mediaId, actorId , actorName, characterName, profilePath) VALUES(125, 3150235, 'Mauro Castillo', 'Félix Madrigal (voice)', 'https://image.tmdb.org/t/p/original/qGNGBRyy9LumdFw32M7elnHP4IJ.jpg') ON CONFLICT DO NOTHING;
INSERT INTO actors (mediaId, actorId , actorName, characterName, profilePath) VALUES(125, 1761634, 'Rhenzy Feliz', 'Camilo Madrigal (voice)', 'https://image.tmdb.org/t/p/original/9YPe3GgyWjG4D0GnTx9KzfvnO0L.jpg') ON CONFLICT DO NOTHING;
INSERT INTO media (mediaId, type, name, originalLanguage, adult, releaseDate, overview, backdropPath, posterPath, trailerLink, tmdbRating, status) VALUES(126, false, 'The Nun', 'en', False, '2018-09-05',  'A priest with a haunted past and a novice on the threshold of her final vows are sent by the Vatican to investigate the death of a young nun in Romania and confront a malevolent force in the form of a demonic nun.', 'https://image.tmdb.org/t/p/original/fgsHxz21B27hOOqQBiw9L6yWcM7.jpg', 'https://image.tmdb.org/t/p/original/sFC1ElvoKGdHJIWRpNB3xWJ9lJA.jpg', 'https://www.youtube.com/watch?v=UvMVjwwZOF4', 5.9, 'Released') ON CONFLICT DO NOTHING;
INSERT INTO movies (mediaId, runtime, budget, revenue, directorId, director) VALUES( 126, 96, 22000000, 365582797, 1401474, 'Corin Hardy') ON CONFLICT DO NOTHING;
INSERT INTO genres (mediaId, genre) VALUES(126, 'Horror') ON CONFLICT DO NOTHING;
INSERT INTO genres (mediaId, genre) VALUES(126, 'Mystery') ON CONFLICT DO NOTHING;
INSERT INTO genres (mediaId, genre) VALUES(126, 'Thriller') ON CONFLICT DO NOTHING;
INSERT INTO actors (mediaId, actorId , actorName, characterName, profilePath) VALUES(126, 527313, 'Taissa Farmiga', 'Sister Irene', 'https://image.tmdb.org/t/p/original/kC2Movbs6uEF8DdDhvyHizQHuru.jpg') ON CONFLICT DO NOTHING;
INSERT INTO actors (mediaId, actorId , actorName, characterName, profilePath) VALUES(126, 76961, 'Demián Bichir', 'Father Burke', 'https://image.tmdb.org/t/p/original/sw8TqPQLbMMgLbkNNUIW649THWJ.jpg') ON CONFLICT DO NOTHING;
INSERT INTO actors (mediaId, actorId , actorName, characterName, profilePath) VALUES(126, 87287, 'Bonnie Aarons', 'The Nun / Valak', 'https://image.tmdb.org/t/p/original/iEtWuoXKx4ZKbIWwJp1V76Heavy.jpg') ON CONFLICT DO NOTHING;
INSERT INTO actors (mediaId, actorId , actorName, characterName, profilePath) VALUES(126, 566080, 'Jonas Bloquet', 'Maurice Theriault', 'https://image.tmdb.org/t/p/original/ivbElHgLKv8PaVc2A9zIZSMSPcv.jpg') ON CONFLICT DO NOTHING;
INSERT INTO actors (mediaId, actorId , actorName, characterName, profilePath) VALUES(126, 117656, 'Ingrid Bisu', 'Sister Oana', 'https://image.tmdb.org/t/p/original/2thd0dnfnI2TK7s9RZHkkq82O4t.jpg') ON CONFLICT DO NOTHING;
INSERT INTO actors (mediaId, actorId , actorName, characterName, profilePath) VALUES(126, 17178, 'Patrick Wilson', 'Ed Warren', 'https://image.tmdb.org/t/p/original/tc1ezEfIY8BhCy85svOUDtpBFPt.jpg') ON CONFLICT DO NOTHING;
INSERT INTO actors (mediaId, actorId , actorName, characterName, profilePath) VALUES(126, 21657, 'Vera Farmiga', 'Lorraine Warren', 'https://image.tmdb.org/t/p/original/5Vs7huBmTKftwlsc2BPAntyaQYj.jpg') ON CONFLICT DO NOTHING;
INSERT INTO actors (mediaId, actorId , actorName, characterName, profilePath) VALUES(126, 3127, 'Lili Taylor', 'Carolyn Perron', 'https://image.tmdb.org/t/p/original/if8rbaj1TXlzg0Oq4g0bpU3b5rh.jpg') ON CONFLICT DO NOTHING;
INSERT INTO actors (mediaId, actorId , actorName, characterName, profilePath) VALUES(126, 1052255, 'Charlotte Hope', 'Sister Victoria', 'https://image.tmdb.org/t/p/original/tFyn1QyNPqrhDmTkRKiWMidlCkD.jpg') ON CONFLICT DO NOTHING;
INSERT INTO actors (mediaId, actorId , actorName, characterName, profilePath) VALUES(126, 1393981, 'Sandra Teles', 'Sister Ruth', 'https://image.tmdb.org/t/p/original/hW911uY5D0HYxe8utGvwsISEovm.jpg') ON CONFLICT DO NOTHING;
INSERT INTO providers (mediaId, providerId, providerName, logoPath) VALUES( 126, 2, 'Apple TV', 'https://image.tmdb.org/t/p/original/peURlLlr8jggOwK53fJ5wdQl05y.jpg') ON CONFLICT DO NOTHING;
INSERT INTO providers (mediaId, providerId, providerName, logoPath) VALUES( 126, 3, 'Google Play Movies', 'https://image.tmdb.org/t/p/original/tbEdFQDwx5LEVr8WpSeXQSIirVq.jpg') ON CONFLICT DO NOTHING;
INSERT INTO providers (mediaId, providerId, providerName, logoPath) VALUES( 126, 167, 'Claro video', 'https://image.tmdb.org/t/p/original/lJT7r1nprk1Z8t1ywiIa8h9d3rc.jpg') ON CONFLICT DO NOTHING;
INSERT INTO media (mediaId, type, name, originalLanguage, adult, releaseDate, overview, backdropPath, posterPath, trailerLink, tmdbRating, status) VALUES(127, false, 'The Tomorrow War', 'en', False, '2021-09-03',  'The world is stunned when a group of time travelers arrive from the year 2051 to deliver an urgent message: Thirty years in the future, mankind is losing a global war against a deadly alien species. The only hope for survival is for soldiers and civilians from the present to be transported to the future and join the fight. Among those recruited is high school teacher and family man Dan Forester. Determined to save the world for his young daughter, Dan teams up with a brilliant scientist and his estranged father in a desperate quest to rewrite the fate of the planet.', 'https://image.tmdb.org/t/p/original/yizL4cEKsVvl17Wc1mGEIrQtM2F.jpg', 'https://image.tmdb.org/t/p/original/34nDCQZwaEvsy4CFO5hkGRFDCVU.jpg', 'https://www.youtube.com/watch?v=RQjEbkV-9ZM', 7.6, 'Released') ON CONFLICT DO NOTHING;
INSERT INTO movies (mediaId, runtime, budget, revenue, directorId, director) VALUES( 127, 138, 200000000, 14400000, 144816, 'Chris McKay') ON CONFLICT DO NOTHING;
INSERT INTO genres (mediaId, genre) VALUES(127, 'Action') ON CONFLICT DO NOTHING;
INSERT INTO genres (mediaId, genre) VALUES(127, 'Science Fiction') ON CONFLICT DO NOTHING;
INSERT INTO genres (mediaId, genre) VALUES(127, 'Adventure') ON CONFLICT DO NOTHING;
INSERT INTO actors (mediaId, actorId , actorName, characterName, profilePath) VALUES(127, 73457, 'Chris Pratt', 'Dan Forester', 'https://image.tmdb.org/t/p/original/83o3koL82jt30EJ0rz4Bnzrt2dd.jpg') ON CONFLICT DO NOTHING;
INSERT INTO actors (mediaId, actorId , actorName, characterName, profilePath) VALUES(127, 63312, 'Yvonne Strahovski', 'Colonel Muri Forester', 'https://image.tmdb.org/t/p/original/2IQEjn5T8urx6ikXM87QGs5MrWg.jpg') ON CONFLICT DO NOTHING;
INSERT INTO actors (mediaId, actorId , actorName, characterName, profilePath) VALUES(127, 18999, 'J.K. Simmons', 'James Forester', 'https://image.tmdb.org/t/p/original/ScmKoJ9eiSUOthAt1PDNLi8Fkw.jpg') ON CONFLICT DO NOTHING;
INSERT INTO actors (mediaId, actorId , actorName, characterName, profilePath) VALUES(127, 92572, 'Betty Gilpin', 'Emmy Forester', 'https://image.tmdb.org/t/p/original/hBOviIHCVqbWyyPUoIxZohDl5SL.jpg') ON CONFLICT DO NOTHING;
INSERT INTO actors (mediaId, actorId , actorName, characterName, profilePath) VALUES(127, 1429453, 'Sam Richardson', 'Charlie', 'https://image.tmdb.org/t/p/original/9GonbfsghKD33PZlvAttAhCS8S8.jpg') ON CONFLICT DO NOTHING;
INSERT INTO actors (mediaId, actorId , actorName, characterName, profilePath) VALUES(127, 56679, 'Edwin Hodge', 'Dorian', 'https://image.tmdb.org/t/p/original/wbwevwzat2iy42QilcRRXshAkLv.jpg') ON CONFLICT DO NOTHING;
INSERT INTO actors (mediaId, actorId , actorName, characterName, profilePath) VALUES(127, 1922248, 'Jasmine Mathews', 'Lt. Hart', 'https://image.tmdb.org/t/p/original/zxm5F8jUkzbJBOTTzgj2kiuwK8Y.jpg') ON CONFLICT DO NOTHING;
INSERT INTO actors (mediaId, actorId , actorName, characterName, profilePath) VALUES(127, 2072566, 'Ryan Kiera Armstrong', 'Young Muri Forester', 'https://image.tmdb.org/t/p/original/z162srvk0yf8zD1jfEnnnxpRcvm.jpg') ON CONFLICT DO NOTHING;
INSERT INTO actors (mediaId, actorId , actorName, characterName, profilePath) VALUES(127, 1442955, 'Keith Powers', 'Major Greenwood', 'https://image.tmdb.org/t/p/original/weKSlGfDRU3RR883Tv6L22Gg4SE.jpg') ON CONFLICT DO NOTHING;
INSERT INTO actors (mediaId, actorId , actorName, characterName, profilePath) VALUES(127, 25884, 'Mary Lynn Rajskub', 'Norah', 'https://image.tmdb.org/t/p/original/rJxAkgYX3RfY9x2aYo2InbEp1HL.jpg') ON CONFLICT DO NOTHING;
INSERT INTO media (mediaId, type, name, originalLanguage, adult, releaseDate, overview, backdropPath, posterPath, trailerLink, tmdbRating, status) VALUES(128, false, 'The Exorcist', 'en', False, '1973-12-26',  '12-year-old Regan MacNeil begins to adapt an explicit new personality as strange events befall the local area of Georgetown. Her mother becomes torn between science and superstition in a desperate bid to save her daughter, and ultimately turns to her last hope: Father Damien Karras, a troubled priest who is struggling with his own faith.', 'https://image.tmdb.org/t/p/original/xcjJ5khg2yzOa282mza39Lbrm7j.jpg', 'https://image.tmdb.org/t/p/original/4ucLGcXVVSVnsfkGtbLY4XAius8.jpg', 'https://www.youtube.com/watch?v=BU2eYAO31Cc', 7.7, 'Released') ON CONFLICT DO NOTHING;
INSERT INTO movies (mediaId, runtime, budget, revenue, directorId, director) VALUES( 128, 122, 12000000, 441405644, 15175, 'William Friedkin') ON CONFLICT DO NOTHING;
INSERT INTO genres (mediaId, genre) VALUES(128, 'Horror') ON CONFLICT DO NOTHING;
INSERT INTO actors (mediaId, actorId , actorName, characterName, profilePath) VALUES(128, 9560, 'Ellen Burstyn', 'Chris MacNeil', 'https://image.tmdb.org/t/p/original/rDClU5Mvj6SrDxAdZMGPDgGUBiw.jpg') ON CONFLICT DO NOTHING;
INSERT INTO actors (mediaId, actorId , actorName, characterName, profilePath) VALUES(128, 37366, 'Linda Blair', 'Regan MacNeil', 'https://image.tmdb.org/t/p/original/3jswDdLDsmSAO4ZtVPwyKAp6D5d.jpg') ON CONFLICT DO NOTHING;
INSERT INTO actors (mediaId, actorId , actorName, characterName, profilePath) VALUES(128, 21736, 'Jason Miller', 'Father Damien Karras', 'https://image.tmdb.org/t/p/original/4dwatFQJnBvS51SjsqnG4ZC4ItZ.jpg') ON CONFLICT DO NOTHING;
INSERT INTO actors (mediaId, actorId , actorName, characterName, profilePath) VALUES(128, 2201, 'Max von Sydow', 'Father Lankester Merrin', 'https://image.tmdb.org/t/p/original/fOzSDFqMx84NR7PSv36P7j0Qf1q.jpg') ON CONFLICT DO NOTHING;
INSERT INTO actors (mediaId, actorId , actorName, characterName, profilePath) VALUES(128, 5248, 'Lee J. Cobb', 'Lt. Bill Kinderman', 'https://image.tmdb.org/t/p/original/aSQj0q6l734wxzutUGuYCGtJmZv.jpg') ON CONFLICT DO NOTHING;
INSERT INTO actors (mediaId, actorId , actorName, characterName, profilePath) VALUES(128, 57921, 'Kitty Winn', 'Sharon Spencer', 'https://image.tmdb.org/t/p/original/9qO3EfnwYkiuol2z8jzetCIR92f.jpg') ON CONFLICT DO NOTHING;
INSERT INTO actors (mediaId, actorId , actorName, characterName, profilePath) VALUES(128, 14016, 'Jack MacGowran', 'Burke Dennings', 'https://image.tmdb.org/t/p/original/rpQ8woHjo3ZzsJNT3RJSfJGDNIQ.jpg') ON CONFLICT DO NOTHING;
INSERT INTO actors (mediaId, actorId , actorName, characterName, profilePath) VALUES(128, 65433, 'William O''Malley', 'Father Joseph Kevin Dyer', 'https://image.tmdb.org/t/p/original/AlDM1ZmkY7KfcnRFSQ8hLStlruD.jpg') ON CONFLICT DO NOTHING;
INSERT INTO actors (mediaId, actorId , actorName, characterName, profilePath) VALUES(128, 79732, 'Barton Heyman', 'Dr. Klein', 'https://image.tmdb.org/t/p/original/6oyn9WMxi8GjzHAFm3weJBUejkI.jpg') ON CONFLICT DO NOTHING;
INSERT INTO actors (mediaId, actorId , actorName, characterName, profilePath) VALUES(128, 71732, 'Peter Masterson', 'Dr. Barringer', 'https://image.tmdb.org/t/p/original/A5vHAGwbGJqHp5B9GBQsT6uNqKC.jpg') ON CONFLICT DO NOTHING;
INSERT INTO providers (mediaId, providerId, providerName, logoPath) VALUES( 128, 2, 'Apple TV', 'https://image.tmdb.org/t/p/original/peURlLlr8jggOwK53fJ5wdQl05y.jpg') ON CONFLICT DO NOTHING;
INSERT INTO providers (mediaId, providerId, providerName, logoPath) VALUES( 128, 3, 'Google Play Movies', 'https://image.tmdb.org/t/p/original/tbEdFQDwx5LEVr8WpSeXQSIirVq.jpg') ON CONFLICT DO NOTHING;
INSERT INTO media (mediaId, type, name, originalLanguage, adult, releaseDate, overview, backdropPath, posterPath, trailerLink, tmdbRating, status) VALUES(129, false, 'Creed III', 'en', False, '2023-03-01',  'After dominating the boxing world, Adonis Creed has thrived in his career and family life. When a childhood friend and former boxing prodigy, Damian Anderson, resurfaces after serving a long sentence in prison, he is eager to prove that he deserves his shot in the ring. The face-off between former friends is more than just a fight. To settle the score, Adonis must put his future on the line to battle Damian — a fighter with nothing to lose.', 'https://image.tmdb.org/t/p/original/5i6SjyDbDWqyun8klUuCxrlFbyw.jpg', 'https://image.tmdb.org/t/p/original/cvsXj3I9Q2iyyIo95AecSd1tad7.jpg', 'https://www.youtube.com/watch?v=xTaIZo8OJYE', 7.2, 'Released') ON CONFLICT DO NOTHING;
INSERT INTO movies (mediaId, runtime, budget, revenue, directorId, director) VALUES( 129, 116, 75000000, 275248615, 135651, 'Michael B. Jordan') ON CONFLICT DO NOTHING;
INSERT INTO genres (mediaId, genre) VALUES(129, 'Drama') ON CONFLICT DO NOTHING;
INSERT INTO genres (mediaId, genre) VALUES(129, 'Action') ON CONFLICT DO NOTHING;
INSERT INTO actors (mediaId, actorId , actorName, characterName, profilePath) VALUES(129, 135651, 'Michael B. Jordan', 'Adonis Creed', 'https://image.tmdb.org/t/p/original/kfcn0yyEdN2aJfVaxW0NIoKVF4J.jpg') ON CONFLICT DO NOTHING;
INSERT INTO actors (mediaId, actorId , actorName, characterName, profilePath) VALUES(129, 62561, 'Tessa Thompson', 'Bianca Taylor', 'https://image.tmdb.org/t/p/original/fycqdiiM6dsNSbnONBVVQ57ILV1.jpg') ON CONFLICT DO NOTHING;
INSERT INTO actors (mediaId, actorId , actorName, characterName, profilePath) VALUES(129, 1674162, 'Jonathan Majors', 'Damian ''Dame'' Anderson', 'https://image.tmdb.org/t/p/original/nsxnMbkl9Lpc12AmYwKi9SmsJ7e.jpg') ON CONFLICT DO NOTHING;
INSERT INTO actors (mediaId, actorId , actorName, characterName, profilePath) VALUES(129, 119598, 'Phylicia Rashād', 'Mary-Anne Creed', 'https://image.tmdb.org/t/p/original/nJrxvrzxRCh0if5pJVrCcugrEMG.jpg') ON CONFLICT DO NOTHING;
INSERT INTO actors (mediaId, actorId , actorName, characterName, profilePath) VALUES(129, 3759632, 'Mila Davis-Kent', 'Amara Creed', 'https://image.tmdb.org/t/p/original/xX5CVESQOhKbdr1agnWVza6gvTW.jpg') ON CONFLICT DO NOTHING;
INSERT INTO actors (mediaId, actorId , actorName, characterName, profilePath) VALUES(129, 65829, 'Wood Harris', 'Tony ''Little Duke'' Evers', 'https://image.tmdb.org/t/p/original/v3puIl2KncqUd6amDyD1Y0crzkF.jpg') ON CONFLICT DO NOTHING;
INSERT INTO actors (mediaId, actorId , actorName, characterName, profilePath) VALUES(129, 3636888, 'José Benavidez Jr.', 'Felix Chavez', 'https://image.tmdb.org/t/p/original/4HdjWcYBwYgqibJbm8XWAf82v0d.jpg') ON CONFLICT DO NOTHING;
INSERT INTO actors (mediaId, actorId , actorName, characterName, profilePath) VALUES(129, 1998541, 'Florian Munteanu', 'Viktor Drago', 'https://image.tmdb.org/t/p/original/lE26A169mjuwW5x0zx2wW9Q9o2w.jpg') ON CONFLICT DO NOTHING;
INSERT INTO actors (mediaId, actorId , actorName, characterName, profilePath) VALUES(129, 162503, 'Selenis Leyva', 'Laura Chavez', 'https://image.tmdb.org/t/p/original/nTiw98CjQt1wKToT1K1jGBcui95.jpg') ON CONFLICT DO NOTHING;
INSERT INTO actors (mediaId, actorId , actorName, characterName, profilePath) VALUES(129, 2864869, 'Thaddeus J. Mixson', 'Adonis Creed (15)', 'https://image.tmdb.org/t/p/original/972j74CYSlPhSdJz3Ry73WtVMI3.jpg') ON CONFLICT DO NOTHING;
INSERT INTO providers (mediaId, providerId, providerName, logoPath) VALUES( 129, 2, 'Apple TV', 'https://image.tmdb.org/t/p/original/peURlLlr8jggOwK53fJ5wdQl05y.jpg') ON CONFLICT DO NOTHING;
INSERT INTO providers (mediaId, providerId, providerName, logoPath) VALUES( 129, 3, 'Google Play Movies', 'https://image.tmdb.org/t/p/original/tbEdFQDwx5LEVr8WpSeXQSIirVq.jpg') ON CONFLICT DO NOTHING;
INSERT INTO media (mediaId, type, name, originalLanguage, adult, releaseDate, overview, backdropPath, posterPath, trailerLink, tmdbRating, status) VALUES(130, false, 'The Seven Deadly Sins: Grudge of Edinburgh Part 2', 'ja', False, '2023-08-08',  'Reunited with Lancelot for the first time since their tragic accident, Tristan must learn to conquer his inner demons in order to save his mother''s life.', 'https://image.tmdb.org/t/p/original/5OFUCydVG9cSS5hMk4A6XNt1oH4.jpg', 'https://image.tmdb.org/t/p/original/516MFML05KWiPfiQNAsVCGMySc7.jpg', 'https://www.youtube.com/watch?v=mKaW3Rgat7I', 7.1, 'Released') ON CONFLICT DO NOTHING;
INSERT INTO movies (mediaId, runtime, budget, revenue, directorId, director) VALUES( 130, 55, 0, 0, 1251006, 'Bob Shirohata') ON CONFLICT DO NOTHING;
INSERT INTO genres (mediaId, genre) VALUES(130, 'Action') ON CONFLICT DO NOTHING;
INSERT INTO genres (mediaId, genre) VALUES(130, 'Adventure') ON CONFLICT DO NOTHING;
INSERT INTO genres (mediaId, genre) VALUES(130, 'Fantasy') ON CONFLICT DO NOTHING;
INSERT INTO genres (mediaId, genre) VALUES(130, 'Animation') ON CONFLICT DO NOTHING;
INSERT INTO actors (mediaId, actorId , actorName, characterName, profilePath) VALUES(130, 1325230, 'Ayumu Murase', 'Tristan (voice)', 'https://image.tmdb.org/t/p/original/3aGM6KpcCIEKOXP9510tzaKc8uw.jpg') ON CONFLICT DO NOTHING;
INSERT INTO actors (mediaId, actorId , actorName, characterName, profilePath) VALUES(130, 1254052, 'Koki Uchiyama', 'Lancelot (voice)', 'https://image.tmdb.org/t/p/original/sllSm3iZZWVLTBrDZQRtWrZUfEj.jpg') ON CONFLICT DO NOTHING;
INSERT INTO actors (mediaId, actorId , actorName, characterName, profilePath) VALUES(130, 149894, 'Yuki Kaji', 'Meliodas (voice)', 'https://image.tmdb.org/t/p/original/8wKdPV11IwowfwoqGqMMNt9hmp6.jpg') ON CONFLICT DO NOTHING;
INSERT INTO actors (mediaId, actorId , actorName, characterName, profilePath) VALUES(130, 1325034, 'Sora Amamiya', 'Elizabeth (voice)', 'https://image.tmdb.org/t/p/original/4ZZcdFH4QgbIC8AeJ3BLG1ue7G5.jpg') ON CONFLICT DO NOTHING;
INSERT INTO actors (mediaId, actorId , actorName, characterName, profilePath) VALUES(130, 1154452, 'Tatsuhisa Suzuki', 'Ban (voice)', 'https://image.tmdb.org/t/p/original/foytL2OreKzQcTNftz2qMgClKKg.jpg') ON CONFLICT DO NOTHING;
INSERT INTO actors (mediaId, actorId , actorName, characterName, profilePath) VALUES(130, 936275, 'Aoi Yuki', 'Diane (voice)', 'https://image.tmdb.org/t/p/original/4kHNZSUIux52UU2BD3H6b5c5ymZ.jpg') ON CONFLICT DO NOTHING;
INSERT INTO actors (mediaId, actorId , actorName, characterName, profilePath) VALUES(130, 131563, 'Jun Fukuyama', 'King (voice)', 'https://image.tmdb.org/t/p/original/eT9eloyIaIkTvTqMmpcsAleP2hM.jpg') ON CONFLICT DO NOTHING;
INSERT INTO actors (mediaId, actorId , actorName, characterName, profilePath) VALUES(130, 2271837, 'Yuuhei Takagi', 'Gowther (voice)', 'https://image.tmdb.org/t/p/original/aEgUGDNQ3necQ6saaV8W5RqdFJQ.jpg') ON CONFLICT DO NOTHING;
INSERT INTO actors (mediaId, actorId , actorName, characterName, profilePath) VALUES(130, 1252998, 'Yuuya Uchida', 'Hendrickson (voice)', 'https://image.tmdb.org/t/p/original/1ywjhlfDAQkmrXY76eQbXcX5tde.jpg') ON CONFLICT DO NOTHING;
INSERT INTO actors (mediaId, actorId , actorName, characterName, profilePath) VALUES(130, 1260555, 'Sachi Kokuryu', 'Arthur Pendragon (voice)', 'https://image.tmdb.org/t/p/original/9rkWIdGYP6pbrzZaKkT3LQMXi77.jpg') ON CONFLICT DO NOTHING;
INSERT INTO media (mediaId, type, name, originalLanguage, adult, releaseDate, overview, backdropPath, posterPath, trailerLink, tmdbRating, status) VALUES(131, false, 'Black Panther: Wakanda Forever', 'en', False, '2022-11-09',  'Queen Ramonda, Shuri, M’Baku, Okoye and the Dora Milaje fight to protect their nation from intervening world powers in the wake of King T’Challa’s death.  As the Wakandans strive to embrace their next chapter, the heroes must band together with the help of War Dog Nakia and Everett Ross and forge a new path for the kingdom of Wakanda.', 'https://image.tmdb.org/t/p/original/xDMIl84Qo5Tsu62c9DGWhmPI67A.jpg', 'https://image.tmdb.org/t/p/original/sv1xJUazXeYqALzczSZ3O6nkH75.jpg', 'https://www.youtube.com/watch?v=_Z3QKkl1WyM', 7.2, 'Released') ON CONFLICT DO NOTHING;
INSERT INTO movies (mediaId, runtime, budget, revenue, directorId, director) VALUES( 131, 162, 250000000, 859102154, 1056121, 'Ryan Coogler') ON CONFLICT DO NOTHING;
INSERT INTO genres (mediaId, genre) VALUES(131, 'Action') ON CONFLICT DO NOTHING;
INSERT INTO genres (mediaId, genre) VALUES(131, 'Adventure') ON CONFLICT DO NOTHING;
INSERT INTO genres (mediaId, genre) VALUES(131, 'Science Fiction') ON CONFLICT DO NOTHING;
INSERT INTO actors (mediaId, actorId , actorName, characterName, profilePath) VALUES(131, 1083010, 'Letitia Wright', 'Shuri / Black Panther', 'https://image.tmdb.org/t/p/original/p8acjtsBrj2VPAgAIUhxHYrMa7U.jpg') ON CONFLICT DO NOTHING;
INSERT INTO actors (mediaId, actorId , actorName, characterName, profilePath) VALUES(131, 1267329, 'Lupita Nyong''o', 'Nakia', 'https://image.tmdb.org/t/p/original/mJMpsADPpt0bmXEzs3ywrUiCkpD.jpg') ON CONFLICT DO NOTHING;
INSERT INTO actors (mediaId, actorId , actorName, characterName, profilePath) VALUES(131, 82104, 'Danai Gurira', 'Okoye', 'https://image.tmdb.org/t/p/original/lm5t0Ql1BOoX4YwcnpjsjfPXAi9.jpg') ON CONFLICT DO NOTHING;
INSERT INTO actors (mediaId, actorId , actorName, characterName, profilePath) VALUES(131, 1447932, 'Winston Duke', 'M''Baku', 'https://image.tmdb.org/t/p/original/pqwok07EgGGTCa80kmGQmb8ut8M.jpg') ON CONFLICT DO NOTHING;
INSERT INTO actors (mediaId, actorId , actorName, characterName, profilePath) VALUES(131, 2133996, 'Dominique Thorne', 'Riri Williams / Ironheart', 'https://image.tmdb.org/t/p/original/tuLlp79SfYc4mLzzjdC2ekLI7qd.jpg') ON CONFLICT DO NOTHING;
INSERT INTO actors (mediaId, actorId , actorName, characterName, profilePath) VALUES(131, 87265, 'Tenoch Huerta Mejía', 'Namor', 'https://image.tmdb.org/t/p/original/x0Wy85CZu887ZQMWrjj4vVulczM.jpg') ON CONFLICT DO NOTHING;
INSERT INTO actors (mediaId, actorId , actorName, characterName, profilePath) VALUES(131, 9780, 'Angela Bassett', 'Ramonda', 'https://image.tmdb.org/t/p/original/oe6mXi0K68LWsGwGy6gwfnOu74z.jpg') ON CONFLICT DO NOTHING;
INSERT INTO actors (mediaId, actorId , actorName, characterName, profilePath) VALUES(131, 139900, 'Florence Kasumba', 'Ayo', 'https://image.tmdb.org/t/p/original/vivJLQhtwca5hupqoRRgL8BRs6o.jpg') ON CONFLICT DO NOTHING;
INSERT INTO actors (mediaId, actorId , actorName, characterName, profilePath) VALUES(131, 1368012, 'Michaela Coel', 'Aneka', 'https://image.tmdb.org/t/p/original/rbN1F0R8DMUh6IYwl0owyD8LukN.jpg') ON CONFLICT DO NOTHING;
INSERT INTO actors (mediaId, actorId , actorName, characterName, profilePath) VALUES(131, 2213811, 'Mabel Cadena', 'Namora', 'https://image.tmdb.org/t/p/original/z0kAf1LBESLPj4zUaXSngKH7cwg.jpg') ON CONFLICT DO NOTHING;
INSERT INTO media (mediaId, type, name, originalLanguage, adult, releaseDate, overview, backdropPath, posterPath, trailerLink, tmdbRating, status) VALUES(132, false, 'Evil Dead Rise', 'en', False, '2023-04-12',  'A reunion between two estranged sisters gets cut short by the rise of flesh-possessing demons, thrusting them into a primal battle for survival as they face the most nightmarish version of family imaginable.', 'https://image.tmdb.org/t/p/original/7bWxAsNPv9CXHOhZbJVlj2KxgfP.jpg', 'https://image.tmdb.org/t/p/original/5ik4ATKmNtmJU6AYD0bLm56BCVM.jpg', 'https://www.youtube.com/watch?v=PelnoDkHrR8', 7, 'Released') ON CONFLICT DO NOTHING;
INSERT INTO movies (mediaId, runtime, budget, revenue, directorId, director) VALUES( 132, 96, 15000000, 146733054, 1398631, 'Lee Cronin') ON CONFLICT DO NOTHING;
INSERT INTO genres (mediaId, genre) VALUES(132, 'Horror') ON CONFLICT DO NOTHING;
INSERT INTO genres (mediaId, genre) VALUES(132, 'Thriller') ON CONFLICT DO NOTHING;
INSERT INTO actors (mediaId, actorId , actorName, characterName, profilePath) VALUES(132, 1186659, 'Lily Sullivan', 'Beth', 'https://image.tmdb.org/t/p/original/sLjxpxV2JX8k3k9VWoIPrzqlh5J.jpg') ON CONFLICT DO NOTHING;
INSERT INTO actors (mediaId, actorId , actorName, characterName, profilePath) VALUES(132, 220620, 'Alyssa Sutherland', 'Ellie', 'https://image.tmdb.org/t/p/original/femjkNZ7jTbcwz6LjoQQyRD5Mlc.jpg') ON CONFLICT DO NOTHING;
INSERT INTO actors (mediaId, actorId , actorName, characterName, profilePath) VALUES(132, 144080, 'Morgan Davies', 'Danny', 'https://image.tmdb.org/t/p/original/fVApDiO0yWZZfQeprxDDfAukngO.jpg') ON CONFLICT DO NOTHING;
INSERT INTO actors (mediaId, actorId , actorName, characterName, profilePath) VALUES(132, 3128781, 'Gabrielle Echols', 'Bridget', 'https://image.tmdb.org/t/p/original/1f7Yk5VU2NsY5hZ4cqf4PxnZqdd.jpg') ON CONFLICT DO NOTHING;
INSERT INTO actors (mediaId, actorId , actorName, characterName, profilePath) VALUES(132, 3128782, 'Nell Fisher', 'Kassie', 'https://image.tmdb.org/t/p/original/pEfO7f0VJEUPINNIPQvTenK5JHy.jpg') ON CONFLICT DO NOTHING;
INSERT INTO actors (mediaId, actorId , actorName, characterName, profilePath) VALUES(132, 1964539, 'Anna-Maree Thomas', 'Jessica', 'https://image.tmdb.org/t/p/original/nF5cyvCS4qRDokRyoP07yrqIPt3.jpg') ON CONFLICT DO NOTHING;
INSERT INTO actors (mediaId, actorId , actorName, characterName, profilePath) VALUES(132, 3745221, 'Mirabai Pease', 'Teresa', 'https://image.tmdb.org/t/p/original/ixqOK8JeH2GihtY2FmFlkSgVYWU.jpg') ON CONFLICT DO NOTHING;
INSERT INTO actors (mediaId, actorId , actorName, characterName, profilePath) VALUES(132, 2466900, 'Richard Crouchley', 'Caleb', 'https://image.tmdb.org/t/p/original/8AIFy9NYA4PCNkVtDj03B2hXucA.jpg') ON CONFLICT DO NOTHING;
INSERT INTO actors (mediaId, actorId , actorName, characterName, profilePath) VALUES(132, 2623749, 'Jayden Daniels', 'Gabriel', 'https://image.tmdb.org/t/p/original/v9EjmM7A0k8aA9ds7NHOjl9c7Ev.jpg') ON CONFLICT DO NOTHING;
INSERT INTO actors (mediaId, actorId , actorName, characterName, profilePath) VALUES(132, 205427, 'Mark Mitchinson', 'Mr. Fonda', 'https://image.tmdb.org/t/p/original/dBnuglswEEKSQk6kxbSd6D1uS5j.jpg') ON CONFLICT DO NOTHING;
INSERT INTO providers (mediaId, providerId, providerName, logoPath) VALUES( 132, 3, 'Google Play Movies', 'https://image.tmdb.org/t/p/original/tbEdFQDwx5LEVr8WpSeXQSIirVq.jpg') ON CONFLICT DO NOTHING;
INSERT INTO media (mediaId, type, name, originalLanguage, adult, releaseDate, overview, backdropPath, posterPath, trailerLink, tmdbRating, status) VALUES(133, false, 'After Ever Happy', 'en', False, '2022-08-24',  'As a shocking truth about a couple''s families emerges, the two lovers discover they are not so different from each other. Tessa is no longer the sweet, simple, good girl she was when she met Hardin — any more than he is the cruel, moody boy she fell so hard for.', 'https://image.tmdb.org/t/p/original/rwgmDkIEv8VjAsWx25ottJrFvpO.jpg', 'https://image.tmdb.org/t/p/original/moogpu8rNkEjTgFyLXwhPghft5w.jpg', 'https://www.youtube.com/watch?v=hLQ-5exgctI', 6.8, 'Released') ON CONFLICT DO NOTHING;
INSERT INTO movies (mediaId, runtime, budget, revenue, directorId, director) VALUES( 133, 95, 14000000, 19200000, 1448492, 'Castille Landon') ON CONFLICT DO NOTHING;
INSERT INTO genres (mediaId, genre) VALUES(133, 'Romance') ON CONFLICT DO NOTHING;
INSERT INTO genres (mediaId, genre) VALUES(133, 'Drama') ON CONFLICT DO NOTHING;
INSERT INTO actors (mediaId, actorId , actorName, characterName, profilePath) VALUES(133, 1753914, 'Josephine Langford', 'Tessa Young', 'https://image.tmdb.org/t/p/original/8Fj1UIFRJA0B5Zo22KwML5d3Mr3.jpg') ON CONFLICT DO NOTHING;
INSERT INTO actors (mediaId, actorId , actorName, characterName, profilePath) VALUES(133, 1114487, 'Hero Fiennes Tiffin', 'Hardin Scott', 'https://image.tmdb.org/t/p/original/6zMrrZvOMH6uGwEFoK0Uo8sZvxL.jpg') ON CONFLICT DO NOTHING;
INSERT INTO actors (mediaId, actorId , actorName, characterName, profilePath) VALUES(133, 20805, 'Louise Lombard', 'Trish Daniels', 'https://image.tmdb.org/t/p/original/6znYbOI2Z8PfzZ6p9jHG5QdAeb2.jpg') ON CONFLICT DO NOTHING;
INSERT INTO actors (mediaId, actorId , actorName, characterName, profilePath) VALUES(133, 2035329, 'Chance Perdomo', 'Landon Gibson', 'https://image.tmdb.org/t/p/original/xRRDtdHhTewrKMj5cpcmEkPNmuP.jpg') ON CONFLICT DO NOTHING;
INSERT INTO actors (mediaId, actorId , actorName, characterName, profilePath) VALUES(133, 20960, 'Rob Estes', 'Ken Scott', 'https://image.tmdb.org/t/p/original/b24y5Tv4A8DUjkfYpJ1l1qpkhyv.jpg') ON CONFLICT DO NOTHING;
INSERT INTO actors (mediaId, actorId , actorName, characterName, profilePath) VALUES(133, 20373, 'Arielle Kebbel', 'Kimberly "Kim" Vance', 'https://image.tmdb.org/t/p/original/dmYiAeWoeVsRdT4UBBGuW9gBfjQ.jpg') ON CONFLICT DO NOTHING;
INSERT INTO actors (mediaId, actorId , actorName, characterName, profilePath) VALUES(133, 32203, 'Stephen Moyer', 'Christian Vance', 'https://image.tmdb.org/t/p/original/xprwOCXa2cNkjhrGtcJp0VfJMlZ.jpg') ON CONFLICT DO NOTHING;
INSERT INTO actors (mediaId, actorId , actorName, characterName, profilePath) VALUES(133, 23931, 'Mira Sorvino', 'Carol Young', 'https://image.tmdb.org/t/p/original/11raFiNo7QfisH44v3NIfpVvIz5.jpg') ON CONFLICT DO NOTHING;
INSERT INTO actors (mediaId, actorId , actorName, characterName, profilePath) VALUES(133, 1845809, 'Frances Turner', 'Karen Scott', 'https://image.tmdb.org/t/p/original/gc89yMClEPTRmB0eIJ2hh0sQEIV.jpg') ON CONFLICT DO NOTHING;
INSERT INTO actors (mediaId, actorId , actorName, characterName, profilePath) VALUES(133, 142115, 'Kiana Madeira', 'Nora', 'https://image.tmdb.org/t/p/original/HgCI95xnSZJaE18d15n7PykOU7.jpg') ON CONFLICT DO NOTHING;
INSERT INTO providers (mediaId, providerId, providerName, logoPath) VALUES( 133, 2, 'Apple TV', 'https://image.tmdb.org/t/p/original/peURlLlr8jggOwK53fJ5wdQl05y.jpg') ON CONFLICT DO NOTHING;
INSERT INTO providers (mediaId, providerId, providerName, logoPath) VALUES( 133, 3, 'Google Play Movies', 'https://image.tmdb.org/t/p/original/tbEdFQDwx5LEVr8WpSeXQSIirVq.jpg') ON CONFLICT DO NOTHING;
INSERT INTO providers (mediaId, providerId, providerName, logoPath) VALUES( 133, 167, 'Claro video', 'https://image.tmdb.org/t/p/original/lJT7r1nprk1Z8t1ywiIa8h9d3rc.jpg') ON CONFLICT DO NOTHING;
INSERT INTO providers (mediaId, providerId, providerName, logoPath) VALUES( 133, 10, 'Amazon Video', 'https://image.tmdb.org/t/p/original/5NyLm42TmCqCMOZFvH4fcoSNKEW.jpg') ON CONFLICT DO NOTHING;
INSERT INTO media (mediaId, type, name, originalLanguage, adult, releaseDate, overview, backdropPath, posterPath, trailerLink, tmdbRating, status) VALUES(134, false, 'M3GAN', 'en', False, '2022-12-28',  'A brilliant toy company roboticist uses artificial intelligence to develop M3GAN, a life-like doll programmed to emotionally bond with her newly orphaned niece. But when the doll''s programming works too well, she becomes overprotective of her new friend with terrifying results.', 'https://image.tmdb.org/t/p/original/dlrWhn0G3AtxYUx2D9P2bmzcsvF.jpg', 'https://image.tmdb.org/t/p/original/d9nBoowhjiiYc4FBNtQkPY7c11H.jpg', 'https://www.youtube.com/watch?v=9zvgGSTZlOY', 7.2, 'Released') ON CONFLICT DO NOTHING;
INSERT INTO movies (mediaId, runtime, budget, revenue, directorId, director) VALUES( 134, 102, 12000000, 179960167, 1288796, 'Gerard Johnstone') ON CONFLICT DO NOTHING;
INSERT INTO genres (mediaId, genre) VALUES(134, 'Science Fiction') ON CONFLICT DO NOTHING;
INSERT INTO genres (mediaId, genre) VALUES(134, 'Horror') ON CONFLICT DO NOTHING;
INSERT INTO actors (mediaId, actorId , actorName, characterName, profilePath) VALUES(134, 1255540, 'Allison Williams', 'Gemma', 'https://image.tmdb.org/t/p/original/xMCiHNQxxRo5NEcKEjN9JE6bm9i.jpg') ON CONFLICT DO NOTHING;
INSERT INTO actors (mediaId, actorId , actorName, characterName, profilePath) VALUES(134, 2131391, 'Violet McGraw', 'Cady', 'https://image.tmdb.org/t/p/original/mAhZNh3iEn0sjbnuWSeHnlWw2yA.jpg') ON CONFLICT DO NOTHING;
INSERT INTO actors (mediaId, actorId , actorName, characterName, profilePath) VALUES(134, 1319469, 'Ronny Chieng', 'David Lin', 'https://image.tmdb.org/t/p/original/nn1y0te102CvakOJ0rSJ7rYPLDF.jpg') ON CONFLICT DO NOTHING;
INSERT INTO actors (mediaId, actorId , actorName, characterName, profilePath) VALUES(134, 3444018, 'Amie Donald', 'M3GAN', 'https://image.tmdb.org/t/p/original/rYMbQYfL0GHQHWywmiBBHcdqSvy.jpg') ON CONFLICT DO NOTHING;
INSERT INTO actors (mediaId, actorId , actorName, characterName, profilePath) VALUES(134, 2043430, 'Jenna Davis', 'M3GAN (voice)', 'https://image.tmdb.org/t/p/original/uKeGVcGV8FyohRtFPTirDkP6IEU.jpg') ON CONFLICT DO NOTHING;
INSERT INTO actors (mediaId, actorId , actorName, characterName, profilePath) VALUES(134, 1071699, 'Brian Jordan Alvarez', 'Cole', 'https://image.tmdb.org/t/p/original/r1NbU9emAPliJn7s2izZBBivwTX.jpg') ON CONFLICT DO NOTHING;
INSERT INTO actors (mediaId, actorId , actorName, characterName, profilePath) VALUES(134, 2089274, 'Jen Van Epps', 'Tess', 'https://image.tmdb.org/t/p/original/pI18BVf1c6frUMoXj2bV82NEiLE.jpg') ON CONFLICT DO NOTHING;
INSERT INTO actors (mediaId, actorId , actorName, characterName, profilePath) VALUES(134, 1023465, 'Stephane Garneau-Monten', 'Kurt', 'https://image.tmdb.org/t/p/original/9wIbVsGkKeW0aSVwqxMD6nUFFeq.jpg') ON CONFLICT DO NOTHING;
INSERT INTO actors (mediaId, actorId , actorName, characterName, profilePath) VALUES(134, 1237628, 'Lori Dungey', 'Celia', 'https://image.tmdb.org/t/p/original/4xGZ5r6XYUYgwFWh9LANgA2qan4.jpg') ON CONFLICT DO NOTHING;
INSERT INTO actors (mediaId, actorId , actorName, characterName, profilePath) VALUES(134, 2618000, 'Amy Usherwood', 'Lydia', 'https://image.tmdb.org/t/p/original/zkdFl12MGCyabhF9Z5yPo268GzW.jpg') ON CONFLICT DO NOTHING;
INSERT INTO providers (mediaId, providerId, providerName, logoPath) VALUES( 134, 3, 'Google Play Movies', 'https://image.tmdb.org/t/p/original/tbEdFQDwx5LEVr8WpSeXQSIirVq.jpg') ON CONFLICT DO NOTHING;
INSERT INTO providers (mediaId, providerId, providerName, logoPath) VALUES( 134, 339, 'Movistar Play', 'https://image.tmdb.org/t/p/original/cDzkhgvozSr4GW2aRdV22uDuFpw.jpg') ON CONFLICT DO NOTHING;
INSERT INTO providers (mediaId, providerId, providerName, logoPath) VALUES( 134, 167, 'Claro video', 'https://image.tmdb.org/t/p/original/lJT7r1nprk1Z8t1ywiIa8h9d3rc.jpg') ON CONFLICT DO NOTHING;
INSERT INTO media (mediaId, type, name, originalLanguage, adult, releaseDate, overview, backdropPath, posterPath, trailerLink, tmdbRating, status) VALUES(135, false, 'After', 'en', False, '2019-04-11',  'Tessa Young is a dedicated student, dutiful daughter and loyal girlfriend to her high school sweetheart. Entering her first semester of college, Tessa''s guarded world opens up when she meets Hardin Scott, a mysterious and brooding rebel who makes her question all she thought she knew about herself -- and what she wants out of life.', 'https://image.tmdb.org/t/p/original/997ToEZvF2Obp9zNZbY5ELVnmrW.jpg', 'https://image.tmdb.org/t/p/original/u3B2YKUjWABcxXZ6Nm9h10hLUbh.jpg', 'https://www.youtube.com/watch?v=2ZAdcWHuCmY', 7.1, 'Released') ON CONFLICT DO NOTHING;
INSERT INTO movies (mediaId, runtime, budget, revenue, directorId, director) VALUES( 135, 106, 14000000, 69500000, 1586194, 'Jenny Gage') ON CONFLICT DO NOTHING;
INSERT INTO genres (mediaId, genre) VALUES(135, 'Romance') ON CONFLICT DO NOTHING;
INSERT INTO genres (mediaId, genre) VALUES(135, 'Drama') ON CONFLICT DO NOTHING;
INSERT INTO actors (mediaId, actorId , actorName, characterName, profilePath) VALUES(135, 1753914, 'Josephine Langford', 'Tessa Young', 'https://image.tmdb.org/t/p/original/8Fj1UIFRJA0B5Zo22KwML5d3Mr3.jpg') ON CONFLICT DO NOTHING;
INSERT INTO actors (mediaId, actorId , actorName, characterName, profilePath) VALUES(135, 1114487, 'Hero Fiennes Tiffin', 'Hardin Scott', 'https://image.tmdb.org/t/p/original/6zMrrZvOMH6uGwEFoK0Uo8sZvxL.jpg') ON CONFLICT DO NOTHING;
INSERT INTO actors (mediaId, actorId , actorName, characterName, profilePath) VALUES(135, 1684130, 'Shane Paul McGhie', 'Landon Gibson', 'https://image.tmdb.org/t/p/original/xrW5ioE8lihmmuu1ov1wWBpOWYp.jpg') ON CONFLICT DO NOTHING;
INSERT INTO actors (mediaId, actorId , actorName, characterName, profilePath) VALUES(135, 2161745, 'Khadijha Red Thunder', 'Steph Jones', 'https://image.tmdb.org/t/p/original/AggU4kVZ04OjKYM4ZZg1pqVVu8F.jpg') ON CONFLICT DO NOTHING;
INSERT INTO actors (mediaId, actorId , actorName, characterName, profilePath) VALUES(135, 1039523, 'Dylan Arnold', 'Noah Porter', 'https://image.tmdb.org/t/p/original/ipmcpPccYlVqBDiKnE3LGhaePuP.jpg') ON CONFLICT DO NOTHING;
INSERT INTO actors (mediaId, actorId , actorName, characterName, profilePath) VALUES(135, 1224112, 'Samuel Larsen', 'Zed Evans', 'https://image.tmdb.org/t/p/original/a9AQOsvl0IUHe23sz7wYsgHFBn4.jpg') ON CONFLICT DO NOTHING;
INSERT INTO actors (mediaId, actorId , actorName, characterName, profilePath) VALUES(135, 1685330, 'Inanna Sarkis', 'Molly Samuels', 'https://image.tmdb.org/t/p/original/up8etOETeYTwuGFr9yL0gYf5ZKW.jpg') ON CONFLICT DO NOTHING;
INSERT INTO actors (mediaId, actorId , actorName, characterName, profilePath) VALUES(135, 11826, 'Selma Blair', 'Carol Young', 'https://image.tmdb.org/t/p/original/5KfULwS7ZPZc6Ac1OP0ka2PhZZy.jpg') ON CONFLICT DO NOTHING;
INSERT INTO actors (mediaId, actorId , actorName, characterName, profilePath) VALUES(135, 2094603, 'Pia Mia', 'Tristan', 'https://image.tmdb.org/t/p/original/4klv1dkVPxwWoUVcKa4NBOAEJvl.jpg') ON CONFLICT DO NOTHING;
INSERT INTO actors (mediaId, actorId , actorName, characterName, profilePath) VALUES(135, 1075049, 'Swen Temmel', 'Jace', 'https://image.tmdb.org/t/p/original/z6zLmf3PBsTGMU3RBnguAqfHUn3.jpg') ON CONFLICT DO NOTHING;
INSERT INTO providers (mediaId, providerId, providerName, logoPath) VALUES( 135, 2, 'Apple TV', 'https://image.tmdb.org/t/p/original/peURlLlr8jggOwK53fJ5wdQl05y.jpg') ON CONFLICT DO NOTHING;
INSERT INTO providers (mediaId, providerId, providerName, logoPath) VALUES( 135, 3, 'Google Play Movies', 'https://image.tmdb.org/t/p/original/tbEdFQDwx5LEVr8WpSeXQSIirVq.jpg') ON CONFLICT DO NOTHING;
INSERT INTO providers (mediaId, providerId, providerName, logoPath) VALUES( 135, 167, 'Claro video', 'https://image.tmdb.org/t/p/original/lJT7r1nprk1Z8t1ywiIa8h9d3rc.jpg') ON CONFLICT DO NOTHING;
INSERT INTO providers (mediaId, providerId, providerName, logoPath) VALUES( 135, 10, 'Amazon Video', 'https://image.tmdb.org/t/p/original/5NyLm42TmCqCMOZFvH4fcoSNKEW.jpg') ON CONFLICT DO NOTHING;
INSERT INTO media (mediaId, type, name, originalLanguage, adult, releaseDate, overview, backdropPath, posterPath, trailerLink, tmdbRating, status) VALUES(136, false, 'Rage', 'es', False, '2023-06-03',  'Alan and his father Alberto flee from the painful loss of his mother. While hiding in a secluded housing unit, Alan discovers hidden messages from his uncle that lead him to believe that his father is a werewolf. His life and his neighbors’ lives are in danger. Alan decides to do something once for all. Destroying the beast does not seem a far-fetched plan in the violent reality he lives day by day.', 'https://image.tmdb.org/t/p/original/lLl80wmNwnSdVAPkxqwJwm9M2WH.jpg', 'https://image.tmdb.org/t/p/original/vOUqBfCtfud4ixOiftKom5ULfgj.jpg', 'None', 6.6, 'Released') ON CONFLICT DO NOTHING;
INSERT INTO movies (mediaId, runtime, budget, revenue, directorId, director) VALUES( 136, 93, 0, 0, 557880, 'Jorge Michel Grau') ON CONFLICT DO NOTHING;
INSERT INTO genres (mediaId, genre) VALUES(136, 'Horror') ON CONFLICT DO NOTHING;
INSERT INTO genres (mediaId, genre) VALUES(136, 'Drama') ON CONFLICT DO NOTHING;
INSERT INTO genres (mediaId, genre) VALUES(136, 'Thriller') ON CONFLICT DO NOTHING;
INSERT INTO actors (mediaId, actorId , actorName, characterName, profilePath) VALUES(136, 2552743, 'Maximiliano Nájar Márquez', 'Alan', 'https://image.tmdb.org/t/p/original/mBd4oiorLJJoGcctFpUvhomrEK5.jpg') ON CONFLICT DO NOTHING;
INSERT INTO actors (mediaId, actorId , actorName, characterName, profilePath) VALUES(136, 112209, 'Juan Manuel Bernal', 'Alberto', 'https://image.tmdb.org/t/p/original/4GEk4H3CHXvZuv4yfSp0su48jJH.jpg') ON CONFLICT DO NOTHING;
INSERT INTO actors (mediaId, actorId , actorName, characterName, profilePath) VALUES(136, 2385744, 'Mayra Batalla', 'Yanet', 'https://image.tmdb.org/t/p/original/geLzEUg9FDLQr4C2UoipPvmRKS1.jpg') ON CONFLICT DO NOTHING;
INSERT INTO actors (mediaId, actorId , actorName, characterName, profilePath) VALUES(136, 557879, 'Francisco Barreiro', 'Engineer Joaquín', 'https://image.tmdb.org/t/p/original/gTj2sXUJ7CaQnPuNqP1L3VPhE6k.jpg') ON CONFLICT DO NOTHING;
INSERT INTO actors (mediaId, actorId , actorName, characterName, profilePath) VALUES(136, 23877, 'Angelina Peláez', 'Mrs. Elo', 'https://image.tmdb.org/t/p/original/kpsyYf7mq5cjYsbcfFxAeYFvSGK.jpg') ON CONFLICT DO NOTHING;
INSERT INTO actors (mediaId, actorId , actorName, characterName, profilePath) VALUES(136, 1204103, 'Gilberto Barraza', 'Marco', 'https://image.tmdb.org/t/p/original/sHSpqLD1HZbzLjyGvdMlgML9j09.jpg') ON CONFLICT DO NOTHING;
INSERT INTO actors (mediaId, actorId , actorName, characterName, profilePath) VALUES(136, 4074553, 'Octavio Michel Grau', 'Octavio', 'None') ON CONFLICT DO NOTHING;
INSERT INTO actors (mediaId, actorId , actorName, characterName, profilePath) VALUES(136, 42021, 'Marco Antonio Argueta', 'Antonio', 'None') ON CONFLICT DO NOTHING;
INSERT INTO actors (mediaId, actorId , actorName, characterName, profilePath) VALUES(136, 557877, 'Adrián Aguirre', 'Adrián', 'None') ON CONFLICT DO NOTHING;
INSERT INTO media (mediaId, type, name, originalLanguage, adult, releaseDate, overview, backdropPath, posterPath, trailerLink, tmdbRating, status) VALUES(137, false, 'Shortcomings', 'en', False, '2023-08-04',  'When his girlfriend leaves for New York City on a 3-month-long internship, a strongly opinionated Berkeley arthouse movie theater manager begins exploring life as a bachelor.', 'https://image.tmdb.org/t/p/original/xBXsdbi0ueMBf0xLJNVqdggST9e.jpg', 'https://image.tmdb.org/t/p/original/1Lc4IzfHtMY9kKB8N0LVDQ56v03.jpg', 'https://www.youtube.com/watch?v=6WTwiUaJudU', 5.4, 'Released') ON CONFLICT DO NOTHING;
INSERT INTO movies (mediaId, runtime, budget, revenue, directorId, director) VALUES( 137, 92, 0, 666482, 79082, 'Randall Park') ON CONFLICT DO NOTHING;
INSERT INTO genres (mediaId, genre) VALUES(137, 'Comedy') ON CONFLICT DO NOTHING;
INSERT INTO genres (mediaId, genre) VALUES(137, 'Drama') ON CONFLICT DO NOTHING;
INSERT INTO genres (mediaId, genre) VALUES(137, 'Romance') ON CONFLICT DO NOTHING;
INSERT INTO actors (mediaId, actorId , actorName, characterName, profilePath) VALUES(137, 1442976, 'Justin H. Min', 'Ben Tagawa', 'https://image.tmdb.org/t/p/original/ephzwqElc1LzIDfm9fiVf38ppkK.jpg') ON CONFLICT DO NOTHING;
INSERT INTO actors (mediaId, actorId , actorName, characterName, profilePath) VALUES(137, 2088734, 'Sherry Cola', 'Alice Lee', 'https://image.tmdb.org/t/p/original/1C2psFP8Tm2FVfSZnDJgdXNfBLG.jpg') ON CONFLICT DO NOTHING;
INSERT INTO actors (mediaId, actorId , actorName, characterName, profilePath) VALUES(137, 209596, 'Ally Maki', 'Miko Higashi', 'https://image.tmdb.org/t/p/original/u3T3YRy3FAR1wQxmQI819yeP3PW.jpg') ON CONFLICT DO NOTHING;
INSERT INTO actors (mediaId, actorId , actorName, characterName, profilePath) VALUES(137, 1142629, 'Tavi Gevinson', 'Autumn', 'https://image.tmdb.org/t/p/original/kIdkJhqmD5wJ9JTjEgDaFXOScrM.jpg') ON CONFLICT DO NOTHING;
INSERT INTO actors (mediaId, actorId , actorName, characterName, profilePath) VALUES(137, 123846, 'Debby Ryan', 'Sasha', 'https://image.tmdb.org/t/p/original/hYMnrAO1fZx9tPmIM8xajliVT1N.jpg') ON CONFLICT DO NOTHING;
INSERT INTO actors (mediaId, actorId , actorName, characterName, profilePath) VALUES(137, 1457238, 'Sonoya Mizuno', 'Meredith', 'https://image.tmdb.org/t/p/original/roWeS8uHgDYaqOxTHXzsaefeFRN.jpg') ON CONFLICT DO NOTHING;
INSERT INTO actors (mediaId, actorId , actorName, characterName, profilePath) VALUES(137, 1381186, 'Stephanie Hsu', 'Mrs. Wong', 'https://image.tmdb.org/t/p/original/8gb3lfIHKQAGOQyeC4ynQPsCiHr.jpg') ON CONFLICT DO NOTHING;
INSERT INTO actors (mediaId, actorId , actorName, characterName, profilePath) VALUES(137, 1319469, 'Ronny Chieng', 'Mr. Wong', 'https://image.tmdb.org/t/p/original/nn1y0te102CvakOJ0rSJ7rYPLDF.jpg') ON CONFLICT DO NOTHING;
INSERT INTO actors (mediaId, actorId , actorName, characterName, profilePath) VALUES(137, 1649152, 'Jacob Batalon', 'Gene', 'https://image.tmdb.org/t/p/original/53YhaL4xw4Sb1ssoHkeSSBaO29c.jpg') ON CONFLICT DO NOTHING;
INSERT INTO actors (mediaId, actorId , actorName, characterName, profilePath) VALUES(137, 1181329, 'Timothy Simons', 'Leon Alexander', 'https://image.tmdb.org/t/p/original/rl965RAjdwyVyVycjG4UGlbMceZ.jpg') ON CONFLICT DO NOTHING;
INSERT INTO media (mediaId, type, name, originalLanguage, adult, releaseDate, overview, backdropPath, posterPath, trailerLink, tmdbRating, status) VALUES(138, false, 'Special Delivery', 'ko', False, '2022-01-12',  'A black-market cabbie drives criminals at breakneck speeds until she is left in charge of a fugitive''s son.', 'https://image.tmdb.org/t/p/original/3mYCjwll5RG342Dz1f8HcnT8tV.jpg', 'https://image.tmdb.org/t/p/original/iFUBAfMDlFOck29BEwS1awH5TB3.jpg', 'https://www.youtube.com/watch?v=RIuWQPIaDFw', 7.1, 'Released') ON CONFLICT DO NOTHING;
INSERT INTO movies (mediaId, runtime, budget, revenue, directorId, director) VALUES( 138, 109, 0, 0, 1023610, 'Park Dae-min') ON CONFLICT DO NOTHING;
INSERT INTO genres (mediaId, genre) VALUES(138, 'Action') ON CONFLICT DO NOTHING;
INSERT INTO genres (mediaId, genre) VALUES(138, 'Crime') ON CONFLICT DO NOTHING;
INSERT INTO actors (mediaId, actorId , actorName, characterName, profilePath) VALUES(138, 1442583, 'Park So-dam', 'Jang Eun-ha', 'https://image.tmdb.org/t/p/original/gaDnEiMD5PClT9ARg1bSFyexbor.jpg') ON CONFLICT DO NOTHING;
INSERT INTO actors (mediaId, actorId , actorName, characterName, profilePath) VALUES(138, 1347175, 'Kim Eui-sung', 'CEO Baek', 'https://image.tmdb.org/t/p/original/y7T2LJyorTK2NDk10yeTINWKrWR.jpg') ON CONFLICT DO NOTHING;
INSERT INTO actors (mediaId, actorId , actorName, characterName, profilePath) VALUES(138, 1299516, 'Song Sae-byuk', 'Cho Gyeong-pil', 'https://image.tmdb.org/t/p/original/1xi4n5pkh5e2v3dtavPMT0sa55x.jpg') ON CONFLICT DO NOTHING;
INSERT INTO actors (mediaId, actorId , actorName, characterName, profilePath) VALUES(138, 2084416, 'Yeom Hye-ran', 'Han Mi-Young', 'https://image.tmdb.org/t/p/original/xZxVHnbDdNxF6J8UhwBTkJGNKWx.jpg') ON CONFLICT DO NOTHING;
INSERT INTO actors (mediaId, actorId , actorName, characterName, profilePath) VALUES(138, 2306987, 'Jung Hyeon-jun', 'Kim Seo-won', 'https://image.tmdb.org/t/p/original/vZadA6ip6V2kh0VZW9RwnLcYFgW.jpg') ON CONFLICT DO NOTHING;
INSERT INTO actors (mediaId, actorId , actorName, characterName, profilePath) VALUES(138, 1346848, 'Yeon Woo-jin', 'Doo-sik', 'https://image.tmdb.org/t/p/original/oGOpjHfwifYd3hVohVFbxmA7Aoe.jpg') ON CONFLICT DO NOTHING;
INSERT INTO actors (mediaId, actorId , actorName, characterName, profilePath) VALUES(138, 1332468, 'Heo Dong-won', 'Sang-hoon', 'https://image.tmdb.org/t/p/original/2ozJdoP76fZvlLo1MhqPunoy6CW.jpg') ON CONFLICT DO NOTHING;
INSERT INTO actors (mediaId, actorId , actorName, characterName, profilePath) VALUES(138, 1970653, 'Han Hyun-min', 'Aasif', 'https://image.tmdb.org/t/p/original/ro36V17oO6fHfUUbXRRQQWdJO4l.jpg') ON CONFLICT DO NOTHING;
INSERT INTO actors (mediaId, actorId , actorName, characterName, profilePath) VALUES(138, 1199744, 'Jun Suk-ho', 'Man', 'https://image.tmdb.org/t/p/original/xMUCuermXrjVNOWDV3gIfpP5yhF.jpg') ON CONFLICT DO NOTHING;
INSERT INTO actors (mediaId, actorId , actorName, characterName, profilePath) VALUES(138, 141857, 'Choi Deok-moon', 'Lim Gi-bang', 'https://image.tmdb.org/t/p/original/2yNTH3Dm1tmN795ExtNsIE1IaNA.jpg') ON CONFLICT DO NOTHING;
INSERT INTO media (mediaId, type, name, originalLanguage, adult, releaseDate, overview, backdropPath, posterPath, trailerLink, tmdbRating, status) VALUES(139, false, 'Hidden Strike', 'en', False, '2023-07-06',  'Two elite soldiers must escort civilians through a gauntlet of gunfire and explosions.', 'https://image.tmdb.org/t/p/original/6IafiYxaqR2MxCnEC29bi6637eo.jpg', 'https://image.tmdb.org/t/p/original/zsbolOkw8RhTU4DKOrpf4M7KCmi.jpg', 'https://www.youtube.com/watch?v=l_jEicE6KyQ', 7, 'Released') ON CONFLICT DO NOTHING;
INSERT INTO movies (mediaId, runtime, budget, revenue, directorId, director) VALUES( 139, 103, 80000000, 0, 293911, 'Scott Waugh') ON CONFLICT DO NOTHING;
INSERT INTO genres (mediaId, genre) VALUES(139, 'Action') ON CONFLICT DO NOTHING;
INSERT INTO genres (mediaId, genre) VALUES(139, 'Adventure') ON CONFLICT DO NOTHING;
INSERT INTO genres (mediaId, genre) VALUES(139, 'Thriller') ON CONFLICT DO NOTHING;
INSERT INTO genres (mediaId, genre) VALUES(139, 'Comedy') ON CONFLICT DO NOTHING;
INSERT INTO actors (mediaId, actorId , actorName, characterName, profilePath) VALUES(139, 18897, 'Jackie Chan', 'Dragon Luo', 'https://image.tmdb.org/t/p/original/nraZoTzwJQPHspAVsKfgl3RXKKa.jpg') ON CONFLICT DO NOTHING;
INSERT INTO actors (mediaId, actorId , actorName, characterName, profilePath) VALUES(139, 56446, 'John Cena', 'Chris', 'https://image.tmdb.org/t/p/original/cO6n5pxKzHdGauqru6m5kuHb51z.jpg') ON CONFLICT DO NOTHING;
INSERT INTO actors (mediaId, actorId , actorName, characterName, profilePath) VALUES(139, 2082543, 'Ma Chunrui', 'Mei', 'https://image.tmdb.org/t/p/original/y6NNhAUQfzNMH5DIGV2YnOnZvml.jpg') ON CONFLICT DO NOTHING;
INSERT INTO actors (mediaId, actorId , actorName, characterName, profilePath) VALUES(139, 137917, 'Jiang Wenli', 'Professor Cheng', 'https://image.tmdb.org/t/p/original/6WXMXh8SY8SaBe1MGZDyux17PjR.jpg') ON CONFLICT DO NOTHING;
INSERT INTO actors (mediaId, actorId , actorName, characterName, profilePath) VALUES(139, 2287421, 'Xu Jia', 'Shen Wei', 'https://image.tmdb.org/t/p/original/7zsLeO7HGKoaMSSRF8XYKdlX2I8.jpg') ON CONFLICT DO NOTHING;
INSERT INTO actors (mediaId, actorId , actorName, characterName, profilePath) VALUES(139, 1820070, 'Gong Jun', 'Hai Ming', 'https://image.tmdb.org/t/p/original/rtjBdEF61NySmDDnoDgAtuclAJJ.jpg') ON CONFLICT DO NOTHING;
INSERT INTO actors (mediaId, actorId , actorName, characterName, profilePath) VALUES(139, 1919588, 'Rima Zeidan', 'Li Yan', 'https://image.tmdb.org/t/p/original/kd5BJkmK9l1WFAapm1RELQ5gFzj.jpg') ON CONFLICT DO NOTHING;
INSERT INTO actors (mediaId, actorId , actorName, characterName, profilePath) VALUES(139, 4184465, 'Neo Hou', 'Assistant Ning', 'None') ON CONFLICT DO NOTHING;
INSERT INTO actors (mediaId, actorId , actorName, characterName, profilePath) VALUES(139, 90060, 'Pilou Asbæk', 'Paddock', 'https://image.tmdb.org/t/p/original/5VNfUzoVsIf7aQZCUJVow5yzI9j.jpg') ON CONFLICT DO NOTHING;
INSERT INTO actors (mediaId, actorId , actorName, characterName, profilePath) VALUES(139, 1477428, 'Amadeus Serafini', 'Henry', 'https://image.tmdb.org/t/p/original/zbMWGmmbQx8y3TMR6DiLd6I8UeH.jpg') ON CONFLICT DO NOTHING;
INSERT INTO media (mediaId, type, name, originalLanguage, adult, releaseDate, overview, backdropPath, posterPath, trailerLink, tmdbRating, status) VALUES(140, false, 'Freestyle', 'pl', False, '2023-09-13',  'Trying to check out a recording from his debut album, a street rapper and his friend run into trouble when a major drug deal turns into a total disaster for them.', 'https://image.tmdb.org/t/p/original/xsnpgM2Si1hG7daLP1XE7uAfKKH.jpg', 'https://image.tmdb.org/t/p/original/hNPJzlPlIVgTAjb2Mgqwl1QqydK.jpg', 'None', 6.8, 'Released') ON CONFLICT DO NOTHING;
INSERT INTO movies (mediaId, runtime, budget, revenue, directorId, director) VALUES( 140, 88, 0, 0, 1429868, 'Maciej Bochniak') ON CONFLICT DO NOTHING;
INSERT INTO genres (mediaId, genre) VALUES(140, 'Crime') ON CONFLICT DO NOTHING;
INSERT INTO genres (mediaId, genre) VALUES(140, 'Action') ON CONFLICT DO NOTHING;
INSERT INTO genres (mediaId, genre) VALUES(140, 'Thriller') ON CONFLICT DO NOTHING;
INSERT INTO actors (mediaId, actorId , actorName, characterName, profilePath) VALUES(140, 2025938, 'Maciej Musiałowski', 'Diego', 'https://image.tmdb.org/t/p/original/w6sJgeB9fu1M9LeBE1yT3KCBLPz.jpg') ON CONFLICT DO NOTHING;
INSERT INTO actors (mediaId, actorId , actorName, characterName, profilePath) VALUES(140, 2700970, 'Nel Kaczmarek', 'Miki', 'https://image.tmdb.org/t/p/original/qOuNCMKAzAiLp8sBd3gLjIxu6WQ.jpg') ON CONFLICT DO NOTHING;
INSERT INTO actors (mediaId, actorId , actorName, characterName, profilePath) VALUES(140, 2070762, 'Michał Sikorski', 'Mąka', 'https://image.tmdb.org/t/p/original/gcCVgFWQLXbrqrwV7UdVC2LAXNF.jpg') ON CONFLICT DO NOTHING;
INSERT INTO actors (mediaId, actorId , actorName, characterName, profilePath) VALUES(140, 3944085, 'Filip Lipiecki', 'Baton', 'None') ON CONFLICT DO NOTHING;
INSERT INTO actors (mediaId, actorId , actorName, characterName, profilePath) VALUES(140, 589283, 'Paweł Mykietyn', '', 'None') ON CONFLICT DO NOTHING;
INSERT INTO actors (mediaId, actorId , actorName, characterName, profilePath) VALUES(140, 3471145, 'Hanka Nobis', 'Kira', 'None') ON CONFLICT DO NOTHING;
INSERT INTO actors (mediaId, actorId , actorName, characterName, profilePath) VALUES(140, 3472391, 'Jakub Nosiadek', 'Martin', 'https://image.tmdb.org/t/p/original/kiTdpXpjLaYlqGOBFuhXBq0VbKt.jpg') ON CONFLICT DO NOTHING;
INSERT INTO actors (mediaId, actorId , actorName, characterName, profilePath) VALUES(140, 1117814, 'Juliusz Chrząstowski', 'Król Kiełbasy', 'https://image.tmdb.org/t/p/original/bNYZg045Jq2zLBGOzSmRSPiH6RR.jpg') ON CONFLICT DO NOTHING;
INSERT INTO actors (mediaId, actorId , actorName, characterName, profilePath) VALUES(140, 4272291, 'Anna Bielawska', 'Jaga', 'None') ON CONFLICT DO NOTHING;
INSERT INTO actors (mediaId, actorId , actorName, characterName, profilePath) VALUES(140, 53573, 'Olek Krupa', 'Brat Józef', 'https://image.tmdb.org/t/p/original/jTVCCZCm16aZeUCXnoSd4EldfyN.jpg') ON CONFLICT DO NOTHING;
INSERT INTO media (mediaId, type, name, originalLanguage, adult, releaseDate, overview, backdropPath, posterPath, trailerLink, tmdbRating, status) VALUES(141, false, 'The Conjuring: The Devil Made Me Do It', 'en', False, '2021-05-25',  'Paranormal investigators Ed and Lorraine Warren encounter what would become one of the most sensational cases from their files. The fight for the soul of a young boy takes them beyond anything they''d ever seen before, to mark the first time in U.S. history that a murder suspect would claim demonic possession as a defense.', 'https://image.tmdb.org/t/p/original/qi6Edc1OPcyENecGtz8TF0DUr9e.jpg', 'https://image.tmdb.org/t/p/original/xbSuFiJbbBWCkyCCKIMfuDCA4yV.jpg', 'https://www.youtube.com/watch?v=tLFnRAzcaEc', 7.5, 'Released') ON CONFLICT DO NOTHING;
INSERT INTO movies (mediaId, runtime, budget, revenue, directorId, director) VALUES( 141, 111, 39000000, 206431050, 1607672, 'Michael Chaves') ON CONFLICT DO NOTHING;
INSERT INTO genres (mediaId, genre) VALUES(141, 'Horror') ON CONFLICT DO NOTHING;
INSERT INTO genres (mediaId, genre) VALUES(141, 'Mystery') ON CONFLICT DO NOTHING;
INSERT INTO genres (mediaId, genre) VALUES(141, 'Thriller') ON CONFLICT DO NOTHING;
INSERT INTO actors (mediaId, actorId , actorName, characterName, profilePath) VALUES(141, 17178, 'Patrick Wilson', 'Ed Warren', 'https://image.tmdb.org/t/p/original/tc1ezEfIY8BhCy85svOUDtpBFPt.jpg') ON CONFLICT DO NOTHING;
INSERT INTO actors (mediaId, actorId , actorName, characterName, profilePath) VALUES(141, 21657, 'Vera Farmiga', 'Lorraine Warren', 'https://image.tmdb.org/t/p/original/5Vs7huBmTKftwlsc2BPAntyaQYj.jpg') ON CONFLICT DO NOTHING;
INSERT INTO actors (mediaId, actorId , actorName, characterName, profilePath) VALUES(141, 1731961, 'Ruairí O''Connor', 'Arne Cheyne Johnson', 'https://image.tmdb.org/t/p/original/lSnYC598qzvh20VfSDOa3tpcLBo.jpg') ON CONFLICT DO NOTHING;
INSERT INTO actors (mediaId, actorId , actorName, characterName, profilePath) VALUES(141, 2485582, 'Sarah Catherine Hook', 'Debbie Glatzel', 'https://image.tmdb.org/t/p/original/oNQ7mAN9nyeHqucJ7TBtmyraFm4.jpg') ON CONFLICT DO NOTHING;
INSERT INTO actors (mediaId, actorId , actorName, characterName, profilePath) VALUES(141, 2047847, 'Julian Hilliard', 'David Glatzel', 'https://image.tmdb.org/t/p/original/umnRZFm9pQ9xB53PQwUPFOVul4j.jpg') ON CONFLICT DO NOTHING;
INSERT INTO actors (mediaId, actorId , actorName, characterName, profilePath) VALUES(141, 1381, 'John Noble', 'Father Kastner', 'https://image.tmdb.org/t/p/original/t9dB8uU27sQDaEEFMiQvp5sbrXU.jpg') ON CONFLICT DO NOTHING;
INSERT INTO actors (mediaId, actorId , actorName, characterName, profilePath) VALUES(141, 1317693, 'Eugenie Bondurant', 'The Occultist', 'https://image.tmdb.org/t/p/original/9ULAELEKNha7VCJhRWoer58NcJe.jpg') ON CONFLICT DO NOTHING;
INSERT INTO actors (mediaId, actorId , actorName, characterName, profilePath) VALUES(141, 979807, 'Shannon Kook', 'Drew Thomas', 'https://image.tmdb.org/t/p/original/gBJmrtY2fBFfkQRfosLv2MNWx2J.jpg') ON CONFLICT DO NOTHING;
INSERT INTO actors (mediaId, actorId , actorName, characterName, profilePath) VALUES(141, 98804, 'Ronnie Gene Blevins', 'Bruno', 'https://image.tmdb.org/t/p/original/28O4ALimfSVQgMOvkstDJpzHKDc.jpg') ON CONFLICT DO NOTHING;
INSERT INTO actors (mediaId, actorId , actorName, characterName, profilePath) VALUES(141, 1278911, 'Keith Arthur Bolden', 'Sergeant  Clay', 'https://image.tmdb.org/t/p/original/3pPWleVA9v9B3jOgpa6kJRCWwt0.jpg') ON CONFLICT DO NOTHING;
INSERT INTO providers (mediaId, providerId, providerName, logoPath) VALUES( 141, 3, 'Google Play Movies', 'https://image.tmdb.org/t/p/original/tbEdFQDwx5LEVr8WpSeXQSIirVq.jpg') ON CONFLICT DO NOTHING;
INSERT INTO media (mediaId, type, name, originalLanguage, adult, releaseDate, overview, backdropPath, posterPath, trailerLink, tmdbRating, status) VALUES(142, false, 'Hypnotic', 'en', False, '2023-05-11',  'A detective becomes entangled in a mystery involving his missing daughter and a secret government program while investigating a string of reality-bending crimes.', 'https://image.tmdb.org/t/p/original/8FhKnPpql374qyyHAkZDld93IUw.jpg', 'https://image.tmdb.org/t/p/original/3IhGkkalwXguTlceGSl8XUJZOVI.jpg', 'https://www.youtube.com/watch?v=XAwpu4rQpeQ', 6.5, 'Released') ON CONFLICT DO NOTHING;
INSERT INTO movies (mediaId, runtime, budget, revenue, directorId, director) VALUES( 142, 94, 70000000, 9464308, 2294, 'Robert Rodriguez') ON CONFLICT DO NOTHING;
INSERT INTO genres (mediaId, genre) VALUES(142, 'Mystery') ON CONFLICT DO NOTHING;
INSERT INTO genres (mediaId, genre) VALUES(142, 'Thriller') ON CONFLICT DO NOTHING;
INSERT INTO genres (mediaId, genre) VALUES(142, 'Science Fiction') ON CONFLICT DO NOTHING;
INSERT INTO actors (mediaId, actorId , actorName, characterName, profilePath) VALUES(142, 880, 'Ben Affleck', 'Danny Rourke', 'https://image.tmdb.org/t/p/original/u525jeDOzg9hVdvYfeehTGnw7Aa.jpg') ON CONFLICT DO NOTHING;
INSERT INTO actors (mediaId, actorId , actorName, characterName, profilePath) VALUES(142, 8602, 'Alice Braga', 'Diana Cruz', 'https://image.tmdb.org/t/p/original/ykVmsm3For9dCBfWLRtTL0EU24b.jpg') ON CONFLICT DO NOTHING;
INSERT INTO actors (mediaId, actorId , actorName, characterName, profilePath) VALUES(142, 81391, 'J. D. Pardo', 'Nicks', 'https://image.tmdb.org/t/p/original/uS616imhPsa4kt8veloLGQffx6f.jpg') ON CONFLICT DO NOTHING;
INSERT INTO actors (mediaId, actorId , actorName, characterName, profilePath) VALUES(142, 1030512, 'Dayo Okeniyi', 'River', 'https://image.tmdb.org/t/p/original/7jcykjxyrzLa2NEwrw5cqov5dTP.jpg') ON CONFLICT DO NOTHING;
INSERT INTO actors (mediaId, actorId , actorName, characterName, profilePath) VALUES(142, 20495, 'Jeff Fahey', 'Carl', 'https://image.tmdb.org/t/p/original/zRu1ZmM7ekKwKbmXn3U0VjD8Wyd.jpg') ON CONFLICT DO NOTHING;
INSERT INTO actors (mediaId, actorId , actorName, characterName, profilePath) VALUES(142, 17183, 'Jackie Earle Haley', 'Jeremiah', 'https://image.tmdb.org/t/p/original/xDPeiyklN8f9Ilowsti4lGVbioj.jpg') ON CONFLICT DO NOTHING;
INSERT INTO actors (mediaId, actorId , actorName, characterName, profilePath) VALUES(142, 886, 'William Fichtner', 'Dellrayne', 'https://image.tmdb.org/t/p/original/wWtJOoaNAwPparpzMNuRBjvxwEf.jpg') ON CONFLICT DO NOTHING;
INSERT INTO actors (mediaId, actorId , actorName, characterName, profilePath) VALUES(142, 987572, 'Zane Holtz', 'Trout', 'https://image.tmdb.org/t/p/original/z5sXU2zOR59A3kfJTgwPObgrPhf.jpg') ON CONFLICT DO NOTHING;
INSERT INTO actors (mediaId, actorId , actorName, characterName, profilePath) VALUES(142, 3238977, 'Ruben Javier Caballero', 'Watkins', 'None') ON CONFLICT DO NOTHING;
INSERT INTO actors (mediaId, actorId , actorName, characterName, profilePath) VALUES(142, 115222, 'Kelly Frye', 'Viv', 'https://image.tmdb.org/t/p/original/k0l4aPBGTV5knP4SMJcxo79bMLv.jpg') ON CONFLICT DO NOTHING;
INSERT INTO media (mediaId, type, name, originalLanguage, adult, releaseDate, overview, backdropPath, posterPath, trailerLink, tmdbRating, status) VALUES(143, false, '3-D Sex and Zen: Extreme Ecstasy', 'cn', False, '2011-04-14',  'Loosely based on a 17th century erotic Chinese story named The Carnal Prayer Mat, the story follows a young scholar named Yangsheng who gets married to the beautiful daughter of a local merchant. When their sex life proves unsatisfactory, Yangsheng leaves home and journeys to the Pavilion of Ultimate Bliss.', 'https://image.tmdb.org/t/p/original/ryQbb26wl1ggtypXiZW0kjKZCrP.jpg', 'https://image.tmdb.org/t/p/original/mmvFokJgpFmNt522Hfpq3Zfs2Ra.jpg', 'https://www.youtube.com/watch?v=0OSMZPJbm_g', 5.4, 'Released') ON CONFLICT DO NOTHING;
INSERT INTO movies (mediaId, runtime, budget, revenue, directorId, director) VALUES( 143, 105, 3500000, 10308238, 548481, 'Christopher Sun') ON CONFLICT DO NOTHING;
INSERT INTO genres (mediaId, genre) VALUES(143, 'History') ON CONFLICT DO NOTHING;
INSERT INTO genres (mediaId, genre) VALUES(143, 'Romance') ON CONFLICT DO NOTHING;
INSERT INTO genres (mediaId, genre) VALUES(143, 'Drama') ON CONFLICT DO NOTHING;
INSERT INTO actors (mediaId, actorId , actorName, characterName, profilePath) VALUES(143, 1039927, 'Hiro Hayama', 'Wei Yangsheng', 'https://image.tmdb.org/t/p/original/gGF0DgY2OJmarMWcE9jdM7zWg8g.jpg') ON CONFLICT DO NOTHING;
INSERT INTO actors (mediaId, actorId , actorName, characterName, profilePath) VALUES(143, 548485, 'Leni Lan', 'Tie Yuxiang', 'https://image.tmdb.org/t/p/original/kaGwJAXURS2BubJSecSXlK8wDsC.jpg') ON CONFLICT DO NOTHING;
INSERT INTO actors (mediaId, actorId , actorName, characterName, profilePath) VALUES(143, 122158, 'Saori Hara', 'Ruizhu', 'https://image.tmdb.org/t/p/original/jIaYlo0zMRG2qLwH5yiDkifRlo7.jpg') ON CONFLICT DO NOTHING;
INSERT INTO actors (mediaId, actorId , actorName, characterName, profilePath) VALUES(143, 4097888, 'Vienna Lyn', 'Ruizhu (voice)', 'None') ON CONFLICT DO NOTHING;
INSERT INTO actors (mediaId, actorId , actorName, characterName, profilePath) VALUES(143, 548487, 'Yukiko Suo', 'Dongmei', 'https://image.tmdb.org/t/p/original/r4TfoZswL91YCDbdrB71TRFVaZ8.jpg') ON CONFLICT DO NOTHING;
INSERT INTO actors (mediaId, actorId , actorName, characterName, profilePath) VALUES(143, 1163353, 'Vonnie Lui', 'The Elder of Bliss', 'None') ON CONFLICT DO NOTHING;
INSERT INTO actors (mediaId, actorId , actorName, characterName, profilePath) VALUES(143, 138489, 'Tony Ho', 'Prince of Ning', 'https://image.tmdb.org/t/p/original/paQA7NquBfwRdGiCACSdzLPFvLG.jpg') ON CONFLICT DO NOTHING;
INSERT INTO actors (mediaId, actorId , actorName, characterName, profilePath) VALUES(143, 1169040, 'Kirt Kishita', 'Quan Laoshi', 'https://image.tmdb.org/t/p/original/oyTycQVnIwsd8Dbar4QgXW0Olua.jpg') ON CONFLICT DO NOTHING;
INSERT INTO actors (mediaId, actorId , actorName, characterName, profilePath) VALUES(143, 1613814, 'Jason Yiu', 'Scholar Shangguang Shun', 'None') ON CONFLICT DO NOTHING;
INSERT INTO actors (mediaId, actorId , actorName, characterName, profilePath) VALUES(143, 1613813, 'Carina Chan', 'Maid Xian Lan', 'None') ON CONFLICT DO NOTHING;
INSERT INTO media (mediaId, type, name, originalLanguage, adult, releaseDate, overview, backdropPath, posterPath, trailerLink, tmdbRating, status) VALUES(144, false, 'El hombre del saco', 'es', False, '2023-08-11',  'Explores the Spanish origins of the character''s story, where he is a tuberculosis patient from Almeria who will do anything to get well, even consuming the blood of the kids he kidnaps in a sack.', 'https://image.tmdb.org/t/p/original/eXX9PqCgbTVYnnlbGuAz7Lk4E86.jpg', 'https://image.tmdb.org/t/p/original/3EdqlGB2ACpnqsrtKhyacaPhzHK.jpg', 'None', 5.3, 'Released') ON CONFLICT DO NOTHING;
INSERT INTO movies (mediaId, runtime, budget, revenue, directorId, director) VALUES( 144, 0, 0, 0, 1720199, 'Ángel Gómez Hernández') ON CONFLICT DO NOTHING;
INSERT INTO genres (mediaId, genre) VALUES(144, 'Horror') ON CONFLICT DO NOTHING;
INSERT INTO genres (mediaId, genre) VALUES(144, 'Adventure') ON CONFLICT DO NOTHING;
INSERT INTO actors (mediaId, actorId , actorName, characterName, profilePath) VALUES(144, 111090, 'Javier Botet', 'El hombre del saco', 'https://image.tmdb.org/t/p/original/nuVbt1oreUUPPR0MhKKL7y6i9Dt.jpg') ON CONFLICT DO NOTHING;
INSERT INTO actors (mediaId, actorId , actorName, characterName, profilePath) VALUES(144, 67052, 'Macarena Gómez', 'Claudia', 'https://image.tmdb.org/t/p/original/2IDVZhGw13p6YdnZ8s2E8nGbMWQ.jpg') ON CONFLICT DO NOTHING;
INSERT INTO actors (mediaId, actorId , actorName, characterName, profilePath) VALUES(144, 592709, 'Manolo Solo', 'Aguirre', 'https://image.tmdb.org/t/p/original/qiUCKEbGarxLH5yQSkawaOJKNwP.jpg') ON CONFLICT DO NOTHING;
INSERT INTO actors (mediaId, actorId , actorName, characterName, profilePath) VALUES(144, 2619434, 'Iván Renedo', 'Lucas', 'https://image.tmdb.org/t/p/original/cuTed7Ov9L932GcNVgp0rLuJnFs.jpg') ON CONFLICT DO NOTHING;
INSERT INTO actors (mediaId, actorId , actorName, characterName, profilePath) VALUES(144, 1757605, 'Claudia Placer', 'Alicia', 'https://image.tmdb.org/t/p/original/ijhP6k5SOYLR9cWp1iuyUjbNdhv.jpg') ON CONFLICT DO NOTHING;
INSERT INTO actors (mediaId, actorId , actorName, characterName, profilePath) VALUES(144, 4005871, 'Lorca Gutiérrez Prada', 'Sergio', 'None') ON CONFLICT DO NOTHING;
INSERT INTO actors (mediaId, actorId , actorName, characterName, profilePath) VALUES(144, 2610316, 'Carla Tous', 'Paula', 'None') ON CONFLICT DO NOTHING;
INSERT INTO actors (mediaId, actorId , actorName, characterName, profilePath) VALUES(144, 3980934, 'Lucas de Blas', 'Alex', 'None') ON CONFLICT DO NOTHING;
INSERT INTO actors (mediaId, actorId , actorName, characterName, profilePath) VALUES(144, 4142289, 'Guillermo Novillo', 'Gabi', 'None') ON CONFLICT DO NOTHING;
INSERT INTO actors (mediaId, actorId , actorName, characterName, profilePath) VALUES(144, 2272490, 'Luna Fulgencio', 'Sara', 'https://image.tmdb.org/t/p/original/bg4TTV3Ix4S3AQWtvxDC0AkwwIw.jpg') ON CONFLICT DO NOTHING;
INSERT INTO media (mediaId, type, name, originalLanguage, adult, releaseDate, overview, backdropPath, posterPath, trailerLink, tmdbRating, status) VALUES(145, false, 'The Burial', 'en', False, '2023-10-06',  'When a handshake deal goes sour, funeral home owner Jeremiah O''Keefe enlists charismatic, smooth-talking attorney Willie E. Gary to save his family business. Tempers flare and laughter ensues as the unlikely pair bond while exposing corporate corruption and racial injustice.', 'https://image.tmdb.org/t/p/original/aOI3o06xhCgLmA6Bcpm4KRDeMXF.jpg', 'https://image.tmdb.org/t/p/original/9ssNSfNKpzZwhbFsnW3wa82m2sG.jpg', 'https://www.youtube.com/watch?v=ZOhIdaufd3Q', 7.4, 'Released') ON CONFLICT DO NOTHING;
INSERT INTO movies (mediaId, runtime, budget, revenue, directorId, director) VALUES( 145, 127, 0, 0, 1667819, 'Margaret Betts') ON CONFLICT DO NOTHING;
INSERT INTO genres (mediaId, genre) VALUES(145, 'Comedy') ON CONFLICT DO NOTHING;
INSERT INTO genres (mediaId, genre) VALUES(145, 'Drama') ON CONFLICT DO NOTHING;
INSERT INTO actors (mediaId, actorId , actorName, characterName, profilePath) VALUES(145, 134, 'Jamie Foxx', 'Willie E. Gary', 'https://image.tmdb.org/t/p/original/zD8Nsy4Xrghp7WunwpCj5JKBPeU.jpg') ON CONFLICT DO NOTHING;
INSERT INTO actors (mediaId, actorId , actorName, characterName, profilePath) VALUES(145, 2176, 'Tommy Lee Jones', 'Jeremiah O''Keefe', 'https://image.tmdb.org/t/p/original/zixpaPmOonRh1I3TWgxDkeGxkrv.jpg') ON CONFLICT DO NOTHING;
INSERT INTO actors (mediaId, actorId , actorName, characterName, profilePath) VALUES(145, 2394, 'Alan Ruck', 'Mike Allred', 'https://image.tmdb.org/t/p/original/hj7CuWinT12hMKjRhSO4XEMVq7w.jpg') ON CONFLICT DO NOTHING;
INSERT INTO actors (mediaId, actorId , actorName, characterName, profilePath) VALUES(145, 59017, 'Jurnee Smollett', 'Mame Downes', 'https://image.tmdb.org/t/p/original/ohvV70Ar4rlL5I3WzxQGtRjpsgS.jpg') ON CONFLICT DO NOTHING;
INSERT INTO actors (mediaId, actorId , actorName, characterName, profilePath) VALUES(145, 1639848, 'Mamoudou Athie', 'Hal Dockins', 'https://image.tmdb.org/t/p/original/iPx1s7EuBEmty7MXdKSBpEBsGYT.jpg') ON CONFLICT DO NOTHING;
INSERT INTO actors (mediaId, actorId , actorName, characterName, profilePath) VALUES(145, 14699, 'Pamela Reed', 'Annette O''Keefe', 'https://image.tmdb.org/t/p/original/pPsMMcgtpvAqtGd7razqXJHWagn.jpg') ON CONFLICT DO NOTHING;
INSERT INTO actors (mediaId, actorId , actorName, characterName, profilePath) VALUES(145, 121718, 'Bill Camp', 'Ray Loewen', 'https://image.tmdb.org/t/p/original/yZFata0EVr7TbIAz8vZFyiDKDts.jpg') ON CONFLICT DO NOTHING;
INSERT INTO actors (mediaId, actorId , actorName, characterName, profilePath) VALUES(145, 1170657, 'Amanda Warren', 'Gioria Gary', 'https://image.tmdb.org/t/p/original/zoI2ejKVCDs7dy7RL1hGVOHOaXo.jpg') ON CONFLICT DO NOTHING;
INSERT INTO actors (mediaId, actorId , actorName, characterName, profilePath) VALUES(145, 26718, 'Dorian Missick', 'Reggie Douglas', 'https://image.tmdb.org/t/p/original/n1Wsh7AZjsWcanQrTLwjZvGKw66.jpg') ON CONFLICT DO NOTHING;
INSERT INTO actors (mediaId, actorId , actorName, characterName, profilePath) VALUES(145, 3618710, 'Teisha Speight', 'Boy''s Mother', 'https://image.tmdb.org/t/p/original/odz1BIzA7paQN7qhIOcITpfA6wd.jpg') ON CONFLICT DO NOTHING;
INSERT INTO media (mediaId, type, name, originalLanguage, adult, releaseDate, overview, backdropPath, posterPath, trailerLink, tmdbRating, status) VALUES(146, false, 'After We Fell', 'en', False, '2021-09-01',  'Just as Tessa''s life begins to become unglued, nothing is what she thought it would be. Not her friends nor her family. The only person that she should be able to rely on is Hardin, who is furious when he discovers the massive secret that she''s been keeping. Before Tessa makes the biggest decision of her life, everything changes because of revelations about her family.', 'https://image.tmdb.org/t/p/original/mxdiaM2tsx8M6W3zLgiPwAkhQfq.jpg', 'https://image.tmdb.org/t/p/original/dU4HfnTEJDf9KvxGS9hgO7BVeju.jpg', 'https://www.youtube.com/watch?v=NYdNN6C9hfI', 7.1, 'Released') ON CONFLICT DO NOTHING;
INSERT INTO movies (mediaId, runtime, budget, revenue, directorId, director) VALUES( 146, 99, 14000000, 21800000, 1448492, 'Castille Landon') ON CONFLICT DO NOTHING;
INSERT INTO genres (mediaId, genre) VALUES(146, 'Romance') ON CONFLICT DO NOTHING;
INSERT INTO genres (mediaId, genre) VALUES(146, 'Drama') ON CONFLICT DO NOTHING;
INSERT INTO actors (mediaId, actorId , actorName, characterName, profilePath) VALUES(146, 1753914, 'Josephine Langford', 'Tessa Young', 'https://image.tmdb.org/t/p/original/8Fj1UIFRJA0B5Zo22KwML5d3Mr3.jpg') ON CONFLICT DO NOTHING;
INSERT INTO actors (mediaId, actorId , actorName, characterName, profilePath) VALUES(146, 1114487, 'Hero Fiennes Tiffin', 'Hardin Scott', 'https://image.tmdb.org/t/p/original/6zMrrZvOMH6uGwEFoK0Uo8sZvxL.jpg') ON CONFLICT DO NOTHING;
INSERT INTO actors (mediaId, actorId , actorName, characterName, profilePath) VALUES(146, 20805, 'Louise Lombard', 'Trish Daniels', 'https://image.tmdb.org/t/p/original/6znYbOI2Z8PfzZ6p9jHG5QdAeb2.jpg') ON CONFLICT DO NOTHING;
INSERT INTO actors (mediaId, actorId , actorName, characterName, profilePath) VALUES(146, 2035329, 'Chance Perdomo', 'Landon Gibson', 'https://image.tmdb.org/t/p/original/xRRDtdHhTewrKMj5cpcmEkPNmuP.jpg') ON CONFLICT DO NOTHING;
INSERT INTO actors (mediaId, actorId , actorName, characterName, profilePath) VALUES(146, 20960, 'Rob Estes', 'Ken Scott', 'https://image.tmdb.org/t/p/original/b24y5Tv4A8DUjkfYpJ1l1qpkhyv.jpg') ON CONFLICT DO NOTHING;
INSERT INTO actors (mediaId, actorId , actorName, characterName, profilePath) VALUES(146, 20373, 'Arielle Kebbel', 'Kimberly "Kim" Vance', 'https://image.tmdb.org/t/p/original/dmYiAeWoeVsRdT4UBBGuW9gBfjQ.jpg') ON CONFLICT DO NOTHING;
INSERT INTO actors (mediaId, actorId , actorName, characterName, profilePath) VALUES(146, 32203, 'Stephen Moyer', 'Christian Vance', 'https://image.tmdb.org/t/p/original/xprwOCXa2cNkjhrGtcJp0VfJMlZ.jpg') ON CONFLICT DO NOTHING;
INSERT INTO actors (mediaId, actorId , actorName, characterName, profilePath) VALUES(146, 23931, 'Mira Sorvino', 'Carol Young', 'https://image.tmdb.org/t/p/original/11raFiNo7QfisH44v3NIfpVvIz5.jpg') ON CONFLICT DO NOTHING;
INSERT INTO actors (mediaId, actorId , actorName, characterName, profilePath) VALUES(146, 1845809, 'Frances Turner', 'Karen Scott', 'https://image.tmdb.org/t/p/original/gc89yMClEPTRmB0eIJ2hh0sQEIV.jpg') ON CONFLICT DO NOTHING;
INSERT INTO actors (mediaId, actorId , actorName, characterName, profilePath) VALUES(146, 142115, 'Kiana Madeira', 'Nora', 'https://image.tmdb.org/t/p/original/HgCI95xnSZJaE18d15n7PykOU7.jpg') ON CONFLICT DO NOTHING;
INSERT INTO providers (mediaId, providerId, providerName, logoPath) VALUES( 146, 2, 'Apple TV', 'https://image.tmdb.org/t/p/original/peURlLlr8jggOwK53fJ5wdQl05y.jpg') ON CONFLICT DO NOTHING;
INSERT INTO providers (mediaId, providerId, providerName, logoPath) VALUES( 146, 3, 'Google Play Movies', 'https://image.tmdb.org/t/p/original/tbEdFQDwx5LEVr8WpSeXQSIirVq.jpg') ON CONFLICT DO NOTHING;
INSERT INTO providers (mediaId, providerId, providerName, logoPath) VALUES( 146, 167, 'Claro video', 'https://image.tmdb.org/t/p/original/lJT7r1nprk1Z8t1ywiIa8h9d3rc.jpg') ON CONFLICT DO NOTHING;
INSERT INTO providers (mediaId, providerId, providerName, logoPath) VALUES( 146, 10, 'Amazon Video', 'https://image.tmdb.org/t/p/original/5NyLm42TmCqCMOZFvH4fcoSNKEW.jpg') ON CONFLICT DO NOTHING;
INSERT INTO media (mediaId, type, name, originalLanguage, adult, releaseDate, overview, backdropPath, posterPath, trailerLink, tmdbRating, status) VALUES(147, false, 'Ghost in the Shell: SAC_2045 Sustainable War', 'ja', False, '2021-12-21',  'In the year 2045, after an economic disaster known as the Synchronized Global Default, rapid developments in AI propelled the world to enter a state of "Sustainable War". However, the public is not aware of the threat that AI has towards the human race.  A compilation film with newly added footage.', 'https://image.tmdb.org/t/p/original/htLu9YpLJCXk56GAHuFDnj8oadV.jpg', 'https://image.tmdb.org/t/p/original/kNTvGWDTxb2spAp9SRLNfOo7kCM.jpg', 'https://www.youtube.com/watch?v=z3oX8EZ-oMU', 7.2, 'Released') ON CONFLICT DO NOTHING;
INSERT INTO movies (mediaId, runtime, budget, revenue, directorId, director) VALUES( 147, 118, 0, 0, 16137, 'Kenji Kamiyama') ON CONFLICT DO NOTHING;
INSERT INTO genres (mediaId, genre) VALUES(147, 'Animation') ON CONFLICT DO NOTHING;
INSERT INTO genres (mediaId, genre) VALUES(147, 'Action') ON CONFLICT DO NOTHING;
INSERT INTO genres (mediaId, genre) VALUES(147, 'Science Fiction') ON CONFLICT DO NOTHING;
INSERT INTO actors (mediaId, actorId , actorName, characterName, profilePath) VALUES(147, 34923, 'Atsuko Tanaka', 'Motoko Kusanagi (voice)', 'https://image.tmdb.org/t/p/original/pXcJZCWA9uzZLH7vqU8M6KpAP3Z.jpg') ON CONFLICT DO NOTHING;
INSERT INTO actors (mediaId, actorId , actorName, characterName, profilePath) VALUES(147, 83932, 'Osamu Saka', 'Daisuke Aramaki (voice)', 'https://image.tmdb.org/t/p/original/dMA7sQj9B02DolELBRFOynsw8Zv.jpg') ON CONFLICT DO NOTHING;
INSERT INTO actors (mediaId, actorId , actorName, characterName, profilePath) VALUES(147, 40451, 'Akio Otsuka', 'Batou (voice)', 'https://image.tmdb.org/t/p/original/fBgebh93VAJC9lIVdB8JmFtdixL.jpg') ON CONFLICT DO NOTHING;
INSERT INTO actors (mediaId, actorId , actorName, characterName, profilePath) VALUES(147, 20664, 'Koichi Yamadera', 'Togusa (voice)', 'https://image.tmdb.org/t/p/original/biov5jENp2XYfehkcdnRvi796Wi.jpg') ON CONFLICT DO NOTHING;
INSERT INTO actors (mediaId, actorId , actorName, characterName, profilePath) VALUES(147, 83933, 'Yutaka Nakano', 'Ishikawa (voice)', 'https://image.tmdb.org/t/p/original/qpI179YMdnMPaiH2rqieep3SYC3.jpg') ON CONFLICT DO NOTHING;
INSERT INTO actors (mediaId, actorId , actorName, characterName, profilePath) VALUES(147, 9719, 'Toru Okawa', 'Saito (voice)', 'https://image.tmdb.org/t/p/original/nomHObaqAsFa5hJBfbTS1baIZtm.jpg') ON CONFLICT DO NOTHING;
INSERT INTO actors (mediaId, actorId , actorName, characterName, profilePath) VALUES(147, 83935, 'Takashi Onozuka', 'Paz (voice)', 'https://image.tmdb.org/t/p/original/9WVRLtiUrfYnPIqEeDtLDYCKYa9.jpg') ON CONFLICT DO NOTHING;
INSERT INTO actors (mediaId, actorId , actorName, characterName, profilePath) VALUES(147, 83936, 'Taro Yamaguchi', 'Borma (voice)', 'https://image.tmdb.org/t/p/original/4fJMC6twt0WZdbj5dBDVPi8rdKh.jpg') ON CONFLICT DO NOTHING;
INSERT INTO actors (mediaId, actorId , actorName, characterName, profilePath) VALUES(147, 83937, 'Sakiko Tamagawa', 'Tachikoma (voice)', 'https://image.tmdb.org/t/p/original/652TiFmGTnXmx0s3yvZsQcwPBvd.jpg') ON CONFLICT DO NOTHING;
INSERT INTO actors (mediaId, actorId , actorName, characterName, profilePath) VALUES(147, 1164931, 'Megumi Han', 'Purin Esaki (voice)', 'https://image.tmdb.org/t/p/original/52XQZeQRl8GkNZtqUHl17zWuZpD.jpg') ON CONFLICT DO NOTHING;
INSERT INTO media (mediaId, type, name, originalLanguage, adult, releaseDate, overview, backdropPath, posterPath, trailerLink, tmdbRating, status) VALUES(148, false, 'Murder City', 'en', False, '2023-06-29',  'A disgraced former cop finds himself working for a ruthless female kingpin to pay off his estranged father’s debt and protect his family.', 'https://image.tmdb.org/t/p/original/j7FwgVFjpsToIJ5Lt5y2K4N5pKm.jpg', 'https://image.tmdb.org/t/p/original/gZ1YbdkwyTCmVxZxh1otFnMEnOs.jpg', 'https://www.youtube.com/watch?v=g1ElFfl_7JU', 7.4, 'Released') ON CONFLICT DO NOTHING;
INSERT INTO movies (mediaId, runtime, budget, revenue, directorId, director) VALUES( 148, 85, 0, 0, 133790, 'Michael D. Olmos') ON CONFLICT DO NOTHING;
INSERT INTO genres (mediaId, genre) VALUES(148, 'Crime') ON CONFLICT DO NOTHING;
INSERT INTO genres (mediaId, genre) VALUES(148, 'Thriller') ON CONFLICT DO NOTHING;
INSERT INTO genres (mediaId, genre) VALUES(148, 'Action') ON CONFLICT DO NOTHING;
INSERT INTO actors (mediaId, actorId , actorName, characterName, profilePath) VALUES(148, 450, 'Mike Colter', 'Neil', 'https://image.tmdb.org/t/p/original/hy6gReVCDUtkP9r01OArQXSYnKd.jpg') ON CONFLICT DO NOTHING;
INSERT INTO actors (mediaId, actorId , actorName, characterName, profilePath) VALUES(148, 929937, 'Stephanie Sigman', 'Ash', 'https://image.tmdb.org/t/p/original/9ZOVeNIGXziOXBSDNu60pvzuKrs.jpg') ON CONFLICT DO NOTHING;
INSERT INTO actors (mediaId, actorId , actorName, characterName, profilePath) VALUES(148, 84878, 'Antonio Fargas', 'Graham', 'https://image.tmdb.org/t/p/original/tolJfiTpIsVfqijPZ2UroUswwyr.jpg') ON CONFLICT DO NOTHING;
INSERT INTO actors (mediaId, actorId , actorName, characterName, profilePath) VALUES(148, 2008558, 'James Udom', 'Laz', 'https://image.tmdb.org/t/p/original/jsu1DOxQaRc10Hw6rcvgvpsRKKH.jpg') ON CONFLICT DO NOTHING;
INSERT INTO actors (mediaId, actorId , actorName, characterName, profilePath) VALUES(148, 1935340, 'Medina Senghore', 'Molly', 'https://image.tmdb.org/t/p/original/2d7W6q6ODjjhd61u92SGaZyuA3g.jpg') ON CONFLICT DO NOTHING;
INSERT INTO actors (mediaId, actorId , actorName, characterName, profilePath) VALUES(148, 113563, 'Rhys Coiro', 'Manny', 'https://image.tmdb.org/t/p/original/pjPbrZHU0kJUiMOPYfxK8FeBwWQ.jpg') ON CONFLICT DO NOTHING;
INSERT INTO actors (mediaId, actorId , actorName, characterName, profilePath) VALUES(148, 1842924, 'Steven Prescod', 'Spencer', 'https://image.tmdb.org/t/p/original/kxDOLG5FmaDSKT1ZtrgDW0Kzw4M.jpg') ON CONFLICT DO NOTHING;
INSERT INTO actors (mediaId, actorId , actorName, characterName, profilePath) VALUES(148, 2998402, 'Cedric Joe', 'Mooch', 'https://image.tmdb.org/t/p/original/2LXuhY0h5MlxLu7X55w4oAiVDWP.jpg') ON CONFLICT DO NOTHING;
INSERT INTO actors (mediaId, actorId , actorName, characterName, profilePath) VALUES(148, 1750531, 'Isaiah C. Morgan', 'Trevor', 'https://image.tmdb.org/t/p/original/6TKMu9g8ZGS3dbpd5P4eWDGEn2M.jpg') ON CONFLICT DO NOTHING;
INSERT INTO actors (mediaId, actorId , actorName, characterName, profilePath) VALUES(148, 2290085, 'Keyon Bowman', 'Junior', 'None') ON CONFLICT DO NOTHING;
INSERT INTO media (mediaId, type, name, originalLanguage, adult, releaseDate, overview, backdropPath, posterPath, trailerLink, tmdbRating, status) VALUES(149, false, 'The Equalizer 2', 'en', False, '2018-07-19',  'Robert McCall, who serves an unflinching justice for the exploited and oppressed, embarks on a relentless, globe-trotting quest for vengeance when a long-time girl friend is murdered.', 'https://image.tmdb.org/t/p/original/z7noaCJ4KtmhwHw7QcNtnMMo4Qy.jpg', 'https://image.tmdb.org/t/p/original/cQvc9N6JiMVKqol3wcYrGshsIdZ.jpg', 'https://www.youtube.com/watch?v=EiaVnU18pcs', 6.7, 'Released') ON CONFLICT DO NOTHING;
INSERT INTO movies (mediaId, runtime, budget, revenue, directorId, director) VALUES( 149, 121, 62000000, 190400157, 20907, 'Antoine Fuqua') ON CONFLICT DO NOTHING;
INSERT INTO genres (mediaId, genre) VALUES(149, 'Action') ON CONFLICT DO NOTHING;
INSERT INTO genres (mediaId, genre) VALUES(149, 'Thriller') ON CONFLICT DO NOTHING;
INSERT INTO genres (mediaId, genre) VALUES(149, 'Crime') ON CONFLICT DO NOTHING;
INSERT INTO actors (mediaId, actorId , actorName, characterName, profilePath) VALUES(149, 5292, 'Denzel Washington', 'Robert McCall', 'https://image.tmdb.org/t/p/original/jj2Gcobpopokal0YstuCQW0ldJ4.jpg') ON CONFLICT DO NOTHING;
INSERT INTO actors (mediaId, actorId , actorName, characterName, profilePath) VALUES(149, 1253360, 'Pedro Pascal', 'Dave York', 'https://image.tmdb.org/t/p/original/nms0d0ExYtiOke82oqr3vOb3smF.jpg') ON CONFLICT DO NOTHING;
INSERT INTO actors (mediaId, actorId , actorName, characterName, profilePath) VALUES(149, 1152019, 'Ashton Sanders', 'Miles Whittaker', 'https://image.tmdb.org/t/p/original/2hMKOd6TLQWwLAS6ztUcZj8IZAC.jpg') ON CONFLICT DO NOTHING;
INSERT INTO actors (mediaId, actorId , actorName, characterName, profilePath) VALUES(149, 863, 'Orson Bean', 'Sam Rubinstein', 'https://image.tmdb.org/t/p/original/kcMc3ZdcSZzt4ZNpcvsNM7gWrK6.jpg') ON CONFLICT DO NOTHING;
INSERT INTO actors (mediaId, actorId , actorName, characterName, profilePath) VALUES(149, 8984, 'Bill Pullman', 'Brian Plummer', 'https://image.tmdb.org/t/p/original/AlLhgmcX5zh3frPT82OSPY9gqXO.jpg') ON CONFLICT DO NOTHING;
INSERT INTO actors (mediaId, actorId , actorName, characterName, profilePath) VALUES(149, 6832, 'Melissa Leo', 'Susan Plummer', 'https://image.tmdb.org/t/p/original/ueAIX0MH68xCei3N8vFLS0EUEjY.jpg') ON CONFLICT DO NOTHING;
INSERT INTO actors (mediaId, actorId , actorName, characterName, profilePath) VALUES(149, 152831, 'Jonathan Scarfe', 'Resnik', 'https://image.tmdb.org/t/p/original/vVkvdi33vVCc2nkGbqXqCzQFl34.jpg') ON CONFLICT DO NOTHING;
INSERT INTO actors (mediaId, actorId , actorName, characterName, profilePath) VALUES(149, 34200, 'Sakina Jaffrey', 'Fatima', 'https://image.tmdb.org/t/p/original/yuKSlyPaMo4k59pz0yrX7oydqvA.jpg') ON CONFLICT DO NOTHING;
INSERT INTO actors (mediaId, actorId , actorName, characterName, profilePath) VALUES(149, 1110069, 'Kazy Tauginas', 'Ari', 'https://image.tmdb.org/t/p/original/xjyyAgBORgnsBzC4yq4v0hGCdlz.jpg') ON CONFLICT DO NOTHING;
INSERT INTO actors (mediaId, actorId , actorName, characterName, profilePath) VALUES(149, 2090144, 'Garrett Golden', 'Kovac', 'None') ON CONFLICT DO NOTHING;
INSERT INTO providers (mediaId, providerId, providerName, logoPath) VALUES( 149, 2, 'Apple TV', 'https://image.tmdb.org/t/p/original/peURlLlr8jggOwK53fJ5wdQl05y.jpg') ON CONFLICT DO NOTHING;
INSERT INTO providers (mediaId, providerId, providerName, logoPath) VALUES( 149, 3, 'Google Play Movies', 'https://image.tmdb.org/t/p/original/tbEdFQDwx5LEVr8WpSeXQSIirVq.jpg') ON CONFLICT DO NOTHING;
INSERT INTO providers (mediaId, providerId, providerName, logoPath) VALUES( 149, 339, 'Movistar Play', 'https://image.tmdb.org/t/p/original/cDzkhgvozSr4GW2aRdV22uDuFpw.jpg') ON CONFLICT DO NOTHING;
INSERT INTO media (mediaId, type, name, originalLanguage, adult, releaseDate, overview, backdropPath, posterPath, trailerLink, tmdbRating, status) VALUES(150, false, 'Red Dawn', 'en', False, '1984-08-10',  'It is the dawn of World War III. In mid-western America, a group of teenagers band together to defend their town—and their country—from invading Soviet forces.', 'https://image.tmdb.org/t/p/original/9fOfsVHZHig6MHPHczv0zMY6cKc.jpg', 'https://image.tmdb.org/t/p/original/a2GkHcioc2QEFJbQk1NTB85u3vD.jpg', 'https://www.youtube.com/watch?v=kZLLKwFpFG4', 6.3, 'Released') ON CONFLICT DO NOTHING;
INSERT INTO movies (mediaId, runtime, budget, revenue, directorId, director) VALUES( 150, 114, 17000000, 38376497, 8328, 'John Milius') ON CONFLICT DO NOTHING;
INSERT INTO genres (mediaId, genre) VALUES(150, 'Action') ON CONFLICT DO NOTHING;
INSERT INTO genres (mediaId, genre) VALUES(150, 'Thriller') ON CONFLICT DO NOTHING;
INSERT INTO genres (mediaId, genre) VALUES(150, 'War') ON CONFLICT DO NOTHING;
INSERT INTO genres (mediaId, genre) VALUES(150, 'Drama') ON CONFLICT DO NOTHING;
INSERT INTO actors (mediaId, actorId , actorName, characterName, profilePath) VALUES(150, 723, 'Patrick Swayze', 'Jed', 'https://image.tmdb.org/t/p/original/md10KJbLxmOZMD9dvebySJR9qE7.jpg') ON CONFLICT DO NOTHING;
INSERT INTO actors (mediaId, actorId , actorName, characterName, profilePath) VALUES(150, 6952, 'Charlie Sheen', 'Matt', 'https://image.tmdb.org/t/p/original/npEqnIw321opMKuu3lsFNKNKQdX.jpg') ON CONFLICT DO NOTHING;
INSERT INTO actors (mediaId, actorId , actorName, characterName, profilePath) VALUES(150, 2878, 'C. Thomas Howell', 'Robert', 'https://image.tmdb.org/t/p/original/739YbFWpAYyo9neHvBGThgmT4YH.jpg') ON CONFLICT DO NOTHING;
INSERT INTO actors (mediaId, actorId , actorName, characterName, profilePath) VALUES(150, 1063, 'Lea Thompson', 'Erica', 'https://image.tmdb.org/t/p/original/85E9NTEfkRdUdK4kTrrnk5of25w.jpg') ON CONFLICT DO NOTHING;
INSERT INTO actors (mediaId, actorId , actorName, characterName, profilePath) VALUES(150, 2884, 'Darren Dalton', 'Daryl', 'https://image.tmdb.org/t/p/original/1wN9qopLWKS7PnJrRB0mR3XWwOQ.jpg') ON CONFLICT DO NOTHING;
INSERT INTO actors (mediaId, actorId , actorName, characterName, profilePath) VALUES(150, 722, 'Jennifer Grey', 'Toni', 'https://image.tmdb.org/t/p/original/dY8mECHnrLvr4UQr61Ym78cakoA.jpg') ON CONFLICT DO NOTHING;
INSERT INTO actors (mediaId, actorId , actorName, characterName, profilePath) VALUES(150, 6280, 'Powers Boothe', 'Lt. Col. Andrew ''Andy'' Tanner', 'https://image.tmdb.org/t/p/original/dOwVFE10FgpLXrKhPdEAplpESjR.jpg') ON CONFLICT DO NOTHING;
INSERT INTO actors (mediaId, actorId , actorName, characterName, profilePath) VALUES(150, 19737, 'Brad Savage', 'Danny', 'https://image.tmdb.org/t/p/original/wmmtbypvyJQy26zrldTAXpWPrEF.jpg') ON CONFLICT DO NOTHING;
INSERT INTO actors (mediaId, actorId , actorName, characterName, profilePath) VALUES(150, 8258, 'Ben Johnson', 'Mr. Mason', 'https://image.tmdb.org/t/p/original/VJYWJAOLcLE1WyG1v8W2h7TahA.jpg') ON CONFLICT DO NOTHING;
INSERT INTO actors (mediaId, actorId , actorName, characterName, profilePath) VALUES(150, 5048, 'Harry Dean Stanton', 'Mr. Eckert', 'https://image.tmdb.org/t/p/original/197UiLVdxPOv8196sqmUpJzOQB5.jpg') ON CONFLICT DO NOTHING;
INSERT INTO media (mediaId, type, name, originalLanguage, adult, releaseDate, overview, backdropPath, posterPath, trailerLink, tmdbRating, status) VALUES(151, false, 'H4Z4RD', 'nl', False, '2022-07-20',  'Noah loves his girlfriend Lea and their daughter Zita dearly, just about as much as his extremely pimped car with vanity plate “H4Z4RD”. When his cousin offers him a seemingly simple job as a driver, it soon turns into an unlikely and nerve-racking race through Antwerp, which can only result in the end of Noah, his family or the car…', 'https://image.tmdb.org/t/p/original/vcQQx1z5iUbqZ3uJXvfCCMN3HPb.jpg', 'https://image.tmdb.org/t/p/original/1dviyIqBrbnigrbodIvfMQj8mJ0.jpg', 'https://www.youtube.com/watch?v=1ltg6AA3xMM', 6.2, 'Released') ON CONFLICT DO NOTHING;
INSERT INTO movies (mediaId, runtime, budget, revenue, directorId, director) VALUES( 151, 87, 0, 0, 1347555, 'Jonas Govaerts') ON CONFLICT DO NOTHING;
INSERT INTO genres (mediaId, genre) VALUES(151, 'Action') ON CONFLICT DO NOTHING;
INSERT INTO genres (mediaId, genre) VALUES(151, 'Comedy') ON CONFLICT DO NOTHING;
INSERT INTO actors (mediaId, actorId , actorName, characterName, profilePath) VALUES(151, 1566387, 'Dimitri Vegas', 'Noah', 'https://image.tmdb.org/t/p/original/9ptaZWbnPgZwcF9Rth8q4Lnd2Tw.jpg') ON CONFLICT DO NOTHING;
INSERT INTO actors (mediaId, actorId , actorName, characterName, profilePath) VALUES(151, 1937116, 'Jennifer Heylen', 'Lea', 'https://image.tmdb.org/t/p/original/3fHBkxGIF8Ws2uq57KEtn5lMSLd.jpg') ON CONFLICT DO NOTHING;
INSERT INTO actors (mediaId, actorId , actorName, characterName, profilePath) VALUES(151, 236901, 'Jeroen Perceval', '', 'https://image.tmdb.org/t/p/original/5qDLRP3DLFsEBZ6ZOUUSE1zsESX.jpg') ON CONFLICT DO NOTHING;
INSERT INTO actors (mediaId, actorId , actorName, characterName, profilePath) VALUES(151, 41356, 'Monic Hendrickx', 'Madam Brasschaat', 'https://image.tmdb.org/t/p/original/e8wYKDH0LNMyjrl8533p9y2kOj4.jpg') ON CONFLICT DO NOTHING;
INSERT INTO actors (mediaId, actorId , actorName, characterName, profilePath) VALUES(151, 43643, 'Frank Lammers', '', 'https://image.tmdb.org/t/p/original/rGIikThUCilyt8rgHkeJAxxEhCO.jpg') ON CONFLICT DO NOTHING;
INSERT INTO actors (mediaId, actorId , actorName, characterName, profilePath) VALUES(151, 1439988, 'Tom Vermeir', '', 'https://image.tmdb.org/t/p/original/3sX6JZ1KRdUcWSraAr4ACRieu9M.jpg') ON CONFLICT DO NOTHING;
INSERT INTO actors (mediaId, actorId , actorName, characterName, profilePath) VALUES(151, 2900070, 'Emilie De Roo', '', 'https://image.tmdb.org/t/p/original/pWKlB1HMLgIGA0sIOx8XSLqYhwK.jpg') ON CONFLICT DO NOTHING;
INSERT INTO actors (mediaId, actorId , actorName, characterName, profilePath) VALUES(151, 1913732, 'Gene Bervoets', '', 'https://image.tmdb.org/t/p/original/4R6nme1YDzI5bOuUkgBmKXspXEh.jpg') ON CONFLICT DO NOTHING;
INSERT INTO actors (mediaId, actorId , actorName, characterName, profilePath) VALUES(151, 3541765, 'Mila Rooms', 'Zita', 'None') ON CONFLICT DO NOTHING;
INSERT INTO media (mediaId, type, name, originalLanguage, adult, releaseDate, overview, backdropPath, posterPath, trailerLink, tmdbRating, status) VALUES(152, false, 'Stalker', 'en', False, '2020-08-31',  'A young man’s budding romance is threatened when he befriends a strange ride share driver.', 'https://image.tmdb.org/t/p/original/uJN9BXZuFOqKGcuBsyUBDNUXRgJ.jpg', 'https://image.tmdb.org/t/p/original/xdMkNBCMl4sMKD0gJ1lb05wpnA3.jpg', 'https://www.youtube.com/watch?v=d7GFD4a5mX8', 5.3, 'Released') ON CONFLICT DO NOTHING;
INSERT INTO movies (mediaId, runtime, budget, revenue, directorId, director) VALUES( 152, 86, 0, 0, 1650336, 'Tyler Savage') ON CONFLICT DO NOTHING;
INSERT INTO genres (mediaId, genre) VALUES(152, 'Thriller') ON CONFLICT DO NOTHING;
INSERT INTO genres (mediaId, genre) VALUES(152, 'Horror') ON CONFLICT DO NOTHING;
INSERT INTO actors (mediaId, actorId , actorName, characterName, profilePath) VALUES(152, 1705254, 'Vincent Van Horn', 'Andy', 'None') ON CONFLICT DO NOTHING;
INSERT INTO actors (mediaId, actorId , actorName, characterName, profilePath) VALUES(152, 1624486, 'Christine Ko', 'Sam', 'https://image.tmdb.org/t/p/original/3sC2NuCWAs5YXf4V3PWgTTNH67B.jpg') ON CONFLICT DO NOTHING;
INSERT INTO actors (mediaId, actorId , actorName, characterName, profilePath) VALUES(152, 1617024, 'Michael Joplin', 'Roger', 'None') ON CONFLICT DO NOTHING;
INSERT INTO actors (mediaId, actorId , actorName, characterName, profilePath) VALUES(152, 985713, 'Dusty Sorg', 'Cheeto', 'https://image.tmdb.org/t/p/original/zVCZgvAOpdkA50NU1vy4GIDojx6.jpg') ON CONFLICT DO NOTHING;
INSERT INTO actors (mediaId, actorId , actorName, characterName, profilePath) VALUES(152, 1085515, 'Carla Valentine', 'Officer Moore', 'https://image.tmdb.org/t/p/original/rkuve2UTK1PUa2zDXu3VBbD5Pr9.jpg') ON CONFLICT DO NOTHING;
INSERT INTO actors (mediaId, actorId , actorName, characterName, profilePath) VALUES(152, 60062, 'Scott Subiono', 'Officer Dawson', 'https://image.tmdb.org/t/p/original/r0xy019yATZzwPqm8tcKuFNInnh.jpg') ON CONFLICT DO NOTHING;
INSERT INTO actors (mediaId, actorId , actorName, characterName, profilePath) VALUES(152, 28864, 'Landry Allbright', 'Erin', 'https://image.tmdb.org/t/p/original/vTjroX0wuJlOtgSjev1mzAjSpGv.jpg') ON CONFLICT DO NOTHING;
INSERT INTO actors (mediaId, actorId , actorName, characterName, profilePath) VALUES(152, 45245, 'Paula Jai Parker', 'Evelyn', 'https://image.tmdb.org/t/p/original/rhVirscmHtZvI3v7ZMD1TdJfDcE.jpg') ON CONFLICT DO NOTHING;
INSERT INTO actors (mediaId, actorId , actorName, characterName, profilePath) VALUES(152, 1355603, 'Stephanie Barkley', 'Kim', 'https://image.tmdb.org/t/p/original/rEMvfT8dQEUSFkx3TohSN7WdQvm.jpg') ON CONFLICT DO NOTHING;
INSERT INTO actors (mediaId, actorId , actorName, characterName, profilePath) VALUES(152, 1637559, 'Hailee Lautenbach', 'Gracie', 'https://image.tmdb.org/t/p/original/q3gQSZldtp72nE4cmmBj1NThJep.jpg') ON CONFLICT DO NOTHING;
INSERT INTO providers (mediaId, providerId, providerName, logoPath) VALUES( 152, 2, 'Apple TV', 'https://image.tmdb.org/t/p/original/peURlLlr8jggOwK53fJ5wdQl05y.jpg') ON CONFLICT DO NOTHING;
INSERT INTO providers (mediaId, providerId, providerName, logoPath) VALUES( 152, 3, 'Google Play Movies', 'https://image.tmdb.org/t/p/original/tbEdFQDwx5LEVr8WpSeXQSIirVq.jpg') ON CONFLICT DO NOTHING;
INSERT INTO providers (mediaId, providerId, providerName, logoPath) VALUES( 152, 10, 'Amazon Video', 'https://image.tmdb.org/t/p/original/5NyLm42TmCqCMOZFvH4fcoSNKEW.jpg') ON CONFLICT DO NOTHING;
INSERT INTO media (mediaId, type, name, originalLanguage, adult, releaseDate, overview, backdropPath, posterPath, trailerLink, tmdbRating, status) VALUES(153, false, 'Harry Potter and the Philosopher''s Stone', 'en', False, '2001-11-16',  'Harry Potter has lived under the stairs at his aunt and uncle''s house his whole life. But on his 11th birthday, he learns he''s a powerful wizard—with a place waiting for him at the Hogwarts School of Witchcraft and Wizardry. As he learns to harness his newfound powers with the help of the school''s kindly headmaster, Harry uncovers the truth about his parents'' deaths—and about the villain who''s to blame.', 'https://image.tmdb.org/t/p/original/hziiv14OpD73u9gAak4XDDfBKa2.jpg', 'https://image.tmdb.org/t/p/original/wuMc08IPKEatf9rnMNXvIDxqP4W.jpg', 'https://www.youtube.com/watch?v=k71hjl3zWsA', 7.9, 'Released') ON CONFLICT DO NOTHING;
INSERT INTO movies (mediaId, runtime, budget, revenue, directorId, director) VALUES( 153, 152, 125000000, 976475550, 10965, 'Chris Columbus') ON CONFLICT DO NOTHING;
INSERT INTO genres (mediaId, genre) VALUES(153, 'Adventure') ON CONFLICT DO NOTHING;
INSERT INTO genres (mediaId, genre) VALUES(153, 'Fantasy') ON CONFLICT DO NOTHING;
INSERT INTO actors (mediaId, actorId , actorName, characterName, profilePath) VALUES(153, 10980, 'Daniel Radcliffe', 'Harry Potter', 'https://image.tmdb.org/t/p/original/iPg0J9UzAlPj1fLEJNllpW9IhGe.jpg') ON CONFLICT DO NOTHING;
INSERT INTO actors (mediaId, actorId , actorName, characterName, profilePath) VALUES(153, 10989, 'Rupert Grint', 'Ron Weasley', 'https://image.tmdb.org/t/p/original/q2KZZ0ltTEl7Sf8volNFV1JDEP4.jpg') ON CONFLICT DO NOTHING;
INSERT INTO actors (mediaId, actorId , actorName, characterName, profilePath) VALUES(153, 10990, 'Emma Watson', 'Hermione Granger', 'https://image.tmdb.org/t/p/original/tvPPRGzAzdQFhlKzLbMO1EpuTJI.jpg') ON CONFLICT DO NOTHING;
INSERT INTO actors (mediaId, actorId , actorName, characterName, profilePath) VALUES(153, 194, 'Richard Harris', 'Albus Dumbledore', 'https://image.tmdb.org/t/p/original/oJIS8QUOCfLUhsfK7kROkLHVyJh.jpg') ON CONFLICT DO NOTHING;
INSERT INTO actors (mediaId, actorId , actorName, characterName, profilePath) VALUES(153, 10993, 'Tom Felton', 'Draco Malfoy', 'https://image.tmdb.org/t/p/original/4fO0PjiBbNFEnYLPe55xUUP7Wgf.jpg') ON CONFLICT DO NOTHING;
INSERT INTO actors (mediaId, actorId , actorName, characterName, profilePath) VALUES(153, 4566, 'Alan Rickman', 'Severus Snape', 'https://image.tmdb.org/t/p/original/7tADZs4ILE93oJ5pAh6mKQFEq2m.jpg') ON CONFLICT DO NOTHING;
INSERT INTO actors (mediaId, actorId , actorName, characterName, profilePath) VALUES(153, 1923, 'Robbie Coltrane', 'Rubeus Hagrid', 'https://image.tmdb.org/t/p/original/jOHs3xvlwRiiG2CLtso5zzmGCXg.jpg') ON CONFLICT DO NOTHING;
INSERT INTO actors (mediaId, actorId , actorName, characterName, profilePath) VALUES(153, 10978, 'Maggie Smith', 'Minerva McGonagall', 'https://image.tmdb.org/t/p/original/qZyJ7DaOtkfqw58Iv7EqADi428P.jpg') ON CONFLICT DO NOTHING;
INSERT INTO actors (mediaId, actorId , actorName, characterName, profilePath) VALUES(153, 10983, 'Richard Griffiths', 'Vernon Dursley', 'https://image.tmdb.org/t/p/original/4H4uQfMzvgs11RCLaoSMQsyElw8.jpg') ON CONFLICT DO NOTHING;
INSERT INTO actors (mediaId, actorId , actorName, characterName, profilePath) VALUES(153, 10985, 'Ian Hart', 'Quirinus Quirrell', 'https://image.tmdb.org/t/p/original/mP4g3ipzMZtaUCXQMWud1Ar36mB.jpg') ON CONFLICT DO NOTHING;
INSERT INTO providers (mediaId, providerId, providerName, logoPath) VALUES( 153, 2, 'Apple TV', 'https://image.tmdb.org/t/p/original/peURlLlr8jggOwK53fJ5wdQl05y.jpg') ON CONFLICT DO NOTHING;
INSERT INTO providers (mediaId, providerId, providerName, logoPath) VALUES( 153, 3, 'Google Play Movies', 'https://image.tmdb.org/t/p/original/tbEdFQDwx5LEVr8WpSeXQSIirVq.jpg') ON CONFLICT DO NOTHING;
INSERT INTO providers (mediaId, providerId, providerName, logoPath) VALUES( 153, 167, 'Claro video', 'https://image.tmdb.org/t/p/original/lJT7r1nprk1Z8t1ywiIa8h9d3rc.jpg') ON CONFLICT DO NOTHING;
INSERT INTO media (mediaId, type, name, originalLanguage, adult, releaseDate, overview, backdropPath, posterPath, trailerLink, tmdbRating, status) VALUES(154, false, 'Me Vuelves Loca', 'es', False, '2023-09-07',  'Carolina has a perfect life: she lives in a luxurious house, works in a fashion magazine and is married to a successful publicist. One day everything goes to waste: she discovers that she is sterile, the same day that her husband leaves her for her best friend, who, in addition, is pregnant with him. After the impact of this news, Carolina has a crisis, drinks too much, trips and falls from the second floor of her house, a fact that is interpreted as a suicide attempt.Carolina is interned against her will, in the exclusive psychiatric center Eden. In that place she will meet a group of "madmen" who will help her heal and glimpse that her previous life was not so perfect. He also discovers that perhaps the craziest are those outside the psychiatric hospital.', 'https://image.tmdb.org/t/p/original/Ql86xMw1rvuqr85PjALSnT0mit.jpg', 'https://image.tmdb.org/t/p/original/pQeyfqLEDdY6x4P4Fl5r6jcstN4.jpg', 'https://www.youtube.com/watch?v=ANsCz2ilFQQ', 8.6, 'Released') ON CONFLICT DO NOTHING;
INSERT INTO movies (mediaId, runtime, budget, revenue, directorId, director) VALUES( 154, 0, 0, 0, 590990, 'Boris Quercia') ON CONFLICT DO NOTHING;
INSERT INTO genres (mediaId, genre) VALUES(154, 'Comedy') ON CONFLICT DO NOTHING;
INSERT INTO actors (mediaId, actorId , actorName, characterName, profilePath) VALUES(154, 1134883, 'Aislinn Derbez', 'Carolina', 'https://image.tmdb.org/t/p/original/y3aA1x3JpBOZHhZzTPBpDyhcra1.jpg') ON CONFLICT DO NOTHING;
INSERT INTO actors (mediaId, actorId , actorName, characterName, profilePath) VALUES(154, 1889621, 'Minnie West', 'Lorenza', 'https://image.tmdb.org/t/p/original/lw1BtJ3kkEKzTwp7hwi82xobxGL.jpg') ON CONFLICT DO NOTHING;
INSERT INTO actors (mediaId, actorId , actorName, characterName, profilePath) VALUES(154, 133764, 'Alejandro de la Madrid', 'Mario', 'https://image.tmdb.org/t/p/original/iSo66bNi0Y0TJWkBaQrsHhrO5G9.jpg') ON CONFLICT DO NOTHING;
INSERT INTO actors (mediaId, actorId , actorName, characterName, profilePath) VALUES(154, 1310891, 'Elizabeth Guindi', 'Marta', 'None') ON CONFLICT DO NOTHING;
INSERT INTO actors (mediaId, actorId , actorName, characterName, profilePath) VALUES(154, 941639, 'Tamara Acosta', 'Enfermera Estefanía', 'https://image.tmdb.org/t/p/original/o7vPwaqwDNojUvaHVcrOjfJ6GAB.jpg') ON CONFLICT DO NOTHING;
INSERT INTO actors (mediaId, actorId , actorName, characterName, profilePath) VALUES(154, 1049537, 'Paz Bascuñan', 'Silvia', 'https://image.tmdb.org/t/p/original/6dZ2fNkHJpM95GhvsLzgouiPYF4.jpg') ON CONFLICT DO NOTHING;
INSERT INTO actors (mediaId, actorId , actorName, characterName, profilePath) VALUES(154, 2327551, 'Giovanna Romo', 'Maite', 'None') ON CONFLICT DO NOTHING;
INSERT INTO actors (mediaId, actorId , actorName, characterName, profilePath) VALUES(154, 1357758, 'Loreto Aravena', 'Ignacia', 'https://image.tmdb.org/t/p/original/kVQNLTZIsVSrYKnxxhdAfRnXlFW.jpg') ON CONFLICT DO NOTHING;
INSERT INTO actors (mediaId, actorId , actorName, characterName, profilePath) VALUES(154, 1257808, 'Ricardo Fastlicht', 'Psiquiatra Alvaro', 'https://image.tmdb.org/t/p/original/skzmh2b6JFhL8Cpdp3IdouVLopE.jpg') ON CONFLICT DO NOTHING;
INSERT INTO actors (mediaId, actorId , actorName, characterName, profilePath) VALUES(154, 2868636, 'Ricardo Alfonsín', 'Ramon', 'None') ON CONFLICT DO NOTHING;
INSERT INTO media (mediaId, type, name, originalLanguage, adult, releaseDate, overview, backdropPath, posterPath, trailerLink, tmdbRating, status) VALUES(155, false, 'Mojave Diamonds', 'en', False, '2023-08-24',  'A former MMA fighter and his brothers must rescue their kidnapped family from a dangerous crime syndicate after $50M of illegal diamonds gets stolen.', 'https://image.tmdb.org/t/p/original/dPagCvFuFWKEoEcjTGwwrdpdTPp.jpg', 'https://image.tmdb.org/t/p/original/eauJLqzFy53KR86VNXnzz3wsD6w.jpg', 'https://www.youtube.com/watch?v=QZ_fwgBQ7u0', 5.7, 'Released') ON CONFLICT DO NOTHING;
INSERT INTO movies (mediaId, runtime, budget, revenue, directorId, director) VALUES( 155, 100, 0, 0, 1065384, 'Asif Akbar') ON CONFLICT DO NOTHING;
INSERT INTO genres (mediaId, genre) VALUES(155, 'Action') ON CONFLICT DO NOTHING;
INSERT INTO genres (mediaId, genre) VALUES(155, 'Crime') ON CONFLICT DO NOTHING;
INSERT INTO genres (mediaId, genre) VALUES(155, 'Thriller') ON CONFLICT DO NOTHING;
INSERT INTO actors (mediaId, actorId , actorName, characterName, profilePath) VALUES(155, 105271, 'Donald Cerrone', 'Roy Mason', 'https://image.tmdb.org/t/p/original/yHRgWTQuKr5tAMeR3qTtsOQU0Jb.jpg') ON CONFLICT DO NOTHING;
INSERT INTO actors (mediaId, actorId , actorName, characterName, profilePath) VALUES(155, 82920, 'Chael Sonnen', 'Joe Mason', 'https://image.tmdb.org/t/p/original/tlGgnOAy0HRYf70tWndw7nFj2de.jpg') ON CONFLICT DO NOTHING;
INSERT INTO actors (mediaId, actorId , actorName, characterName, profilePath) VALUES(155, 78811, 'Quinton Jackson', 'Julian', 'https://image.tmdb.org/t/p/original/1FcZPbXNJRAUJTN2U6choOgaq51.jpg') ON CONFLICT DO NOTHING;
INSERT INTO actors (mediaId, actorId , actorName, characterName, profilePath) VALUES(155, 1315801, 'Weston Cage Coppola', 'Paulie', 'https://image.tmdb.org/t/p/original/x6m7cjArcwxUps004Iuk1v6yQXF.jpg') ON CONFLICT DO NOTHING;
INSERT INTO actors (mediaId, actorId , actorName, characterName, profilePath) VALUES(155, 3538331, 'Chris Maher', 'Danny Mason', 'https://image.tmdb.org/t/p/original/k2edSlrLvPGFcX4ZvYO2cauFcTA.jpg') ON CONFLICT DO NOTHING;
INSERT INTO actors (mediaId, actorId , actorName, characterName, profilePath) VALUES(155, 18687, 'William McNamara', 'J.D.', 'https://image.tmdb.org/t/p/original/hVOdM3UUmJqpREnBxzm0J4j0b5R.jpg') ON CONFLICT DO NOTHING;
INSERT INTO actors (mediaId, actorId , actorName, characterName, profilePath) VALUES(155, 1793239, 'Kelly Lynn Reiter', 'Ashley', 'https://image.tmdb.org/t/p/original/pdgxxTot78HiJbk8NcyK3qodiXl.jpg') ON CONFLICT DO NOTHING;
INSERT INTO media (mediaId, type, name, originalLanguage, adult, releaseDate, overview, backdropPath, posterPath, trailerLink, tmdbRating, status) VALUES(156, false, 'Dungeons & Dragons: Honor Among Thieves', 'en', False, '2023-03-23',  'A charming thief and a band of unlikely adventurers undertake an epic heist to retrieve a lost relic, but things go dangerously awry when they run afoul of the wrong people.', 'https://image.tmdb.org/t/p/original/AdBXP8e6K3FYdDrMx3Wr6WZqCYF.jpg', 'https://image.tmdb.org/t/p/original/A7AoNT06aRAc4SV89Dwxj3EYAgC.jpg', 'https://www.youtube.com/watch?v=9LLOLEBlVIA', 7.4, 'Released') ON CONFLICT DO NOTHING;
INSERT INTO movies (mediaId, runtime, budget, revenue, directorId, director) VALUES( 156, 134, 151000000, 208177026, 52935, 'John Francis Daley') ON CONFLICT DO NOTHING;
INSERT INTO genres (mediaId, genre) VALUES(156, 'Adventure') ON CONFLICT DO NOTHING;
INSERT INTO genres (mediaId, genre) VALUES(156, 'Fantasy') ON CONFLICT DO NOTHING;
INSERT INTO genres (mediaId, genre) VALUES(156, 'Comedy') ON CONFLICT DO NOTHING;
INSERT INTO actors (mediaId, actorId , actorName, characterName, profilePath) VALUES(156, 62064, 'Chris Pine', 'Edgin', 'https://image.tmdb.org/t/p/original/mi00EsvrAebidnEYK7LZxgbKYyH.jpg') ON CONFLICT DO NOTHING;
INSERT INTO actors (mediaId, actorId , actorName, characterName, profilePath) VALUES(156, 17647, 'Michelle Rodriguez', 'Holga', 'https://image.tmdb.org/t/p/original/76sSLbMKLH80jlmMeqsHIIvlQgG.jpg') ON CONFLICT DO NOTHING;
INSERT INTO actors (mediaId, actorId , actorName, characterName, profilePath) VALUES(156, 1029934, 'Justice Smith', 'Simon', 'https://image.tmdb.org/t/p/original/3UoUT44XYWoWNsZaqHzN3w48gZL.jpg') ON CONFLICT DO NOTHING;
INSERT INTO actors (mediaId, actorId , actorName, characterName, profilePath) VALUES(156, 1481238, 'Sophia Lillis', 'Doric', 'https://image.tmdb.org/t/p/original/ohIY9Ye2xwOWUsTc3D18zCI2RO6.jpg') ON CONFLICT DO NOTHING;
INSERT INTO actors (mediaId, actorId , actorName, characterName, profilePath) VALUES(156, 3291, 'Hugh Grant', 'Forge', 'https://image.tmdb.org/t/p/original/tUHkXYdwm405DjBm2IpPxGjYkjj.jpg') ON CONFLICT DO NOTHING;
INSERT INTO actors (mediaId, actorId , actorName, characterName, profilePath) VALUES(156, 1628687, 'Regé-Jean Page', 'Xenk', 'https://image.tmdb.org/t/p/original/2NYvHjBlfVeY0gDJLaQXnw4Lfxm.jpg') ON CONFLICT DO NOTHING;
INSERT INTO actors (mediaId, actorId , actorName, characterName, profilePath) VALUES(156, 1696016, 'Chloe Coleman', 'Kira', 'https://image.tmdb.org/t/p/original/w4C3VBjmVFeMimbIeJm41fuPY9b.jpg') ON CONFLICT DO NOTHING;
INSERT INTO actors (mediaId, actorId , actorName, characterName, profilePath) VALUES(156, 1070886, 'Daisy Head', 'Sofina', 'https://image.tmdb.org/t/p/original/5DcAwmYWDC7mvxMoceZIzcnpT2L.jpg') ON CONFLICT DO NOTHING;
INSERT INTO actors (mediaId, actorId , actorName, characterName, profilePath) VALUES(156, 3655420, 'Kyle Hixon', 'Guard', 'https://image.tmdb.org/t/p/original/jtAaYjNrqdvtXoXSpTuz9gDmEV.jpg') ON CONFLICT DO NOTHING;
INSERT INTO actors (mediaId, actorId , actorName, characterName, profilePath) VALUES(156, 25451, 'Spencer Wilding', 'Gorg', 'https://image.tmdb.org/t/p/original/4NMcve4Nckpi653znyYOnoS4Mci.jpg') ON CONFLICT DO NOTHING;
INSERT INTO providers (mediaId, providerId, providerName, logoPath) VALUES( 156, 2, 'Apple TV', 'https://image.tmdb.org/t/p/original/peURlLlr8jggOwK53fJ5wdQl05y.jpg') ON CONFLICT DO NOTHING;
INSERT INTO providers (mediaId, providerId, providerName, logoPath) VALUES( 156, 3, 'Google Play Movies', 'https://image.tmdb.org/t/p/original/tbEdFQDwx5LEVr8WpSeXQSIirVq.jpg') ON CONFLICT DO NOTHING;
INSERT INTO media (mediaId, type, name, originalLanguage, adult, releaseDate, overview, backdropPath, posterPath, trailerLink, tmdbRating, status) VALUES(157, false, 'The Emperor''s New Groove', 'en', False, '2000-12-15',  'Kuzco is a self-centered emperor who summons Pacha from a village and to tell him that his home will be destroyed to make room for Kuzco''s new summer home. Kuzco''s advisor, Yzma, tries to poison Kuzco and accidentally turns him into a llama, who accidentally ends up in Pacha''s village. Pacha offers to help Kuzco if he doesn''t destroy his house, and so they form an unlikely partnership.', 'https://image.tmdb.org/t/p/original/8bOXV3d9aeaXzjUnmV7L2gNYxul.jpg', 'https://image.tmdb.org/t/p/original/wwbgkXQBEKtnyIJapk6gUgWkVw8.jpg', 'https://www.youtube.com/watch?v=8EvdVvY_FEs', 7.5, 'Released') ON CONFLICT DO NOTHING;
INSERT INTO movies (mediaId, runtime, budget, revenue, directorId, director) VALUES( 157, 78, 100000000, 169327687, 61411, 'Mark Dindal') ON CONFLICT DO NOTHING;
INSERT INTO genres (mediaId, genre) VALUES(157, 'Adventure') ON CONFLICT DO NOTHING;
INSERT INTO genres (mediaId, genre) VALUES(157, 'Animation') ON CONFLICT DO NOTHING;
INSERT INTO genres (mediaId, genre) VALUES(157, 'Comedy') ON CONFLICT DO NOTHING;
INSERT INTO genres (mediaId, genre) VALUES(157, 'Family') ON CONFLICT DO NOTHING;
INSERT INTO genres (mediaId, genre) VALUES(157, 'Fantasy') ON CONFLICT DO NOTHING;
INSERT INTO actors (mediaId, actorId , actorName, characterName, profilePath) VALUES(157, 60950, 'David Spade', 'Kuzco (voice)', 'https://image.tmdb.org/t/p/original/8dN2rHplhDF6OD0hxJ2OkCiwvfd.jpg') ON CONFLICT DO NOTHING;
INSERT INTO actors (mediaId, actorId , actorName, characterName, profilePath) VALUES(157, 1230, 'John Goodman', 'Pacha (voice)', 'https://image.tmdb.org/t/p/original/yyYqoyKHO7hE1zpgEV2XlqYWcNV.jpg') ON CONFLICT DO NOTHING;
INSERT INTO actors (mediaId, actorId , actorName, characterName, profilePath) VALUES(157, 70243, 'Eartha Kitt', 'Yzma (voice)', 'https://image.tmdb.org/t/p/original/e1Lc2KU1ejimRNOMAL3mHegQFvc.jpg') ON CONFLICT DO NOTHING;
INSERT INTO actors (mediaId, actorId , actorName, characterName, profilePath) VALUES(157, 9657, 'Patrick Warburton', 'Kronk (voice)', 'https://image.tmdb.org/t/p/original/eLqDtbFYmlTxov9vT9Dwldn839v.jpg') ON CONFLICT DO NOTHING;
INSERT INTO actors (mediaId, actorId , actorName, characterName, profilePath) VALUES(157, 61980, 'Wendie Malick', 'Chicha (voice)', 'https://image.tmdb.org/t/p/original/iSpmGWZL7GFS8w1SWlGvXVRja2E.jpg') ON CONFLICT DO NOTHING;
INSERT INTO actors (mediaId, actorId , actorName, characterName, profilePath) VALUES(157, 1381716, 'Kellyann Kelso', 'Chaca (voice)', 'https://image.tmdb.org/t/p/original/sakn8TZYECkoQbCd76qTK04vliO.jpg') ON CONFLICT DO NOTHING;
INSERT INTO actors (mediaId, actorId , actorName, characterName, profilePath) VALUES(157, 102320, 'Eli Russell Linnetz', 'Tipo (voice)', 'https://image.tmdb.org/t/p/original/8TULpWWmo6jHvqNjhXLNJv9icF0.jpg') ON CONFLICT DO NOTHING;
INSERT INTO actors (mediaId, actorId , actorName, characterName, profilePath) VALUES(157, 16842, 'Stephen J. Anderson', 'Additional Voices (voice)', 'https://image.tmdb.org/t/p/original/csdeskOXUe9iHQBe7OqZwpQ2lRk.jpg') ON CONFLICT DO NOTHING;
INSERT INTO actors (mediaId, actorId , actorName, characterName, profilePath) VALUES(157, 78317, 'Bob Bergen', 'Bucky / Fly Stuck in Web (voice)', 'https://image.tmdb.org/t/p/original/soDD1xiV3zVQWOJzVdJwfgIqzfe.jpg') ON CONFLICT DO NOTHING;
INSERT INTO actors (mediaId, actorId , actorName, characterName, profilePath) VALUES(157, 70615, 'Rodger Bumpass', 'Townspeople (voice)', 'https://image.tmdb.org/t/p/original/lGQkw6adxqB6Hcm7VK8nVHbKupe.jpg') ON CONFLICT DO NOTHING;
INSERT INTO providers (mediaId, providerId, providerName, logoPath) VALUES( 157, 3, 'Google Play Movies', 'https://image.tmdb.org/t/p/original/tbEdFQDwx5LEVr8WpSeXQSIirVq.jpg') ON CONFLICT DO NOTHING;
INSERT INTO media (mediaId, type, name, originalLanguage, adult, releaseDate, overview, backdropPath, posterPath, trailerLink, tmdbRating, status) VALUES(158, false, 'Shazam! Fury of the Gods', 'en', False, '2023-03-15',  'Billy Batson and his foster siblings, who transform into superheroes by saying "Shazam!", are forced to get back into action and fight the Daughters of Atlas, who they must stop from using a weapon that could destroy the world.', 'https://image.tmdb.org/t/p/original/zRQITMLvVi8z2Xz12Bi6wvbZE82.jpg', 'https://image.tmdb.org/t/p/original/A3ZbZsmsvNGdprRi2lKgGEeVLEH.jpg', 'https://www.youtube.com/watch?v=AIc671o9yCI', 6.7, 'Released') ON CONFLICT DO NOTHING;
INSERT INTO movies (mediaId, runtime, budget, revenue, directorId, director) VALUES( 158, 130, 125000000, 133838006, 1302082, 'David F. Sandberg') ON CONFLICT DO NOTHING;
INSERT INTO genres (mediaId, genre) VALUES(158, 'Comedy') ON CONFLICT DO NOTHING;
INSERT INTO genres (mediaId, genre) VALUES(158, 'Action') ON CONFLICT DO NOTHING;
INSERT INTO genres (mediaId, genre) VALUES(158, 'Fantasy') ON CONFLICT DO NOTHING;
INSERT INTO actors (mediaId, actorId , actorName, characterName, profilePath) VALUES(158, 69899, 'Zachary Levi', 'Shazam', 'https://image.tmdb.org/t/p/original/1W8L3kEMMPF9umT3ZGaNIiCYKfZ.jpg') ON CONFLICT DO NOTHING;
INSERT INTO actors (mediaId, actorId , actorName, characterName, profilePath) VALUES(158, 1768966, 'Asher Angel', 'Billy Batson', 'https://image.tmdb.org/t/p/original/9v1mS2Rrocl2hOtNe9Gte3SS4Ch.jpg') ON CONFLICT DO NOTHING;
INSERT INTO actors (mediaId, actorId , actorName, characterName, profilePath) VALUES(158, 1774679, 'Jack Dylan Grazer', 'Freddy Freeman', 'https://image.tmdb.org/t/p/original/cZdGLa78UP7VzMgNbDRnoaSkZm1.jpg') ON CONFLICT DO NOTHING;
INSERT INTO actors (mediaId, actorId , actorName, characterName, profilePath) VALUES(158, 2217977, 'Rachel Zegler', 'Anthea', 'https://image.tmdb.org/t/p/original/a1RxUQd3HExVgt8laH4VaUytdz.jpg') ON CONFLICT DO NOTHING;
INSERT INTO actors (mediaId, actorId , actorName, characterName, profilePath) VALUES(158, 11702, 'Adam Brody', 'Super Hero Freddy', 'https://image.tmdb.org/t/p/original/xQpoq895Z034xt2mG3taAidNAo1.jpg') ON CONFLICT DO NOTHING;
INSERT INTO actors (mediaId, actorId , actorName, characterName, profilePath) VALUES(158, 1299232, 'Ross Butler', 'Super Hero Eugene', 'https://image.tmdb.org/t/p/original/asJ1bchERNBwcWS3Do7xSaYNOmX.jpg') ON CONFLICT DO NOTHING;
INSERT INTO actors (mediaId, actorId , actorName, characterName, profilePath) VALUES(158, 51976, 'D.J. Cotrona', 'Super Hero Pedro', 'https://image.tmdb.org/t/p/original/mxm4UVHzHf0Z7YK1oAfzNSC0T35.jpg') ON CONFLICT DO NOTHING;
INSERT INTO actors (mediaId, actorId , actorName, characterName, profilePath) VALUES(158, 54633, 'Grace Caroline Currey', 'Mary Bromfield / Super Hero Mary', 'https://image.tmdb.org/t/p/original/6chZcnjWEiFfpmB6D5BR9YUeIs9.jpg') ON CONFLICT DO NOTHING;
INSERT INTO actors (mediaId, actorId , actorName, characterName, profilePath) VALUES(158, 22122, 'Meagan Good', 'Super Hero Darla', 'https://image.tmdb.org/t/p/original/iwSNBQKKDhEbtNe8I4ROYoYmWqE.jpg') ON CONFLICT DO NOTHING;
INSERT INTO actors (mediaId, actorId , actorName, characterName, profilePath) VALUES(158, 140, 'Lucy Liu', 'Kalypso', 'https://image.tmdb.org/t/p/original/9nbtjqsx3De7hO2XDtrBQ7M9VCH.jpg') ON CONFLICT DO NOTHING;
INSERT INTO providers (mediaId, providerId, providerName, logoPath) VALUES( 158, 3, 'Google Play Movies', 'https://image.tmdb.org/t/p/original/tbEdFQDwx5LEVr8WpSeXQSIirVq.jpg') ON CONFLICT DO NOTHING;
INSERT INTO providers (mediaId, providerId, providerName, logoPath) VALUES( 158, 339, 'Movistar Play', 'https://image.tmdb.org/t/p/original/cDzkhgvozSr4GW2aRdV22uDuFpw.jpg') ON CONFLICT DO NOTHING;
INSERT INTO media (mediaId, type, name, originalLanguage, adult, releaseDate, overview, backdropPath, posterPath, trailerLink, tmdbRating, status) VALUES(159, false, 'The Rat Catcher', 'en', False, '2023-09-29',  'In an English village, a reporter and a mechanic listen to a ratcatcher explain his clever plan to outwit his prey.', 'https://image.tmdb.org/t/p/original/aQuzqump4Zjh2bCoymZ2POLlNYt.jpg', 'https://image.tmdb.org/t/p/original/29WJ7dOHt48AtXK1J1rONEEvIMN.jpg', 'None', 6.8, 'Released') ON CONFLICT DO NOTHING;
INSERT INTO movies (mediaId, runtime, budget, revenue, directorId, director) VALUES( 159, 17, 0, 0, 5655, 'Wes Anderson') ON CONFLICT DO NOTHING;
INSERT INTO genres (mediaId, genre) VALUES(159, 'Comedy') ON CONFLICT DO NOTHING;
INSERT INTO actors (mediaId, actorId , actorName, characterName, profilePath) VALUES(159, 98103, 'Richard Ayoade', 'Editor', 'https://image.tmdb.org/t/p/original/pdekQJx34S9mfUM356kXHPIzoCK.jpg') ON CONFLICT DO NOTHING;
INSERT INTO actors (mediaId, actorId , actorName, characterName, profilePath) VALUES(159, 5469, 'Ralph Fiennes', 'Rat Man / Roald Dahl', 'https://image.tmdb.org/t/p/original/tJr9GcmGNHhLVVEH3i7QYbj6hBi.jpg') ON CONFLICT DO NOTHING;
INSERT INTO actors (mediaId, actorId , actorName, characterName, profilePath) VALUES(159, 36669, 'Rupert Friend', 'Claud Cubbage', 'https://image.tmdb.org/t/p/original/mYgY8LrMkQ4OkGTIOf6MtkbMnnW.jpg') ON CONFLICT DO NOTHING;
INSERT INTO actors (mediaId, actorId , actorName, characterName, profilePath) VALUES(159, 1678901, 'Eliel Ford', 'Stagehand', 'None') ON CONFLICT DO NOTHING;
INSERT INTO actors (mediaId, actorId , actorName, characterName, profilePath) VALUES(159, 1895733, 'Benoît Herlin', 'Stagehand', 'None') ON CONFLICT DO NOTHING;
INSERT INTO actors (mediaId, actorId , actorName, characterName, profilePath) VALUES(159, 1442115, 'Till Sennhenn', 'Stagehand', 'None') ON CONFLICT DO NOTHING;
INSERT INTO media (mediaId, type, name, originalLanguage, adult, releaseDate, overview, backdropPath, posterPath, trailerLink, tmdbRating, status) VALUES(160, false, 'A Really Haunted Loud House', 'en', False, '2023-09-28',  'Lincoln and his best friend, Clyde, struggle to decide whether to participate in the Loud family Spooktacular, attend their friend, Xander''s, party, or go trick-or-treating on Halloween.', 'https://image.tmdb.org/t/p/original/iOYZbQA4wiMHoVSECQfZSvny6Nw.jpg', 'https://image.tmdb.org/t/p/original/30we4NrF5F1FcBDklBGXvCDn1pG.jpg', 'https://www.youtube.com/watch?v=cDmGHalUdZU', 7.3, 'Released') ON CONFLICT DO NOTHING;
INSERT INTO movies (mediaId, runtime, budget, revenue, directorId, director) VALUES( 160, 0, 0, 0, 228732, 'Jonathan Judge') ON CONFLICT DO NOTHING;
INSERT INTO genres (mediaId, genre) VALUES(160, 'TV Movie') ON CONFLICT DO NOTHING;
INSERT INTO genres (mediaId, genre) VALUES(160, 'Comedy') ON CONFLICT DO NOTHING;
INSERT INTO genres (mediaId, genre) VALUES(160, 'Family') ON CONFLICT DO NOTHING;
INSERT INTO actors (mediaId, actorId , actorName, characterName, profilePath) VALUES(160, 3209765, 'Wolfgang Schaeffer', 'Lincoln Loud', 'https://image.tmdb.org/t/p/original/7WQPuZnYkk3GWdJkxnmaPZVBJPh.jpg') ON CONFLICT DO NOTHING;
INSERT INTO actors (mediaId, actorId , actorName, characterName, profilePath) VALUES(160, 2241218, 'Jahzir Bruno', 'Clyde McBride', 'https://image.tmdb.org/t/p/original/bGyQQmbOaW4h8gAELkb8unCsPj8.jpg') ON CONFLICT DO NOTHING;
INSERT INTO actors (mediaId, actorId , actorName, characterName, profilePath) VALUES(160, 146391, 'Brian Stepanek', 'Lynn Loud Sr.', 'https://image.tmdb.org/t/p/original/oxBgwkiEZtoHE4Uqi7GMwM3sK9x.jpg') ON CONFLICT DO NOTHING;
INSERT INTO actors (mediaId, actorId , actorName, characterName, profilePath) VALUES(160, 51753, 'Jolie Jenkins', 'Rita Loud', 'https://image.tmdb.org/t/p/original/w981tkMy3mj7zCtQS8brx1f2XmI.jpg') ON CONFLICT DO NOTHING;
INSERT INTO actors (mediaId, actorId , actorName, characterName, profilePath) VALUES(160, 1362853, 'Lexi DiBenedetto', 'Lori Loud', 'None') ON CONFLICT DO NOTHING;
INSERT INTO actors (mediaId, actorId , actorName, characterName, profilePath) VALUES(160, 2274742, 'Eva Carlton', 'Leni Loud', 'https://image.tmdb.org/t/p/original/hDxVnHVt0BrVuIg9416Z7kmniEd.jpg') ON CONFLICT DO NOTHING;
INSERT INTO actors (mediaId, actorId , actorName, characterName, profilePath) VALUES(160, 1633076, 'Sophia Woodward', 'Luna Loud', 'https://image.tmdb.org/t/p/original/fOf4BSXrmHygwef6fKa7gRkxVMH.jpg') ON CONFLICT DO NOTHING;
INSERT INTO actors (mediaId, actorId , actorName, characterName, profilePath) VALUES(160, 2835503, 'Catherine Ashmore Bradley', 'Luan Loud', 'https://image.tmdb.org/t/p/original/e3L1OtWeK2iwzOaHM93ivWrT3bQ.jpg') ON CONFLICT DO NOTHING;
INSERT INTO actors (mediaId, actorId , actorName, characterName, profilePath) VALUES(160, 2777683, 'Annaka Fourneret', 'Lynn Loud', 'https://image.tmdb.org/t/p/original/cQUzuBN2NoKBaPt9ZvSjiAGDp0R.jpg') ON CONFLICT DO NOTHING;
INSERT INTO actors (mediaId, actorId , actorName, characterName, profilePath) VALUES(160, 3209770, 'Aubin Bradley', 'Lucy Loud', 'None') ON CONFLICT DO NOTHING;
INSERT INTO media (mediaId, type, name, originalLanguage, adult, releaseDate, overview, backdropPath, posterPath, trailerLink, tmdbRating, status) VALUES(161, false, 'Bottoms', 'en', False, '2023-08-25',  'Unpopular best friends PJ and Josie start a high school self-defense club to meet girls and lose their virginity. They soon find themselves in over their heads when the most popular students start beating each other up in the name of self-defense.', 'https://image.tmdb.org/t/p/original/f9ErVXAyR9EP5WOOp4i5ivBKsKC.jpg', 'https://image.tmdb.org/t/p/original/jeyTQrNEpyE1LZIgVlswYh3sc34.jpg', 'https://www.youtube.com/watch?v=vH5NAahf76s', 7.1, 'Released') ON CONFLICT DO NOTHING;
INSERT INTO movies (mediaId, runtime, budget, revenue, directorId, director) VALUES( 161, 92, 11300000, 11612324, 1976040, 'Emma Seligman') ON CONFLICT DO NOTHING;
INSERT INTO genres (mediaId, genre) VALUES(161, 'Comedy') ON CONFLICT DO NOTHING;
INSERT INTO actors (mediaId, actorId , actorName, characterName, profilePath) VALUES(161, 1976054, 'Rachel Sennott', 'PJ', 'https://image.tmdb.org/t/p/original/A096ZP5v8qh4IDjhb74lNDzo9rk.jpg') ON CONFLICT DO NOTHING;
INSERT INTO actors (mediaId, actorId , actorName, characterName, profilePath) VALUES(161, 2195140, 'Ayo Edebiri', 'Josie Marks', 'https://image.tmdb.org/t/p/original/5KT566gDowCIvZyrl3fWW1qYqkS.jpg') ON CONFLICT DO NOTHING;
INSERT INTO actors (mediaId, actorId , actorName, characterName, profilePath) VALUES(161, 2806036, 'Ruby Cruz', 'Hazel Callahan', 'https://image.tmdb.org/t/p/original/w8gUTSzEqbwM2LmduXIbY82mKDU.jpg') ON CONFLICT DO NOTHING;
INSERT INTO actors (mediaId, actorId , actorName, characterName, profilePath) VALUES(161, 2378813, 'Havana Rose Liu', 'Isabel Lee', 'https://image.tmdb.org/t/p/original/xt5jIhVekKpwZDbVuHJb8H4A6oM.jpg') ON CONFLICT DO NOTHING;
INSERT INTO actors (mediaId, actorId , actorName, characterName, profilePath) VALUES(161, 1957145, 'Kaia Gerber', 'Brittany', 'https://image.tmdb.org/t/p/original/mUM9LGM3mtf6TEJXDpPou3KJhNR.jpg') ON CONFLICT DO NOTHING;
INSERT INTO actors (mediaId, actorId , actorName, characterName, profilePath) VALUES(161, 1425934, 'Nicholas Galitzine', 'Jeff', 'https://image.tmdb.org/t/p/original/i5coqGhvx8wjPXT76W3n3fHwgi0.jpg') ON CONFLICT DO NOTHING;
INSERT INTO actors (mediaId, actorId , actorName, characterName, profilePath) VALUES(161, 2905575, 'Miles Fowler', 'Tim', 'https://image.tmdb.org/t/p/original/sHOx0Ns0SjrFG3plsVocre04cO5.jpg') ON CONFLICT DO NOTHING;
INSERT INTO actors (mediaId, actorId , actorName, characterName, profilePath) VALUES(161, 1420679, 'Marshawn Lynch', 'Mr. G', 'https://image.tmdb.org/t/p/original/nA9fc3pfsyOrvUMHLEHRymmcE8q.jpg') ON CONFLICT DO NOTHING;
INSERT INTO actors (mediaId, actorId , actorName, characterName, profilePath) VALUES(161, 52776, 'Dagmara Domińczyk', 'Mrs. Callahan', 'https://image.tmdb.org/t/p/original/zoZ8cJNOgAsU1rxSbhhziSTOJbZ.jpg') ON CONFLICT DO NOTHING;
INSERT INTO actors (mediaId, actorId , actorName, characterName, profilePath) VALUES(161, 2386815, 'Punkie Johnson', 'Rhodes', 'https://image.tmdb.org/t/p/original/4plRlKYpRA1wO0GBu8z140dosFs.jpg') ON CONFLICT DO NOTHING;
INSERT INTO media (mediaId, type, name, originalLanguage, adult, releaseDate, overview, backdropPath, posterPath, trailerLink, tmdbRating, status) VALUES(162, false, 'Legacy Peak', 'en', False, '2022-09-22',  'Jason, a man with no parenting experience, is on an adventure to win the hearts of his fiancé''s skeptical kids before they marry. The plan for them to fly to her parent''s remote cabin days before she wraps up work quickly falls apart and the adventure turns to a struggle to survive before this new family can start a life together.', 'https://image.tmdb.org/t/p/original/1BZwW3UuX96CTxXX5gdFAxVvHq2.jpg', 'https://image.tmdb.org/t/p/original/1bYsVSeRCCdQpXxsgNPb5A6UyUe.jpg', 'https://www.youtube.com/watch?v=MUyMn22BNFw', 4.9, 'Released') ON CONFLICT DO NOTHING;
INSERT INTO movies (mediaId, runtime, budget, revenue, directorId, director) VALUES( 162, 94, 0, 0, 2382614, 'Aaron Burns') ON CONFLICT DO NOTHING;
INSERT INTO genres (mediaId, genre) VALUES(162, 'Adventure') ON CONFLICT DO NOTHING;
INSERT INTO genres (mediaId, genre) VALUES(162, 'Family') ON CONFLICT DO NOTHING;
INSERT INTO actors (mediaId, actorId , actorName, characterName, profilePath) VALUES(162, 155, 'Lucas Black', 'Jason', 'https://image.tmdb.org/t/p/original/w2oImwC4Y0RDtyvaKGTCFCKsvwh.jpg') ON CONFLICT DO NOTHING;
INSERT INTO actors (mediaId, actorId , actorName, characterName, profilePath) VALUES(162, 61220, 'Ina Barrón', 'Noelle', 'https://image.tmdb.org/t/p/original/rDPeaAMzag4LQCdLVA5vrWK4yzo.jpg') ON CONFLICT DO NOTHING;
INSERT INTO actors (mediaId, actorId , actorName, characterName, profilePath) VALUES(162, 1178637, 'Todd Terry', 'Grandpa', 'https://image.tmdb.org/t/p/original/vB9zZNg8qZPlSijYs84F4LpwVpo.jpg') ON CONFLICT DO NOTHING;
INSERT INTO actors (mediaId, actorId , actorName, characterName, profilePath) VALUES(162, 3247894, 'Kyleigh Bakker', 'Sam', 'None') ON CONFLICT DO NOTHING;
INSERT INTO actors (mediaId, actorId , actorName, characterName, profilePath) VALUES(162, 3248827, 'Roman Engel', 'Ben', 'None') ON CONFLICT DO NOTHING;
INSERT INTO media (mediaId, type, name, originalLanguage, adult, releaseDate, overview, backdropPath, posterPath, trailerLink, tmdbRating, status) VALUES(163, false, 'Mob Land', 'en', False, '2023-08-04',  'A sheriff tries to keep the peace when a desperate family man violently robs a pill mill with his brother-in-law, alerting an enforcer for the New Orleans mafia.', 'https://image.tmdb.org/t/p/original/3mrli3xsGrAieQks7KsBUm2LpCg.jpg', 'https://image.tmdb.org/t/p/original/mcz8oi9oCgq1wkA3Wz2kluE94pE.jpg', 'https://www.youtube.com/watch?v=XbcFFw8YdEo', 5.8, 'Released') ON CONFLICT DO NOTHING;
INSERT INTO movies (mediaId, runtime, budget, revenue, directorId, director) VALUES( 163, 111, 0, 0, 3561600, 'Nicholas Maggio') ON CONFLICT DO NOTHING;
INSERT INTO genres (mediaId, genre) VALUES(163, 'Action') ON CONFLICT DO NOTHING;
INSERT INTO genres (mediaId, genre) VALUES(163, 'Crime') ON CONFLICT DO NOTHING;
INSERT INTO genres (mediaId, genre) VALUES(163, 'Thriller') ON CONFLICT DO NOTHING;
INSERT INTO actors (mediaId, actorId , actorName, characterName, profilePath) VALUES(163, 8891, 'John Travolta', 'Bodie Davis', 'https://image.tmdb.org/t/p/original/ap8eEYfBKTLixmVVpRlq4NslDD5.jpg') ON CONFLICT DO NOTHING;
INSERT INTO actors (mediaId, actorId , actorName, characterName, profilePath) VALUES(163, 79795, 'Shiloh Fernandez', 'Shelby Conners', 'https://image.tmdb.org/t/p/original/lS3I6nLQ3VxmE6KRmjoXDskDBnn.jpg') ON CONFLICT DO NOTHING;
INSERT INTO actors (mediaId, actorId , actorName, characterName, profilePath) VALUES(163, 10822, 'Stephen Dorff', 'Clayton Minor', 'https://image.tmdb.org/t/p/original/wbVVPJVJaI4EXueLCa8D4Un1ezz.jpg') ON CONFLICT DO NOTHING;
INSERT INTO actors (mediaId, actorId , actorName, characterName, profilePath) VALUES(163, 78030, 'Ashley Benson', 'Caroline Conners', 'https://image.tmdb.org/t/p/original/8EeEDClttH50DRv4dl74Edi4In7.jpg') ON CONFLICT DO NOTHING;
INSERT INTO actors (mediaId, actorId , actorName, characterName, profilePath) VALUES(163, 6863, 'Kevin Dillon', 'Tre', 'https://image.tmdb.org/t/p/original/wfBEjFfkJt1dORR0mKPu89qCcJK.jpg') ON CONFLICT DO NOTHING;
INSERT INTO actors (mediaId, actorId , actorName, characterName, profilePath) VALUES(163, 92949, 'Timothy V. Murphy', 'Ben', 'https://image.tmdb.org/t/p/original/4WMz4UUMeexgP1ddfC2j7pqf8hU.jpg') ON CONFLICT DO NOTHING;
INSERT INTO actors (mediaId, actorId , actorName, characterName, profilePath) VALUES(163, 1105311, 'Emily Tremaine', 'Casey', 'https://image.tmdb.org/t/p/original/j9wLmIvkxIyGcy9VjHE8456HaGm.jpg') ON CONFLICT DO NOTHING;
INSERT INTO actors (mediaId, actorId , actorName, characterName, profilePath) VALUES(163, 62715, 'Robert Miano', 'Ellis', 'https://image.tmdb.org/t/p/original/2nbXZKYKbadtKojWqbqumeClQ28.jpg') ON CONFLICT DO NOTHING;
INSERT INTO actors (mediaId, actorId , actorName, characterName, profilePath) VALUES(163, 995329, 'Tommy G. Kendrick', 'Attendant', 'https://image.tmdb.org/t/p/original/aQ23Ym132PJGGJjnov1dsj7xxt7.jpg') ON CONFLICT DO NOTHING;
INSERT INTO actors (mediaId, actorId , actorName, characterName, profilePath) VALUES(163, 1271111, 'Jesse Sharp', 'Mike', 'None') ON CONFLICT DO NOTHING;
INSERT INTO media (mediaId, type, name, originalLanguage, adult, releaseDate, overview, backdropPath, posterPath, trailerLink, tmdbRating, status) VALUES(164, false, 'Charlie and the Chocolate Factory', 'en', False, '2005-07-13',  'A young boy wins a tour through the most magnificent chocolate factory in the world, led by the world''s most unusual candy maker.', 'https://image.tmdb.org/t/p/original/atoIgfAk2Ig2HFJLD0VUnjiPWEz.jpg', 'https://image.tmdb.org/t/p/original/wfGfxtBkhBzQfOZw4S8IQZgrH0a.jpg', 'https://www.youtube.com/watch?v=p6JAQ2aoXm0', 7, 'Released') ON CONFLICT DO NOTHING;
INSERT INTO movies (mediaId, runtime, budget, revenue, directorId, director) VALUES( 164, 115, 150000000, 474968763, 510, 'Tim Burton') ON CONFLICT DO NOTHING;
INSERT INTO genres (mediaId, genre) VALUES(164, 'Adventure') ON CONFLICT DO NOTHING;
INSERT INTO genres (mediaId, genre) VALUES(164, 'Comedy') ON CONFLICT DO NOTHING;
INSERT INTO genres (mediaId, genre) VALUES(164, 'Family') ON CONFLICT DO NOTHING;
INSERT INTO genres (mediaId, genre) VALUES(164, 'Fantasy') ON CONFLICT DO NOTHING;
INSERT INTO actors (mediaId, actorId , actorName, characterName, profilePath) VALUES(164, 85, 'Johnny Depp', 'Willy Wonka', 'https://image.tmdb.org/t/p/original/z4wuEcnTW4hlICMYPGn5W8bK2zh.jpg') ON CONFLICT DO NOTHING;
INSERT INTO actors (mediaId, actorId , actorName, characterName, profilePath) VALUES(164, 1281, 'Freddie Highmore', 'Charlie Bucket', 'https://image.tmdb.org/t/p/original/9larfGVg8ALIVFkr7cZzv4Emh1F.jpg') ON CONFLICT DO NOTHING;
INSERT INTO actors (mediaId, actorId , actorName, characterName, profilePath) VALUES(164, 1282, 'David Kelly', 'Grandpa Joe', 'https://image.tmdb.org/t/p/original/6nk5gVXHpOV9gqWrjR4lis1BCP7.jpg') ON CONFLICT DO NOTHING;
INSERT INTO actors (mediaId, actorId , actorName, characterName, profilePath) VALUES(164, 1283, 'Helena Bonham Carter', 'Mrs. Bucket', 'https://image.tmdb.org/t/p/original/DDeITcCpnBd0CkAIRPhggy9bt5.jpg') ON CONFLICT DO NOTHING;
INSERT INTO actors (mediaId, actorId , actorName, characterName, profilePath) VALUES(164, 1284, 'Noah Taylor', 'Mr. Bucket', 'https://image.tmdb.org/t/p/original/a9VuohmpqbvcYflOpi0F3ck8L2j.jpg') ON CONFLICT DO NOTHING;
INSERT INTO actors (mediaId, actorId , actorName, characterName, profilePath) VALUES(164, 1294, 'Missi Pyle', 'Mrs. Beauregarde', 'https://image.tmdb.org/t/p/original/lKMPTI0PbPv6kGQiublwHOp73Ff.jpg') ON CONFLICT DO NOTHING;
INSERT INTO actors (mediaId, actorId , actorName, characterName, profilePath) VALUES(164, 1292, 'James Fox', 'Mr. Salt', 'https://image.tmdb.org/t/p/original/fO11c8zUNNgNhYu4aLxgYiBoo6R.jpg') ON CONFLICT DO NOTHING;
INSERT INTO actors (mediaId, actorId , actorName, characterName, profilePath) VALUES(164, 1295, 'Deep Roy', 'Oompa Loompa', 'https://image.tmdb.org/t/p/original/hXq63dj4WjwcKann7h9Wy7z7Ac7.jpg') ON CONFLICT DO NOTHING;
INSERT INTO actors (mediaId, actorId , actorName, characterName, profilePath) VALUES(164, 113, 'Christopher Lee', 'Dr. Wonka', 'https://image.tmdb.org/t/p/original/dA26fBr3t7mKqjn3OYW6kbD1LXM.jpg') ON CONFLICT DO NOTHING;
INSERT INTO actors (mediaId, actorId , actorName, characterName, profilePath) VALUES(164, 23429, 'Adam Godley', 'Mr. Teavee', 'https://image.tmdb.org/t/p/original/xOM0zOb2KZ2q8M6lRrDo9bEBeJE.jpg') ON CONFLICT DO NOTHING;
INSERT INTO providers (mediaId, providerId, providerName, logoPath) VALUES( 164, 2, 'Apple TV', 'https://image.tmdb.org/t/p/original/peURlLlr8jggOwK53fJ5wdQl05y.jpg') ON CONFLICT DO NOTHING;
INSERT INTO providers (mediaId, providerId, providerName, logoPath) VALUES( 164, 3, 'Google Play Movies', 'https://image.tmdb.org/t/p/original/tbEdFQDwx5LEVr8WpSeXQSIirVq.jpg') ON CONFLICT DO NOTHING;
INSERT INTO providers (mediaId, providerId, providerName, logoPath) VALUES( 164, 167, 'Claro video', 'https://image.tmdb.org/t/p/original/lJT7r1nprk1Z8t1ywiIa8h9d3rc.jpg') ON CONFLICT DO NOTHING;
INSERT INTO media (mediaId, type, name, originalLanguage, adult, releaseDate, overview, backdropPath, posterPath, trailerLink, tmdbRating, status) VALUES(165, false, 'Poison', 'en', False, '2023-09-30',  'When a poisonous snake slithers onto an Englishman''s stomach in India, his associate and a doctor race to save him.', 'https://image.tmdb.org/t/p/original/hrqPHNioMoCVyyh8FCcaINTv6Nu.jpg', 'https://image.tmdb.org/t/p/original/evgEvYCUGidCyUCxA77EUJiWpVQ.jpg', 'https://www.youtube.com/watch?v=FZVWaqKt81g', 7, 'Released') ON CONFLICT DO NOTHING;
INSERT INTO movies (mediaId, runtime, budget, revenue, directorId, director) VALUES( 165, 17, 0, 0, 5655, 'Wes Anderson') ON CONFLICT DO NOTHING;
INSERT INTO genres (mediaId, genre) VALUES(165, 'Comedy') ON CONFLICT DO NOTHING;
INSERT INTO actors (mediaId, actorId , actorName, characterName, profilePath) VALUES(165, 71580, 'Benedict Cumberbatch', 'Harry Pope', 'https://image.tmdb.org/t/p/original/fBEucxECxGLKVHBznO0qHtCGiMO.jpg') ON CONFLICT DO NOTHING;
INSERT INTO actors (mediaId, actorId , actorName, characterName, profilePath) VALUES(165, 76788, 'Dev Patel', 'Supervisor Woods', 'https://image.tmdb.org/t/p/original/1g07SUVwZHvKgM1Z7H4RYIEOXcm.jpg') ON CONFLICT DO NOTHING;
INSERT INTO actors (mediaId, actorId , actorName, characterName, profilePath) VALUES(165, 2282, 'Ben Kingsley', 'Dr. Ganderbai', 'https://image.tmdb.org/t/p/original/vQtBqpF2HDdzbfXHDzR4u37i1Ac.jpg') ON CONFLICT DO NOTHING;
INSERT INTO actors (mediaId, actorId , actorName, characterName, profilePath) VALUES(165, 5469, 'Ralph Fiennes', 'Roald Dahl', 'https://image.tmdb.org/t/p/original/tJr9GcmGNHhLVVEH3i7QYbj6hBi.jpg') ON CONFLICT DO NOTHING;
INSERT INTO media (mediaId, type, name, originalLanguage, adult, releaseDate, overview, backdropPath, posterPath, trailerLink, tmdbRating, status) VALUES(166, false, 'Epic Tails', 'fr', False, '2023-01-25',  'An adventurous mouse sets off to battle dangerous creatures in Ancient Greece, including Poseidon.', 'https://image.tmdb.org/t/p/original/qZOuoBoKCDLSm1EvYz2eBub8Cto.jpg', 'https://image.tmdb.org/t/p/original/gVPw9gRPsZZhzY6cIXp6h6nep5M.jpg', 'https://www.youtube.com/watch?v=LiVyhdxLYFc', 7, 'Released') ON CONFLICT DO NOTHING;
INSERT INTO movies (mediaId, runtime, budget, revenue, directorId, director) VALUES( 166, 95, 0, 4834952, 1049951, 'David Alaux') ON CONFLICT DO NOTHING;
INSERT INTO genres (mediaId, genre) VALUES(166, 'Animation') ON CONFLICT DO NOTHING;
INSERT INTO genres (mediaId, genre) VALUES(166, 'Adventure') ON CONFLICT DO NOTHING;
INSERT INTO genres (mediaId, genre) VALUES(166, 'Fantasy') ON CONFLICT DO NOTHING;
INSERT INTO genres (mediaId, genre) VALUES(166, 'Family') ON CONFLICT DO NOTHING;
INSERT INTO actors (mediaId, actorId , actorName, characterName, profilePath) VALUES(166, 1643163, 'Kaycie Chase', 'Pattie (voice)', 'https://image.tmdb.org/t/p/original/tis8Xvy8ALtFc9Kt7JBma0ze3Xp.jpg') ON CONFLICT DO NOTHING;
INSERT INTO actors (mediaId, actorId , actorName, characterName, profilePath) VALUES(166, 1341087, 'Christophe Lemoine', 'Sam (voice)', 'https://image.tmdb.org/t/p/original/fyjVqfL1npazimpk6BasLo5iUvE.jpg') ON CONFLICT DO NOTHING;
INSERT INTO actors (mediaId, actorId , actorName, characterName, profilePath) VALUES(166, 37181, 'Emmanuel Curtil', 'Chickos (voice)', 'https://image.tmdb.org/t/p/original/zJZ3PJ5jXLOMQrKrYLsMR8gxyW.jpg') ON CONFLICT DO NOTHING;
INSERT INTO actors (mediaId, actorId , actorName, characterName, profilePath) VALUES(166, 2436383, 'Michel Tureau', 'Jason (voice)', 'None') ON CONFLICT DO NOTHING;
INSERT INTO actors (mediaId, actorId , actorName, characterName, profilePath) VALUES(166, 24501, 'Pierre Richard', 'Zeus (voice)', 'https://image.tmdb.org/t/p/original/s3P7GFbSU60YDwogCgPH8p9hDfj.jpg') ON CONFLICT DO NOTHING;
INSERT INTO actors (mediaId, actorId , actorName, characterName, profilePath) VALUES(166, 1872006, 'Frantz Confiac', 'Bernardo (voice)', 'None') ON CONFLICT DO NOTHING;
INSERT INTO actors (mediaId, actorId , actorName, characterName, profilePath) VALUES(166, 1632533, 'Jérôme Pauwels', 'Gerardo / Vito (voice)', 'https://image.tmdb.org/t/p/original/pvU2lnRSpVuHULw2LbPfYR7Czu2.jpg') ON CONFLICT DO NOTHING;
INSERT INTO actors (mediaId, actorId , actorName, characterName, profilePath) VALUES(166, 1336655, 'Barbara Tissier', 'Aphrodite (voice)', 'https://image.tmdb.org/t/p/original/oAhObnVhqsdJHO6vlMuW2a82Mwa.jpg') ON CONFLICT DO NOTHING;
INSERT INTO actors (mediaId, actorId , actorName, characterName, profilePath) VALUES(166, 1446164, 'Paul Borne', 'Poseidon (voice)', 'https://image.tmdb.org/t/p/original/vjhn44K5M5A3eSdqslscrNCtBSY.jpg') ON CONFLICT DO NOTHING;
INSERT INTO actors (mediaId, actorId , actorName, characterName, profilePath) VALUES(166, 1497778, 'Emmanuel Garijo', 'Apollon (voice)', 'https://image.tmdb.org/t/p/original/cDqKqZg1Fek2neLDoQOQYoQNWhP.jpg') ON CONFLICT DO NOTHING;
INSERT INTO media (mediaId, type, name, originalLanguage, adult, releaseDate, overview, backdropPath, posterPath, trailerLink, tmdbRating, status) VALUES(167, false, 'Reptile', 'en', False, '2023-09-29',  'Following the brutal murder of a young real estate agent, a hardened detective attempts to uncover the truth in a case where nothing is as it seems, and by doing so dismantles the illusions in his own life.', 'https://image.tmdb.org/t/p/original/nrp2khEM6JWFqqNLeub1J6Qafe0.jpg', 'https://image.tmdb.org/t/p/original/soIgqZBoTiTgMqUW0JtxsPWAilQ.jpg', 'https://www.youtube.com/watch?v=KS1cNkZ9o1U', 6.9, 'Released') ON CONFLICT DO NOTHING;
INSERT INTO movies (mediaId, runtime, budget, revenue, directorId, director) VALUES( 167, 136, 0, 0, 1452963, 'Grant Singer') ON CONFLICT DO NOTHING;
INSERT INTO genres (mediaId, genre) VALUES(167, 'Thriller') ON CONFLICT DO NOTHING;
INSERT INTO genres (mediaId, genre) VALUES(167, 'Crime') ON CONFLICT DO NOTHING;
INSERT INTO genres (mediaId, genre) VALUES(167, 'Drama') ON CONFLICT DO NOTHING;
INSERT INTO genres (mediaId, genre) VALUES(167, 'Mystery') ON CONFLICT DO NOTHING;
INSERT INTO actors (mediaId, actorId , actorName, characterName, profilePath) VALUES(167, 1121, 'Benicio del Toro', 'Tom Nichols', 'https://image.tmdb.org/t/p/original/cVh4UgCMu6aAkZ2BqymTLV86FzZ.jpg') ON CONFLICT DO NOTHING;
INSERT INTO actors (mediaId, actorId , actorName, characterName, profilePath) VALUES(167, 12111, 'Justin Timberlake', 'Will Grady', 'https://image.tmdb.org/t/p/original/6Yk5t9RwkdkAT8Qv45934Eez2CA.jpg') ON CONFLICT DO NOTHING;
INSERT INTO actors (mediaId, actorId , actorName, characterName, profilePath) VALUES(167, 5588, 'Alicia Silverstone', 'Judy Nichols', 'https://image.tmdb.org/t/p/original/pyxqkP4i0ubVdoRe5hoiiiwkHkb.jpg') ON CONFLICT DO NOTHING;
INSERT INTO actors (mediaId, actorId , actorName, characterName, profilePath) VALUES(167, 10692, 'Michael Pitt', 'Eli Phillips', 'https://image.tmdb.org/t/p/original/mKSjyfqcXTVjFhIFw6Esjlz1Tps.jpg') ON CONFLICT DO NOTHING;
INSERT INTO actors (mediaId, actorId , actorName, characterName, profilePath) VALUES(167, 1327613, 'Karl Glusman', 'Sam Gifford', 'https://image.tmdb.org/t/p/original/5IM5WICx22z7V7jCfyFIKqsiAZx.jpg') ON CONFLICT DO NOTHING;
INSERT INTO actors (mediaId, actorId , actorName, characterName, profilePath) VALUES(167, 10866, 'Eric Bogosian', 'Captain Robert Allen', 'https://image.tmdb.org/t/p/original/lUtLCWoLh18UFVOHBFr1VpUpoYJ.jpg') ON CONFLICT DO NOTHING;
INSERT INTO actors (mediaId, actorId , actorName, characterName, profilePath) VALUES(167, 3713, 'Frances Fisher', 'Camille Grady', 'https://image.tmdb.org/t/p/original/tsyGcoXGRNM8KGLpLG3OuxAyxx2.jpg') ON CONFLICT DO NOTHING;
INSERT INTO actors (mediaId, actorId , actorName, characterName, profilePath) VALUES(167, 17941, 'Domenick Lombardozzi', 'Wally Finn', 'https://image.tmdb.org/t/p/original/IKNcS1KQqICetjCZSZ8IYqGl7h.jpg') ON CONFLICT DO NOTHING;
INSERT INTO actors (mediaId, actorId , actorName, characterName, profilePath) VALUES(167, 1586047, 'Owen Teague', 'Rudi Rackozy', 'https://image.tmdb.org/t/p/original/dEFXrRmXOULWI0dorfT08IjK49P.jpg') ON CONFLICT DO NOTHING;
INSERT INTO actors (mediaId, actorId , actorName, characterName, profilePath) VALUES(167, 1464589, 'Matilda Lutz', 'Summer Elswick', 'https://image.tmdb.org/t/p/original/js1PbvyTEFXQeSV2TTmmklB5XPT.jpg') ON CONFLICT DO NOTHING;
INSERT INTO media (mediaId, type, name, originalLanguage, adult, releaseDate, overview, backdropPath, posterPath, trailerLink, tmdbRating, status) VALUES(168, false, 'TAYLOR SWIFT | THE ERAS TOUR', 'en', False, '2023-10-12',  'The cultural phenomenon continues on the big screen! Immerse yourself in this once-in-a-lifetime concert film experience with a breathtaking, cinematic view of the history-making tour.', 'https://image.tmdb.org/t/p/original/x9tsSyltV2N814LtABb41NjVMd7.jpg', 'https://image.tmdb.org/t/p/original/a5EreVlyB9fXzZ2Rf9ugOLrW5YI.jpg', 'https://www.youtube.com/watch?v=KudedLV0tP0', 8.8, 'Released') ON CONFLICT DO NOTHING;
INSERT INTO movies (mediaId, runtime, budget, revenue, directorId, director) VALUES( 168, 169, 15000000, 128000000, 1556959, 'Sam Wrench') ON CONFLICT DO NOTHING;
INSERT INTO genres (mediaId, genre) VALUES(168, 'Music') ON CONFLICT DO NOTHING;
INSERT INTO actors (mediaId, actorId , actorName, characterName, profilePath) VALUES(168, 212208, 'Taylor Swift', 'Self', 'https://image.tmdb.org/t/p/original/6HbcifqJhqw6JhhuAFXpcBavxjA.jpg') ON CONFLICT DO NOTHING;
INSERT INTO actors (mediaId, actorId , actorName, characterName, profilePath) VALUES(168, 1448505, 'Amos Heller', 'Self', 'https://image.tmdb.org/t/p/original/eovE2w7vdl2NoNhc4JIhKgQwKD1.jpg') ON CONFLICT DO NOTHING;
INSERT INTO actors (mediaId, actorId , actorName, characterName, profilePath) VALUES(168, 3157265, 'Paul Sidoti', 'Self', 'https://image.tmdb.org/t/p/original/an7p5Qs3ArA4MMII5IrV6PKtdgP.jpg') ON CONFLICT DO NOTHING;
INSERT INTO actors (mediaId, actorId , actorName, characterName, profilePath) VALUES(168, 3159946, 'Matt Billingslea', 'Self', 'https://image.tmdb.org/t/p/original/sZS80AYQDhZtRYwXmRcszjustei.jpg') ON CONFLICT DO NOTHING;
INSERT INTO actors (mediaId, actorId , actorName, characterName, profilePath) VALUES(168, 3159951, 'Mike Meadows', 'Self', 'None') ON CONFLICT DO NOTHING;
INSERT INTO actors (mediaId, actorId , actorName, characterName, profilePath) VALUES(168, 3312218, 'Karina DePiano', 'Self', 'https://image.tmdb.org/t/p/original/wmj4iKiQmxX85Jk5n4ZWMyBuEsy.jpg') ON CONFLICT DO NOTHING;
INSERT INTO actors (mediaId, actorId , actorName, characterName, profilePath) VALUES(168, 2495794, 'Kamilah Marshall', 'Self', 'https://image.tmdb.org/t/p/original/7zWGmSKLd7fp7HZ8oRgUJQTFSgc.jpg') ON CONFLICT DO NOTHING;
INSERT INTO actors (mediaId, actorId , actorName, characterName, profilePath) VALUES(168, 3110091, 'Melanie Nyema', 'Self', 'https://image.tmdb.org/t/p/original/igw4m36F3agrWxgusWH0vEjMkmf.jpg') ON CONFLICT DO NOTHING;
INSERT INTO actors (mediaId, actorId , actorName, characterName, profilePath) VALUES(168, 3159942, 'Eliotte Woodford', 'Self', 'https://image.tmdb.org/t/p/original/swrWaPNfUguFJ1dqEowDqCw0dhV.jpg') ON CONFLICT DO NOTHING;
INSERT INTO actors (mediaId, actorId , actorName, characterName, profilePath) VALUES(168, 3159943, 'Jeslyn Gorman', 'Self', 'None') ON CONFLICT DO NOTHING;
INSERT INTO media (mediaId, type, name, originalLanguage, adult, releaseDate, overview, backdropPath, posterPath, trailerLink, tmdbRating, status) VALUES(169, false, 'The Shack', 'en', False, '2017-03-03',  'After suffering a family tragedy, Mack Phillips spirals into a deep depression causing him to question his innermost beliefs. Facing a crisis of faith, he receives a mysterious letter urging him to an abandoned shack deep in the Oregon wilderness. Despite his doubts, Mack journeys to the shack and encounters an enigmatic trio of strangers led by a woman named Papa. Through this meeting, Mack finds important truths that will transform his understanding of his tragedy and change his life forever.', 'https://image.tmdb.org/t/p/original/bAup7FGUlmNVOuhZFlLgmDPo0Eg.jpg', 'https://image.tmdb.org/t/p/original/doAzav9kfdtsoSdw1MDFvjKq3J4.jpg', 'https://www.youtube.com/watch?v=Ouc9W0GRlQw', 7.5, 'Released') ON CONFLICT DO NOTHING;
INSERT INTO movies (mediaId, runtime, budget, revenue, directorId, director) VALUES( 169, 132, 20000000, 96942115, 105239, 'Stuart Hazeldine') ON CONFLICT DO NOTHING;
INSERT INTO genres (mediaId, genre) VALUES(169, 'Drama') ON CONFLICT DO NOTHING;
INSERT INTO genres (mediaId, genre) VALUES(169, 'Fantasy') ON CONFLICT DO NOTHING;
INSERT INTO actors (mediaId, actorId , actorName, characterName, profilePath) VALUES(169, 65731, 'Sam Worthington', 'Mack Phillips', 'https://image.tmdb.org/t/p/original/mflBcox36s9ZPbsZPVOuhf6axaJ.jpg') ON CONFLICT DO NOTHING;
INSERT INTO actors (mediaId, actorId , actorName, characterName, profilePath) VALUES(169, 6944, 'Octavia Spencer', 'Papa / Elouisa', 'https://image.tmdb.org/t/p/original/zDGydyM1fmvNWzQlTAns9IZjNxT.jpg') ON CONFLICT DO NOTHING;
INSERT INTO actors (mediaId, actorId , actorName, characterName, profilePath) VALUES(169, 74428, 'Tim McGraw', 'Willie', 'https://image.tmdb.org/t/p/original/prKoPyWZDQYHZeTmFqvMW0EFWDB.jpg') ON CONFLICT DO NOTHING;
INSERT INTO actors (mediaId, actorId , actorName, characterName, profilePath) VALUES(169, 1251785, 'Aviv Alush', 'Jesus', 'https://image.tmdb.org/t/p/original/5txNTxJ1QL0lFARL4CkSzSevAhC.jpg') ON CONFLICT DO NOTHING;
INSERT INTO actors (mediaId, actorId , actorName, characterName, profilePath) VALUES(169, 1818135, 'Sumire Matsubara', 'Sarayu', 'https://image.tmdb.org/t/p/original/tJMAJ9lQp0iHoSH5lq8QecmzU5U.jpg') ON CONFLICT DO NOTHING;
INSERT INTO actors (mediaId, actorId , actorName, characterName, profilePath) VALUES(169, 8329, 'Radha Mitchell', 'Nan Phillips', 'https://image.tmdb.org/t/p/original/8EVKyEkwPfIA6GxlIo0PJv0A5mm.jpg') ON CONFLICT DO NOTHING;
INSERT INTO actors (mediaId, actorId , actorName, characterName, profilePath) VALUES(169, 6804, 'Graham Greene', 'Male Papa', 'https://image.tmdb.org/t/p/original/ubX9pwrzQqnR41gAGyY1GoSZr1G.jpg') ON CONFLICT DO NOTHING;
INSERT INTO actors (mediaId, actorId , actorName, characterName, profilePath) VALUES(169, 119251, 'Gage Munroe', 'Jose Phillips', 'https://image.tmdb.org/t/p/original/9IIuzYiVroMxZPEPNWU40GLWJGt.jpg') ON CONFLICT DO NOTHING;
INSERT INTO actors (mediaId, actorId , actorName, characterName, profilePath) VALUES(169, 223126, 'Megan Charpentier', 'Kate Phillips', 'https://image.tmdb.org/t/p/original/zwhNKXaYRU6FC4PaFe53jhWp52R.jpg') ON CONFLICT DO NOTHING;
INSERT INTO actors (mediaId, actorId , actorName, characterName, profilePath) VALUES(169, 1110009, 'Lane Edwards', 'Officer Dalton', 'https://image.tmdb.org/t/p/original/xVppeOsTZnpbK9JsanFrXKb8pDQ.jpg') ON CONFLICT DO NOTHING;
INSERT INTO providers (mediaId, providerId, providerName, logoPath) VALUES( 169, 2, 'Apple TV', 'https://image.tmdb.org/t/p/original/peURlLlr8jggOwK53fJ5wdQl05y.jpg') ON CONFLICT DO NOTHING;
INSERT INTO providers (mediaId, providerId, providerName, logoPath) VALUES( 169, 167, 'Claro video', 'https://image.tmdb.org/t/p/original/lJT7r1nprk1Z8t1ywiIa8h9d3rc.jpg') ON CONFLICT DO NOTHING;
INSERT INTO media (mediaId, type, name, originalLanguage, adult, releaseDate, overview, backdropPath, posterPath, trailerLink, tmdbRating, status) VALUES(170, false, 'The Hummingbird', 'it', False, '2022-10-14',  'Everyone in Marco''s life seems constantly restless, from his brilliant but unhappily married parents to his own wife Marina, or even Luisa, the real love of his life, a girl he met during a fateful summer in the ''70s and always stayed in touch with. Tragedy and fate seem to haunt him, yet he somehow manages never to get ensnared in the chaos—like his namesake, “the hummingbird”, he focuses all his energy at standing still.', 'https://image.tmdb.org/t/p/original/bXBetWl7kCgwPms2wBwkrUXC8le.jpg', 'https://image.tmdb.org/t/p/original/44pxAoAXhC8DTfcNzwDSDJ1D0ue.jpg', 'None', 7.1, 'Released') ON CONFLICT DO NOTHING;
INSERT INTO movies (mediaId, runtime, budget, revenue, directorId, director) VALUES( 170, 126, 0, 0, 224114, 'Francesca Archibugi') ON CONFLICT DO NOTHING;
INSERT INTO genres (mediaId, genre) VALUES(170, 'Drama') ON CONFLICT DO NOTHING;
INSERT INTO actors (mediaId, actorId , actorName, characterName, profilePath) VALUES(170, 17839, 'Pierfrancesco Favino', 'Marco Carrera', 'https://image.tmdb.org/t/p/original/hedzgTKFKrSleWvLkBlANng8w4T.jpg') ON CONFLICT DO NOTHING;
INSERT INTO actors (mediaId, actorId , actorName, characterName, profilePath) VALUES(170, 120832, 'Kasia Smutniak', 'Marina Molitor', 'https://image.tmdb.org/t/p/original/ac0ddrUboKrBLMIxhvnboo86rzB.jpg') ON CONFLICT DO NOTHING;
INSERT INTO actors (mediaId, actorId , actorName, characterName, profilePath) VALUES(170, 82923, 'Bérénice Bejo', 'Luisa Lattes', 'https://image.tmdb.org/t/p/original/cDwbV6cIE47j3Tr5FlcTodGhIP8.jpg') ON CONFLICT DO NOTHING;
INSERT INTO actors (mediaId, actorId , actorName, characterName, profilePath) VALUES(170, 56654, 'Laura Morante', 'Letizia Carrera', 'https://image.tmdb.org/t/p/original/dHPaab9C8how2C8tj3TseePEa7k.jpg') ON CONFLICT DO NOTHING;
INSERT INTO actors (mediaId, actorId , actorName, characterName, profilePath) VALUES(170, 126988, 'Sergio Albelli', 'Probo Carrera', 'https://image.tmdb.org/t/p/original/k3rb2hajpMXvH3SNsS2XtAh54pk.jpg') ON CONFLICT DO NOTHING;
INSERT INTO actors (mediaId, actorId , actorName, characterName, profilePath) VALUES(170, 1074529, 'Alessandro Tedeschi', 'Giacomo Carrera', 'https://image.tmdb.org/t/p/original/pLIMMEoa10hbvlyfcMUeZS6AoKn.jpg') ON CONFLICT DO NOTHING;
INSERT INTO actors (mediaId, actorId , actorName, characterName, profilePath) VALUES(170, 1822392, 'Benedetta Porcaroli', 'Adele Carrera', 'https://image.tmdb.org/t/p/original/kPDy8jGXroQxMOqHBdcc6yA8qXN.jpg') ON CONFLICT DO NOTHING;
INSERT INTO actors (mediaId, actorId , actorName, characterName, profilePath) VALUES(170, 120274, 'Massimo Ceccherini', 'Duccio Chilleri', 'https://image.tmdb.org/t/p/original/10LMMt8O3T8eLXlUF7tjntSdnMe.jpg') ON CONFLICT DO NOTHING;
INSERT INTO actors (mediaId, actorId , actorName, characterName, profilePath) VALUES(170, 2479586, 'Fotinì Peluso', 'Irene Carrera', 'https://image.tmdb.org/t/p/original/8EghHDlJmqToMyfceY4BwNEU57u.jpg') ON CONFLICT DO NOTHING;
INSERT INTO actors (mediaId, actorId , actorName, characterName, profilePath) VALUES(170, 2638093, 'Francesco Centorame', 'Marco Carrera ragazzo', 'https://image.tmdb.org/t/p/original/oj1j5jB4lqvHnuPd0dz2BFVXfzI.jpg') ON CONFLICT DO NOTHING;
INSERT INTO media (mediaId, type, name, originalLanguage, adult, releaseDate, overview, backdropPath, posterPath, trailerLink, tmdbRating, status) VALUES(171, false, 'Three Swedish Girls in Upper Bavaria', 'de', False, '1977-10-07',  'Otto runs a hotel for tourists in Tyrol but has troubles both with the economy and with his wife Olga. After a trip to Stockholm he imports three Swedish blondes who eventually save Otto from disaster, both marital and financial.', 'https://image.tmdb.org/t/p/original/ja6Ck6epZY0bcRUD5itCgCuVeXk.jpg', 'https://image.tmdb.org/t/p/original/zcpDptH2QOYVEpMrZpnPEudKpH9.jpg', 'None', 5.4, 'Released') ON CONFLICT DO NOTHING;
INSERT INTO movies (mediaId, runtime, budget, revenue, directorId, director) VALUES( 171, 93, 0, 0, 39639, 'Sigi Rothemund') ON CONFLICT DO NOTHING;
INSERT INTO genres (mediaId, genre) VALUES(171, 'Comedy') ON CONFLICT DO NOTHING;
INSERT INTO actors (mediaId, actorId , actorName, characterName, profilePath) VALUES(171, 97684, 'Gianni Garko', 'Otto Gruber', 'https://image.tmdb.org/t/p/original/eXhocD607r8cVaNGtcDlv1HutaD.jpg') ON CONFLICT DO NOTHING;
INSERT INTO actors (mediaId, actorId , actorName, characterName, profilePath) VALUES(171, 47270, 'Alexander Grill', 'Alois', 'https://image.tmdb.org/t/p/original/2YikWegIhr8KCW8RXqjqtcKEI1Y.jpg') ON CONFLICT DO NOTHING;
INSERT INTO actors (mediaId, actorId , actorName, characterName, profilePath) VALUES(171, 38993, 'Beate Hasenau', 'Olga Gruber', 'https://image.tmdb.org/t/p/original/xtUB1TYPl08GOT1CKq42gmK2FAQ.jpg') ON CONFLICT DO NOTHING;
INSERT INTO actors (mediaId, actorId , actorName, characterName, profilePath) VALUES(171, 1175919, 'Inge Fock', 'Birgit', 'https://image.tmdb.org/t/p/original/6Je72vYmcTFvlRjzeavFSrXAJsb.jpg') ON CONFLICT DO NOTHING;
INSERT INTO actors (mediaId, actorId , actorName, characterName, profilePath) VALUES(171, 22531, 'Herbert Fux', 'Priest', 'https://image.tmdb.org/t/p/original/6iXu2rmLjPHIdtv1PqSYdu8hXO6.jpg') ON CONFLICT DO NOTHING;
INSERT INTO actors (mediaId, actorId , actorName, characterName, profilePath) VALUES(171, 44443, 'Rosl Mayr', 'Josefa', 'https://image.tmdb.org/t/p/original/bkcdUcOa4pQAbBOD7LniwJ1Z8Tw.jpg') ON CONFLICT DO NOTHING;
INSERT INTO actors (mediaId, actorId , actorName, characterName, profilePath) VALUES(171, 6784, 'Jacques Herlin', 'Müller-Meyerfall', 'https://image.tmdb.org/t/p/original/ztGRlFmz3GEIWpNb9uIX7TtAiFF.jpg') ON CONFLICT DO NOTHING;
INSERT INTO actors (mediaId, actorId , actorName, characterName, profilePath) VALUES(171, 39940, 'Walter Klinger', 'Toni', 'None') ON CONFLICT DO NOTHING;
INSERT INTO actors (mediaId, actorId , actorName, characterName, profilePath) VALUES(171, 558694, 'Werner Röglin', 'Schorschi', 'None') ON CONFLICT DO NOTHING;
INSERT INTO actors (mediaId, actorId , actorName, characterName, profilePath) VALUES(171, 3763, 'Willy Harlander', '1. Bavarian', 'https://image.tmdb.org/t/p/original/k9kguSjtDPFjD7twskIwWrIVZwj.jpg') ON CONFLICT DO NOTHING;
INSERT INTO media (mediaId, type, name, originalLanguage, adult, releaseDate, overview, backdropPath, posterPath, trailerLink, tmdbRating, status) VALUES(172, false, 'Memories', 'ja', False, '1995-12-23',  'In this anime anthology, a salvage ship crew happens upon a haunted vessel in "Magnetic Rose"; a cold tablet turns a lab worker into a biological weapon in "Stink Bomb"; and an urban populace carries on an endless war with an unseen foe in "Cannon Fodder."', 'https://image.tmdb.org/t/p/original/5eHsU7ZhDiiWaeSRWojqsaqaq7n.jpg', 'https://image.tmdb.org/t/p/original/2e3rs7ZZxf6ENkWcxkOYnq0xuXf.jpg', 'https://www.youtube.com/watch?v=NTyRMfdDfc8', 7.4, 'Released') ON CONFLICT DO NOTHING;
INSERT INTO movies (mediaId, runtime, budget, revenue, directorId, director) VALUES( 172, 113, 0, 0, 183, 'Koji Morimoto') ON CONFLICT DO NOTHING;
INSERT INTO genres (mediaId, genre) VALUES(172, 'Fantasy') ON CONFLICT DO NOTHING;
INSERT INTO genres (mediaId, genre) VALUES(172, 'Animation') ON CONFLICT DO NOTHING;
INSERT INTO genres (mediaId, genre) VALUES(172, 'Science Fiction') ON CONFLICT DO NOTHING;
INSERT INTO actors (mediaId, actorId , actorName, characterName, profilePath) VALUES(172, 20661, 'Tsutomu Isobe', 'Heinz Beckner (voice)', 'https://image.tmdb.org/t/p/original/qP5vQMIbLNvSsSFkEMLZRVt4ZW5.jpg') ON CONFLICT DO NOTHING;
INSERT INTO actors (mediaId, actorId , actorName, characterName, profilePath) VALUES(172, 20664, 'Koichi Yamadera', 'Miguel Costrela (voice)', 'https://image.tmdb.org/t/p/original/biov5jENp2XYfehkcdnRvi796Wi.jpg') ON CONFLICT DO NOTHING;
INSERT INTO actors (mediaId, actorId , actorName, characterName, profilePath) VALUES(172, 223309, 'Shozo Iizuka', 'Ivanov (voice)', 'https://image.tmdb.org/t/p/original/msqe5A1q5YUUND0RhzB9dw1AEAO.jpg') ON CONFLICT DO NOTHING;
INSERT INTO actors (mediaId, actorId , actorName, characterName, profilePath) VALUES(172, 105816, 'Shigeru Chiba', 'Aoshima (voice)', 'https://image.tmdb.org/t/p/original/9oajq1i3qzkA2MTDH3ciLOEenS9.jpg') ON CONFLICT DO NOTHING;
INSERT INTO actors (mediaId, actorId , actorName, characterName, profilePath) VALUES(172, 20663, 'Gara Takashima', 'Eva Friedel (voice)', 'https://image.tmdb.org/t/p/original/9UCa5alIeGI1muzbAMArMOHEZ6V.jpg') ON CONFLICT DO NOTHING;
INSERT INTO actors (mediaId, actorId , actorName, characterName, profilePath) VALUES(172, 20662, 'Ami Hasegawa', 'Emily (voice)', 'None') ON CONFLICT DO NOTHING;
INSERT INTO actors (mediaId, actorId , actorName, characterName, profilePath) VALUES(172, 226637, 'Hideyuki Hori', 'Nobuo Tanaka (voice)', 'https://image.tmdb.org/t/p/original/fbWWkhe7GVSlhBljY89rJd01OnA.jpg') ON CONFLICT DO NOTHING;
INSERT INTO actors (mediaId, actorId , actorName, characterName, profilePath) VALUES(172, 142704, 'Kenichi Ogata', 'Oomaeda (voice)', 'https://image.tmdb.org/t/p/original/rTk93s0IfeUV8cvKc9BsJbrSBGV.jpg') ON CONFLICT DO NOTHING;
INSERT INTO actors (mediaId, actorId , actorName, characterName, profilePath) VALUES(172, 83932, 'Osamu Saka', 'Kamata (voice)', 'https://image.tmdb.org/t/p/original/dMA7sQj9B02DolELBRFOynsw8Zv.jpg') ON CONFLICT DO NOTHING;
INSERT INTO actors (mediaId, actorId , actorName, characterName, profilePath) VALUES(172, 615, 'Hisako Kyoda', 'Grandma (voice)', 'https://image.tmdb.org/t/p/original/7p7kVXNp1ZhJp2KejBPQwD8j9nE.jpg') ON CONFLICT DO NOTHING;
INSERT INTO media (mediaId, type, name, originalLanguage, adult, releaseDate, overview, backdropPath, posterPath, trailerLink, tmdbRating, status) VALUES(173, false, 'San Andreas', 'en', False, '2015-05-27',  'In the aftermath of a massive earthquake in California, a rescue-chopper pilot makes a dangerous journey across the state in order to rescue his estranged daughter.', 'https://image.tmdb.org/t/p/original/zcySy6dnSmyqiichtDgO7AEeZoq.jpg', 'https://image.tmdb.org/t/p/original/2Gfjn962aaFSD6eST6QU3oLDZTo.jpg', 'https://www.youtube.com/watch?v=F1ZewAPl7L0', 6.2, 'Released') ON CONFLICT DO NOTHING;
INSERT INTO movies (mediaId, runtime, budget, revenue, directorId, director) VALUES( 173, 114, 110000000, 473990832, 132876, 'Brad Peyton') ON CONFLICT DO NOTHING;
INSERT INTO genres (mediaId, genre) VALUES(173, 'Action') ON CONFLICT DO NOTHING;
INSERT INTO genres (mediaId, genre) VALUES(173, 'Drama') ON CONFLICT DO NOTHING;
INSERT INTO genres (mediaId, genre) VALUES(173, 'Thriller') ON CONFLICT DO NOTHING;
INSERT INTO actors (mediaId, actorId , actorName, characterName, profilePath) VALUES(173, 18918, 'Dwayne Johnson', 'Ray Gaines', 'https://image.tmdb.org/t/p/original/kuqFzlYMc2IrsOyPznMd1FroeGq.jpg') ON CONFLICT DO NOTHING;
INSERT INTO actors (mediaId, actorId , actorName, characterName, profilePath) VALUES(173, 109513, 'Alexandra Daddario', 'Blake Gaines', 'https://image.tmdb.org/t/p/original/5t0TF57Y7xWakdYl7fzXBjpHz6u.jpg') ON CONFLICT DO NOTHING;
INSERT INTO actors (mediaId, actorId , actorName, characterName, profilePath) VALUES(173, 17832, 'Carla Gugino', 'Emma Gaines', 'https://image.tmdb.org/t/p/original/7lSH5LOexOHwvt9lOTsLTbXdU1G.jpg') ON CONFLICT DO NOTHING;
INSERT INTO actors (mediaId, actorId , actorName, characterName, profilePath) VALUES(173, 65524, 'Ioan Gruffudd', 'Daniel Riddick', 'https://image.tmdb.org/t/p/original/8fZ1h879lO5lcKt9SG2UIXisq1k.jpg') ON CONFLICT DO NOTHING;
INSERT INTO actors (mediaId, actorId , actorName, characterName, profilePath) VALUES(173, 128645, 'Archie Panjabi', 'Serena Johnson', 'https://image.tmdb.org/t/p/original/1kSx9zUPwpTe35TbL7T2BWOp3bp.jpg') ON CONFLICT DO NOTHING;
INSERT INTO actors (mediaId, actorId , actorName, characterName, profilePath) VALUES(173, 13242, 'Paul Giamatti', 'Dr. Lawrence Hayes', 'https://image.tmdb.org/t/p/original/wbrVVJRr5TwhDZuvijBgOorzcAb.jpg') ON CONFLICT DO NOTHING;
INSERT INTO actors (mediaId, actorId , actorName, characterName, profilePath) VALUES(173, 1190654, 'Hugo Johnstone-Burt', 'Ben Taylor', 'https://image.tmdb.org/t/p/original/gt37OZhM4dwpLaaZ0xpYbWExzef.jpg') ON CONFLICT DO NOTHING;
INSERT INTO actors (mediaId, actorId , actorName, characterName, profilePath) VALUES(173, 1050248, 'Art Parkinson', 'Ollie Taylor', 'https://image.tmdb.org/t/p/original/ejAKOJME1DsvHECLWdQ7dEtXyyc.jpg') ON CONFLICT DO NOTHING;
INSERT INTO actors (mediaId, actorId , actorName, characterName, profilePath) VALUES(173, 10884, 'Will Yun Lee', 'Dr Kim Park', 'https://image.tmdb.org/t/p/original/zR29E2BHrp6PF7bxD6bVq0nDZXm.jpg') ON CONFLICT DO NOTHING;
INSERT INTO actors (mediaId, actorId , actorName, characterName, profilePath) VALUES(173, 12207, 'Kylie Minogue', 'Susan Riddick', 'https://image.tmdb.org/t/p/original/u9Lpzp7TFUcXn7277qMQRFNpEJu.jpg') ON CONFLICT DO NOTHING;
INSERT INTO providers (mediaId, providerId, providerName, logoPath) VALUES( 173, 2, 'Apple TV', 'https://image.tmdb.org/t/p/original/peURlLlr8jggOwK53fJ5wdQl05y.jpg') ON CONFLICT DO NOTHING;
INSERT INTO providers (mediaId, providerId, providerName, logoPath) VALUES( 173, 3, 'Google Play Movies', 'https://image.tmdb.org/t/p/original/tbEdFQDwx5LEVr8WpSeXQSIirVq.jpg') ON CONFLICT DO NOTHING;
INSERT INTO providers (mediaId, providerId, providerName, logoPath) VALUES( 173, 167, 'Claro video', 'https://image.tmdb.org/t/p/original/lJT7r1nprk1Z8t1ywiIa8h9d3rc.jpg') ON CONFLICT DO NOTHING;
INSERT INTO media (mediaId, type, name, originalLanguage, adult, releaseDate, overview, backdropPath, posterPath, trailerLink, tmdbRating, status) VALUES(174, false, 'Dog', 'en', False, '2022-02-17',  'An army ranger and his dog embark on a road trip along the Pacific Coast Highway to attend a friend''s funeral.', 'https://image.tmdb.org/t/p/original/cGnaZm6EQOJESde3Vv4v53Zk4gN.jpg', 'https://image.tmdb.org/t/p/original/zHQy4h36WwuCetKS7C3wcT1hkgA.jpg', 'https://www.youtube.com/watch?v=JL6p4IAI23Y', 7.4, 'Released') ON CONFLICT DO NOTHING;
INSERT INTO movies (mediaId, runtime, budget, revenue, directorId, director) VALUES( 174, 102, 20000000, 84774243, 38673, 'Channing Tatum') ON CONFLICT DO NOTHING;
INSERT INTO genres (mediaId, genre) VALUES(174, 'Drama') ON CONFLICT DO NOTHING;
INSERT INTO genres (mediaId, genre) VALUES(174, 'Comedy') ON CONFLICT DO NOTHING;
INSERT INTO actors (mediaId, actorId , actorName, characterName, profilePath) VALUES(174, 38673, 'Channing Tatum', 'Jackson Briggs', 'https://image.tmdb.org/t/p/original/xdnstENLdWMPWt9qyhtf695L4t6.jpg') ON CONFLICT DO NOTHING;
INSERT INTO actors (mediaId, actorId , actorName, characterName, profilePath) VALUES(174, 3376396, 'Aavi Haas', 'Deli Manager', 'None') ON CONFLICT DO NOTHING;
INSERT INTO actors (mediaId, actorId , actorName, characterName, profilePath) VALUES(174, 2092052, 'Ryder McLaughlin', 'Deli Teenager', 'https://image.tmdb.org/t/p/original/iuxff18BZMFH9EUZ5jwaTAmssmi.jpg') ON CONFLICT DO NOTHING;
INSERT INTO actors (mediaId, actorId , actorName, characterName, profilePath) VALUES(174, 1387665, 'Luke Forbes', 'Ranger Jones', 'https://image.tmdb.org/t/p/original/1M69Oj6tKckMJ85RZBEOWbpDiic.jpg') ON CONFLICT DO NOTHING;
INSERT INTO actors (mediaId, actorId , actorName, characterName, profilePath) VALUES(174, 3255984, 'Darren Keilan', 'Ranger Lucas', 'https://image.tmdb.org/t/p/original/rSBxD5GhPTcoCdofT8HvGUvn7If.jpg') ON CONFLICT DO NOTHING;
INSERT INTO actors (mediaId, actorId , actorName, characterName, profilePath) VALUES(174, 3304753, 'Eric Urbiztondo', 'Sergeant Riley Rodriguez', 'https://image.tmdb.org/t/p/original/gtwRoEta5ePp6yzaKVtTouD0vXP.jpg') ON CONFLICT DO NOTHING;
INSERT INTO actors (mediaId, actorId , actorName, characterName, profilePath) VALUES(174, 3116821, 'Darin Keith Martin', 'Sergeant Turner', 'None') ON CONFLICT DO NOTHING;
INSERT INTO actors (mediaId, actorId , actorName, characterName, profilePath) VALUES(174, 3376382, 'Justin Louis Weiss', 'Corporal Dickerson', 'https://image.tmdb.org/t/p/original/2vG1TQdCCW0cAwb0KvuJzIa0PKf.jpg') ON CONFLICT DO NOTHING;
INSERT INTO actors (mediaId, actorId , actorName, characterName, profilePath) VALUES(174, 4741, 'Cayden Boyd', 'Corporal Levitz', 'https://image.tmdb.org/t/p/original/5PyOB5F8mSp0n0ZNS6iX6rpXOTv.jpg') ON CONFLICT DO NOTHING;
INSERT INTO actors (mediaId, actorId , actorName, characterName, profilePath) VALUES(174, 1539711, 'Devin White', 'Fort Lewis MP', 'None') ON CONFLICT DO NOTHING;
INSERT INTO providers (mediaId, providerId, providerName, logoPath) VALUES( 174, 2, 'Apple TV', 'https://image.tmdb.org/t/p/original/peURlLlr8jggOwK53fJ5wdQl05y.jpg') ON CONFLICT DO NOTHING;
INSERT INTO providers (mediaId, providerId, providerName, logoPath) VALUES( 174, 3, 'Google Play Movies', 'https://image.tmdb.org/t/p/original/tbEdFQDwx5LEVr8WpSeXQSIirVq.jpg') ON CONFLICT DO NOTHING;
INSERT INTO providers (mediaId, providerId, providerName, logoPath) VALUES( 174, 167, 'Claro video', 'https://image.tmdb.org/t/p/original/lJT7r1nprk1Z8t1ywiIa8h9d3rc.jpg') ON CONFLICT DO NOTHING;
INSERT INTO providers (mediaId, providerId, providerName, logoPath) VALUES( 174, 10, 'Amazon Video', 'https://image.tmdb.org/t/p/original/5NyLm42TmCqCMOZFvH4fcoSNKEW.jpg') ON CONFLICT DO NOTHING;
INSERT INTO media (mediaId, type, name, originalLanguage, adult, releaseDate, overview, backdropPath, posterPath, trailerLink, tmdbRating, status) VALUES(175, false, 'Saw II', 'en', False, '2005-10-28',  'When a new murder victim is discovered with all the signs of Jigsaw''s hand, Detective Eric Matthews begins a full investigation and apprehends Jigsaw with little effort. But for Jigsaw, getting caught is just another part of his plan. Eight more of his victims are already fighting for their lives and now it''s time for Matthews to join the game.', 'https://image.tmdb.org/t/p/original/1lWeIA03iGXTlDv0yzsN0wUdT9T.jpg', 'https://image.tmdb.org/t/p/original/gTnaTysN8HsvVQqTRUh8m35mmUA.jpg', 'https://www.youtube.com/watch?v=y979drB7EEI', 6.6, 'Released') ON CONFLICT DO NOTHING;
INSERT INTO movies (mediaId, runtime, budget, revenue, directorId, director) VALUES( 175, 93, 4000000, 147748505, 2675, 'Darren Lynn Bousman') ON CONFLICT DO NOTHING;
INSERT INTO genres (mediaId, genre) VALUES(175, 'Horror') ON CONFLICT DO NOTHING;
INSERT INTO actors (mediaId, actorId , actorName, characterName, profilePath) VALUES(175, 2144, 'Tobin Bell', 'John Kramer / Jigsaw', 'https://image.tmdb.org/t/p/original/q21uuCtTioIVcGc3a1Q0DpdcNMO.jpg') ON CONFLICT DO NOTHING;
INSERT INTO actors (mediaId, actorId , actorName, characterName, profilePath) VALUES(175, 2680, 'Donnie Wahlberg', 'Eric Matthews', 'https://image.tmdb.org/t/p/original/8OQTlgl7eGAFlKTF2o8rZZT0MoF.jpg') ON CONFLICT DO NOTHING;
INSERT INTO actors (mediaId, actorId , actorName, characterName, profilePath) VALUES(175, 2138, 'Shawnee Smith', 'Amanda Young', 'https://image.tmdb.org/t/p/original/s2Ouz4b7xqDH72aU48TSW5zS40v.jpg') ON CONFLICT DO NOTHING;
INSERT INTO actors (mediaId, actorId , actorName, characterName, profilePath) VALUES(175, 2681, 'Erik Knudsen', 'Daniel Matthews', 'https://image.tmdb.org/t/p/original/knuDaR3AkCj7TryDRR9VnyzEhQD.jpg') ON CONFLICT DO NOTHING;
INSERT INTO actors (mediaId, actorId , actorName, characterName, profilePath) VALUES(175, 2682, 'Franky G', 'Xavier Chavez', 'https://image.tmdb.org/t/p/original/ulMOiDn6ToCEKiHbrelXV8RpJt.jpg') ON CONFLICT DO NOTHING;
INSERT INTO actors (mediaId, actorId , actorName, characterName, profilePath) VALUES(175, 2683, 'Glenn Plummer', 'Jonas Singer', 'https://image.tmdb.org/t/p/original/zHB5GpsWKhgloBbm7EbHP7j5Gj8.jpg') ON CONFLICT DO NOTHING;
INSERT INTO actors (mediaId, actorId , actorName, characterName, profilePath) VALUES(175, 2684, 'Emmanuelle Vaugier', 'Addison Corday', 'https://image.tmdb.org/t/p/original/3wGefsb5WrQPPXVM6egqIKOwfIq.jpg') ON CONFLICT DO NOTHING;
INSERT INTO actors (mediaId, actorId , actorName, characterName, profilePath) VALUES(175, 2685, 'Beverley Mitchell', 'Laura Hunter', 'https://image.tmdb.org/t/p/original/a3V7oZnCQO138dISrIj1lIrfcH6.jpg') ON CONFLICT DO NOTHING;
INSERT INTO actors (mediaId, actorId , actorName, characterName, profilePath) VALUES(175, 33668, 'Noam Jenkins', 'Michael Marks', 'https://image.tmdb.org/t/p/original/6cGnnTzHgvl4aEpD98gtcQ9DDU7.jpg') ON CONFLICT DO NOTHING;
INSERT INTO actors (mediaId, actorId , actorName, characterName, profilePath) VALUES(175, 2686, 'Timothy Burd', 'Obi Tate', 'None') ON CONFLICT DO NOTHING;
INSERT INTO providers (mediaId, providerId, providerName, logoPath) VALUES( 175, 2, 'Apple TV', 'https://image.tmdb.org/t/p/original/peURlLlr8jggOwK53fJ5wdQl05y.jpg') ON CONFLICT DO NOTHING;
INSERT INTO providers (mediaId, providerId, providerName, logoPath) VALUES( 175, 10, 'Amazon Video', 'https://image.tmdb.org/t/p/original/5NyLm42TmCqCMOZFvH4fcoSNKEW.jpg') ON CONFLICT DO NOTHING;
INSERT INTO media (mediaId, type, name, originalLanguage, adult, releaseDate, overview, backdropPath, posterPath, trailerLink, tmdbRating, status) VALUES(176, false, 'Mira', 'ru', False, '2022-12-22',  'Near future. Lera Arabova is a 15-year-old girl who lives with her family in Vladivostok. Lera''s father has been working at the orbiting space station "Mira" for many years and has long lost contact with his daughter, turning only into a voice on the phone. After a meteor shower hits the city, Lera has only one chance to save her loved ones and the city from a new disaster. Her father helps her in this - through satellite surveillance systems and the telephone, he uses every opportunity to send a message to his daughter, watching from above from the station her every step.', 'https://image.tmdb.org/t/p/original/9lIK95xch2fGQEVnBw7BwQMjP8z.jpg', 'https://image.tmdb.org/t/p/original/t9VfYHH1CPDDoi94pxhX4Bst0wY.jpg', 'https://www.youtube.com/watch?v=PzFh5C7QxiA', 6.5, 'Released') ON CONFLICT DO NOTHING;
INSERT INTO movies (mediaId, runtime, budget, revenue, directorId, director) VALUES( 176, 110, 6042800, 0, 107720, 'Dmitry Kiselev') ON CONFLICT DO NOTHING;
INSERT INTO genres (mediaId, genre) VALUES(176, 'Drama') ON CONFLICT DO NOTHING;
INSERT INTO genres (mediaId, genre) VALUES(176, 'Adventure') ON CONFLICT DO NOTHING;
INSERT INTO genres (mediaId, genre) VALUES(176, 'Science Fiction') ON CONFLICT DO NOTHING;
INSERT INTO genres (mediaId, genre) VALUES(176, 'Family') ON CONFLICT DO NOTHING;
INSERT INTO actors (mediaId, actorId , actorName, characterName, profilePath) VALUES(176, 93540, 'Anatoliy Belyy', '', 'https://image.tmdb.org/t/p/original/cQupz7e1lPQyAIfFlncdgYQUzXH.jpg') ON CONFLICT DO NOTHING;
INSERT INTO actors (mediaId, actorId , actorName, characterName, profilePath) VALUES(176, 235712, 'Darya Moroz', '', 'https://image.tmdb.org/t/p/original/aOI1SOdhvfxs4E6D0wW8lop8pqV.jpg') ON CONFLICT DO NOTHING;
INSERT INTO actors (mediaId, actorId , actorName, characterName, profilePath) VALUES(176, 2218132, 'Veronika Ustimova', '', 'https://image.tmdb.org/t/p/original/mnMQwWdS3eCvkH6Nl2wU1jXXRlM.jpg') ON CONFLICT DO NOTHING;
INSERT INTO actors (mediaId, actorId , actorName, characterName, profilePath) VALUES(176, 1533645, 'Maksim Lagashkin', '', 'https://image.tmdb.org/t/p/original/gsDYWB8954611i5BmHaiNoRF89N.jpg') ON CONFLICT DO NOTHING;
INSERT INTO actors (mediaId, actorId , actorName, characterName, profilePath) VALUES(176, 2217915, 'Evgeny Egorov', '', 'https://image.tmdb.org/t/p/original/pUUU7r0CEjVYJ7ddyLXHDSalz5X.jpg') ON CONFLICT DO NOTHING;
INSERT INTO actors (mediaId, actorId , actorName, characterName, profilePath) VALUES(176, 587910, 'Andrey Smolyakov', '', 'https://image.tmdb.org/t/p/original/AcuDKPIUa6xD3LYGqDr7gqEj3o9.jpg') ON CONFLICT DO NOTHING;
INSERT INTO actors (mediaId, actorId , actorName, characterName, profilePath) VALUES(176, 240563, 'Vladimir Ilin', '', 'https://image.tmdb.org/t/p/original/4DJwGRrm5VuZw5gLTJCbjCC36U7.jpg') ON CONFLICT DO NOTHING;
INSERT INTO actors (mediaId, actorId , actorName, characterName, profilePath) VALUES(176, 86957, 'Tatyana Dogileva', '', 'https://image.tmdb.org/t/p/original/kQjfWjjxMHvYpy7wtwaHirQVoXj.jpg') ON CONFLICT DO NOTHING;
INSERT INTO actors (mediaId, actorId , actorName, characterName, profilePath) VALUES(176, 1766959, 'Kirill Zaytsev', '', 'https://image.tmdb.org/t/p/original/rkxLKbKP785cnhMYQ4wdNbGgEkN.jpg') ON CONFLICT DO NOTHING;
INSERT INTO actors (mediaId, actorId , actorName, characterName, profilePath) VALUES(176, 3207394, 'Alexandr Petrov', '', 'None') ON CONFLICT DO NOTHING;
INSERT INTO media (mediaId, type, name, originalLanguage, adult, releaseDate, overview, backdropPath, posterPath, trailerLink, tmdbRating, status) VALUES(177, false, 'Soulcatcher', 'pl', False, '2023-08-02',  'A military contractor hired to seize a weapon that turns people into savage killers seeks revenge when his brother falls victim to the device.', 'https://image.tmdb.org/t/p/original/AioRI7M077BBR33VimFiyFop2Rc.jpg', 'https://image.tmdb.org/t/p/original/l1f9JSPjCfNftigEii1SDK1g2b3.jpg', 'https://www.youtube.com/watch?v=w6zbcx0ObUs', 6.6, 'Released') ON CONFLICT DO NOTHING;
INSERT INTO movies (mediaId, runtime, budget, revenue, directorId, director) VALUES( 177, 99, 0, 0, 1610284, 'Daniel Markowicz') ON CONFLICT DO NOTHING;
INSERT INTO genres (mediaId, genre) VALUES(177, 'Action') ON CONFLICT DO NOTHING;
INSERT INTO genres (mediaId, genre) VALUES(177, 'Adventure') ON CONFLICT DO NOTHING;
INSERT INTO genres (mediaId, genre) VALUES(177, 'Thriller') ON CONFLICT DO NOTHING;
INSERT INTO actors (mediaId, actorId , actorName, characterName, profilePath) VALUES(177, 3120886, 'Piotr Witkowski', '', 'https://image.tmdb.org/t/p/original/wOc1zX0nlfuZaZasX0Bb9Lq90IJ.jpg') ON CONFLICT DO NOTHING;
INSERT INTO actors (mediaId, actorId , actorName, characterName, profilePath) VALUES(177, 12210, 'Jacek Koman', '', 'https://image.tmdb.org/t/p/original/fajWa6UPn9eLne6TjT8zs4VOd7c.jpg') ON CONFLICT DO NOTHING;
INSERT INTO actors (mediaId, actorId , actorName, characterName, profilePath) VALUES(177, 1535030, 'Jacek Poniedziałek', '', 'https://image.tmdb.org/t/p/original/ldpW5eOVzFE0rdqDvkxMAFLGha8.jpg') ON CONFLICT DO NOTHING;
INSERT INTO actors (mediaId, actorId , actorName, characterName, profilePath) VALUES(177, 140221, 'Mariusz Bonaszewski', '', 'https://image.tmdb.org/t/p/original/ymngzpbNusVJeB0i1QcSKJOJ6d8.jpg') ON CONFLICT DO NOTHING;
INSERT INTO actors (mediaId, actorId , actorName, characterName, profilePath) VALUES(177, 1689028, 'Aleksandra Adamska', '', 'https://image.tmdb.org/t/p/original/eLvksihxtlHkNYyRzddXCBVuVgR.jpg') ON CONFLICT DO NOTHING;
INSERT INTO actors (mediaId, actorId , actorName, characterName, profilePath) VALUES(177, 136642, 'Sebastian Stankiewicz', '', 'https://image.tmdb.org/t/p/original/hLN0Ca09KwQOFLZLPIEzgTIbqqg.jpg') ON CONFLICT DO NOTHING;
INSERT INTO actors (mediaId, actorId , actorName, characterName, profilePath) VALUES(177, 1537079, 'Michalina Olszańska', '', 'https://image.tmdb.org/t/p/original/aZuGX2xaKuYCksaRUvZHBp8CVZh.jpg') ON CONFLICT DO NOTHING;
INSERT INTO media (mediaId, type, name, originalLanguage, adult, releaseDate, overview, backdropPath, posterPath, trailerLink, tmdbRating, status) VALUES(178, false, 'Harry Potter and the Chamber of Secrets', 'en', False, '2002-11-13',  'Cars fly, trees fight back, and a mysterious house-elf comes to warn Harry Potter at the start of his second year at Hogwarts. Adventure and danger await when bloody writing on a wall announces: The Chamber Of Secrets Has Been Opened. To save Hogwarts will require all of Harry, Ron and Hermione’s magical abilities and courage.', 'https://image.tmdb.org/t/p/original/1stUIsjawROZxjiCMtqqXqgfZWC.jpg', 'https://image.tmdb.org/t/p/original/sdEOH0992YZ0QSxgXNIGLq1ToUi.jpg', 'https://www.youtube.com/watch?v=5SnFfsi1Zj8', 7.7, 'Released') ON CONFLICT DO NOTHING;
INSERT INTO movies (mediaId, runtime, budget, revenue, directorId, director) VALUES( 178, 161, 100000000, 876688482, 10965, 'Chris Columbus') ON CONFLICT DO NOTHING;
INSERT INTO genres (mediaId, genre) VALUES(178, 'Adventure') ON CONFLICT DO NOTHING;
INSERT INTO genres (mediaId, genre) VALUES(178, 'Fantasy') ON CONFLICT DO NOTHING;
INSERT INTO actors (mediaId, actorId , actorName, characterName, profilePath) VALUES(178, 10980, 'Daniel Radcliffe', 'Harry Potter', 'https://image.tmdb.org/t/p/original/iPg0J9UzAlPj1fLEJNllpW9IhGe.jpg') ON CONFLICT DO NOTHING;
INSERT INTO actors (mediaId, actorId , actorName, characterName, profilePath) VALUES(178, 10989, 'Rupert Grint', 'Ron Weasley', 'https://image.tmdb.org/t/p/original/q2KZZ0ltTEl7Sf8volNFV1JDEP4.jpg') ON CONFLICT DO NOTHING;
INSERT INTO actors (mediaId, actorId , actorName, characterName, profilePath) VALUES(178, 10990, 'Emma Watson', 'Hermione Granger', 'https://image.tmdb.org/t/p/original/tvPPRGzAzdQFhlKzLbMO1EpuTJI.jpg') ON CONFLICT DO NOTHING;
INSERT INTO actors (mediaId, actorId , actorName, characterName, profilePath) VALUES(178, 11181, 'Kenneth Branagh', 'Gilderoy Lockhart', 'https://image.tmdb.org/t/p/original/AbCqqFxNi5w3nDUFdQt0DGMFh5H.jpg') ON CONFLICT DO NOTHING;
INSERT INTO actors (mediaId, actorId , actorName, characterName, profilePath) VALUES(178, 13014, 'Toby Jones', 'Dobby (voice)', 'https://image.tmdb.org/t/p/original/1qNisdp4f1KstdfvAgYXMdrhwfk.jpg') ON CONFLICT DO NOTHING;
INSERT INTO actors (mediaId, actorId , actorName, characterName, profilePath) VALUES(178, 1923, 'Robbie Coltrane', 'Rubeus Hagrid', 'https://image.tmdb.org/t/p/original/jOHs3xvlwRiiG2CLtso5zzmGCXg.jpg') ON CONFLICT DO NOTHING;
INSERT INTO actors (mediaId, actorId , actorName, characterName, profilePath) VALUES(178, 194, 'Richard Harris', 'Albus Dumbledore', 'https://image.tmdb.org/t/p/original/oJIS8QUOCfLUhsfK7kROkLHVyJh.jpg') ON CONFLICT DO NOTHING;
INSERT INTO actors (mediaId, actorId , actorName, characterName, profilePath) VALUES(178, 4566, 'Alan Rickman', 'Severus Snape', 'https://image.tmdb.org/t/p/original/7tADZs4ILE93oJ5pAh6mKQFEq2m.jpg') ON CONFLICT DO NOTHING;
INSERT INTO actors (mediaId, actorId , actorName, characterName, profilePath) VALUES(178, 10993, 'Tom Felton', 'Draco Malfoy', 'https://image.tmdb.org/t/p/original/4fO0PjiBbNFEnYLPe55xUUP7Wgf.jpg') ON CONFLICT DO NOTHING;
INSERT INTO actors (mediaId, actorId , actorName, characterName, profilePath) VALUES(178, 11355, 'Jason Isaacs', 'Lucius Malfoy', 'https://image.tmdb.org/t/p/original/s6XRFjqUsrDJfDQuXPOoExAYPmb.jpg') ON CONFLICT DO NOTHING;
INSERT INTO providers (mediaId, providerId, providerName, logoPath) VALUES( 178, 2, 'Apple TV', 'https://image.tmdb.org/t/p/original/peURlLlr8jggOwK53fJ5wdQl05y.jpg') ON CONFLICT DO NOTHING;
INSERT INTO providers (mediaId, providerId, providerName, logoPath) VALUES( 178, 3, 'Google Play Movies', 'https://image.tmdb.org/t/p/original/tbEdFQDwx5LEVr8WpSeXQSIirVq.jpg') ON CONFLICT DO NOTHING;
INSERT INTO providers (mediaId, providerId, providerName, logoPath) VALUES( 178, 167, 'Claro video', 'https://image.tmdb.org/t/p/original/lJT7r1nprk1Z8t1ywiIa8h9d3rc.jpg') ON CONFLICT DO NOTHING;
INSERT INTO media (mediaId, type, name, originalLanguage, adult, releaseDate, overview, backdropPath, posterPath, trailerLink, tmdbRating, status) VALUES(179, false, 'Zootopia', 'en', False, '2016-02-11',  'Determined to prove herself, Officer Judy Hopps, the first bunny on Zootopia''s police force, jumps at the chance to crack her first case - even if it means partnering with scam-artist fox Nick Wilde to solve the mystery.', 'https://image.tmdb.org/t/p/original/p2fRZzxla6NoRbIH2KOZq0gHb5S.jpg', 'https://image.tmdb.org/t/p/original/hlK0e0wAQ3VLuJcsfIYPvb4JVud.jpg', 'https://www.youtube.com/watch?v=jWM0ct-OLsM', 7.7, 'Released') ON CONFLICT DO NOTHING;
INSERT INTO movies (mediaId, runtime, budget, revenue, directorId, director) VALUES( 179, 109, 150000000, 1023784195, 76595, 'Byron Howard') ON CONFLICT DO NOTHING;
INSERT INTO genres (mediaId, genre) VALUES(179, 'Animation') ON CONFLICT DO NOTHING;
INSERT INTO genres (mediaId, genre) VALUES(179, 'Adventure') ON CONFLICT DO NOTHING;
INSERT INTO genres (mediaId, genre) VALUES(179, 'Family') ON CONFLICT DO NOTHING;
INSERT INTO genres (mediaId, genre) VALUES(179, 'Comedy') ON CONFLICT DO NOTHING;
INSERT INTO actors (mediaId, actorId , actorName, characterName, profilePath) VALUES(179, 23532, 'Jason Bateman', 'Nick Wilde (voice)', 'https://image.tmdb.org/t/p/original/8e6mt0vGjPo6eW52gqRuXy5YnfN.jpg') ON CONFLICT DO NOTHING;
INSERT INTO actors (mediaId, actorId , actorName, characterName, profilePath) VALUES(179, 417, 'Ginnifer Goodwin', 'Judy Hopps (voice)', 'https://image.tmdb.org/t/p/original/xOCA2WN5MRfXmJmlzEbFEhIbfIQ.jpg') ON CONFLICT DO NOTHING;
INSERT INTO actors (mediaId, actorId , actorName, characterName, profilePath) VALUES(179, 17605, 'Idris Elba', 'Chief Bogo (voice)', 'https://image.tmdb.org/t/p/original/be1bVF7qGX91a6c5WeRPs5pKXln.jpg') ON CONFLICT DO NOTHING;
INSERT INTO actors (mediaId, actorId , actorName, characterName, profilePath) VALUES(179, 213001, 'Jenny Slate', 'Assistant Mayor Dawn Bellwether (voice)', 'https://image.tmdb.org/t/p/original/iNpXig5Djkh5moYG4TCekIATs5B.jpg') ON CONFLICT DO NOTHING;
INSERT INTO actors (mediaId, actorId , actorName, characterName, profilePath) VALUES(179, 41565, 'Nate Torrence', 'Officer Benjamin Clawhauser (voice)', 'https://image.tmdb.org/t/p/original/yT9o149xPygdY0NsF9sNgiQwuru.jpg') ON CONFLICT DO NOTHING;
INSERT INTO actors (mediaId, actorId , actorName, characterName, profilePath) VALUES(179, 5149, 'Bonnie Hunt', 'Bonnie Hopps (voice)', 'https://image.tmdb.org/t/p/original/tT9C6uLztgN8OxJULq6F9iEzqlA.jpg') ON CONFLICT DO NOTHING;
INSERT INTO actors (mediaId, actorId , actorName, characterName, profilePath) VALUES(179, 27530, 'Don Lake', 'Stu Hopps (voice)', 'https://image.tmdb.org/t/p/original/8t5ulnlUc0V2eE4rQuP1wiEbsOA.jpg') ON CONFLICT DO NOTHING;
INSERT INTO actors (mediaId, actorId , actorName, characterName, profilePath) VALUES(179, 63208, 'Tommy Chong', 'Yax (voice)', 'https://image.tmdb.org/t/p/original/xjAZc5IB4iPAlqpUbtM1LkcUAhI.jpg') ON CONFLICT DO NOTHING;
INSERT INTO actors (mediaId, actorId , actorName, characterName, profilePath) VALUES(179, 18999, 'J.K. Simmons', 'Mayor Leodore Lionheart (voice)', 'https://image.tmdb.org/t/p/original/ScmKoJ9eiSUOthAt1PDNLi8Fkw.jpg') ON CONFLICT DO NOTHING;
INSERT INTO actors (mediaId, actorId , actorName, characterName, profilePath) VALUES(179, 6944, 'Octavia Spencer', 'Mrs. Otterton (voice)', 'https://image.tmdb.org/t/p/original/zDGydyM1fmvNWzQlTAns9IZjNxT.jpg') ON CONFLICT DO NOTHING;
INSERT INTO media (mediaId, type, name, originalLanguage, adult, releaseDate, overview, backdropPath, posterPath, trailerLink, tmdbRating, status) VALUES(180, false, 'After We Collided', 'en', False, '2020-09-02',  'Tessa finds herself struggling with her complicated relationship with Hardin; she faces a dilemma that could change their lives forever.', 'https://image.tmdb.org/t/p/original/6hgItrYQEG33y0I7yP2SRl2ei4w.jpg', 'https://image.tmdb.org/t/p/original/kiX7UYfOpYrMFSAGbI6j1pFkLzQ.jpg', 'https://www.youtube.com/watch?v=2SvwX3ux_-8', 7.2, 'Released') ON CONFLICT DO NOTHING;
INSERT INTO movies (mediaId, runtime, budget, revenue, directorId, director) VALUES( 180, 105, 14000000, 48000000, 11873, 'Roger Kumble') ON CONFLICT DO NOTHING;
INSERT INTO genres (mediaId, genre) VALUES(180, 'Romance') ON CONFLICT DO NOTHING;
INSERT INTO genres (mediaId, genre) VALUES(180, 'Drama') ON CONFLICT DO NOTHING;
INSERT INTO actors (mediaId, actorId , actorName, characterName, profilePath) VALUES(180, 1753914, 'Josephine Langford', 'Tessa Young', 'https://image.tmdb.org/t/p/original/8Fj1UIFRJA0B5Zo22KwML5d3Mr3.jpg') ON CONFLICT DO NOTHING;
INSERT INTO actors (mediaId, actorId , actorName, characterName, profilePath) VALUES(180, 1114487, 'Hero Fiennes Tiffin', 'Hardin Scott', 'https://image.tmdb.org/t/p/original/6zMrrZvOMH6uGwEFoK0Uo8sZvxL.jpg') ON CONFLICT DO NOTHING;
INSERT INTO actors (mediaId, actorId , actorName, characterName, profilePath) VALUES(180, 95686, 'Dylan Sprouse', 'Trevor Matthews', 'https://image.tmdb.org/t/p/original/1kAWq60C8NpEkDsUMz4dVUo5YTH.jpg') ON CONFLICT DO NOTHING;
INSERT INTO actors (mediaId, actorId , actorName, characterName, profilePath) VALUES(180, 20805, 'Louise Lombard', 'Trish Daniels', 'https://image.tmdb.org/t/p/original/6znYbOI2Z8PfzZ6p9jHG5QdAeb2.jpg') ON CONFLICT DO NOTHING;
INSERT INTO actors (mediaId, actorId , actorName, characterName, profilePath) VALUES(180, 147404, 'Charlie Weber', 'Christian Vance', 'https://image.tmdb.org/t/p/original/eL97dIonrg3Iq7ENBBmYolp9kGl.jpg') ON CONFLICT DO NOTHING;
INSERT INTO actors (mediaId, actorId , actorName, characterName, profilePath) VALUES(180, 85144, 'Candice King', 'Kimberly Vance', 'https://image.tmdb.org/t/p/original/qDbwM5IQhriaYELdb4xOJALMoxV.jpg') ON CONFLICT DO NOTHING;
INSERT INTO actors (mediaId, actorId , actorName, characterName, profilePath) VALUES(180, 1684130, 'Shane Paul McGhie', 'Landon Gibson', 'https://image.tmdb.org/t/p/original/xrW5ioE8lihmmuu1ov1wWBpOWYp.jpg') ON CONFLICT DO NOTHING;
INSERT INTO actors (mediaId, actorId , actorName, characterName, profilePath) VALUES(180, 20960, 'Rob Estes', 'Ken Scott', 'https://image.tmdb.org/t/p/original/b24y5Tv4A8DUjkfYpJ1l1qpkhyv.jpg') ON CONFLICT DO NOTHING;
INSERT INTO actors (mediaId, actorId , actorName, characterName, profilePath) VALUES(180, 1685330, 'Inanna Sarkis', 'Molly Samuels', 'https://image.tmdb.org/t/p/original/up8etOETeYTwuGFr9yL0gYf5ZKW.jpg') ON CONFLICT DO NOTHING;
INSERT INTO actors (mediaId, actorId , actorName, characterName, profilePath) VALUES(180, 11826, 'Selma Blair', 'Carol Young', 'https://image.tmdb.org/t/p/original/5KfULwS7ZPZc6Ac1OP0ka2PhZZy.jpg') ON CONFLICT DO NOTHING;
INSERT INTO providers (mediaId, providerId, providerName, logoPath) VALUES( 180, 2, 'Apple TV', 'https://image.tmdb.org/t/p/original/peURlLlr8jggOwK53fJ5wdQl05y.jpg') ON CONFLICT DO NOTHING;
INSERT INTO providers (mediaId, providerId, providerName, logoPath) VALUES( 180, 3, 'Google Play Movies', 'https://image.tmdb.org/t/p/original/tbEdFQDwx5LEVr8WpSeXQSIirVq.jpg') ON CONFLICT DO NOTHING;
INSERT INTO providers (mediaId, providerId, providerName, logoPath) VALUES( 180, 167, 'Claro video', 'https://image.tmdb.org/t/p/original/lJT7r1nprk1Z8t1ywiIa8h9d3rc.jpg') ON CONFLICT DO NOTHING;
INSERT INTO providers (mediaId, providerId, providerName, logoPath) VALUES( 180, 10, 'Amazon Video', 'https://image.tmdb.org/t/p/original/5NyLm42TmCqCMOZFvH4fcoSNKEW.jpg') ON CONFLICT DO NOTHING;
INSERT INTO media (mediaId, type, name, originalLanguage, adult, releaseDate, overview, backdropPath, posterPath, trailerLink, tmdbRating, status) VALUES(181, false, 'War of the Worlds : The Attack', 'en', False, '2023-04-21',  'Three young astronomers fight to survive a deadly Martian invasion.', 'https://image.tmdb.org/t/p/original/zxnfMi4qW0bdAtcwCogrR9dRrqd.jpg', 'https://image.tmdb.org/t/p/original/c3CUKHtQUvPvp9NSFsKwYsPLAdW.jpg', 'https://www.youtube.com/watch?v=5BCzlUXIpGo', 5.2, 'Released') ON CONFLICT DO NOTHING;
INSERT INTO movies (mediaId, runtime, budget, revenue, directorId, director) VALUES( 181, 87, 0, 0, 1988209, 'Junaid Syed') ON CONFLICT DO NOTHING;
INSERT INTO genres (mediaId, genre) VALUES(181, 'Science Fiction') ON CONFLICT DO NOTHING;
INSERT INTO genres (mediaId, genre) VALUES(181, 'Mystery') ON CONFLICT DO NOTHING;
INSERT INTO genres (mediaId, genre) VALUES(181, 'Thriller') ON CONFLICT DO NOTHING;
INSERT INTO actors (mediaId, actorId , actorName, characterName, profilePath) VALUES(181, 1205916, 'Sam Gittins', 'Herbert', 'https://image.tmdb.org/t/p/original/ofqq4fxHXxo2bmku9ATP67CsRIq.jpg') ON CONFLICT DO NOTHING;
INSERT INTO actors (mediaId, actorId , actorName, characterName, profilePath) VALUES(181, 9831, 'Vincent Regan', 'Curate', 'https://image.tmdb.org/t/p/original/vnylF0jSWOdQyRWAsQgV3oA9dk.jpg') ON CONFLICT DO NOTHING;
INSERT INTO actors (mediaId, actorId , actorName, characterName, profilePath) VALUES(181, 1638012, 'Lara Lemon', 'Hannah', 'https://image.tmdb.org/t/p/original/mfifNyf7BCFR9W8UGnXQflgthQb.jpg') ON CONFLICT DO NOTHING;
INSERT INTO actors (mediaId, actorId , actorName, characterName, profilePath) VALUES(181, 1602739, 'Alhaji Fofana', 'Ogilvy', 'https://image.tmdb.org/t/p/original/5YGBeoDAN4sFlMcBFGvggz8DvVN.jpg') ON CONFLICT DO NOTHING;
INSERT INTO actors (mediaId, actorId , actorName, characterName, profilePath) VALUES(181, 1595251, 'Leo Staar', 'Artilleryman (Ben)', 'https://image.tmdb.org/t/p/original/zMHbpVMyrdR8uQo1bKH4og7NmFu.jpg') ON CONFLICT DO NOTHING;
INSERT INTO actors (mediaId, actorId , actorName, characterName, profilePath) VALUES(181, 2498240, 'Kathi deCouto', 'Dr. Stint', 'https://image.tmdb.org/t/p/original/5NhwJu0E09OiZXFb3eYEo8OXshJ.jpg') ON CONFLICT DO NOTHING;
INSERT INTO actors (mediaId, actorId , actorName, characterName, profilePath) VALUES(181, 1787485, 'Stefan Boehm', 'Captain Matthews', 'https://image.tmdb.org/t/p/original/fe633FMwDRr6Pyvkk52fYidTM22.jpg') ON CONFLICT DO NOTHING;
INSERT INTO actors (mediaId, actorId , actorName, characterName, profilePath) VALUES(181, 4072376, 'Frances Mather', 'Ellie', 'https://image.tmdb.org/t/p/original/sKdEx5KkaE9qQZdes1D4MGQ9NQH.jpg') ON CONFLICT DO NOTHING;
INSERT INTO actors (mediaId, actorId , actorName, characterName, profilePath) VALUES(181, 1672620, 'Fredi ''Kruga'' Nwaka', 'Sergeant', 'https://image.tmdb.org/t/p/original/41ZIIraCX5DxEeSshTDjFLorSu.jpg') ON CONFLICT DO NOTHING;
INSERT INTO actors (mediaId, actorId , actorName, characterName, profilePath) VALUES(181, 1389332, 'Kris Saddler', 'Samuel', 'https://image.tmdb.org/t/p/original/s7waWYEodqF2dcRZh8on7nXXHEz.jpg') ON CONFLICT DO NOTHING;
INSERT INTO media (mediaId, type, name, originalLanguage, adult, releaseDate, overview, backdropPath, posterPath, trailerLink, tmdbRating, status) VALUES(182, false, 'Black Adam', 'en', False, '2022-10-19',  'Nearly 5,000 years after he was bestowed with the almighty powers of the Egyptian gods—and imprisoned just as quickly—Black Adam is freed from his earthly tomb, ready to unleash his unique form of justice on the modern world.', 'https://image.tmdb.org/t/p/original/bQXAqRx2Fgc46uCVWgoPz5L5Dtr.jpg', 'https://image.tmdb.org/t/p/original/pFlaoHTZeyNkG83vxsAJiGzfSsa.jpg', 'https://www.youtube.com/watch?v=mkomfZHG5q4', 7, 'Released') ON CONFLICT DO NOTHING;
INSERT INTO movies (mediaId, runtime, budget, revenue, directorId, director) VALUES( 182, 124, 200000000, 393252111, 59521, 'Jaume Collet-Serra') ON CONFLICT DO NOTHING;
INSERT INTO genres (mediaId, genre) VALUES(182, 'Action') ON CONFLICT DO NOTHING;
INSERT INTO genres (mediaId, genre) VALUES(182, 'Adventure') ON CONFLICT DO NOTHING;
INSERT INTO genres (mediaId, genre) VALUES(182, 'Science Fiction') ON CONFLICT DO NOTHING;
INSERT INTO actors (mediaId, actorId , actorName, characterName, profilePath) VALUES(182, 18918, 'Dwayne Johnson', 'Black Adam / Teth Adam', 'https://image.tmdb.org/t/p/original/kuqFzlYMc2IrsOyPznMd1FroeGq.jpg') ON CONFLICT DO NOTHING;
INSERT INTO actors (mediaId, actorId , actorName, characterName, profilePath) VALUES(182, 83860, 'Aldis Hodge', 'Hawkman / Carter Hall', 'https://image.tmdb.org/t/p/original/jPpnaAGFXaIeOrRNUHIHxk3fIJL.jpg') ON CONFLICT DO NOTHING;
INSERT INTO actors (mediaId, actorId , actorName, characterName, profilePath) VALUES(182, 1253353, 'Noah Centineo', 'Atom Smasher / Al Rothstein', 'https://image.tmdb.org/t/p/original/p1bcst401RyxfDGykx2iQLI7CV5.jpg') ON CONFLICT DO NOTHING;
INSERT INTO actors (mediaId, actorId , actorName, characterName, profilePath) VALUES(182, 164945, 'Sarah Shahi', 'Adrianna Tomaz', 'https://image.tmdb.org/t/p/original/crKD1ax5wRRZ4QM7nQyH8K2deaA.jpg') ON CONFLICT DO NOTHING;
INSERT INTO actors (mediaId, actorId , actorName, characterName, profilePath) VALUES(182, 2042690, 'Quintessa Swindell', 'Cyclone / Maxine Hunkel', 'https://image.tmdb.org/t/p/original/xKUFfFJR6o5Ka7AmetGMYjSmBGO.jpg') ON CONFLICT DO NOTHING;
INSERT INTO actors (mediaId, actorId , actorName, characterName, profilePath) VALUES(182, 935235, 'Marwan Kenzari', 'Ishmael / Sabbac / King Ahk-Ton', 'https://image.tmdb.org/t/p/original/66903sgNtyzHN0Mi3D88UYgbH86.jpg') ON CONFLICT DO NOTHING;
INSERT INTO actors (mediaId, actorId , actorName, characterName, profilePath) VALUES(182, 1293978, 'Mo Amer', 'Karim', 'https://image.tmdb.org/t/p/original/vA78SdELZxQCLt7BF3OOHMxlh87.jpg') ON CONFLICT DO NOTHING;
INSERT INTO actors (mediaId, actorId , actorName, characterName, profilePath) VALUES(182, 2426321, 'Bodhi Sabongui', 'Amon Tomaz', 'https://image.tmdb.org/t/p/original/jBE8r2dauh7YUjWFu5YODOYejcp.jpg') ON CONFLICT DO NOTHING;
INSERT INTO actors (mediaId, actorId , actorName, characterName, profilePath) VALUES(182, 517, 'Pierce Brosnan', 'Dr. Fate / Kent Nelson', 'https://image.tmdb.org/t/p/original/mciqKRUdKFGF8CUEMiimcA1sdDN.jpg') ON CONFLICT DO NOTHING;
INSERT INTO actors (mediaId, actorId , actorName, characterName, profilePath) VALUES(182, 2430192, 'James Cusati-Moyer', 'Samir', 'https://image.tmdb.org/t/p/original/hzdNg0B4iyslssXP0FuYXIS3P7I.jpg') ON CONFLICT DO NOTHING;
INSERT INTO providers (mediaId, providerId, providerName, logoPath) VALUES( 182, 2, 'Apple TV', 'https://image.tmdb.org/t/p/original/peURlLlr8jggOwK53fJ5wdQl05y.jpg') ON CONFLICT DO NOTHING;
INSERT INTO providers (mediaId, providerId, providerName, logoPath) VALUES( 182, 3, 'Google Play Movies', 'https://image.tmdb.org/t/p/original/tbEdFQDwx5LEVr8WpSeXQSIirVq.jpg') ON CONFLICT DO NOTHING;
INSERT INTO media (mediaId, type, name, originalLanguage, adult, releaseDate, overview, backdropPath, posterPath, trailerLink, tmdbRating, status) VALUES(183, false, 'I Am Rage', 'en', False, '2023-09-14',  'An ancient cult embroiled in a sinister blood trade makes the deadly mistake of abducting a young woman with a violent, shocking past.', 'https://image.tmdb.org/t/p/original/2zzaJ9jzyK1Am8XoS0dFjmP8V0L.jpg', 'https://image.tmdb.org/t/p/original/iclmQs4O5dy7EAkbykI1qkowfK2.jpg', 'https://www.youtube.com/watch?v=Ui6UclS2LMo', 6.7, 'Released') ON CONFLICT DO NOTHING;
INSERT INTO movies (mediaId, runtime, budget, revenue, directorId, director) VALUES( 183, 89, 0, 0, 1064542, 'David Ryan Keith') ON CONFLICT DO NOTHING;
INSERT INTO genres (mediaId, genre) VALUES(183, 'Action') ON CONFLICT DO NOTHING;
INSERT INTO genres (mediaId, genre) VALUES(183, 'Thriller') ON CONFLICT DO NOTHING;
INSERT INTO genres (mediaId, genre) VALUES(183, 'Horror') ON CONFLICT DO NOTHING;
INSERT INTO actors (mediaId, actorId , actorName, characterName, profilePath) VALUES(183, 2843103, 'Hannaj Bang Bendz', 'Erin', 'https://image.tmdb.org/t/p/original/oYDV8v7km1Fsz3mEHUzNxboandW.jpg') ON CONFLICT DO NOTHING;
INSERT INTO actors (mediaId, actorId , actorName, characterName, profilePath) VALUES(183, 3041316, 'Marta Svetek', 'Margret', 'https://image.tmdb.org/t/p/original/8z6m4jODbzAunsDNPLWY73PZ1jn.jpg') ON CONFLICT DO NOTHING;
INSERT INTO actors (mediaId, actorId , actorName, characterName, profilePath) VALUES(183, 2731020, 'Derek Nelson', 'Adam', 'https://image.tmdb.org/t/p/original/21lF4PVOiogNEmCyXkdEBdHUJFJ.jpg') ON CONFLICT DO NOTHING;
INSERT INTO actors (mediaId, actorId , actorName, characterName, profilePath) VALUES(183, 3254594, 'Antonia Whillans', 'Sarah', 'https://image.tmdb.org/t/p/original/b6NOJK1JVyWLJWuOajRbaf88GUE.jpg') ON CONFLICT DO NOTHING;
INSERT INTO actors (mediaId, actorId , actorName, characterName, profilePath) VALUES(183, 1568707, 'Jamie B. Chambers', 'Peter', 'https://image.tmdb.org/t/p/original/gwapY5ip8JJrHxijQm8C21SoLYC.jpg') ON CONFLICT DO NOTHING;
INSERT INTO actors (mediaId, actorId , actorName, characterName, profilePath) VALUES(183, 2300597, 'Luke Aquilina', 'Michael', 'None') ON CONFLICT DO NOTHING;
INSERT INTO actors (mediaId, actorId , actorName, characterName, profilePath) VALUES(183, 1339368, 'Debbie Sheridan', 'Ruth', 'https://image.tmdb.org/t/p/original/jQpxOBJ70ylpfnuO7J7jAeE61tQ.jpg') ON CONFLICT DO NOTHING;
INSERT INTO actors (mediaId, actorId , actorName, characterName, profilePath) VALUES(183, 1307722, 'Niko Foster', 'Wilson', 'https://image.tmdb.org/t/p/original/gN1YaMDZOrRERftUCamY1wqqnsI.jpg') ON CONFLICT DO NOTHING;
INSERT INTO media (mediaId, type, name, originalLanguage, adult, releaseDate, overview, backdropPath, posterPath, trailerLink, tmdbRating, status) VALUES(184, false, 'El Conde', 'es', False, '2023-09-08',  'After living for over two centuries, Augusto Pinochet is a vampire ready to die… but the vultures around him won''t let him go without one last bite.', 'https://image.tmdb.org/t/p/original/n47trh6SChgncx2GUmwsvry6DLb.jpg', 'https://image.tmdb.org/t/p/original/rxBe0Js4dCvp1ZGgHHnBxjtbGPw.jpg', 'https://www.youtube.com/watch?v=YGvX7ma7Xnk', 6.3, 'Released') ON CONFLICT DO NOTHING;
INSERT INTO movies (mediaId, runtime, budget, revenue, directorId, director) VALUES( 184, 112, 0, 0, 225009, 'Pablo Larraín') ON CONFLICT DO NOTHING;
INSERT INTO genres (mediaId, genre) VALUES(184, 'Comedy') ON CONFLICT DO NOTHING;
INSERT INTO genres (mediaId, genre) VALUES(184, 'Horror') ON CONFLICT DO NOTHING;
INSERT INTO genres (mediaId, genre) VALUES(184, 'Fantasy') ON CONFLICT DO NOTHING;
INSERT INTO genres (mediaId, genre) VALUES(184, 'History') ON CONFLICT DO NOTHING;
INSERT INTO actors (mediaId, actorId , actorName, characterName, profilePath) VALUES(184, 225013, 'Jaime Vadell', 'El Conde', 'https://image.tmdb.org/t/p/original/vit9WWtLne8VVLKk93V0P09SFDd.jpg') ON CONFLICT DO NOTHING;
INSERT INTO actors (mediaId, actorId , actorName, characterName, profilePath) VALUES(184, 127249, 'Gloria Münchmeyer', 'Lucia', 'https://image.tmdb.org/t/p/original/onO0jzm46uLSp1HIrK6hZMneKbl.jpg') ON CONFLICT DO NOTHING;
INSERT INTO actors (mediaId, actorId , actorName, characterName, profilePath) VALUES(184, 225011, 'Alfredo Castro', 'Fyodor', 'https://image.tmdb.org/t/p/original/Rmp7RMej76wPBRK4KcSfD57H5z.jpg') ON CONFLICT DO NOTHING;
INSERT INTO actors (mediaId, actorId , actorName, characterName, profilePath) VALUES(184, 2100550, 'Paula Luchsinger', 'Carmencita', 'https://image.tmdb.org/t/p/original/nXExAgWwcaBqFKc00Kn3xqdPDRT.jpg') ON CONFLICT DO NOTHING;
INSERT INTO actors (mediaId, actorId , actorName, characterName, profilePath) VALUES(184, 134699, 'Stella Gonet', 'Margaret', 'https://image.tmdb.org/t/p/original/cUmDfX4fNvtAl5199HUc29ZDsAc.jpg') ON CONFLICT DO NOTHING;
INSERT INTO actors (mediaId, actorId , actorName, characterName, profilePath) VALUES(184, 127251, 'Catalina Guerra', 'Luciana', 'https://image.tmdb.org/t/p/original/vELgtSCQt24mc8o5TOGe96pAxC6.jpg') ON CONFLICT DO NOTHING;
INSERT INTO actors (mediaId, actorId , actorName, characterName, profilePath) VALUES(184, 225012, 'Amparo Noguera', 'Mercedes', 'https://image.tmdb.org/t/p/original/9VYxx11lDsWDoj0CcbHhTcymHA1.jpg') ON CONFLICT DO NOTHING;
INSERT INTO actors (mediaId, actorId , actorName, characterName, profilePath) VALUES(184, 141624, 'Antonia Zegers', 'Jacinta', 'https://image.tmdb.org/t/p/original/6wd9Jb4kxSDfxWXMUWTgLEF8HiY.jpg') ON CONFLICT DO NOTHING;
INSERT INTO actors (mediaId, actorId , actorName, characterName, profilePath) VALUES(184, 590883, 'Marcial Tagle', 'Aníbal', 'https://image.tmdb.org/t/p/original/sveAdNSZir3JX6DAKUYIwA8dJZh.jpg') ON CONFLICT DO NOTHING;
INSERT INTO actors (mediaId, actorId , actorName, characterName, profilePath) VALUES(184, 296274, 'Diego Muñoz', 'Manuel', 'https://image.tmdb.org/t/p/original/74ocWNGXwldzLRbCNShazwN16kZ.jpg') ON CONFLICT DO NOTHING;
INSERT INTO media (mediaId, type, name, originalLanguage, adult, releaseDate, overview, backdropPath, posterPath, trailerLink, tmdbRating, status) VALUES(185, false, 'The White Storm 3: Heaven or Hell', 'cn', False, '2023-07-06',  'Hong Kong police agent Cheung (by Aaron Kwok) works undercover in Kang’s (by Sean Lau) drug cartel, while another undercover cop Au (by Louis Koo) successfully earns their trust in an incident, a brotherly-bond is built among the three. After the Police busts the syndicate in Hong Kong, Kang subsequently hides away in the Golden Triangle, by chance he receives a tip-off about the betrayal within his circle of trust…', 'https://image.tmdb.org/t/p/original/2a9DvjXQQezV0sWqJbIN2mDLgZZ.jpg', 'https://image.tmdb.org/t/p/original/xtsEksiUjysMYv4gxdRQcbu2v6V.jpg', 'https://www.youtube.com/watch?v=41jV3yoPqxI', 6.7, 'Released') ON CONFLICT DO NOTHING;
INSERT INTO movies (mediaId, runtime, budget, revenue, directorId, director) VALUES( 185, 125, 0, 0, 92831, 'Herman Yau') ON CONFLICT DO NOTHING;
INSERT INTO genres (mediaId, genre) VALUES(185, 'Action') ON CONFLICT DO NOTHING;
INSERT INTO genres (mediaId, genre) VALUES(185, 'Drama') ON CONFLICT DO NOTHING;
INSERT INTO genres (mediaId, genre) VALUES(185, 'Crime') ON CONFLICT DO NOTHING;
INSERT INTO actors (mediaId, actorId , actorName, characterName, profilePath) VALUES(185, 21908, 'Aaron Kwok', 'Cheung Kin-hang', 'https://image.tmdb.org/t/p/original/zlMfNJwmAyuBdD9bPHLC4fk3SkR.jpg') ON CONFLICT DO NOTHING;
INSERT INTO actors (mediaId, actorId , actorName, characterName, profilePath) VALUES(185, 78875, 'Louis Koo', 'Au Chi-yuen', 'https://image.tmdb.org/t/p/original/yQuDBTzm7xWlJICNvl20OmcJP80.jpg') ON CONFLICT DO NOTHING;
INSERT INTO actors (mediaId, actorId , actorName, characterName, profilePath) VALUES(185, 940339, 'Lau Ching-wan', 'Hong So-chai', 'https://image.tmdb.org/t/p/original/yzEx86TPAFCqeLd3uEbX5i3vTXP.jpg') ON CONFLICT DO NOTHING;
INSERT INTO actors (mediaId, actorId , actorName, characterName, profilePath) VALUES(185, 1276628, 'Yang Caiyu', 'Noon', 'https://image.tmdb.org/t/p/original/hNIZhvljBtkk19jIxX6nBIwux4K.jpg') ON CONFLICT DO NOTHING;
INSERT INTO actors (mediaId, actorId , actorName, characterName, profilePath) VALUES(185, 1223043, 'Gallen Lo', '', 'https://image.tmdb.org/t/p/original/bxDIR1ecCI0BM1JBjAlzLyUKelg.jpg') ON CONFLICT DO NOTHING;
INSERT INTO actors (mediaId, actorId , actorName, characterName, profilePath) VALUES(185, 931254, 'Tse Kwan-Ho', '', 'https://image.tmdb.org/t/p/original/a5y4CekUSOguVV2FOBtAVIFHMz7.jpg') ON CONFLICT DO NOTHING;
INSERT INTO actors (mediaId, actorId , actorName, characterName, profilePath) VALUES(185, 21914, 'Alex Fong', '', 'https://image.tmdb.org/t/p/original/bBiTirBoaullLUqijJ5ku1hesA.jpg') ON CONFLICT DO NOTHING;
INSERT INTO actors (mediaId, actorId , actorName, characterName, profilePath) VALUES(185, 66010, 'Power Chan Kwok-Pong', '', 'https://image.tmdb.org/t/p/original/o5wZEj3oS527cE4g1JdfVledphb.jpg') ON CONFLICT DO NOTHING;
INSERT INTO actors (mediaId, actorId , actorName, characterName, profilePath) VALUES(185, 986480, 'Timmy Hung', '', 'https://image.tmdb.org/t/p/original/93SewU7wmWmYijuthNEfuscfvhx.jpg') ON CONFLICT DO NOTHING;
INSERT INTO actors (mediaId, actorId , actorName, characterName, profilePath) VALUES(185, 148892, 'Wilfred Lau', '', 'https://image.tmdb.org/t/p/original/bSRddI4KDNysGRibq1hlCMLjB6s.jpg') ON CONFLICT DO NOTHING;
INSERT INTO media (mediaId, type, name, originalLanguage, adult, releaseDate, overview, backdropPath, posterPath, trailerLink, tmdbRating, status) VALUES(186, false, 'Fall', 'en', False, '2022-08-11',  'For best friends Becky and Hunter, life is all about conquering fears and pushing limits. But after they climb 2,000 feet to the top of a remote, abandoned radio tower, they find themselves stranded with no way down. Now Becky and Hunter’s expert climbing skills will be put to the ultimate test as they desperately fight to survive the elements, a lack of supplies, and vertigo-inducing heights', 'https://image.tmdb.org/t/p/original/hlxduUs8y9icWGMzYCDLcYHEQ2u.jpg', 'https://image.tmdb.org/t/p/original/v28T5F1IygM8vXWZIycfNEm3xcL.jpg', 'https://www.youtube.com/watch?v=FNk7Cu4sJOs', 7.2, 'Released') ON CONFLICT DO NOTHING;
INSERT INTO movies (mediaId, runtime, budget, revenue, directorId, director) VALUES( 186, 107, 3000000, 16120263, 90812, 'Scott Mann') ON CONFLICT DO NOTHING;
INSERT INTO genres (mediaId, genre) VALUES(186, 'Thriller') ON CONFLICT DO NOTHING;
INSERT INTO actors (mediaId, actorId , actorName, characterName, profilePath) VALUES(186, 54633, 'Grace Caroline Currey', 'Becky Connor', 'https://image.tmdb.org/t/p/original/6chZcnjWEiFfpmB6D5BR9YUeIs9.jpg') ON CONFLICT DO NOTHING;
INSERT INTO actors (mediaId, actorId , actorName, characterName, profilePath) VALUES(186, 1279279, 'Virginia Gardner', 'Shiloh Hunter', 'https://image.tmdb.org/t/p/original/ltAmh88GkDs2E4tXErFhFAPmv9X.jpg') ON CONFLICT DO NOTHING;
INSERT INTO actors (mediaId, actorId , actorName, characterName, profilePath) VALUES(186, 47296, 'Jeffrey Dean Morgan', 'James Conner', 'https://image.tmdb.org/t/p/original/m8bdrmh6ExDCGQ64E83mHg002YV.jpg') ON CONFLICT DO NOTHING;
INSERT INTO actors (mediaId, actorId , actorName, characterName, profilePath) VALUES(186, 2174509, 'Mason Gooding', 'Dan Connor', 'https://image.tmdb.org/t/p/original/bmlry1xqBzNgv8Chm783ss93Cvg.jpg') ON CONFLICT DO NOTHING;
INSERT INTO actors (mediaId, actorId , actorName, characterName, profilePath) VALUES(186, 945542, 'Jasper Cole', 'Steve', 'https://image.tmdb.org/t/p/original/18mmNj8eKPn9a1n3G0yvy650Bd8.jpg') ON CONFLICT DO NOTHING;
INSERT INTO actors (mediaId, actorId , actorName, characterName, profilePath) VALUES(186, 1232204, 'Darrell Dennis', 'Randy', 'https://image.tmdb.org/t/p/original/2jOo4B5Nn9oGuzgx1UfoQs0MMCj.jpg') ON CONFLICT DO NOTHING;
INSERT INTO actors (mediaId, actorId , actorName, characterName, profilePath) VALUES(186, 82168, 'Julia Pace Mitchell', 'Diner Server', 'https://image.tmdb.org/t/p/original/6iavMrm8BhUJiGpZDSKmfGKgpK6.jpg') ON CONFLICT DO NOTHING;
INSERT INTO actors (mediaId, actorId , actorName, characterName, profilePath) VALUES(186, 3077005, 'Bamm Ericsen', 'Police Officer', 'None') ON CONFLICT DO NOTHING;
INSERT INTO actors (mediaId, actorId , actorName, characterName, profilePath) VALUES(186, 4013683, 'Evie Mann', 'Flower Girl', 'None') ON CONFLICT DO NOTHING;
INSERT INTO actors (mediaId, actorId , actorName, characterName, profilePath) VALUES(186, 4013686, 'Joseph Mann', 'Page Boy', 'None') ON CONFLICT DO NOTHING;
INSERT INTO providers (mediaId, providerId, providerName, logoPath) VALUES( 186, 3, 'Google Play Movies', 'https://image.tmdb.org/t/p/original/tbEdFQDwx5LEVr8WpSeXQSIirVq.jpg') ON CONFLICT DO NOTHING;
INSERT INTO media (mediaId, type, name, originalLanguage, adult, releaseDate, overview, backdropPath, posterPath, trailerLink, tmdbRating, status) VALUES(187, false, 'Black Clover: Sword of the Wizard King', 'ja', False, '2023-06-16',  'As a lionhearted boy who can’t wield magic strives for the title of Wizard King, four banished Wizard Kings of yore return to crush the Clover Kingdom.', 'https://image.tmdb.org/t/p/original/eUNg7wZ8HoQW0QxFjrfw3ioAkap.jpg', 'https://image.tmdb.org/t/p/original/9YEGawvjaRgnyW6QVcUhFJPFDco.jpg', 'https://www.youtube.com/watch?v=ihFHJ1tgKWk', 8.1, 'Released') ON CONFLICT DO NOTHING;
INSERT INTO movies (mediaId, runtime, budget, revenue, directorId, director) VALUES( 187, 113, 0, 0, 2358333, 'Ayataka Tanemura') ON CONFLICT DO NOTHING;
INSERT INTO genres (mediaId, genre) VALUES(187, 'Animation') ON CONFLICT DO NOTHING;
INSERT INTO genres (mediaId, genre) VALUES(187, 'Fantasy') ON CONFLICT DO NOTHING;
INSERT INTO genres (mediaId, genre) VALUES(187, 'Action') ON CONFLICT DO NOTHING;
INSERT INTO genres (mediaId, genre) VALUES(187, 'Adventure') ON CONFLICT DO NOTHING;
INSERT INTO actors (mediaId, actorId , actorName, characterName, profilePath) VALUES(187, 1919881, 'Gakuto Kajiwara', 'Asta (voice)', 'https://image.tmdb.org/t/p/original/kUer38jXf7vTD2TGGxJMZVYL5Te.jpg') ON CONFLICT DO NOTHING;
INSERT INTO actors (mediaId, actorId , actorName, characterName, profilePath) VALUES(187, 1210634, 'Nobunaga Shimazaki', 'Yuno (voice)', 'https://image.tmdb.org/t/p/original/iJFlSanoNgJMP31qBGCT9HzxFbi.jpg') ON CONFLICT DO NOTHING;
INSERT INTO actors (mediaId, actorId , actorName, characterName, profilePath) VALUES(187, 9721, 'Junichi Suwabe', 'Yami Sukehiro (voice)', 'https://image.tmdb.org/t/p/original/zEESFmAPlxRzYCjmROGLiHqoku5.jpg') ON CONFLICT DO NOTHING;
INSERT INTO actors (mediaId, actorId , actorName, characterName, profilePath) VALUES(187, 1919889, 'Kana Yuuki', 'Noelle Silva (voice)', 'https://image.tmdb.org/t/p/original/gnKY83EbfaJWi1y47dgOtiRegAK.jpg') ON CONFLICT DO NOTHING;
INSERT INTO actors (mediaId, actorId , actorName, characterName, profilePath) VALUES(187, 90571, 'Toshihiko Seki', 'Conrad Leto (voice)', 'https://image.tmdb.org/t/p/original/esu8zw5fb3f7IAyQ2CDVfypbB2U.jpg') ON CONFLICT DO NOTHING;
INSERT INTO actors (mediaId, actorId , actorName, characterName, profilePath) VALUES(187, 9706, 'Toshiyuki Morikawa', 'Julius Novachrono (voice)', 'https://image.tmdb.org/t/p/original/u1N6H7V0dehFD4fcO7ZkHvIMUrG.jpg') ON CONFLICT DO NOTHING;
INSERT INTO actors (mediaId, actorId , actorName, characterName, profilePath) VALUES(187, 552683, 'Hochu Otsuka', 'Edward Avalaché (voice)', 'https://image.tmdb.org/t/p/original/ouMRSpccmkS6iOMVkSc4fEOBiN2.jpg') ON CONFLICT DO NOTHING;
INSERT INTO actors (mediaId, actorId , actorName, characterName, profilePath) VALUES(187, 186341, 'Miyuki Sawashiro', 'Princia Funnybunny (voice)', 'https://image.tmdb.org/t/p/original/3l2HIkVifapvSPPGYZO4oI5snXk.jpg') ON CONFLICT DO NOTHING;
INSERT INTO actors (mediaId, actorId , actorName, characterName, profilePath) VALUES(187, 2389740, 'Fumiya Takahashi', 'Jester Garandros (voice)', 'https://image.tmdb.org/t/p/original/u0gRczCXmQDEmahTYN49hL7RpFH.jpg') ON CONFLICT DO NOTHING;
INSERT INTO actors (mediaId, actorId , actorName, characterName, profilePath) VALUES(187, 1309932, 'Marie Iitoyo', 'Millie Maxwell (voice)', 'https://image.tmdb.org/t/p/original/aPe3k3pB1aDG6rROVFrMuvSRouQ.jpg') ON CONFLICT DO NOTHING;
INSERT INTO media (mediaId, type, name, originalLanguage, adult, releaseDate, overview, backdropPath, posterPath, trailerLink, tmdbRating, status) VALUES(188, false, 'Awareness', 'es', False, '2023-03-16',  'Ian is a teenager who lives with his father on the outskirts by running small scams using Ian''s ability to generate visual illusions upon unsuspecting victims. When one of his cons goes awry, his abilities publicly spiral out of control and Ian becomes the target of two rival organizations, each seeking to exploit his powers.', 'https://image.tmdb.org/t/p/original/13oj9ix9x4IGT0W9nQbzF5bPZU4.jpg', 'https://image.tmdb.org/t/p/original/nXj3iwqUTnVWR95KCkjGT6hle0J.jpg', 'https://www.youtube.com/watch?v=NM873zmWbn4', 5.7, 'Released') ON CONFLICT DO NOTHING;
INSERT INTO movies (mediaId, runtime, budget, revenue, directorId, director) VALUES( 188, 112, 0, 0, 568279, 'Daniel Benmayor') ON CONFLICT DO NOTHING;
INSERT INTO genres (mediaId, genre) VALUES(188, 'Science Fiction') ON CONFLICT DO NOTHING;
INSERT INTO genres (mediaId, genre) VALUES(188, 'Mystery') ON CONFLICT DO NOTHING;
INSERT INTO genres (mediaId, genre) VALUES(188, 'Thriller') ON CONFLICT DO NOTHING;
INSERT INTO genres (mediaId, genre) VALUES(188, 'Action') ON CONFLICT DO NOTHING;
INSERT INTO actors (mediaId, actorId , actorName, characterName, profilePath) VALUES(188, 2421704, 'Carlos Scholz', 'Ian', 'https://image.tmdb.org/t/p/original/zLlCUjyjFJQK12A56DaxYGKfZ2A.jpg') ON CONFLICT DO NOTHING;
INSERT INTO actors (mediaId, actorId , actorName, characterName, profilePath) VALUES(188, 1109836, 'Pedro Alonso', 'Ian''s father', 'https://image.tmdb.org/t/p/original/38HeVKeOBztVYrLJOWzAtEZiB02.jpg') ON CONFLICT DO NOTHING;
INSERT INTO actors (mediaId, actorId , actorName, characterName, profilePath) VALUES(188, 1757167, 'María Pedraza', 'Esther', 'https://image.tmdb.org/t/p/original/l5Pi7nrkDd44I9kd7LPxG4g2GIl.jpg') ON CONFLICT DO NOTHING;
INSERT INTO actors (mediaId, actorId , actorName, characterName, profilePath) VALUES(188, 59129, 'Óscar Jaenada', '', 'https://image.tmdb.org/t/p/original/aOv6MLlApilNn21kyJhs66Lx3Ac.jpg') ON CONFLICT DO NOTHING;
INSERT INTO actors (mediaId, actorId , actorName, characterName, profilePath) VALUES(188, 203781, 'Lela Loren', '', 'https://image.tmdb.org/t/p/original/1MROHIj3FQ6Apcz5qeEDWqlJpdu.jpg') ON CONFLICT DO NOTHING;
INSERT INTO actors (mediaId, actorId , actorName, characterName, profilePath) VALUES(188, 1122332, 'Lucas Fuica', 'El Mulo', 'https://image.tmdb.org/t/p/original/n8uKTe6z9sDqUO3mRrjeTP7FWxn.jpg') ON CONFLICT DO NOTHING;
INSERT INTO actors (mediaId, actorId , actorName, characterName, profilePath) VALUES(188, 1274514, 'Silvia Kal', 'Lucía', 'https://image.tmdb.org/t/p/original/uqVS85yR6eIJwjWmtRUOX6aDdZV.jpg') ON CONFLICT DO NOTHING;
INSERT INTO actors (mediaId, actorId , actorName, characterName, profilePath) VALUES(188, 1914003, 'Karina Kolokolchykova', 'Urzula', 'https://image.tmdb.org/t/p/original/l1qPlsCja7RCUPK833MubiRfFLp.jpg') ON CONFLICT DO NOTHING;
INSERT INTO actors (mediaId, actorId , actorName, characterName, profilePath) VALUES(188, 1953954, 'María Mercado', 'Patri', 'https://image.tmdb.org/t/p/original/59qjBGy87astvNBbbV0VVgCOd43.jpg') ON CONFLICT DO NOTHING;
INSERT INTO actors (mediaId, actorId , actorName, characterName, profilePath) VALUES(188, 1635036, 'Ricardo Rocca', 'Sniper', 'None') ON CONFLICT DO NOTHING;
INSERT INTO media (mediaId, type, name, originalLanguage, adult, releaseDate, overview, backdropPath, posterPath, trailerLink, tmdbRating, status) VALUES(189, false, 'Cobweb', 'en', False, '2023-07-19',  'Eight year old Peter is plagued by a mysterious, constant tapping from inside his bedroom wall—one that his parents insist is all in his imagination. As Peter''s fear intensifies, he believes that his parents could be hiding a terrible, dangerous secret and questions their trustworthiness.', 'https://image.tmdb.org/t/p/original/nYDPmxvl0if5vHBBp7pDYGkTFc7.jpg', 'https://image.tmdb.org/t/p/original/cGXFosYUHYjjdKrOmA0bbjvzhKz.jpg', 'https://www.youtube.com/watch?v=hGY0icwlDGY', 6.9, 'Released') ON CONFLICT DO NOTHING;
INSERT INTO movies (mediaId, runtime, budget, revenue, directorId, director) VALUES( 189, 88, 0, 5569593, 1364891, 'Samuel Bodin') ON CONFLICT DO NOTHING;
INSERT INTO genres (mediaId, genre) VALUES(189, 'Horror') ON CONFLICT DO NOTHING;
INSERT INTO actors (mediaId, actorId , actorName, characterName, profilePath) VALUES(189, 51988, 'Lizzy Caplan', 'Carol', 'https://image.tmdb.org/t/p/original/i90RI9ySseYoy5AO5PA5Djod2Z8.jpg') ON CONFLICT DO NOTHING;
INSERT INTO actors (mediaId, actorId , actorName, characterName, profilePath) VALUES(189, 60373, 'Antony Starr', 'Mark', 'https://image.tmdb.org/t/p/original/efqC1XQSyHaRWYyTRWCQbbPOfRC.jpg') ON CONFLICT DO NOTHING;
INSERT INTO actors (mediaId, actorId , actorName, characterName, profilePath) VALUES(189, 217055, 'Cleopatra Coleman', 'Miss Devine', 'https://image.tmdb.org/t/p/original/vA0KiqXasmcvjafImY4hwoxYe8d.jpg') ON CONFLICT DO NOTHING;
INSERT INTO actors (mediaId, actorId , actorName, characterName, profilePath) VALUES(189, 1945369, 'Woody Norman', 'Peter', 'https://image.tmdb.org/t/p/original/tAUT5x2RjxOOSmmaT7klf3G0sOx.jpg') ON CONFLICT DO NOTHING;
INSERT INTO actors (mediaId, actorId , actorName, characterName, profilePath) VALUES(189, 3351429, 'Luke Busey', 'Brian', 'https://image.tmdb.org/t/p/original/lE6dBYO0CVLVQp2KTVDKpfremkw.jpg') ON CONFLICT DO NOTHING;
INSERT INTO actors (mediaId, actorId , actorName, characterName, profilePath) VALUES(189, 3769818, 'Aleksandra Dragova', 'The Girl (Sarah)', 'None') ON CONFLICT DO NOTHING;
INSERT INTO actors (mediaId, actorId , actorName, characterName, profilePath) VALUES(189, 2651811, 'Jay Rincon', 'Principal', 'https://image.tmdb.org/t/p/original/r7rJsxsJjfyN2YYWWaXzliu1zzh.jpg') ON CONFLICT DO NOTHING;
INSERT INTO actors (mediaId, actorId , actorName, characterName, profilePath) VALUES(189, 2916706, 'Anton Kottas', 'Timothy', 'https://image.tmdb.org/t/p/original/trj5wj5Y6Tvj649tbn1a4IG6YfG.jpg') ON CONFLICT DO NOTHING;
INSERT INTO actors (mediaId, actorId , actorName, characterName, profilePath) VALUES(189, 1122661, 'Steffanie Sampson', 'Brian''s Mom', 'https://image.tmdb.org/t/p/original/a6cgcntV3QWWoEbj0X9RDypCHRA.jpg') ON CONFLICT DO NOTHING;
INSERT INTO actors (mediaId, actorId , actorName, characterName, profilePath) VALUES(189, 4253418, 'Jivko Mihaylov', 'Kevin (Bunny Mask)', 'None') ON CONFLICT DO NOTHING;
INSERT INTO media (mediaId, type, name, originalLanguage, adult, releaseDate, overview, backdropPath, posterPath, trailerLink, tmdbRating, status) VALUES(190, false, 'Doraemon: Nobita''s Sky Utopia', 'ja', False, '2023-03-03',  'Doraemon, Nobita and his friends go to find Utopia, a perfect land in the sky where everyone lives with happiness, using an airship having a time warp function.', 'https://image.tmdb.org/t/p/original/7vxuOzbsDgGRKNiB9yzvSHaNlNi.jpg', 'https://image.tmdb.org/t/p/original/g9ksiIwYUUTWMR1PH22p8YAfUR1.jpg', 'https://www.youtube.com/watch?v=DKHad8YOuxg', 7, 'Released') ON CONFLICT DO NOTHING;
INSERT INTO movies (mediaId, runtime, budget, revenue, directorId, director) VALUES( 190, 107, 0, 0, 1754133, 'Takumi Doyama') ON CONFLICT DO NOTHING;
INSERT INTO genres (mediaId, genre) VALUES(190, 'Animation') ON CONFLICT DO NOTHING;
INSERT INTO genres (mediaId, genre) VALUES(190, 'Adventure') ON CONFLICT DO NOTHING;
INSERT INTO genres (mediaId, genre) VALUES(190, 'Science Fiction') ON CONFLICT DO NOTHING;
INSERT INTO actors (mediaId, actorId , actorName, characterName, profilePath) VALUES(190, 1241939, 'Wasabi Mizuta', 'Doraemon (voice)', 'https://image.tmdb.org/t/p/original/sJ4kytbg2XiERgch3k2k82FXK2B.jpg') ON CONFLICT DO NOTHING;
INSERT INTO actors (mediaId, actorId , actorName, characterName, profilePath) VALUES(190, 932986, 'Megumi Oohara', 'Nobita (voice)', 'https://image.tmdb.org/t/p/original/zelZQmq65MaiSeDIiqEpZOINIxd.jpg') ON CONFLICT DO NOTHING;
INSERT INTO actors (mediaId, actorId , actorName, characterName, profilePath) VALUES(190, 9715, 'Yumi Kakazu', 'Shizuka (voice)', 'https://image.tmdb.org/t/p/original/sVIBofobg32jmGmL0gjEDVsJdaz.jpg') ON CONFLICT DO NOTHING;
INSERT INTO actors (mediaId, actorId , actorName, characterName, profilePath) VALUES(190, 1142780, 'Subaru Kimura', 'Gian (voice)', 'https://image.tmdb.org/t/p/original/8o24ix4Lk9WduRXFDI6Nmip5Deq.jpg') ON CONFLICT DO NOTHING;
INSERT INTO actors (mediaId, actorId , actorName, characterName, profilePath) VALUES(190, 90567, 'Tomokazu Seki', 'Suneo (voice)', 'https://image.tmdb.org/t/p/original/4N6i4cgtbeUj5AJd8kiBZ2BxxEJ.jpg') ON CONFLICT DO NOTHING;
INSERT INTO actors (mediaId, actorId , actorName, characterName, profilePath) VALUES(190, 90135, 'Marina Inoue', 'Marimba (voice)', 'https://image.tmdb.org/t/p/original/nQ7a3krkbea6ukw9KGvvTpMma96.jpg') ON CONFLICT DO NOTHING;
INSERT INTO actors (mediaId, actorId , actorName, characterName, profilePath) VALUES(190, 1325949, 'Inori Minase', 'Hanna (voice)', 'https://image.tmdb.org/t/p/original/sSXB0DOmfLy1BGsTN7q98Q9yzAf.jpg') ON CONFLICT DO NOTHING;
INSERT INTO actors (mediaId, actorId , actorName, characterName, profilePath) VALUES(190, 2288018, 'Ren Nagase', 'Sonya (voice)', 'https://image.tmdb.org/t/p/original/psPiNe4JGygQ6mGjWiMlXlWhT1c.jpg') ON CONFLICT DO NOTHING;
INSERT INTO media (mediaId, type, name, originalLanguage, adult, releaseDate, overview, backdropPath, posterPath, trailerLink, tmdbRating, status) VALUES(191, false, 'La Leyenda de los Chaneques', 'es', False, '2023-07-14',  'Five years after giving up his powers and separating from his friends, Leo San Juan has started a new life trying to focus on his family and their bakery, staying away from danger and adventures. However, Leo knows that his plans are rarely fulfilled and this time is no exception: while traveling with Nando to Veracruz, things start to get weird, and from the depths of the Tuxtlas jungle, an ancient curse has returned and only Leo can face it.', 'https://image.tmdb.org/t/p/original/A9vrM4JXuIWPDf7KJan9D3WfMIQ.jpg', 'https://image.tmdb.org/t/p/original/4f9ghI3utknpeBZSAzNuIKKATOA.jpg', 'https://www.youtube.com/watch?v=iAdeQvl5qKg', 8.4, 'Released') ON CONFLICT DO NOTHING;
INSERT INTO movies (mediaId, runtime, budget, revenue, directorId, director) VALUES( 191, 89, 0, 0, 2510372, 'Marvick Núñez') ON CONFLICT DO NOTHING;
INSERT INTO genres (mediaId, genre) VALUES(191, 'Animation') ON CONFLICT DO NOTHING;
INSERT INTO genres (mediaId, genre) VALUES(191, 'Comedy') ON CONFLICT DO NOTHING;
INSERT INTO genres (mediaId, genre) VALUES(191, 'Family') ON CONFLICT DO NOTHING;
INSERT INTO genres (mediaId, genre) VALUES(191, 'Horror') ON CONFLICT DO NOTHING;
INSERT INTO actors (mediaId, actorId , actorName, characterName, profilePath) VALUES(191, 1379379, 'Benny Emmanuel', 'Leo San Juan (voice)', 'https://image.tmdb.org/t/p/original/o27QoIpUBWcB3BosFdZnx9Nd9dy.jpg') ON CONFLICT DO NOTHING;
INSERT INTO actors (mediaId, actorId , actorName, characterName, profilePath) VALUES(191, 2127665, 'Emilio Treviño', 'Nando San Juan (voice)', 'https://image.tmdb.org/t/p/original/ofe3RzIWNP2FdxhGgt2cq4nl6S.jpg') ON CONFLICT DO NOTHING;
INSERT INTO actors (mediaId, actorId , actorName, characterName, profilePath) VALUES(191, 4172442, 'Jorge Rafael', 'Diego (voice)', 'https://image.tmdb.org/t/p/original/2dFgA7gxKRSQWT6lnKIAkopE7MO.jpg') ON CONFLICT DO NOTHING;
INSERT INTO actors (mediaId, actorId , actorName, characterName, profilePath) VALUES(191, 1379378, 'Mayté Cordero', 'Teodora Villavicencio (voice)', 'https://image.tmdb.org/t/p/original/pDl6KR069aG5eRY9dHwrkyqsWUx.jpg') ON CONFLICT DO NOTHING;
INSERT INTO actors (mediaId, actorId , actorName, characterName, profilePath) VALUES(191, 2016900, 'Annie Rojas', 'Xóchitl Ahuactzin (voice)', 'https://image.tmdb.org/t/p/original/n6wZezP3kN0EKP3hX5fA8L1j0Vl.jpg') ON CONFLICT DO NOTHING;
INSERT INTO actors (mediaId, actorId , actorName, characterName, profilePath) VALUES(191, 590312, 'Eduardo España', 'Evaristo', 'https://image.tmdb.org/t/p/original/d0b6BTpKo5ZaEZnWjSewzTGnoar.jpg') ON CONFLICT DO NOTHING;
INSERT INTO actors (mediaId, actorId , actorName, characterName, profilePath) VALUES(191, 1172908, 'Andrés Couturier', 'Don Andrés', 'None') ON CONFLICT DO NOTHING;
INSERT INTO actors (mediaId, actorId , actorName, characterName, profilePath) VALUES(191, 1303720, 'Alejandro Villeli', 'Chamán', 'None') ON CONFLICT DO NOTHING;
INSERT INTO actors (mediaId, actorId , actorName, characterName, profilePath) VALUES(191, 1483822, 'Gabriel Basurto', 'Alebrije', 'None') ON CONFLICT DO NOTHING;
INSERT INTO media (mediaId, type, name, originalLanguage, adult, releaseDate, overview, backdropPath, posterPath, trailerLink, tmdbRating, status) VALUES(192, false, 'Jurassic World Dominion', 'en', False, '2022-06-01',  'Four years after Isla Nublar was destroyed, dinosaurs now live—and hunt—alongside humans all over the world. This fragile balance will reshape the future and determine, once and for all, whether human beings are to remain the apex predators ona planet they now share with history''s most fearsome creatures.', 'https://image.tmdb.org/t/p/original/hT9ZUwLN5tB2O7miBu1oIMJFqJT.jpg', 'https://image.tmdb.org/t/p/original/kAVRgw7GgK1CfYEJq8ME6EvRIgU.jpg', 'https://www.youtube.com/watch?v=DtQycgMD4HQ', 6.8, 'Released') ON CONFLICT DO NOTHING;
INSERT INTO movies (mediaId, runtime, budget, revenue, directorId, director) VALUES( 192, 147, 165000000, 1001978080, 930707, 'Colin Trevorrow') ON CONFLICT DO NOTHING;
INSERT INTO genres (mediaId, genre) VALUES(192, 'Adventure') ON CONFLICT DO NOTHING;
INSERT INTO genres (mediaId, genre) VALUES(192, 'Action') ON CONFLICT DO NOTHING;
INSERT INTO genres (mediaId, genre) VALUES(192, 'Science Fiction') ON CONFLICT DO NOTHING;
INSERT INTO actors (mediaId, actorId , actorName, characterName, profilePath) VALUES(192, 73457, 'Chris Pratt', 'Owen Grady', 'https://image.tmdb.org/t/p/original/83o3koL82jt30EJ0rz4Bnzrt2dd.jpg') ON CONFLICT DO NOTHING;
INSERT INTO actors (mediaId, actorId , actorName, characterName, profilePath) VALUES(192, 18997, 'Bryce Dallas Howard', 'Claire Dearing', 'https://image.tmdb.org/t/p/original/qQX1rhQaJ1G8eMG2RknFKiXfNRc.jpg') ON CONFLICT DO NOTHING;
INSERT INTO actors (mediaId, actorId , actorName, characterName, profilePath) VALUES(192, 4784, 'Laura Dern', 'Dr. Ellie Sattler', 'https://image.tmdb.org/t/p/original/2Ryt0SsExqWrLTzBu6sZcbLwoDJ.jpg') ON CONFLICT DO NOTHING;
INSERT INTO actors (mediaId, actorId , actorName, characterName, profilePath) VALUES(192, 4783, 'Sam Neill', 'Dr. Alan Grant', 'https://image.tmdb.org/t/p/original/8A6UifLxsv9Q45plOMGXgVHOl9I.jpg') ON CONFLICT DO NOTHING;
INSERT INTO actors (mediaId, actorId , actorName, characterName, profilePath) VALUES(192, 4785, 'Jeff Goldblum', 'Dr. Ian Malcolm', 'https://image.tmdb.org/t/p/original/ceSmXnD0FUSTaq2WIrnZu9caL0t.jpg') ON CONFLICT DO NOTHING;
INSERT INTO actors (mediaId, actorId , actorName, characterName, profilePath) VALUES(192, 206425, 'DeWanda Wise', 'Kayla Watts', 'https://image.tmdb.org/t/p/original/daQjduDoTzaDTC6SIsGWs55dzcM.jpg') ON CONFLICT DO NOTHING;
INSERT INTO actors (mediaId, actorId , actorName, characterName, profilePath) VALUES(192, 1639848, 'Mamoudou Athie', 'Ramsay Cole', 'https://image.tmdb.org/t/p/original/iPx1s7EuBEmty7MXdKSBpEBsGYT.jpg') ON CONFLICT DO NOTHING;
INSERT INTO actors (mediaId, actorId , actorName, characterName, profilePath) VALUES(192, 2058708, 'Isabella Sermon', 'Maisie Lockwood', 'https://image.tmdb.org/t/p/original/17lNC9C1mNuP0o5AJamwTJ9oaD5.jpg') ON CONFLICT DO NOTHING;
INSERT INTO actors (mediaId, actorId , actorName, characterName, profilePath) VALUES(192, 55152, 'Campbell Scott', 'Lewis Dodgson', 'https://image.tmdb.org/t/p/original/lJCxZpQru76zBeuZGxc0Gm5Pm9y.jpg') ON CONFLICT DO NOTHING;
INSERT INTO actors (mediaId, actorId , actorName, characterName, profilePath) VALUES(192, 14592, 'BD Wong', 'Dr. Henry Wu', 'https://image.tmdb.org/t/p/original/w7Hs9m6ocS2qlibvrLOvmyCKbAN.jpg') ON CONFLICT DO NOTHING;
INSERT INTO media (mediaId, type, name, originalLanguage, adult, releaseDate, overview, backdropPath, posterPath, trailerLink, tmdbRating, status) VALUES(193, false, 'Paydirt', 'en', False, '2020-08-07',  'A parolee teams up with his old crew determined to find a buried bag of cash stolen a decade ago from a DEA bust gone bad, while being tracked by a retired Sheriff.', 'https://image.tmdb.org/t/p/original/cStOy6KckiZjxZJStHiCCHNRW9t.jpg', 'https://image.tmdb.org/t/p/original/jAGGV80ZO10YcmUJXK7YSBh1yvK.jpg', 'https://www.youtube.com/watch?v=ob21tspZSIY', 5.9, 'Released') ON CONFLICT DO NOTHING;
INSERT INTO movies (mediaId, runtime, budget, revenue, directorId, director) VALUES( 193, 81, 0, 0, 130530, 'Christian Sesma') ON CONFLICT DO NOTHING;
INSERT INTO genres (mediaId, genre) VALUES(193, 'Action') ON CONFLICT DO NOTHING;
INSERT INTO genres (mediaId, genre) VALUES(193, 'Crime') ON CONFLICT DO NOTHING;
INSERT INTO genres (mediaId, genre) VALUES(193, 'Thriller') ON CONFLICT DO NOTHING;
INSERT INTO actors (mediaId, actorId , actorName, characterName, profilePath) VALUES(193, 10843, 'Luke Goss', 'Damien Brooks', 'https://image.tmdb.org/t/p/original/umjHJpsrNxxDqUxGyvLAaR1oub0.jpg') ON CONFLICT DO NOTHING;
INSERT INTO actors (mediaId, actorId , actorName, characterName, profilePath) VALUES(193, 5576, 'Val Kilmer', 'Sheriff Tucker', 'https://image.tmdb.org/t/p/original/sWH9jTD0bC5gWhhceUlzfNiNup0.jpg') ON CONFLICT DO NOTHING;
INSERT INTO actors (mediaId, actorId , actorName, characterName, profilePath) VALUES(193, 130532, 'Mike Hatton', 'Geoff Bentley', 'https://image.tmdb.org/t/p/original/f1dQlVm0plWWCcFczq4d9jTQUxN.jpg') ON CONFLICT DO NOTHING;
INSERT INTO actors (mediaId, actorId , actorName, characterName, profilePath) VALUES(193, 78335, 'Paul Sloan', 'Tony', 'https://image.tmdb.org/t/p/original/xv187orDP1MOO0aKp2LadhMI81T.jpg') ON CONFLICT DO NOTHING;
INSERT INTO actors (mediaId, actorId , actorName, characterName, profilePath) VALUES(193, 78336, 'Nick Vallelonga', 'Leo Cap', 'https://image.tmdb.org/t/p/original/h0GwAHN1J5lDysqgWxMIg66LNBW.jpg') ON CONFLICT DO NOTHING;
INSERT INTO actors (mediaId, actorId , actorName, characterName, profilePath) VALUES(193, 1225970, 'Mirtha Michelle', 'Layla', 'https://image.tmdb.org/t/p/original/8Zgrk9hnbzmnztsueOcMvyeIHbS.jpg') ON CONFLICT DO NOTHING;
INSERT INTO actors (mediaId, actorId , actorName, characterName, profilePath) VALUES(193, 1820883, 'Veronika Bozeman', 'Cici', 'https://image.tmdb.org/t/p/original/4RMCBVU4fus9oAfgNL2myekGhqU.jpg') ON CONFLICT DO NOTHING;
INSERT INTO actors (mediaId, actorId , actorName, characterName, profilePath) VALUES(193, 1210306, 'Murielle Telio', 'Janel', 'https://image.tmdb.org/t/p/original/f7eCGh7gc6ARQIxfDYpWx0DgIZE.jpg') ON CONFLICT DO NOTHING;
INSERT INTO actors (mediaId, actorId , actorName, characterName, profilePath) VALUES(193, 1476566, 'Mercedes Kilmer', 'Jamie', 'https://image.tmdb.org/t/p/original/ue1HwEyAtrwVVUXhWXR8V3zZL3v.jpg') ON CONFLICT DO NOTHING;
INSERT INTO actors (mediaId, actorId , actorName, characterName, profilePath) VALUES(193, 154922, 'Lorin McCraley', 'Rosco', 'https://image.tmdb.org/t/p/original/r27Zxuc9LZOi7Af63QpMuPz29Db.jpg') ON CONFLICT DO NOTHING;
INSERT INTO providers (mediaId, providerId, providerName, logoPath) VALUES( 193, 2, 'Apple TV', 'https://image.tmdb.org/t/p/original/peURlLlr8jggOwK53fJ5wdQl05y.jpg') ON CONFLICT DO NOTHING;
INSERT INTO providers (mediaId, providerId, providerName, logoPath) VALUES( 193, 3, 'Google Play Movies', 'https://image.tmdb.org/t/p/original/tbEdFQDwx5LEVr8WpSeXQSIirVq.jpg') ON CONFLICT DO NOTHING;
INSERT INTO providers (mediaId, providerId, providerName, logoPath) VALUES( 193, 10, 'Amazon Video', 'https://image.tmdb.org/t/p/original/5NyLm42TmCqCMOZFvH4fcoSNKEW.jpg') ON CONFLICT DO NOTHING;
INSERT INTO media (mediaId, type, name, originalLanguage, adult, releaseDate, overview, backdropPath, posterPath, trailerLink, tmdbRating, status) VALUES(194, false, 'Mortal Kombat Legends: Scorpion''s Revenge', 'en', False, '2020-04-12',  'After the vicious slaughter of his family by stone-cold mercenary Sub-Zero, Hanzo Hasashi is exiled to the torturous Netherrealm. There, in exchange for his servitude to the sinister Quan Chi, he’s given a chance to avenge his family – and is resurrected as Scorpion, a lost soul bent on revenge. Back on Earthrealm, Lord Raiden gathers a team of elite warriors – Shaolin monk Liu Kang, Special Forces officer Sonya Blade and action star Johnny Cage – an unlikely band of heroes with one chance to save humanity. To do this, they must defeat Shang Tsung’s horde of Outworld gladiators and reign over the Mortal Kombat tournament.', 'https://image.tmdb.org/t/p/original/vw3zNfzvnVNF7nIjpiEgcdznfeC.jpg', 'https://image.tmdb.org/t/p/original/4VlXER3FImHeFuUjBShFamhIp9M.jpg', 'https://www.youtube.com/watch?v=P87QXvvav7Y', 8.1, 'Released') ON CONFLICT DO NOTHING;
INSERT INTO movies (mediaId, runtime, budget, revenue, directorId, director) VALUES( 194, 80, 0, 0, 204553, 'Ethan Spaulding') ON CONFLICT DO NOTHING;
INSERT INTO genres (mediaId, genre) VALUES(194, 'Animation') ON CONFLICT DO NOTHING;
INSERT INTO genres (mediaId, genre) VALUES(194, 'Action') ON CONFLICT DO NOTHING;
INSERT INTO genres (mediaId, genre) VALUES(194, 'Fantasy') ON CONFLICT DO NOTHING;
INSERT INTO actors (mediaId, actorId , actorName, characterName, profilePath) VALUES(194, 939345, 'Patrick Seitz', 'Hanzo Hasashi / Scorpion (voice)', 'https://image.tmdb.org/t/p/original/e13Y5m1Ye4CXn7cMUOUvyHGBBRq.jpg') ON CONFLICT DO NOTHING;
INSERT INTO actors (mediaId, actorId , actorName, characterName, profilePath) VALUES(194, 1231115, 'Jordan Rodrigues', 'Liu Kang (voice)', 'https://image.tmdb.org/t/p/original/7g9T47nMfC29itacF4bIhcaBJTh.jpg') ON CONFLICT DO NOTHING;
INSERT INTO actors (mediaId, actorId , actorName, characterName, profilePath) VALUES(194, 53828, 'Jennifer Carpenter', 'Sonya Blade (voice)', 'https://image.tmdb.org/t/p/original/7UBzVt14Mv37WcFgKfF7g96ezHK.jpg') ON CONFLICT DO NOTHING;
INSERT INTO actors (mediaId, actorId , actorName, characterName, profilePath) VALUES(194, 74949, 'Joel McHale', 'Johnny Cage (voice)', 'https://image.tmdb.org/t/p/original/jFtqHLCrmGSIJtwdxloO3KM98iC.jpg') ON CONFLICT DO NOTHING;
INSERT INTO actors (mediaId, actorId , actorName, characterName, profilePath) VALUES(194, 1620226, 'Ike Amadi', 'Jax Briggs (voice)', 'https://image.tmdb.org/t/p/original/xsv09XrYPk5bdY3cAUwKqJnraxC.jpg') ON CONFLICT DO NOTHING;
INSERT INTO actors (mediaId, actorId , actorName, characterName, profilePath) VALUES(194, 571562, 'Steve Blum', 'Sub-Zero (voice)', 'https://image.tmdb.org/t/p/original/cpO0muunoigq1WHegeOEI1AIQAo.jpg') ON CONFLICT DO NOTHING;
INSERT INTO actors (mediaId, actorId , actorName, characterName, profilePath) VALUES(194, 1509454, 'Artt Butler', 'Shang Tsung / Lin Kuei Assasin (voice)', 'https://image.tmdb.org/t/p/original/3s8x2L87RM1GxJCzruD0X959VFa.jpg') ON CONFLICT DO NOTHING;
INSERT INTO actors (mediaId, actorId , actorName, characterName, profilePath) VALUES(194, 1352628, 'Darin De Paul', 'Quan Chi (voice)', 'https://image.tmdb.org/t/p/original/vGzewVsLWtXyEU7X3iNdjWEd6y9.jpg') ON CONFLICT DO NOTHING;
INSERT INTO actors (mediaId, actorId , actorName, characterName, profilePath) VALUES(194, 130081, 'Robin Atkin Downes', 'Kano / Shinnok (voice)', 'https://image.tmdb.org/t/p/original/qb4xPIJGiKyiQ2MhSDQzFWxN0jS.jpg') ON CONFLICT DO NOTHING;
INSERT INTO actors (mediaId, actorId , actorName, characterName, profilePath) VALUES(194, 15761, 'Grey DeLisle', 'Satoshi Hasashi / Kitana (voice)', 'https://image.tmdb.org/t/p/original/vrUHaXe1pG56yZkgH7Hs3LGRLTT.jpg') ON CONFLICT DO NOTHING;
INSERT INTO providers (mediaId, providerId, providerName, logoPath) VALUES( 194, 3, 'Google Play Movies', 'https://image.tmdb.org/t/p/original/tbEdFQDwx5LEVr8WpSeXQSIirVq.jpg') ON CONFLICT DO NOTHING;
INSERT INTO media (mediaId, type, name, originalLanguage, adult, releaseDate, overview, backdropPath, posterPath, trailerLink, tmdbRating, status) VALUES(195, false, 'The Boogeyman', 'en', False, '2023-05-31',  'Still reeling from the tragic death of their mother, a teenage girl and her younger sister find themselves plagued by a sadistic presence in their house and struggle to get their grieving father to pay attention before it’s too late.', 'https://image.tmdb.org/t/p/original/6OnDSJThAbF6GxXNXNmcusGjBDy.jpg', 'https://image.tmdb.org/t/p/original/pYwZdnXVnVxAr7dx4MEK7tTK9gI.jpg', 'https://www.youtube.com/watch?v=p8BDtwMYFa4', 6.7, 'Released') ON CONFLICT DO NOTHING;
INSERT INTO movies (mediaId, runtime, budget, revenue, directorId, director) VALUES( 195, 99, 41900000, 66978229, 1129908, 'Rob Savage') ON CONFLICT DO NOTHING;
INSERT INTO genres (mediaId, genre) VALUES(195, 'Horror') ON CONFLICT DO NOTHING;
INSERT INTO genres (mediaId, genre) VALUES(195, 'Thriller') ON CONFLICT DO NOTHING;
INSERT INTO genres (mediaId, genre) VALUES(195, 'Mystery') ON CONFLICT DO NOTHING;
INSERT INTO actors (mediaId, actorId , actorName, characterName, profilePath) VALUES(195, 1981044, 'Sophie Thatcher', 'Sadie Harper', 'https://image.tmdb.org/t/p/original/fVmq51NNtTkE7lkpvAGPl01gdC.jpg') ON CONFLICT DO NOTHING;
INSERT INTO actors (mediaId, actorId , actorName, characterName, profilePath) VALUES(195, 1813472, 'Vivien Lyra Blair', 'Sawyer Harper', 'https://image.tmdb.org/t/p/original/uwXELU5rQKXOi7c2I7Q3R7Cf4Qb.jpg') ON CONFLICT DO NOTHING;
INSERT INTO actors (mediaId, actorId , actorName, characterName, profilePath) VALUES(195, 61659, 'Chris Messina', 'Will Harper', 'https://image.tmdb.org/t/p/original/l9DbQTK5pI6SOGpmfbADGLhdOYS.jpg') ON CONFLICT DO NOTHING;
INSERT INTO actors (mediaId, actorId , actorName, characterName, profilePath) VALUES(195, 83854, 'David Dastmalchian', 'Lester Billings', 'https://image.tmdb.org/t/p/original/o9oOnTUbsFVYzifDZDdwrsAidy8.jpg') ON CONFLICT DO NOTHING;
INSERT INTO actors (mediaId, actorId , actorName, characterName, profilePath) VALUES(195, 164094, 'Marin Ireland', 'Rita Billings', 'https://image.tmdb.org/t/p/original/jAIOQNraHjvIAdqk81QDV5Phupp.jpg') ON CONFLICT DO NOTHING;
INSERT INTO actors (mediaId, actorId , actorName, characterName, profilePath) VALUES(195, 1713726, 'Madison Hu', 'Bethany', 'https://image.tmdb.org/t/p/original/qYoUFUqsOnvLuMiZleyG8p74bMn.jpg') ON CONFLICT DO NOTHING;
INSERT INTO actors (mediaId, actorId , actorName, characterName, profilePath) VALUES(195, 1783721, 'Maddie Nichols', 'Natalie', 'https://image.tmdb.org/t/p/original/jH8lLhaqgRK1uVV84UgUnZukIyP.jpg') ON CONFLICT DO NOTHING;
INSERT INTO actors (mediaId, actorId , actorName, characterName, profilePath) VALUES(195, 1912371, 'Mabel Tyler', 'Abby', 'None') ON CONFLICT DO NOTHING;
INSERT INTO actors (mediaId, actorId , actorName, characterName, profilePath) VALUES(195, 3226957, 'Leeann Ross', 'Cassidy', 'None') ON CONFLICT DO NOTHING;
INSERT INTO actors (mediaId, actorId , actorName, characterName, profilePath) VALUES(195, 4071276, 'Rio Sarah Machado', 'Anne', 'None') ON CONFLICT DO NOTHING;
INSERT INTO media (mediaId, type, name, originalLanguage, adult, releaseDate, overview, backdropPath, posterPath, trailerLink, tmdbRating, status) VALUES(196, false, 'Avengers: Endgame', 'en', False, '2019-04-24',  'After the devastating events of Avengers: Infinity War, the universe is in ruins due to the efforts of the Mad Titan, Thanos. With the help of remaining allies, the Avengers must assemble once more in order to undo Thanos'' actions and restore order to the universe once and for all, no matter what consequences may be in store.', 'https://image.tmdb.org/t/p/original/7RyHsO4yDXtBv1zUU3mTpHeQ0d5.jpg', 'https://image.tmdb.org/t/p/original/or06FN3Dka5tukK1e9sl16pB3iy.jpg', 'https://www.youtube.com/watch?v=AMSITikqKiM', 8.3, 'Released') ON CONFLICT DO NOTHING;
INSERT INTO movies (mediaId, runtime, budget, revenue, directorId, director) VALUES( 196, 181, 356000000, 2800000000, 19271, 'Anthony Russo') ON CONFLICT DO NOTHING;
INSERT INTO genres (mediaId, genre) VALUES(196, 'Adventure') ON CONFLICT DO NOTHING;
INSERT INTO genres (mediaId, genre) VALUES(196, 'Science Fiction') ON CONFLICT DO NOTHING;
INSERT INTO genres (mediaId, genre) VALUES(196, 'Action') ON CONFLICT DO NOTHING;
INSERT INTO actors (mediaId, actorId , actorName, characterName, profilePath) VALUES(196, 3223, 'Robert Downey Jr.', 'Tony Stark / Iron Man', 'https://image.tmdb.org/t/p/original/im9SAqJPZKEbVZGmjXuLI4O7RvM.jpg') ON CONFLICT DO NOTHING;
INSERT INTO actors (mediaId, actorId , actorName, characterName, profilePath) VALUES(196, 16828, 'Chris Evans', 'Steve Rogers / Captain America', 'https://image.tmdb.org/t/p/original/3bOGNsHlrswhyW79uvIHH1V43JI.jpg') ON CONFLICT DO NOTHING;
INSERT INTO actors (mediaId, actorId , actorName, characterName, profilePath) VALUES(196, 103, 'Mark Ruffalo', 'Bruce Banner / Hulk', 'https://image.tmdb.org/t/p/original/z3dvKqMNDQWk3QLxzumloQVR0pv.jpg') ON CONFLICT DO NOTHING;
INSERT INTO actors (mediaId, actorId , actorName, characterName, profilePath) VALUES(196, 74568, 'Chris Hemsworth', 'Thor Odinson', 'https://image.tmdb.org/t/p/original/xkHHiJXraaMFXgRYspN6KVrFn17.jpg') ON CONFLICT DO NOTHING;
INSERT INTO actors (mediaId, actorId , actorName, characterName, profilePath) VALUES(196, 1245, 'Scarlett Johansson', 'Natasha Romanoff / Black Widow', 'https://image.tmdb.org/t/p/original/6bBCPmc55gzP7TR9Th4WbykrYd0.jpg') ON CONFLICT DO NOTHING;
INSERT INTO actors (mediaId, actorId , actorName, characterName, profilePath) VALUES(196, 17604, 'Jeremy Renner', 'Clint Barton / Hawkeye', 'https://image.tmdb.org/t/p/original/yB84D1neTYXfWBaV0QOE9RF2VCu.jpg') ON CONFLICT DO NOTHING;
INSERT INTO actors (mediaId, actorId , actorName, characterName, profilePath) VALUES(196, 1896, 'Don Cheadle', 'James Rhodes / War Machine', 'https://image.tmdb.org/t/p/original/lZpvHaRDSNqAEYUgaJed9Vxrx5p.jpg') ON CONFLICT DO NOTHING;
INSERT INTO actors (mediaId, actorId , actorName, characterName, profilePath) VALUES(196, 22226, 'Paul Rudd', 'Scott Lang / Ant-Man', 'https://image.tmdb.org/t/p/original/9iBLPdj6AVnfBI1B2c0vTnGRR24.jpg') ON CONFLICT DO NOTHING;
INSERT INTO actors (mediaId, actorId , actorName, characterName, profilePath) VALUES(196, 71580, 'Benedict Cumberbatch', 'Stephen Strange / Doctor Strange', 'https://image.tmdb.org/t/p/original/fBEucxECxGLKVHBznO0qHtCGiMO.jpg') ON CONFLICT DO NOTHING;
INSERT INTO actors (mediaId, actorId , actorName, characterName, profilePath) VALUES(196, 172069, 'Chadwick Boseman', 'T''Challa / Black Panther', 'https://image.tmdb.org/t/p/original/nL16SKfyP1b7Hk6LsuWiqMfbdb8.jpg') ON CONFLICT DO NOTHING;
INSERT INTO media (mediaId, type, name, originalLanguage, adult, releaseDate, overview, backdropPath, posterPath, trailerLink, tmdbRating, status) VALUES(197, false, 'The Great Arms Robbery', 'zh', False, '2022-04-09',  'The Great Arms Robbery', 'https://image.tmdb.org/t/p/original/ERahy6DLROhL2adaqfTqEM2fXf.jpg', 'https://image.tmdb.org/t/p/original/ronrzgFs2FOk0R4BAZgyLaYdhua.jpg', 'https://www.youtube.com/watch?v=KotC2mJt4vg', 7.7, 'Released') ON CONFLICT DO NOTHING;
INSERT INTO movies (mediaId, runtime, budget, revenue, directorId, director) VALUES( 197, 72, 0, 0, 3491475, 'Jin Hao') ON CONFLICT DO NOTHING;
INSERT INTO genres (mediaId, genre) VALUES(197, 'Crime') ON CONFLICT DO NOTHING;
INSERT INTO genres (mediaId, genre) VALUES(197, 'Drama') ON CONFLICT DO NOTHING;
INSERT INTO genres (mediaId, genre) VALUES(197, 'Action') ON CONFLICT DO NOTHING;
INSERT INTO actors (mediaId, actorId , actorName, characterName, profilePath) VALUES(197, 1254990, 'Michael Tong', '', 'https://image.tmdb.org/t/p/original/1oPPOKKrsrSlAIF3nddfeKnQFSs.jpg') ON CONFLICT DO NOTHING;
INSERT INTO actors (mediaId, actorId , actorName, characterName, profilePath) VALUES(197, 25249, 'Waise Lee', '', 'https://image.tmdb.org/t/p/original/ap6nzb3W2sb3ZG9UZ5z9dPqzssQ.jpg') ON CONFLICT DO NOTHING;
INSERT INTO actors (mediaId, actorId , actorName, characterName, profilePath) VALUES(197, 2802791, 'Cai Die', '', 'https://image.tmdb.org/t/p/original/sjAiGFu9aRR2xX5ICjFOf2WxZgz.jpg') ON CONFLICT DO NOTHING;
INSERT INTO actors (mediaId, actorId , actorName, characterName, profilePath) VALUES(197, 2716837, 'Yameng Zhang', '', 'https://image.tmdb.org/t/p/original/glCstr1BGCuPP0EpJu2BrqmrWsO.jpg') ON CONFLICT DO NOTHING;
INSERT INTO media (mediaId, type, name, originalLanguage, adult, releaseDate, overview, backdropPath, posterPath, trailerLink, tmdbRating, status) VALUES(198, false, 'Til Death Do Us Part', 'en', False, '2023-08-03',  'After bailing on her wedding, a former bride-to-be must fight off her ex-groom and seven angry killer groomsmen in order to survive the night.', 'https://image.tmdb.org/t/p/original/ffQAbMDcME2IFmdnzCrbDjEupM.jpg', 'https://image.tmdb.org/t/p/original/2JSsduIaJzlScVunHCc6KYBIOjY.jpg', 'https://www.youtube.com/watch?v=81FJNFuzKRU', 6.1, 'Released') ON CONFLICT DO NOTHING;
INSERT INTO movies (mediaId, runtime, budget, revenue, directorId, director) VALUES( 198, 109, 0, 0, 1169157, 'Timothy Woodward Jr.') ON CONFLICT DO NOTHING;
INSERT INTO genres (mediaId, genre) VALUES(198, 'Horror') ON CONFLICT DO NOTHING;
INSERT INTO genres (mediaId, genre) VALUES(198, 'Thriller') ON CONFLICT DO NOTHING;
INSERT INTO genres (mediaId, genre) VALUES(198, 'Action') ON CONFLICT DO NOTHING;
INSERT INTO actors (mediaId, actorId , actorName, characterName, profilePath) VALUES(198, 55086, 'Cam Gigandet', 'Best Man', 'https://image.tmdb.org/t/p/original/kdSVRqCR0p8KZTvVkRccBLoim7L.jpg') ON CONFLICT DO NOTHING;
INSERT INTO actors (mediaId, actorId , actorName, characterName, profilePath) VALUES(198, 12261, 'Jason Patric', 'Husband', 'https://image.tmdb.org/t/p/original/iv21ZjE90f9QNiNONKF9Lp6ZD68.jpg') ON CONFLICT DO NOTHING;
INSERT INTO actors (mediaId, actorId , actorName, characterName, profilePath) VALUES(198, 237445, 'Natalie Burn', 'Bride', 'https://image.tmdb.org/t/p/original/h9uSZF5PvZoPF75H6w6gISAllCA.jpg') ON CONFLICT DO NOTHING;
INSERT INTO actors (mediaId, actorId , actorName, characterName, profilePath) VALUES(198, 18270, 'Orlando Jones', 'Groomsman 4', 'https://image.tmdb.org/t/p/original/ypN7IS7lXOAij4rfMd4NlcF7f6R.jpg') ON CONFLICT DO NOTHING;
INSERT INTO actors (mediaId, actorId , actorName, characterName, profilePath) VALUES(198, 1160181, 'Ser''Darius Blain', 'Groom', 'https://image.tmdb.org/t/p/original/4INvD4RYdjGCznboNgdyfWA6dpG.jpg') ON CONFLICT DO NOTHING;
INSERT INTO actors (mediaId, actorId , actorName, characterName, profilePath) VALUES(198, 93033, 'Pancho Moler', 'Groomsman 7', 'https://image.tmdb.org/t/p/original/lndRwZumWlQsSewJdNXWvfGIxee.jpg') ON CONFLICT DO NOTHING;
INSERT INTO actors (mediaId, actorId , actorName, characterName, profilePath) VALUES(198, 4103830, 'Neb Chupin', 'Groomsman 2', 'None') ON CONFLICT DO NOTHING;
INSERT INTO actors (mediaId, actorId , actorName, characterName, profilePath) VALUES(198, 1466559, 'D.Y. Sao', 'Groomsman 1', 'https://image.tmdb.org/t/p/original/1CRoavLS9F5qvJBxos3wVzBblAd.jpg') ON CONFLICT DO NOTHING;
INSERT INTO actors (mediaId, actorId , actorName, characterName, profilePath) VALUES(198, 2888180, 'Alan Silva', 'Groomsman 6', 'https://image.tmdb.org/t/p/original/ehKBru2ZsLd5Wta3FmmPucf3nTu.jpg') ON CONFLICT DO NOTHING;
INSERT INTO actors (mediaId, actorId , actorName, characterName, profilePath) VALUES(198, 1006135, 'Nicole Arlyn', 'Wife', 'https://image.tmdb.org/t/p/original/scWt9YiofmEFRGGSgeX5HllDclH.jpg') ON CONFLICT DO NOTHING;
INSERT INTO media (mediaId, type, name, originalLanguage, adult, releaseDate, overview, backdropPath, posterPath, trailerLink, tmdbRating, status) VALUES(199, false, 'PAW Patrol: The Movie', 'en', False, '2021-08-09',  'Ryder and the pups are called to Adventure City to stop Mayor Humdinger from turning the bustling metropolis into a state of chaos.', 'https://image.tmdb.org/t/p/original/a17F3zXnmuwqxfiDa46mtlosjrv.jpg', 'https://image.tmdb.org/t/p/original/ic0intvXZSfBlYPIvWXpU1ivUCO.jpg', 'https://www.youtube.com/watch?v=LRMTr2VZcr8', 7.4, 'Released') ON CONFLICT DO NOTHING;
INSERT INTO movies (mediaId, runtime, budget, revenue, directorId, director) VALUES( 199, 86, 26000000, 144327371, 1098477, 'Cal Brunker') ON CONFLICT DO NOTHING;
INSERT INTO genres (mediaId, genre) VALUES(199, 'Animation') ON CONFLICT DO NOTHING;
INSERT INTO genres (mediaId, genre) VALUES(199, 'Family') ON CONFLICT DO NOTHING;
INSERT INTO genres (mediaId, genre) VALUES(199, 'Adventure') ON CONFLICT DO NOTHING;
INSERT INTO genres (mediaId, genre) VALUES(199, 'Comedy') ON CONFLICT DO NOTHING;
INSERT INTO actors (mediaId, actorId , actorName, characterName, profilePath) VALUES(199, 1684536, 'Iain Armitage', 'Chase (voice)', 'https://image.tmdb.org/t/p/original/8vXABTsQUMYAVzpeHPDHws1gjQZ.jpg') ON CONFLICT DO NOTHING;
INSERT INTO actors (mediaId, actorId , actorName, characterName, profilePath) VALUES(199, 2412016, 'Lilly Bartlam', 'Skye (voice)', 'https://image.tmdb.org/t/p/original/jR4aKX8jJRPTTIOS3Tejewrs7QG.jpg') ON CONFLICT DO NOTHING;
INSERT INTO actors (mediaId, actorId , actorName, characterName, profilePath) VALUES(199, 3044930, 'Will Brisbin', 'Ryder (voice)', 'https://image.tmdb.org/t/p/original/9COiVSenFwj5SZ5CRlwfKFj1Il0.jpg') ON CONFLICT DO NOTHING;
INSERT INTO actors (mediaId, actorId , actorName, characterName, profilePath) VALUES(199, 1227611, 'Ron Pardo', 'Humdinger / Turbot (voice)', 'https://image.tmdb.org/t/p/original/hE4QOBmPqstfmBVXmlcJmsljUMw.jpg') ON CONFLICT DO NOTHING;
INSERT INTO actors (mediaId, actorId , actorName, characterName, profilePath) VALUES(199, 1407498, 'Marsai Martin', 'Liberty (voice)', 'https://image.tmdb.org/t/p/original/hYErUiiesrm9jmiY1JTbwlxcN7l.jpg') ON CONFLICT DO NOTHING;
INSERT INTO actors (mediaId, actorId , actorName, characterName, profilePath) VALUES(199, 118372, 'Yara Shahidi', 'Kendra Wilson (voice)', 'https://image.tmdb.org/t/p/original/3UVnSdjRyCGLUxmkzPrG7mInZog.jpg') ON CONFLICT DO NOTHING;
INSERT INTO actors (mediaId, actorId , actorName, characterName, profilePath) VALUES(199, 212225, 'Kim Kardashian', 'Delores (voice)', 'https://image.tmdb.org/t/p/original/jBUAjkXNwpDqJDMRVsMva1mnOgK.jpg') ON CONFLICT DO NOTHING;
INSERT INTO actors (mediaId, actorId , actorName, characterName, profilePath) VALUES(199, 79082, 'Randall Park', 'Butch (voice)', 'https://image.tmdb.org/t/p/original/1QJ4cBQZoOaLR8Hc3V2NgBLvB0f.jpg') ON CONFLICT DO NOTHING;
INSERT INTO actors (mediaId, actorId , actorName, characterName, profilePath) VALUES(199, 51298, 'Dax Shepard', 'Ruben (voice)', 'https://image.tmdb.org/t/p/original/aaUGRjfghjgysn5grVdm8kyYN4V.jpg') ON CONFLICT DO NOTHING;
INSERT INTO actors (mediaId, actorId , actorName, characterName, profilePath) VALUES(199, 78303, 'Jimmy Kimmel', 'Marty Muckracker (voice)', 'https://image.tmdb.org/t/p/original/wVVvvIwDtCgArdp0fsmjcM2tYyr.jpg') ON CONFLICT DO NOTHING;
INSERT INTO providers (mediaId, providerId, providerName, logoPath) VALUES( 199, 3, 'Google Play Movies', 'https://image.tmdb.org/t/p/original/tbEdFQDwx5LEVr8WpSeXQSIirVq.jpg') ON CONFLICT DO NOTHING;
INSERT INTO providers (mediaId, providerId, providerName, logoPath) VALUES( 199, 339, 'Movistar Play', 'https://image.tmdb.org/t/p/original/cDzkhgvozSr4GW2aRdV22uDuFpw.jpg') ON CONFLICT DO NOTHING;
INSERT INTO providers (mediaId, providerId, providerName, logoPath) VALUES( 199, 167, 'Claro video', 'https://image.tmdb.org/t/p/original/lJT7r1nprk1Z8t1ywiIa8h9d3rc.jpg') ON CONFLICT DO NOTHING;
INSERT INTO media (mediaId, type, name, originalLanguage, adult, releaseDate, overview, backdropPath, posterPath, trailerLink, tmdbRating, status) VALUES(200, false, 'Prey', 'en', False, '2022-08-02',  'When danger threatens her camp, the fierce and highly skilled Comanche warrior Naru sets out to protect her people. But the prey she stalks turns out to be a highly evolved alien predator with a technically advanced arsenal.', 'https://image.tmdb.org/t/p/original/7ZO9yoEU2fAHKhmJWfAc2QIPWJg.jpg', 'https://image.tmdb.org/t/p/original/ujr5pztc1oitbe7ViMUOilFaJ7s.jpg', 'https://www.youtube.com/watch?v=wZ7LytagKlc', 7.8, 'Released') ON CONFLICT DO NOTHING;
INSERT INTO movies (mediaId, runtime, budget, revenue, directorId, director) VALUES( 200, 100, 65000000, 0, 568322, 'Dan Trachtenberg') ON CONFLICT DO NOTHING;
INSERT INTO genres (mediaId, genre) VALUES(200, 'Thriller') ON CONFLICT DO NOTHING;
INSERT INTO genres (mediaId, genre) VALUES(200, 'Action') ON CONFLICT DO NOTHING;
INSERT INTO genres (mediaId, genre) VALUES(200, 'Science Fiction') ON CONFLICT DO NOTHING;
INSERT INTO actors (mediaId, actorId , actorName, characterName, profilePath) VALUES(200, 1654001, 'Amber Midthunder', 'Naru', 'https://image.tmdb.org/t/p/original/f8VWGyaIS38NkDIzQ2hapXKt0N5.jpg') ON CONFLICT DO NOTHING;
INSERT INTO actors (mediaId, actorId , actorName, characterName, profilePath) VALUES(200, 3675371, 'Dakota Beavers', 'Taabe', 'https://image.tmdb.org/t/p/original/1lIkcUUeTdGxGM0JOGw48VXA0WW.jpg') ON CONFLICT DO NOTHING;
INSERT INTO actors (mediaId, actorId , actorName, characterName, profilePath) VALUES(200, 87126, 'Michelle Thrush', 'Aruka', 'https://image.tmdb.org/t/p/original/32rSHv8HfSAMWWmGyyHZeIEhuvp.jpg') ON CONFLICT DO NOTHING;
INSERT INTO actors (mediaId, actorId , actorName, characterName, profilePath) VALUES(200, 3316731, 'Stormee Kipp', 'Wasape', 'https://image.tmdb.org/t/p/original/fW6B1HS5ixuziEGsWzSlz7MyLh7.jpg') ON CONFLICT DO NOTHING;
INSERT INTO actors (mediaId, actorId , actorName, characterName, profilePath) VALUES(200, 1061054, 'Julian Black Antelope', 'Chief Kehetu', 'https://image.tmdb.org/t/p/original/tULt7BBKT7lRQNBbTz7z8zyZAwQ.jpg') ON CONFLICT DO NOTHING;
INSERT INTO actors (mediaId, actorId , actorName, characterName, profilePath) VALUES(200, 3158773, 'Dane DiLiegro', 'Predator', 'https://image.tmdb.org/t/p/original/dBaJs1QNTpYL3RIdBz8VN01mmDf.jpg') ON CONFLICT DO NOTHING;
INSERT INTO actors (mediaId, actorId , actorName, characterName, profilePath) VALUES(200, 1103483, 'Stefany Mathias', 'Sumu (Chief Wife)', 'https://image.tmdb.org/t/p/original/ziJ5fXAQVJ6X5y6vLpcmze1dyp.jpg') ON CONFLICT DO NOTHING;
INSERT INTO actors (mediaId, actorId , actorName, characterName, profilePath) VALUES(200, 1897633, 'Bennett Taylor', 'Raphael', 'https://image.tmdb.org/t/p/original/eYOy0t1Obo7X9J6KsAUmgOfp56o.jpg') ON CONFLICT DO NOTHING;
INSERT INTO actors (mediaId, actorId , actorName, characterName, profilePath) VALUES(200, 2414850, 'Mike Paterson', 'Big Beard', 'https://image.tmdb.org/t/p/original/wFTojLov6QWbLNEWIgUVVVloyvz.jpg') ON CONFLICT DO NOTHING;
INSERT INTO actors (mediaId, actorId , actorName, characterName, profilePath) VALUES(200, 95413, 'Nelson Leis', 'Waxed Mustache', 'https://image.tmdb.org/t/p/original/olMl35MmkOmOp17CC3519wG30D7.jpg') ON CONFLICT DO NOTHING;
INSERT INTO media (mediaId, type, name, originalLanguage, adult, releaseDate, overview, backdropPath, posterPath, trailerLink, tmdbRating,  status) VALUES(201, true, 'Secret Mission: Sennyuu Sousakan wa Zettai ni Makenai!', 'ja', False, '2023-10-02',  'The story follows two undercover agents Riko Ikazuchi and her junior partner Noma, who are infiltrating an apartment that is also the hideout of a criminal organization. They pretend to be newlyweds. However, when the culprits do not hear noise from them at night, they get suspicious. In order to convince the culprits that they are a married in couple in love, they start to touch and make some noise... Despite feelings of humiliation and pleasure throughout the undercover investigations, Riko endures it and devotes herself to her justice.', 'https://image.tmdb.org/t/p/original/72iLiVaagM42DSygSs4xAnXvDzh.jpg', 'https://image.tmdb.org/t/p/original/ipqu76qqHiVB2vlK2gGZNwF9SwX.jpg', 'None', 6.1, 'Returning Series') ON CONFLICT DO NOTHING;
INSERT INTO tv (mediaid , lastAirDate, nextEpisodeToAir, numberOfEpisodes, numberOfSeasons) VALUES( 201, '2023-10-16', NULL , 3, 1) ON CONFLICT DO NOTHING;
INSERT INTO genres (mediaId, genre) VALUES(201, 'Animation') ON CONFLICT DO NOTHING;
INSERT INTO actors (mediaId, actorId , actorName, characterName, profilePath) VALUES(201, 1937988, 'Sahomi Koyama', 'Riko Ikazuchi (voice)', 'https://image.tmdb.org/t/p/original/iRWyY5PUi7IoFxxrRv0DoQ9Qane.jpg') ON CONFLICT DO NOTHING;
INSERT INTO actors (mediaId, actorId , actorName, characterName, profilePath) VALUES(201, 1252617, 'Jun Osuka', 'Keiji Noma (voice)', 'https://image.tmdb.org/t/p/original/idV7H8BvkcMvbFFHtqmQ5E0A19f.jpg') ON CONFLICT DO NOTHING;
INSERT INTO providers (mediaId, providerId, providerName, logoPath) VALUES( 201, 614, 'Tokyo MX', 'https://image.tmdb.org/t/p/original/hSdroyVthq3CynxTIIY7lnS8w1.png') ON CONFLICT DO NOTHING;
INSERT INTO providers (mediaId, providerId, providerName, logoPath) VALUES( 201, 861, 'BS11', 'https://image.tmdb.org/t/p/original/JQ5bx6n7Qmdmyqz6sqjo5Fz2iR.png') ON CONFLICT DO NOTHING;
INSERT INTO media (mediaId, type, name, originalLanguage, adult, releaseDate, overview, backdropPath, posterPath, trailerLink, tmdbRating,  status) VALUES(202, true, 'Tagesschau', 'de', False, '1952-12-26',  'German daily news program, the oldest still existing program on German television.', 'https://image.tmdb.org/t/p/original/jWXrQstj7p3Wl5MfYWY6IHqRpDb.jpg', 'https://image.tmdb.org/t/p/original/7dFZJ2ZJJdcmkp05B9NWlqTJ5tq.jpg', 'None', 7.4, 'Returning Series') ON CONFLICT DO NOTHING;
INSERT INTO tv (mediaid , lastAirDate, nextEpisodeToAir, numberOfEpisodes, numberOfSeasons) VALUES( 202, '2023-10-17', '2023-10-18' , 20839, 72) ON CONFLICT DO NOTHING;
INSERT INTO genres (mediaId, genre) VALUES(202, 'News') ON CONFLICT DO NOTHING;
INSERT INTO providers (mediaId, providerId, providerName, logoPath) VALUES( 202, 308, 'Das Erste', 'https://image.tmdb.org/t/p/original/nGl2dDGonksWY4fTzPPdkK3oNyq.png') ON CONFLICT DO NOTHING;
INSERT INTO media (mediaId, type, name, originalLanguage, adult, releaseDate, overview, backdropPath, posterPath, trailerLink, tmdbRating,  status) VALUES(203, true, 'Elas por Elas', 'pt', False, '2023-09-25',  '', 'https://image.tmdb.org/t/p/original/218ZehBKlH8efPRRccmB7bu0oLQ.jpg', 'https://image.tmdb.org/t/p/original/hCSH5KvSqShWXhFiXr88wtJXwlO.jpg', 'None', 9.3, 'Returning Series') ON CONFLICT DO NOTHING;
INSERT INTO tv (mediaid , lastAirDate, nextEpisodeToAir, numberOfEpisodes, numberOfSeasons) VALUES( 203, '2023-10-17', '2023-10-18' , 30, 1) ON CONFLICT DO NOTHING;
INSERT INTO genres (mediaId, genre) VALUES(203, 'Comedy') ON CONFLICT DO NOTHING;
INSERT INTO genres (mediaId, genre) VALUES(203, 'Mystery') ON CONFLICT DO NOTHING;
INSERT INTO genres (mediaId, genre) VALUES(203, 'Soap') ON CONFLICT DO NOTHING;
INSERT INTO genres (mediaId, genre) VALUES(203, 'Drama') ON CONFLICT DO NOTHING;
INSERT INTO creators(mediaId, creatorId, creatorName) VALUES(203, 1585782, 'Alessandro Marson') ON CONFLICT DO NOTHING;
INSERT INTO creators(mediaId, creatorId, creatorName) VALUES(203, 1787189, 'Thereza Falcão') ON CONFLICT DO NOTHING;
INSERT INTO actors (mediaId, actorId , actorName, characterName, profilePath) VALUES(203, 227543, 'Deborah Secco', 'Lara Furtado Lopes Pereira', 'https://image.tmdb.org/t/p/original/sl3fRFvDn1WnSx3CRqHkofRjdQf.jpg') ON CONFLICT DO NOTHING;
INSERT INTO actors (mediaId, actorId , actorName, characterName, profilePath) VALUES(203, 2313569, 'Késia Estácio', 'Taís Cury', 'https://image.tmdb.org/t/p/original/jn2nfXhxuh6BAkHSNLMGTsIUnt8.jpg') ON CONFLICT DO NOTHING;
INSERT INTO actors (mediaId, actorId , actorName, characterName, profilePath) VALUES(203, 3445119, 'Isabel Teixeira', 'Helena Aranha Muniz', 'https://image.tmdb.org/t/p/original/qurGEw1e85Nlg12ws00mHhwHl0Z.jpg') ON CONFLICT DO NOTHING;
INSERT INTO actors (mediaId, actorId , actorName, characterName, profilePath) VALUES(203, 1375822, 'Thalita Carauta', 'Adriana Ferraz', 'https://image.tmdb.org/t/p/original/j7wXm0kKaBmhiFlI4449ln8HaO3.jpg') ON CONFLICT DO NOTHING;
INSERT INTO actors (mediaId, actorId , actorName, characterName, profilePath) VALUES(203, 1264055, 'Maria Clara Spinelli', 'Renée Ferreira Cintra', 'https://image.tmdb.org/t/p/original/u7i8YdFVwyxTY8bRiO0kRCnjMHl.jpg') ON CONFLICT DO NOTHING;
INSERT INTO actors (mediaId, actorId , actorName, characterName, profilePath) VALUES(203, 1115320, 'Karine Teles', 'Ana Carolina Soffredini (Carol)', 'https://image.tmdb.org/t/p/original/uYwA02Oe9PeTto9BTdHTy3hK60B.jpg') ON CONFLICT DO NOTHING;
INSERT INTO actors (mediaId, actorId , actorName, characterName, profilePath) VALUES(203, 1931136, 'Mariana Santos', 'Natália Cardoso', 'https://image.tmdb.org/t/p/original/jq9vNmjrf1iqDAsKDzoQEEqsnR2.jpg') ON CONFLICT DO NOTHING;
INSERT INTO actors (mediaId, actorId , actorName, characterName, profilePath) VALUES(203, 55009, 'Lázaro Ramos', 'Mário Fofoca', 'https://image.tmdb.org/t/p/original/dgipo7seoTxVpacvFteG1In3Vv.jpg') ON CONFLICT DO NOTHING;
INSERT INTO actors (mediaId, actorId , actorName, characterName, profilePath) VALUES(203, 130048, 'Cássio Gabus Mendes', 'Otávio', 'https://image.tmdb.org/t/p/original/neyQ00A20JkAOBN5BOWfyVd2slE.jpg') ON CONFLICT DO NOTHING;
INSERT INTO actors (mediaId, actorId , actorName, characterName, profilePath) VALUES(203, 1074907, 'Mateus Solano', 'Jonas Muniz', 'https://image.tmdb.org/t/p/original/5SarYyLuKHmn6IGjDrF438nbrFW.jpg') ON CONFLICT DO NOTHING;
INSERT INTO providers (mediaId, providerId, providerName, logoPath) VALUES( 203, 60, 'TV Globo', 'https://image.tmdb.org/t/p/original/w5KLywO8bPe98prvv0UewMBAZHO.png') ON CONFLICT DO NOTHING;
INSERT INTO media (mediaId, type, name, originalLanguage, adult, releaseDate, overview, backdropPath, posterPath, trailerLink, tmdbRating,  status) VALUES(204, true, 'Mama na prenájom', 'sk', False, '2023-01-09',  '', 'https://image.tmdb.org/t/p/original/l7LRGYJY3NzIGBlpvHpMsNXHbm5.jpg', 'https://image.tmdb.org/t/p/original/fH7PP2Rkdlo414IHvZABBHhtoqd.jpg', 'None', 6.3, 'Returning Series') ON CONFLICT DO NOTHING;
INSERT INTO tv (mediaid , lastAirDate, nextEpisodeToAir, numberOfEpisodes, numberOfSeasons) VALUES( 204, '2023-10-17', '2023-10-18' , 154, 2) ON CONFLICT DO NOTHING;
INSERT INTO genres (mediaId, genre) VALUES(204, 'Family') ON CONFLICT DO NOTHING;
INSERT INTO genres (mediaId, genre) VALUES(204, 'Comedy') ON CONFLICT DO NOTHING;
INSERT INTO creators(mediaId, creatorId, creatorName) VALUES(204, 2286831, 'Matúš Libovič') ON CONFLICT DO NOTHING;
INSERT INTO creators(mediaId, creatorId, creatorName) VALUES(204, 3058041, 'Miloslav Volný') ON CONFLICT DO NOTHING;
INSERT INTO actors (mediaId, actorId , actorName, characterName, profilePath) VALUES(204, 2822926, 'Adam Bardy', 'Martin Toman', 'https://image.tmdb.org/t/p/original/bkdHZsyEbRzmHdJgz1tKQHRlG2Q.jpg') ON CONFLICT DO NOTHING;
INSERT INTO actors (mediaId, actorId , actorName, characterName, profilePath) VALUES(204, 1297130, 'Martina Zábranská', 'Nadežda „Nadi“ Vernerová', 'https://image.tmdb.org/t/p/original/3Z4eoFXYSz9sWFxaoHOzj34X0Ey.jpg') ON CONFLICT DO NOTHING;
INSERT INTO actors (mediaId, actorId , actorName, characterName, profilePath) VALUES(204, 3868466, 'Larisa Mižigar', 'Hanka Tomanová', 'https://image.tmdb.org/t/p/original/g3yhFaiqdlEcwFoXZ5AUZMc79gj.jpg') ON CONFLICT DO NOTHING;
INSERT INTO actors (mediaId, actorId , actorName, characterName, profilePath) VALUES(204, 1259745, 'Vladimír Kobielský', 'Eduard „Edo“ Toman', 'https://image.tmdb.org/t/p/original/7E5WRCUJaJonH25CCrWyxGXlezu.jpg') ON CONFLICT DO NOTHING;
INSERT INTO actors (mediaId, actorId , actorName, characterName, profilePath) VALUES(204, 544518, 'Maroš Kramár', 'Dušan Verner', 'https://image.tmdb.org/t/p/original/rhGhYIRcsoraG7ENztRR3VJVYww.jpg') ON CONFLICT DO NOTHING;
INSERT INTO actors (mediaId, actorId , actorName, characterName, profilePath) VALUES(204, 2822955, 'Martin Klinčúch', 'Juraj Verner', 'https://image.tmdb.org/t/p/original/fQaRgzi1dxAgKeBBT6PIcZNjV41.jpg') ON CONFLICT DO NOTHING;
INSERT INTO actors (mediaId, actorId , actorName, characterName, profilePath) VALUES(204, 3742974, 'Kamila Heribanová', 'Beáta Tomanová', 'https://image.tmdb.org/t/p/original/bQBIHMMEryjzG4XJuJM1iTrxvtr.jpg') ON CONFLICT DO NOTHING;
INSERT INTO actors (mediaId, actorId , actorName, characterName, profilePath) VALUES(204, 1673374, 'Monika Horváthová', 'Lucia Tomanová', 'https://image.tmdb.org/t/p/original/pG8guMtPVxheIQ2o9VBvb8wyjxf.jpg') ON CONFLICT DO NOTHING;
INSERT INTO providers (mediaId, providerId, providerName, logoPath) VALUES( 204, 550, 'Markíza', 'https://image.tmdb.org/t/p/original/e3v7L2zlVEO1GLH7pv0f1CNFIeK.png') ON CONFLICT DO NOTHING;
INSERT INTO media (mediaId, type, name, originalLanguage, adult, releaseDate, overview, backdropPath, posterPath, trailerLink, tmdbRating,  status) VALUES(205, true, 'Gute Zeiten, schlechte Zeiten', 'de', False, '1992-05-11',  'Gute Zeiten, schlechte Zeiten is a long-running German television soap opera, first broadcast on RTL in 1992. The programme concerns the lives of a fictional neighborhood in Germany''s capital city Berlin. Over the years the soap opera tends to have an overhaul of young people in their late teens and early twenties; targeting a young viewership.', 'https://image.tmdb.org/t/p/original/ottT2Yt0OfHiHp3PHJTLNVV8JPE.jpg', 'https://image.tmdb.org/t/p/original/fNHBzjxsydcAssxXqb5IV2obDdU.jpg', 'None', 7.2, 'Returning Series') ON CONFLICT DO NOTHING;
INSERT INTO tv (mediaid , lastAirDate, nextEpisodeToAir, numberOfEpisodes, numberOfSeasons) VALUES( 205, '2023-10-17', '2023-10-18' , 7880, 32) ON CONFLICT DO NOTHING;
INSERT INTO genres (mediaId, genre) VALUES(205, 'Drama') ON CONFLICT DO NOTHING;
INSERT INTO genres (mediaId, genre) VALUES(205, 'Soap') ON CONFLICT DO NOTHING;
INSERT INTO creators(mediaId, creatorId, creatorName) VALUES(205, 1225093, 'Reg Watson') ON CONFLICT DO NOTHING;
INSERT INTO providers (mediaId, providerId, providerName, logoPath) VALUES( 205, 207, 'RTL', 'https://image.tmdb.org/t/p/original/g5w1CvcMMBnxmXcsFUTLVBhH9Qp.png') ON CONFLICT DO NOTHING;
INSERT INTO media (mediaId, type, name, originalLanguage, adult, releaseDate, overview, backdropPath, posterPath, trailerLink, tmdbRating,  status) VALUES(206, true, 'Mía es la venganza', 'es', False, '2023-06-12',  '', 'https://image.tmdb.org/t/p/original/i4n8ZKmCUaxcGMkPhm12selZiff.jpg', 'https://image.tmdb.org/t/p/original/wysp5AcY9JpLjje5NunKYw7Mrtc.jpg', 'None', 7, 'Returning Series') ON CONFLICT DO NOTHING;
INSERT INTO tv (mediaid , lastAirDate, nextEpisodeToAir, numberOfEpisodes, numberOfSeasons) VALUES( 206, '2023-10-17', '2023-10-18' , 110, 1) ON CONFLICT DO NOTHING;
INSERT INTO genres (mediaId, genre) VALUES(206, 'Drama') ON CONFLICT DO NOTHING;
INSERT INTO genres (mediaId, genre) VALUES(206, 'Soap') ON CONFLICT DO NOTHING;
INSERT INTO creators(mediaId, creatorId, creatorName) VALUES(206, 1568087, 'Aurora Guerra') ON CONFLICT DO NOTHING;
INSERT INTO actors (mediaId, actorId , actorName, characterName, profilePath) VALUES(206, 236692, 'Lydia Bosch', 'Sonia Hidalgo', 'https://image.tmdb.org/t/p/original/dx7lAaxsjCFEC3NWbiarUEtPInz.jpg') ON CONFLICT DO NOTHING;
INSERT INTO actors (mediaId, actorId , actorName, characterName, profilePath) VALUES(206, 56245, 'Natalia Rodríguez', 'Olivia Serra', 'https://image.tmdb.org/t/p/original/sn1MGn3Plx0QQPDkUwztJJTpvRm.jpg') ON CONFLICT DO NOTHING;
INSERT INTO actors (mediaId, actorId , actorName, characterName, profilePath) VALUES(206, 2601232, 'Ibrahim Al Shami', 'Fernando Serra', 'https://image.tmdb.org/t/p/original/uMpXnnICdI0UxDr0R8S4HfYduvh.jpg') ON CONFLICT DO NOTHING;
INSERT INTO actors (mediaId, actorId , actorName, characterName, profilePath) VALUES(206, 1061996, 'José Sospedra', 'Mario Costa', 'https://image.tmdb.org/t/p/original/cIQCI5MfMAp5LXYRk38JRp8JY4P.jpg') ON CONFLICT DO NOTHING;
INSERT INTO actors (mediaId, actorId , actorName, characterName, profilePath) VALUES(206, 587099, 'Armando del Río', 'Alejandro Alonso', 'https://image.tmdb.org/t/p/original/AuCppv180f27WZwwGnesEUrPpQr.jpg') ON CONFLICT DO NOTHING;
INSERT INTO actors (mediaId, actorId , actorName, characterName, profilePath) VALUES(206, 3903985, 'Jose Angel Trigo', 'Bosco San Román', 'https://image.tmdb.org/t/p/original/rNg167EzrIdmIPkvGPmJBiI9M32.jpg') ON CONFLICT DO NOTHING;
INSERT INTO actors (mediaId, actorId , actorName, characterName, profilePath) VALUES(206, 1012199, 'Jesús Noguero', 'Santiago San Román', 'https://image.tmdb.org/t/p/original/iJQDXe7cX8a0fmkiA4YsWQ7bpNi.jpg') ON CONFLICT DO NOTHING;
INSERT INTO actors (mediaId, actorId , actorName, characterName, profilePath) VALUES(206, 1289335, 'David V. Muro', 'Miguel Montes', 'https://image.tmdb.org/t/p/original/tSsYbWxBrAqGuZHMdZsc7Vudx5L.jpg') ON CONFLICT DO NOTHING;
INSERT INTO actors (mediaId, actorId , actorName, characterName, profilePath) VALUES(206, 1377681, 'Gonzalo Kindelán', 'Lorenzo Zorrilla', 'https://image.tmdb.org/t/p/original/g6xzCVIOGNz9NLhIAYwgKSPfBQA.jpg') ON CONFLICT DO NOTHING;
INSERT INTO actors (mediaId, actorId , actorName, characterName, profilePath) VALUES(206, 1039950, 'Claudio de la Torre', 'Orson Benavente', 'https://image.tmdb.org/t/p/original/5TQdHOdx00ObuF3ng2vWTBwG7mq.jpg') ON CONFLICT DO NOTHING;
INSERT INTO providers (mediaId, providerId, providerName, logoPath) VALUES( 206, 53, 'Telecinco', 'https://image.tmdb.org/t/p/original/nSksjyoitz94qhfon6uzJj6ekj9.png') ON CONFLICT DO NOTHING;
INSERT INTO providers (mediaId, providerId, providerName, logoPath) VALUES( 206, 1233, 'Divinity', 'https://image.tmdb.org/t/p/original/a2L3Q0HaMNWv8XJa91RcLK48T8E.png') ON CONFLICT DO NOTHING;
INSERT INTO providers (mediaId, providerId, providerName, logoPath) VALUES( 206, 3980, 'mitele', 'https://image.tmdb.org/t/p/original/2sMrOSRL5z5SneEjIvwRAXm8B1d.png') ON CONFLICT DO NOTHING;
INSERT INTO media (mediaId, type, name, originalLanguage, adult, releaseDate, overview, backdropPath, posterPath, trailerLink, tmdbRating,  status) VALUES(207, true, 'Gran hermano VIP', 'es', False, '2004-01-22',  '', 'https://image.tmdb.org/t/p/original/hwUQsL1cWt0bmbTxzCompqqvTH9.jpg', 'https://image.tmdb.org/t/p/original/9269PATr0bmEXKjkpR88mzGmNYI.jpg', 'None', 3.7, 'Returning Series') ON CONFLICT DO NOTHING;
INSERT INTO tv (mediaid , lastAirDate, nextEpisodeToAir, numberOfEpisodes, numberOfSeasons) VALUES( 207, '2023-10-17', '2023-10-18' , 234, 8) ON CONFLICT DO NOTHING;
INSERT INTO genres (mediaId, genre) VALUES(207, 'Reality') ON CONFLICT DO NOTHING;
INSERT INTO creators(mediaId, creatorId, creatorName) VALUES(207, 1215602, 'John de Mol') ON CONFLICT DO NOTHING;
INSERT INTO actors (mediaId, actorId , actorName, characterName, profilePath) VALUES(207, 4185519, 'Marta Flich', 'Presentadora', 'None') ON CONFLICT DO NOTHING;
INSERT INTO actors (mediaId, actorId , actorName, characterName, profilePath) VALUES(207, 2939955, 'Ion Aramendi', 'Presentador (El Debate)', 'https://image.tmdb.org/t/p/original/lgVXJ1CJSBCnx8YC7O4jpUk1shK.jpg') ON CONFLICT DO NOTHING;
INSERT INTO actors (mediaId, actorId , actorName, characterName, profilePath) VALUES(207, 2013347, 'Lara Álvarez', 'Presentadora (Última hora)', 'https://image.tmdb.org/t/p/original/8MpDnPNTQuudL4AunlCO4kc5053.jpg') ON CONFLICT DO NOTHING;
INSERT INTO providers (mediaId, providerId, providerName, logoPath) VALUES( 207, 378, 'Cuatro', 'https://image.tmdb.org/t/p/original/pZtmQfr0z82ODDxZsqGzORZJJux.png') ON CONFLICT DO NOTHING;
INSERT INTO providers (mediaId, providerId, providerName, logoPath) VALUES( 207, 53, 'Telecinco', 'https://image.tmdb.org/t/p/original/nSksjyoitz94qhfon6uzJj6ekj9.png') ON CONFLICT DO NOTHING;
INSERT INTO providers (mediaId, providerId, providerName, logoPath) VALUES( 207, 3980, 'mitele', 'https://image.tmdb.org/t/p/original/2sMrOSRL5z5SneEjIvwRAXm8B1d.png') ON CONFLICT DO NOTHING;
INSERT INTO media (mediaId, type, name, originalLanguage, adult, releaseDate, overview, backdropPath, posterPath, trailerLink, tmdbRating,  status) VALUES(208, true, 'Senior High', 'tl', False, '2023-08-28',  'A student’s death causes a scandal at the prestigious Northford High. Investigations conclude it was a suicide. The victim’s twin sister thinks otherwise. As she searches for truth, she will unravel secrets that are far more shocking and dangerous.', 'https://image.tmdb.org/t/p/original/2GflJk6Hm1L3FFVWIvnuOskDFGv.jpg', 'https://image.tmdb.org/t/p/original/k285iD6gZIoLsVSczSjc4WIXkdc.jpg', 'None', 0, 'Returning Series') ON CONFLICT DO NOTHING;
INSERT INTO tv (mediaid , lastAirDate, nextEpisodeToAir, numberOfEpisodes, numberOfSeasons) VALUES( 208, '2023-10-17', '2023-10-18' , 50, 1) ON CONFLICT DO NOTHING;
INSERT INTO genres (mediaId, genre) VALUES(208, 'Drama') ON CONFLICT DO NOTHING;
INSERT INTO genres (mediaId, genre) VALUES(208, 'Mystery') ON CONFLICT DO NOTHING;
INSERT INTO actors (mediaId, actorId , actorName, characterName, profilePath) VALUES(208, 1432557, 'Andrea Brillantes', 'Luna Amor Cruz / Sky Love Cruz', 'https://image.tmdb.org/t/p/original/46Lri2WO4snl6yZkjNLj5JLM53g.jpg') ON CONFLICT DO NOTHING;
INSERT INTO actors (mediaId, actorId , actorName, characterName, profilePath) VALUES(208, 2465288, 'Kyle Echarri', 'Obet Santana', 'None') ON CONFLICT DO NOTHING;
INSERT INTO actors (mediaId, actorId , actorName, characterName, profilePath) VALUES(208, 2510405, 'Daniela Stranner', 'Zaira Aguerro / Z', 'None') ON CONFLICT DO NOTHING;
INSERT INTO actors (mediaId, actorId , actorName, characterName, profilePath) VALUES(208, 1768005, 'Juan Karlos Labajo', 'Gino Acosta', 'https://image.tmdb.org/t/p/original/f39gqenoahquMWZVGf04fe39OXw.jpg') ON CONFLICT DO NOTHING;
INSERT INTO actors (mediaId, actorId , actorName, characterName, profilePath) VALUES(208, 1349626, 'Elijah Canlas', 'Archie Aguerro', 'https://image.tmdb.org/t/p/original/m6ka8mftyggEFkqq5g1CIbS3oQ0.jpg') ON CONFLICT DO NOTHING;
INSERT INTO actors (mediaId, actorId , actorName, characterName, profilePath) VALUES(208, 550401, 'Zaijian Jaranilla', 'Timothy Castro / Tim', 'https://image.tmdb.org/t/p/original/k84QYkDihSpsO9ReH8LnPo0c3VZ.jpg') ON CONFLICT DO NOTHING;
INSERT INTO actors (mediaId, actorId , actorName, characterName, profilePath) VALUES(208, 550402, 'Xyriel Manabat', 'Roxanne Cristobal / Roxy', 'https://image.tmdb.org/t/p/original/39NTaUkCdIqYSfJpIfJfYBBmtNd.jpg') ON CONFLICT DO NOTHING;
INSERT INTO actors (mediaId, actorId , actorName, characterName, profilePath) VALUES(208, 2765789, 'Miggy Jimenez', 'Poch', 'https://image.tmdb.org/t/p/original/rK85OW9tilzcnxBveuciXMgeY0Y.jpg') ON CONFLICT DO NOTHING;
INSERT INTO actors (mediaId, actorId , actorName, characterName, profilePath) VALUES(208, 592010, 'Sylvia Sanchez', 'Lydia Geronimo / Amam', 'https://image.tmdb.org/t/p/original/i0SnK2aVTBpkoeHPhpuy47Qizn8.jpg') ON CONFLICT DO NOTHING;
INSERT INTO actors (mediaId, actorId , actorName, characterName, profilePath) VALUES(208, 1043186, 'Angel Aquino', 'Tanya Cruz', 'https://image.tmdb.org/t/p/original/jOT6rq9xyqO97RDjFuriST0nD9K.jpg') ON CONFLICT DO NOTHING;
INSERT INTO providers (mediaId, providerId, providerName, logoPath) VALUES( 208, 42, 'TV5', 'https://image.tmdb.org/t/p/original/gVinXXdpdbLHuXTUUfx4R9PyuPB.png') ON CONFLICT DO NOTHING;
INSERT INTO providers (mediaId, providerId, providerName, logoPath) VALUES( 208, 3920, 'Kapamilya Channel', 'https://image.tmdb.org/t/p/original/eK7hBqDuNwvHqBoWtVgCdNIehsU.png') ON CONFLICT DO NOTHING;
INSERT INTO providers (mediaId, providerId, providerName, logoPath) VALUES( 208, 5032, 'iWantTFC', 'https://image.tmdb.org/t/p/original/nl7m7CnZppJmVjfaOvyUyQZZgxg.png') ON CONFLICT DO NOTHING;
INSERT INTO media (mediaId, type, name, originalLanguage, adult, releaseDate, overview, backdropPath, posterPath, trailerLink, tmdbRating,  status) VALUES(209, true, 'Chronicles of the Sun', 'fr', False, '2018-08-27',  '', 'https://image.tmdb.org/t/p/original/rj3jBAZwPiOgkwAy1205MAgLahj.jpg', 'https://image.tmdb.org/t/p/original/t6jVlbPMtZOJoAOfeoR4yQmnjXM.jpg', 'None', 7.5, 'Returning Series') ON CONFLICT DO NOTHING;
INSERT INTO tv (mediaid , lastAirDate, nextEpisodeToAir, numberOfEpisodes, numberOfSeasons) VALUES( 209, '2023-10-16', '2023-10-18' , 1260, 5) ON CONFLICT DO NOTHING;
INSERT INTO genres (mediaId, genre) VALUES(209, 'Soap') ON CONFLICT DO NOTHING;
INSERT INTO actors (mediaId, actorId , actorName, characterName, profilePath) VALUES(209, 25164, 'Mélanie Maudran', 'Claire', 'https://image.tmdb.org/t/p/original/5QbSGo4LLm2HY8vH9tFkKQM8gsQ.jpg') ON CONFLICT DO NOTHING;
INSERT INTO actors (mediaId, actorId , actorName, characterName, profilePath) VALUES(209, 1371906, 'Moïse Santamaria', 'Manu', 'https://image.tmdb.org/t/p/original/w224ls8qq9U7gjmOpMtjGQQANNQ.jpg') ON CONFLICT DO NOTHING;
INSERT INTO actors (mediaId, actorId , actorName, characterName, profilePath) VALUES(209, 212085, 'Nadia Fossier', 'Alix', 'https://image.tmdb.org/t/p/original/5Ih2ucbWWSBwJOUS1OVaSpe6oDX.jpg') ON CONFLICT DO NOTHING;
INSERT INTO actors (mediaId, actorId , actorName, characterName, profilePath) VALUES(209, 1153292, 'Shemss Audat', 'Jade', 'https://image.tmdb.org/t/p/original/5YwLamkllJY0HeBybuhRfJE9UnR.jpg') ON CONFLICT DO NOTHING;
INSERT INTO providers (mediaId, providerId, providerName, logoPath) VALUES( 209, 361, 'France 2', 'https://image.tmdb.org/t/p/original/b1cFa5FcHHnpejKiPybXSPcqKjT.png') ON CONFLICT DO NOTHING;
INSERT INTO media (mediaId, type, name, originalLanguage, adult, releaseDate, overview, backdropPath, posterPath, trailerLink, tmdbRating,  status) VALUES(210, true, 'The Late Show with Stephen Colbert', 'en', False, '2015-09-08',  'Stephen Colbert brings his signature satire and comedy to The Late Show with Stephen Colbert, the #1 show in late night, where he talks with an eclectic mix of guests about what is new and relevant in the worlds of politics, entertainment, business, music, technology, and more. Featuring bandleader Jon Batiste with his band Stay Human, the Emmy Award-nominated show is broadcast from the historic Ed Sullivan Theater. Stephen Colbert, Chris Licht, Tom Purcell, and Jon Stewart are executive producers. Barry Julien and Denise Rehrig serve as co-executive producers.', 'https://image.tmdb.org/t/p/original/gMMnf8VRg3Z98WaFmOLr9Jk8pIs.jpg', 'https://image.tmdb.org/t/p/original/9jkThAGYj2yp8jsS6Nriy5mzKFT.jpg', 'https://www.youtube.com/watch?v=nWufb0qL1xU', 6.5, 'Returning Series') ON CONFLICT DO NOTHING;
INSERT INTO tv (mediaid , lastAirDate, nextEpisodeToAir, numberOfEpisodes, numberOfSeasons) VALUES( 210, '2023-10-17', '2023-10-18' , 1427, 9) ON CONFLICT DO NOTHING;
INSERT INTO genres (mediaId, genre) VALUES(210, 'Comedy') ON CONFLICT DO NOTHING;
INSERT INTO genres (mediaId, genre) VALUES(210, 'Talk') ON CONFLICT DO NOTHING;
INSERT INTO creators(mediaId, creatorId, creatorName) VALUES(210, 12219, 'Jon Stewart') ON CONFLICT DO NOTHING;
INSERT INTO creators(mediaId, creatorId, creatorName) VALUES(210, 58769, 'Stephen Colbert') ON CONFLICT DO NOTHING;
INSERT INTO creators(mediaId, creatorId, creatorName) VALUES(210, 1236609, 'Tom Purcell') ON CONFLICT DO NOTHING;
INSERT INTO creators(mediaId, creatorId, creatorName) VALUES(210, 1944474, 'Chris Licht') ON CONFLICT DO NOTHING;
INSERT INTO actors (mediaId, actorId , actorName, characterName, profilePath) VALUES(210, 58769, 'Stephen Colbert', 'Self - Host', 'https://image.tmdb.org/t/p/original/zQ6pvfqIqYiV4TB7lDoaJL52H93.jpg') ON CONFLICT DO NOTHING;
INSERT INTO providers (mediaId, providerId, providerName, logoPath) VALUES( 210, 16, 'CBS', 'https://image.tmdb.org/t/p/original/wju8KhOUsR5y4bH9p3Jc50hhaLO.png') ON CONFLICT DO NOTHING;
INSERT INTO media (mediaId, type, name, originalLanguage, adult, releaseDate, overview, backdropPath, posterPath, trailerLink, tmdbRating,  status) VALUES(211, true, 'Binnelanders', 'af', False, '2005-10-13',  'A South African Afrikaans soap opera. It is set in and around the fictional private hospital, Binneland Kliniek, in Pretoria, and the storyline follows the trials, trauma and tribulations of the staff and patients of the hospital.', 'https://image.tmdb.org/t/p/original/1stoC4UstDtmST8x8VATtf08KfL.jpg', 'https://image.tmdb.org/t/p/original/v9nGSRx5lFz6KEgfmgHJMSgaARC.jpg', 'None', 4.8, 'Returning Series') ON CONFLICT DO NOTHING;
INSERT INTO tv (mediaid , lastAirDate, nextEpisodeToAir, numberOfEpisodes, numberOfSeasons) VALUES( 211, '2023-10-17', '2023-10-18' , 4460, 19) ON CONFLICT DO NOTHING;
INSERT INTO genres (mediaId, genre) VALUES(211, 'Soap') ON CONFLICT DO NOTHING;
INSERT INTO creators(mediaId, creatorId, creatorName) VALUES(211, 4191117, 'Elsje Stark') ON CONFLICT DO NOTHING;
INSERT INTO creators(mediaId, creatorId, creatorName) VALUES(211, 4191118, 'Human Stark') ON CONFLICT DO NOTHING;
INSERT INTO actors (mediaId, actorId , actorName, characterName, profilePath) VALUES(211, 70966, 'Hans Strydom', 'Dr. At Koster', 'https://image.tmdb.org/t/p/original/eiThKxPOvP5K27smyugz6LW8NsH.jpg') ON CONFLICT DO NOTHING;
INSERT INTO actors (mediaId, actorId , actorName, characterName, profilePath) VALUES(211, 1707492, 'Reynardt Hugo', 'Dr. Tertius Jonker', 'https://image.tmdb.org/t/p/original/bzRCvB5eCwfPNG22LraDmy8f0PZ.jpg') ON CONFLICT DO NOTHING;
INSERT INTO actors (mediaId, actorId , actorName, characterName, profilePath) VALUES(211, 1149949, 'Hykie Berg', 'Dr. Conrad Bester', 'https://image.tmdb.org/t/p/original/v4yr7aKtg1pa8Zl7vmwRF1RNK5x.jpg') ON CONFLICT DO NOTHING;
INSERT INTO actors (mediaId, actorId , actorName, characterName, profilePath) VALUES(211, 2103652, 'Clint Brink', 'Dr. Steve Abrahams', 'https://image.tmdb.org/t/p/original/2BkSQ9RtDtwmY9gdpm48YbfnL6y.jpg') ON CONFLICT DO NOTHING;
INSERT INTO actors (mediaId, actorId , actorName, characterName, profilePath) VALUES(211, 2057047, 'Germandt Geldenhuys', 'Louis Koster', 'https://image.tmdb.org/t/p/original/mL3Ytc2t96RwvXAfsy5Fq9ZjeIn.jpg') ON CONFLICT DO NOTHING;
INSERT INTO actors (mediaId, actorId , actorName, characterName, profilePath) VALUES(211, 1854858, 'Je-ani Swiegelaar', 'Naomi Koster', 'https://image.tmdb.org/t/p/original/7ikfkseBLPdPD55NFWW4hJlwS9L.jpg') ON CONFLICT DO NOTHING;
INSERT INTO actors (mediaId, actorId , actorName, characterName, profilePath) VALUES(211, 4195190, 'Melinda Brink', 'Tracy Smith', 'https://image.tmdb.org/t/p/original/8VviPGl59PZhHDXO4R5q0HrP95Q.jpg') ON CONFLICT DO NOTHING;
INSERT INTO actors (mediaId, actorId , actorName, characterName, profilePath) VALUES(211, 4196430, 'Luandri Reynders', 'Karen Kriel', 'None') ON CONFLICT DO NOTHING;
INSERT INTO actors (mediaId, actorId , actorName, characterName, profilePath) VALUES(211, 2057054, 'David Viviers', 'Dr. Liam Vorster', 'None') ON CONFLICT DO NOTHING;
INSERT INTO actors (mediaId, actorId , actorName, characterName, profilePath) VALUES(211, 3413849, 'Kate Roothman', 'Dr. Nicolette Nortje', 'https://image.tmdb.org/t/p/original/xx88JkG4dTfqx3eB8y1jY5GXc4k.jpg') ON CONFLICT DO NOTHING;
INSERT INTO providers (mediaId, providerId, providerName, logoPath) VALUES( 211, 192, 'M-Net', 'https://image.tmdb.org/t/p/original/dJ9KWprPx7AXMOxBrGJoadLhhZQ.png') ON CONFLICT DO NOTHING;
INSERT INTO providers (mediaId, providerId, providerName, logoPath) VALUES( 211, 1826, 'kykNET', 'https://image.tmdb.org/t/p/original/2tNeujuBe8MR40hoUE4FLYA7Knl.png') ON CONFLICT DO NOTHING;
INSERT INTO providers (mediaId, providerId, providerName, logoPath) VALUES( 211, 2265, 'Showmax', 'https://image.tmdb.org/t/p/original/72uE6rBXSuth2k36cGsvIYxm5sp.png') ON CONFLICT DO NOTHING;
INSERT INTO media (mediaId, type, name, originalLanguage, adult, releaseDate, overview, backdropPath, posterPath, trailerLink, tmdbRating,  status) VALUES(212, true, 'Great Minds', 'ko', False, '2021-08-30',  '', 'https://image.tmdb.org/t/p/original/qZ7CdO7rkH0KyCxvZBoP4Mm2cQL.jpg', 'https://image.tmdb.org/t/p/original/lj46PSaBziqCqbGXlmnXN325biA.jpg', 'None', 2.8, 'Returning Series') ON CONFLICT DO NOTHING;
INSERT INTO tv (mediaid , lastAirDate, nextEpisodeToAir, numberOfEpisodes, numberOfSeasons) VALUES( 212, '2023-10-17', '2023-10-18' , 457, 3) ON CONFLICT DO NOTHING;
INSERT INTO genres (mediaId, genre) VALUES(212, 'Talk') ON CONFLICT DO NOTHING;
INSERT INTO genres (mediaId, genre) VALUES(212, 'Documentary') ON CONFLICT DO NOTHING;
INSERT INTO providers (mediaId, providerId, providerName, logoPath) VALUES( 212, 1796, 'EBS 1', 'https://image.tmdb.org/t/p/original/vM4FN2WU2JU1mCiZw2BtqJ27zxR.png') ON CONFLICT DO NOTHING;
INSERT INTO media (mediaId, type, name, originalLanguage, adult, releaseDate, overview, backdropPath, posterPath, trailerLink, tmdbRating,  status) VALUES(213, true, 'The First Years', 'nl', False, '2014-05-26',  'The First Years is a contemporary scripted reality serie about the first year of secondary school with recognizable and poignant stories about the fascinations, challenges and problems of first graders. The stories are based on true events, which makes them very recognizable for young viewers. But also uplifting: love, first kiss…', 'https://image.tmdb.org/t/p/original/mlX6SG7lJ0BiLui5x5Nu4agetBA.jpg', 'https://image.tmdb.org/t/p/original/klPqN1oITjVub0Yss0Kqnx8NfY3.jpg', 'None', 3.8, 'Returning Series') ON CONFLICT DO NOTHING;
INSERT INTO tv (mediaid , lastAirDate, nextEpisodeToAir, numberOfEpisodes, numberOfSeasons) VALUES( 213, '2023-10-17', '2023-10-18' , 512, 12) ON CONFLICT DO NOTHING;
INSERT INTO genres (mediaId, genre) VALUES(213, 'Soap') ON CONFLICT DO NOTHING;
INSERT INTO genres (mediaId, genre) VALUES(213, 'Drama') ON CONFLICT DO NOTHING;
INSERT INTO creators(mediaId, creatorId, creatorName) VALUES(213, 2051887, 'Eva Leysen') ON CONFLICT DO NOTHING;
INSERT INTO creators(mediaId, creatorId, creatorName) VALUES(213, 2199718, 'Raymond Grimbergen') ON CONFLICT DO NOTHING;
INSERT INTO creators(mediaId, creatorId, creatorName) VALUES(213, 3721695, 'Nicolien Kool') ON CONFLICT DO NOTHING;
INSERT INTO actors (mediaId, actorId , actorName, characterName, profilePath) VALUES(213, 2523637, 'Sabijn Dunnewijk', 'Romy', 'https://image.tmdb.org/t/p/original/meT8m7jHT9GvqVmaJpH4CeOsEKt.jpg') ON CONFLICT DO NOTHING;
INSERT INTO actors (mediaId, actorId , actorName, characterName, profilePath) VALUES(213, 3675374, 'Jasmien Bosveld', 'Meike', 'https://image.tmdb.org/t/p/original/srKYBmjusdLzFAkzHeSiUNJvRng.jpg') ON CONFLICT DO NOTHING;
INSERT INTO actors (mediaId, actorId , actorName, characterName, profilePath) VALUES(213, 3909887, 'Esther Mbire', 'Puck', 'https://image.tmdb.org/t/p/original/1xJRxrJ0da94ACTcweyshxaA51O.jpg') ON CONFLICT DO NOTHING;
INSERT INTO actors (mediaId, actorId , actorName, characterName, profilePath) VALUES(213, 4219828, 'Jaimee Tang', 'Yuna', 'https://image.tmdb.org/t/p/original/xtOsDQ38KyW07MLjxCG1ugio4vW.jpg') ON CONFLICT DO NOTHING;
INSERT INTO actors (mediaId, actorId , actorName, characterName, profilePath) VALUES(213, 3894666, 'David Hofland', 'Ryan', 'https://image.tmdb.org/t/p/original/fLgGT44ohKSUjVvgFuPp4FaQmzr.jpg') ON CONFLICT DO NOTHING;
INSERT INTO actors (mediaId, actorId , actorName, characterName, profilePath) VALUES(213, 4219829, 'Shad Abdullah', 'Amir', 'https://image.tmdb.org/t/p/original/1FGaqLatdrffTJ3j8KezKjicHKI.jpg') ON CONFLICT DO NOTHING;
INSERT INTO providers (mediaId, providerId, providerName, logoPath) VALUES( 213, 1227, 'AVROTROS', 'https://image.tmdb.org/t/p/original/wXrkCgSBWhF4cjbztPoWtDtOJqj.png') ON CONFLICT DO NOTHING;
INSERT INTO media (mediaId, type, name, originalLanguage, adult, releaseDate, overview, backdropPath, posterPath, trailerLink, tmdbRating,  status) VALUES(214, true, 'Land of Desire', 'pt', False, '2023-05-08',  'When her husband is killed in a land grabbing attempt, Aline takes charge of cultivating his land and protecting his family. Facing the powerful Antonio La Selva, responsible for the death of her husband and the largest landowner in the region, Aline is determined to keep possession of her land and invest in its production. However, she didn''t expect that she would fall in love with Daniel, son of her rival, who is at odds with his rebellious half-brother, Caio, who, in turn, also falls in love with the girl. In the interior of Brazil, Aline will have to fight two battles: the dispute for her lands and for her heart.', 'https://image.tmdb.org/t/p/original/aWPhMZ0P2DyfWB7k5NXhGHSZHGC.jpg', 'https://image.tmdb.org/t/p/original/6SgKArqMYmqSl5XlHEucGXvotw.jpg', 'None', 6.6, 'Returning Series') ON CONFLICT DO NOTHING;
INSERT INTO tv (mediaid , lastAirDate, nextEpisodeToAir, numberOfEpisodes, numberOfSeasons) VALUES( 214, '2023-10-17', '2023-10-18' , 150, 1) ON CONFLICT DO NOTHING;
INSERT INTO genres (mediaId, genre) VALUES(214, 'Drama') ON CONFLICT DO NOTHING;
INSERT INTO genres (mediaId, genre) VALUES(214, 'Crime') ON CONFLICT DO NOTHING;
INSERT INTO genres (mediaId, genre) VALUES(214, 'Soap') ON CONFLICT DO NOTHING;
INSERT INTO creators(mediaId, creatorId, creatorName) VALUES(214, 1244781, 'Walcyr Carrasco') ON CONFLICT DO NOTHING;
INSERT INTO actors (mediaId, actorId , actorName, characterName, profilePath) VALUES(214, 1798899, 'Barbara Reis', 'Aline Machado', 'https://image.tmdb.org/t/p/original/xM7EdSE9Ddzdm8DFCajHL140MJd.jpg') ON CONFLICT DO NOTHING;
INSERT INTO actors (mediaId, actorId , actorName, characterName, profilePath) VALUES(214, 567574, 'Cauã Reymond', 'Caio de La Selva', 'https://image.tmdb.org/t/p/original/iG8EmXJsrqtfIonw9RHOX64aNJ9.jpg') ON CONFLICT DO NOTHING;
INSERT INTO actors (mediaId, actorId , actorName, characterName, profilePath) VALUES(214, 87833, 'Tony Ramos', 'Antônio La Selva', 'https://image.tmdb.org/t/p/original/gOy2JJRYcttL9567n1TIvwuitqT.jpg') ON CONFLICT DO NOTHING;
INSERT INTO actors (mediaId, actorId , actorName, characterName, profilePath) VALUES(214, 87835, 'Glória Pires', 'Irene de La Selva', 'https://image.tmdb.org/t/p/original/ysPm3A3FuOIure9F3par9Tz9X1e.jpg') ON CONFLICT DO NOTHING;
INSERT INTO actors (mediaId, actorId , actorName, characterName, profilePath) VALUES(214, 228007, 'Eliane Giardini', 'Agatha Santini La Selva', 'https://image.tmdb.org/t/p/original/uJwJwdN78RXT17WNgApmy6D7TLK.jpg') ON CONFLICT DO NOTHING;
INSERT INTO actors (mediaId, actorId , actorName, characterName, profilePath) VALUES(214, 1475554, 'Ágatha Moreira', 'Graça Junqueira', 'https://image.tmdb.org/t/p/original/c6zu0BlZQ94KRVnxzUCMvVfFsZ.jpg') ON CONFLICT DO NOTHING;
INSERT INTO actors (mediaId, actorId , actorName, characterName, profilePath) VALUES(214, 1961430, 'Leandro Lima', 'Delegado Marino', 'https://image.tmdb.org/t/p/original/hXtEv1SBKwsRV0TgWfxJwCY2tjx.jpg') ON CONFLICT DO NOTHING;
INSERT INTO actors (mediaId, actorId , actorName, characterName, profilePath) VALUES(214, 1285375, 'Tatá Werneck', 'Anely Taques', 'https://image.tmdb.org/t/p/original/nf3dZtRw2E6SSv14YXea65tE9YN.jpg') ON CONFLICT DO NOTHING;
INSERT INTO actors (mediaId, actorId , actorName, characterName, profilePath) VALUES(214, 1475552, 'Rainer Cadete', 'Luigi Colombo', 'https://image.tmdb.org/t/p/original/RZ2kaSJYPGEcddli0CPdE0yS2r.jpg') ON CONFLICT DO NOTHING;
INSERT INTO actors (mediaId, actorId , actorName, characterName, profilePath) VALUES(214, 2521599, 'Débora Ozório', 'Petra de La Selva', 'https://image.tmdb.org/t/p/original/xtIorz7jSuWFbcxcGcfLxsoH3pm.jpg') ON CONFLICT DO NOTHING;
INSERT INTO providers (mediaId, providerId, providerName, logoPath) VALUES( 214, 60, 'TV Globo', 'https://image.tmdb.org/t/p/original/w5KLywO8bPe98prvv0UewMBAZHO.png') ON CONFLICT DO NOTHING;
INSERT INTO media (mediaId, type, name, originalLanguage, adult, releaseDate, overview, backdropPath, posterPath, trailerLink, tmdbRating,  status) VALUES(215, true, 'Loki', 'en', False, '2021-06-09',  'After stealing the Tesseract during the events of “Avengers: Endgame,” an alternate version of Loki is brought to the mysterious Time Variance Authority, a bureaucratic organization that exists outside of time and space and monitors the timeline. They give Loki a choice: face being erased from existence due to being a “time variant” or help fix the timeline and stop a greater threat.', 'https://image.tmdb.org/t/p/original/q3jHCb4dMfYF6ojikKuHd6LscxC.jpg', 'https://image.tmdb.org/t/p/original/voHUmluYmKyleFkTu3lOXQG702u.jpg', 'https://www.youtube.com/watch?v=nW948Va-l10', 8.2, 'Returning Series') ON CONFLICT DO NOTHING;
INSERT INTO tv (mediaid , lastAirDate, nextEpisodeToAir, numberOfEpisodes, numberOfSeasons) VALUES( 215, '2023-10-12', '2023-10-19' , 12, 2) ON CONFLICT DO NOTHING;
INSERT INTO genres (mediaId, genre) VALUES(215, 'Drama') ON CONFLICT DO NOTHING;
INSERT INTO genres (mediaId, genre) VALUES(215, 'Sci-Fi & Fantasy') ON CONFLICT DO NOTHING;
INSERT INTO creators(mediaId, creatorId, creatorName) VALUES(215, 2094567, 'Michael Waldron') ON CONFLICT DO NOTHING;
INSERT INTO actors (mediaId, actorId , actorName, characterName, profilePath) VALUES(215, 91606, 'Tom Hiddleston', 'Loki Laufeyson', 'https://image.tmdb.org/t/p/original/mclHxMm8aPlCPKptP67257F5GPo.jpg') ON CONFLICT DO NOTHING;
INSERT INTO actors (mediaId, actorId , actorName, characterName, profilePath) VALUES(215, 1252533, 'Sophia Di Martino', 'Sylvie / The Variant', 'https://image.tmdb.org/t/p/original/qZdFp18btpQJfDoknxr7DgfRpcB.jpg') ON CONFLICT DO NOTHING;
INSERT INTO actors (mediaId, actorId , actorName, characterName, profilePath) VALUES(215, 134774, 'Wunmi Mosaku', 'Hunter B-15', 'https://image.tmdb.org/t/p/original/mWDsVCo9sBcekrsjUTsoCFLhtYt.jpg') ON CONFLICT DO NOTHING;
INSERT INTO actors (mediaId, actorId , actorName, characterName, profilePath) VALUES(215, 1370567, 'Eugene Cordero', 'Casey', 'https://image.tmdb.org/t/p/original/waruLSR8lXBjhAFL0J6ihuVY62d.jpg') ON CONFLICT DO NOTHING;
INSERT INTO actors (mediaId, actorId , actorName, characterName, profilePath) VALUES(215, 1932179, 'Rafael Casal', 'Hunter X-5 / Brad Wolfe', 'https://image.tmdb.org/t/p/original/9PaSpVV6aU3rtFXG7oOpnEu92gv.jpg') ON CONFLICT DO NOTHING;
INSERT INTO actors (mediaId, actorId , actorName, characterName, profilePath) VALUES(215, 690, 'Ke Huy Quan', 'Ouroboros ''OB''', 'https://image.tmdb.org/t/p/original/5PfYVcNLs1gGKIo0qwJrvyc2UOZ.jpg') ON CONFLICT DO NOTHING;
INSERT INTO actors (mediaId, actorId , actorName, characterName, profilePath) VALUES(215, 887, 'Owen Wilson', 'Mobius M. Mobius', 'https://image.tmdb.org/t/p/original/ptiUjN2YcXbvCr6xawMFX9lYezk.jpg') ON CONFLICT DO NOTHING;
INSERT INTO actors (mediaId, actorId , actorName, characterName, profilePath) VALUES(215, 1216606, 'Gugu Mbatha-Raw', 'Ravonna Renslayer', 'https://image.tmdb.org/t/p/original/6iQd1y72ym3eRAzslSRChdbBQrS.jpg') ON CONFLICT DO NOTHING;
INSERT INTO actors (mediaId, actorId , actorName, characterName, profilePath) VALUES(215, 15762, 'Tara Strong', 'Miss Minutes (voice)', 'https://image.tmdb.org/t/p/original/8Z86FfWbnUJnyFTcLa9MpVVFhMh.jpg') ON CONFLICT DO NOTHING;
INSERT INTO providers (mediaId, providerId, providerName, logoPath) VALUES( 215, 2739, 'Disney+', 'https://image.tmdb.org/t/p/original/uzKjVDmQ1WRMvGBb7UNRE0wTn1H.png') ON CONFLICT DO NOTHING;
INSERT INTO media (mediaId, type, name, originalLanguage, adult, releaseDate, overview, backdropPath, posterPath, trailerLink, tmdbRating,  status) VALUES(216, true, 'Flor Sem Tempo', 'pt', False, '2023-01-30',  '', 'https://image.tmdb.org/t/p/original/5MkBAawsj7O9zitVtzMXagyrIBw.jpg', 'https://image.tmdb.org/t/p/original/bclnfDXvx7UydFSk83B258vRRvI.jpg', 'None', 7, 'Returning Series') ON CONFLICT DO NOTHING;
INSERT INTO tv (mediaid , lastAirDate, nextEpisodeToAir, numberOfEpisodes, numberOfSeasons) VALUES( 216, '2023-10-17', '2023-10-18' , 192, 1) ON CONFLICT DO NOTHING;
INSERT INTO genres (mediaId, genre) VALUES(216, 'Drama') ON CONFLICT DO NOTHING;
INSERT INTO genres (mediaId, genre) VALUES(216, 'Soap') ON CONFLICT DO NOTHING;
INSERT INTO creators(mediaId, creatorId, creatorName) VALUES(216, 3426999, 'Inês Gomes') ON CONFLICT DO NOTHING;
INSERT INTO actors (mediaId, actorId , actorName, characterName, profilePath) VALUES(216, 1932462, 'Bárbara Branco', 'Catarina Valente', 'https://image.tmdb.org/t/p/original/dIv08L10yVD2fyGT9ssc2vI7Lwr.jpg') ON CONFLICT DO NOTHING;
INSERT INTO actors (mediaId, actorId , actorName, characterName, profilePath) VALUES(216, 544602, 'Albano Jerónimo', 'Jorge Valente', 'https://image.tmdb.org/t/p/original/rQe0D4NBMxbdoz1wckWdtCBweoo.jpg') ON CONFLICT DO NOTHING;
INSERT INTO actors (mediaId, actorId , actorName, characterName, profilePath) VALUES(216, 544600, 'Maria João Bastos', 'Leonor Valente', 'https://image.tmdb.org/t/p/original/Er5iWHM6fEe2nXV5W27xZejgiw.jpg') ON CONFLICT DO NOTHING;
INSERT INTO actors (mediaId, actorId , actorName, characterName, profilePath) VALUES(216, 109713, 'Rita Blanco', 'Natália Fontes', 'https://image.tmdb.org/t/p/original/37uYod765Xi2hV5WPuGkzeWy3E5.jpg') ON CONFLICT DO NOTHING;
INSERT INTO actors (mediaId, actorId , actorName, characterName, profilePath) VALUES(216, 1905762, 'Joana Aguiar', 'Filipa Fontes', 'https://image.tmdb.org/t/p/original/axmZgj7VdUkQ4PosRD41rUb30tj.jpg') ON CONFLICT DO NOTHING;
INSERT INTO actors (mediaId, actorId , actorName, characterName, profilePath) VALUES(216, 1215348, 'Dânia Neto', 'Mariana Campos', 'https://image.tmdb.org/t/p/original/sN056INHnTxiz6ccqCu32uYydCe.jpg') ON CONFLICT DO NOTHING;
INSERT INTO actors (mediaId, actorId , actorName, characterName, profilePath) VALUES(216, 1995977, 'Francisco Froes', 'Vasco Torres', 'https://image.tmdb.org/t/p/original/zXsK7w4CzKGHf3t7jARw186mjyE.jpg') ON CONFLICT DO NOTHING;
INSERT INTO actors (mediaId, actorId , actorName, characterName, profilePath) VALUES(216, 1884737, 'Bruna Quintas', 'Mimi Mosquito', 'https://image.tmdb.org/t/p/original/9btYTs3b2nhX5jeZFOKOiBrF3mk.jpg') ON CONFLICT DO NOTHING;
INSERT INTO actors (mediaId, actorId , actorName, characterName, profilePath) VALUES(216, 935457, 'Joana Santos', 'Caetana Torres', 'https://image.tmdb.org/t/p/original/mpvBPWVrJEQW8X1vRoBflfiUf1P.jpg') ON CONFLICT DO NOTHING;
INSERT INTO actors (mediaId, actorId , actorName, characterName, profilePath) VALUES(216, 147109, 'Fernando Luís', 'Teodoro Mosquito', 'https://image.tmdb.org/t/p/original/6yhXyfOheN5UYf7sgq2CheDdL5j.jpg') ON CONFLICT DO NOTHING;
INSERT INTO providers (mediaId, providerId, providerName, logoPath) VALUES( 216, 4547, 'OPTO', 'https://image.tmdb.org/t/p/original/kaZQkqS9vhowK2P2SlfxYsGKskQ.png') ON CONFLICT DO NOTHING;
INSERT INTO media (mediaId, type, name, originalLanguage, adult, releaseDate, overview, backdropPath, posterPath, trailerLink, tmdbRating,  status) VALUES(217, true, 'Minas de Pasión', 'es', False, '2023-08-21',  '', 'https://image.tmdb.org/t/p/original/46PJ9taXITt1aXPZTMJXpBw5MlU.jpg', 'https://image.tmdb.org/t/p/original/lLJBisfhikqTD0Cj9a2ZJw5kyOe.jpg', 'None', 7.5, 'Returning Series') ON CONFLICT DO NOTHING;
INSERT INTO tv (mediaid , lastAirDate, nextEpisodeToAir, numberOfEpisodes, numberOfSeasons) VALUES( 217, '2023-10-17', '2023-10-18' , 45, 1) ON CONFLICT DO NOTHING;
INSERT INTO actors (mediaId, actorId , actorName, characterName, profilePath) VALUES(217, 1255538, 'Livia Brito Pestana', 'Emilia Sanchez', 'https://image.tmdb.org/t/p/original/bnVovWqDJ7c1dvswIN2CTie7q9l.jpg') ON CONFLICT DO NOTHING;
INSERT INTO actors (mediaId, actorId , actorName, characterName, profilePath) VALUES(217, 971547, 'Osvaldo de León', 'Leonardo Santamaria', 'https://image.tmdb.org/t/p/original/x10VqE6N8ikDIX83Cp8Pk9gOX5Z.jpg') ON CONFLICT DO NOTHING;
INSERT INTO providers (mediaId, providerId, providerName, logoPath) VALUES( 217, 28, 'Univision', 'https://image.tmdb.org/t/p/original/8JwhJGdxpSsiuPiFDGslBH1cr7t.png') ON CONFLICT DO NOTHING;
INSERT INTO providers (mediaId, providerId, providerName, logoPath) VALUES( 217, 487, 'Las Estrellas', 'https://image.tmdb.org/t/p/original/6ROTTOqsZo3XefxZAYowukFdJ6w.png') ON CONFLICT DO NOTHING;
INSERT INTO media (mediaId, type, name, originalLanguage, adult, releaseDate, overview, backdropPath, posterPath, trailerLink, tmdbRating,  status) VALUES(218, true, 'Pira-Pirasong Paraiso', 'tl', False, '2023-07-25',  'A con artist takes on the job of pretending to be one of the long-lost sisters of a young and rich woman. As she navigates a world of cunning and lies, she learns about right and wrong, love and family, and spectacular truths about herself.', 'https://image.tmdb.org/t/p/original/2N4LXvTkUwPRkbvyzdmzvtnCHgR.jpg', 'https://image.tmdb.org/t/p/original/gELcO56G9EsUj6LSjaDq8VvI8De.jpg', 'None', 6.8, 'Returning Series') ON CONFLICT DO NOTHING;
INSERT INTO tv (mediaid , lastAirDate, nextEpisodeToAir, numberOfEpisodes, numberOfSeasons) VALUES( 218, '2023-10-17', '2023-10-18' , 80, 2) ON CONFLICT DO NOTHING;
INSERT INTO actors (mediaId, actorId , actorName, characterName, profilePath) VALUES(218, 1942257, 'Loisa Andalio', 'Baby Abiog-Lamadrid / Amanda "Aimee" Paraiso-Lamadrid', 'https://image.tmdb.org/t/p/original/9rmc2gIJmL0FuoOSjmybgMZMy3B.jpg') ON CONFLICT DO NOTHING;
INSERT INTO actors (mediaId, actorId , actorName, characterName, profilePath) VALUES(218, 1565100, 'Alexa Ilacad', 'Angela Medina / Belle Paraiso', 'https://image.tmdb.org/t/p/original/3fb87Txg316MIrfPakJjA9YLKjS.jpg') ON CONFLICT DO NOTHING;
INSERT INTO actors (mediaId, actorId , actorName, characterName, profilePath) VALUES(218, 1984371, 'Charlie Dizon', 'Diana Paraiso-Lamadrid', 'https://image.tmdb.org/t/p/original/6YMlrvmZ2VHTNsZ4bN6ZonlTNxg.jpg') ON CONFLICT DO NOTHING;
INSERT INTO actors (mediaId, actorId , actorName, characterName, profilePath) VALUES(218, 1495472, 'Elisse Joson', 'Hilary Abiog', 'https://image.tmdb.org/t/p/original/FVRO8R1QI61IdToA8WRYA0vzr0.jpg') ON CONFLICT DO NOTHING;
INSERT INTO actors (mediaId, actorId , actorName, characterName, profilePath) VALUES(218, 1725106, 'Ronnie Alonte', 'Jonaf Salvador', 'https://image.tmdb.org/t/p/original/tBjdLgI923YCxvzELxNzIKR1W87.jpg') ON CONFLICT DO NOTHING;
INSERT INTO actors (mediaId, actorId , actorName, characterName, profilePath) VALUES(218, 3025401, 'KD Estrada', 'Elon Lamadrid', 'https://image.tmdb.org/t/p/original/akLtJWJENTHtWOigQmbq3MkMJHo.jpg') ON CONFLICT DO NOTHING;
INSERT INTO actors (mediaId, actorId , actorName, characterName, profilePath) VALUES(218, 1279720, 'Joseph Marco', 'Vladimir Lamadrid / Vlad', 'https://image.tmdb.org/t/p/original/4skpamrX9chWEXMp1CzSNzM9hGc.jpg') ON CONFLICT DO NOTHING;
INSERT INTO actors (mediaId, actorId , actorName, characterName, profilePath) VALUES(218, 3668768, 'Argel Saycon', 'Brix Tolentino', 'None') ON CONFLICT DO NOTHING;
INSERT INTO actors (mediaId, actorId , actorName, characterName, profilePath) VALUES(218, 140419, 'Jeffrey Quizon', 'Badong Abiog', 'https://image.tmdb.org/t/p/original/7eS7NWjtkAuOEjZexdAaJhVYEV7.jpg') ON CONFLICT DO NOTHING;
INSERT INTO actors (mediaId, actorId , actorName, characterName, profilePath) VALUES(218, 227987, 'Arthur Acuña', 'Julius Lamadrid', 'https://image.tmdb.org/t/p/original/zJn9vitt2eFJHek694uNX74XBi0.jpg') ON CONFLICT DO NOTHING;
INSERT INTO providers (mediaId, providerId, providerName, logoPath) VALUES( 218, 42, 'TV5', 'https://image.tmdb.org/t/p/original/gVinXXdpdbLHuXTUUfx4R9PyuPB.png') ON CONFLICT DO NOTHING;
INSERT INTO providers (mediaId, providerId, providerName, logoPath) VALUES( 218, 3920, 'Kapamilya Channel', 'https://image.tmdb.org/t/p/original/eK7hBqDuNwvHqBoWtVgCdNIehsU.png') ON CONFLICT DO NOTHING;
INSERT INTO media (mediaId, type, name, originalLanguage, adult, releaseDate, overview, backdropPath, posterPath, trailerLink, tmdbRating,  status) VALUES(219, true, 'Queridos Papás', 'pt', False, '2023-03-13',  '', 'https://image.tmdb.org/t/p/original/vW16JyrWiB1cW9wWzxhmjVHoqwJ.jpg', 'https://image.tmdb.org/t/p/original/m1aGGAPvLpWF5cGhkQeZjbpu2nr.jpg', 'None', 4, 'Returning Series') ON CONFLICT DO NOTHING;
INSERT INTO tv (mediaid , lastAirDate, nextEpisodeToAir, numberOfEpisodes, numberOfSeasons) VALUES( 219, '2023-10-17', '2023-10-18' , 168, 1) ON CONFLICT DO NOTHING;
INSERT INTO genres (mediaId, genre) VALUES(219, 'Soap') ON CONFLICT DO NOTHING;
INSERT INTO creators(mediaId, creatorId, creatorName) VALUES(219, 1889131, 'Maria João Mira') ON CONFLICT DO NOTHING;
INSERT INTO actors (mediaId, actorId , actorName, characterName, profilePath) VALUES(219, 107918, 'José Fidalgo', 'Matias', 'https://image.tmdb.org/t/p/original/jZUi45gYinopnyOoepH3oJvSp47.jpg') ON CONFLICT DO NOTHING;
INSERT INTO actors (mediaId, actorId , actorName, characterName, profilePath) VALUES(219, 1738188, 'Tiago Teotónio Pereira', 'Xavier Pimenta', 'https://image.tmdb.org/t/p/original/k9ZpV9E6h3AxFr2c0Ln73mtsYtT.jpg') ON CONFLICT DO NOTHING;
INSERT INTO actors (mediaId, actorId , actorName, characterName, profilePath) VALUES(219, 1784592, 'Fernando Pires', 'Jaime Guimarães', 'https://image.tmdb.org/t/p/original/7Gmu6o9gNS2nRR4znrwb7BfjpM0.jpg') ON CONFLICT DO NOTHING;
INSERT INTO actors (mediaId, actorId , actorName, characterName, profilePath) VALUES(219, 2357550, 'Pedro Sousa', 'Simão', 'https://image.tmdb.org/t/p/original/8SyRtwKKq0eQcaSra1K6aHIpWWh.jpg') ON CONFLICT DO NOTHING;
INSERT INTO actors (mediaId, actorId , actorName, characterName, profilePath) VALUES(219, 1062295, 'Sara Prata', 'Silvia', 'https://image.tmdb.org/t/p/original/t708nnj1Uolv0bn4iygCK2hEVBO.jpg') ON CONFLICT DO NOTHING;
INSERT INTO actors (mediaId, actorId , actorName, characterName, profilePath) VALUES(219, 1784584, 'Mafalda Marafusta', 'Alice Guimarães', 'https://image.tmdb.org/t/p/original/fXDY23MXfVo0sdxQAEEpGQt7kOi.jpg') ON CONFLICT DO NOTHING;
INSERT INTO actors (mediaId, actorId , actorName, characterName, profilePath) VALUES(219, 1352211, 'Ana Varela', 'Camila', 'https://image.tmdb.org/t/p/original/fc44l9l5gQ75AAxlpSkNpNkWjzk.jpg') ON CONFLICT DO NOTHING;
INSERT INTO actors (mediaId, actorId , actorName, characterName, profilePath) VALUES(219, 2391586, 'Madalena Brandão', 'Bárbara', 'https://image.tmdb.org/t/p/original/yyuE8CNkFefMzLFRqwbfqZeJv1D.jpg') ON CONFLICT DO NOTHING;
INSERT INTO actors (mediaId, actorId , actorName, characterName, profilePath) VALUES(219, 938036, 'São José Correia', 'Graça Albergaria', 'https://image.tmdb.org/t/p/original/3cuWweU2CZABuUd9UbMmLqZ7H8C.jpg') ON CONFLICT DO NOTHING;
INSERT INTO actors (mediaId, actorId , actorName, characterName, profilePath) VALUES(219, 1300056, 'Helena Isabel', '', 'https://image.tmdb.org/t/p/original/gK28kRhk2GqV0YpKHqFikNsujlm.jpg') ON CONFLICT DO NOTHING;
INSERT INTO providers (mediaId, providerId, providerName, logoPath) VALUES( 219, 93, 'TVI', 'https://image.tmdb.org/t/p/original/bCngEbZ5SoIwkgmSMsLUABqanZn.png') ON CONFLICT DO NOTHING;
INSERT INTO media (mediaId, type, name, originalLanguage, adult, releaseDate, overview, backdropPath, posterPath, trailerLink, tmdbRating,  status) VALUES(220, true, 'Lang Leve de Liefde', 'nl', False, '2020-01-20',  '', 'https://image.tmdb.org/t/p/original/5S0SI4NjyMji05OPL0GOZ4BsiMh.jpg', 'https://image.tmdb.org/t/p/original/9lpvvzEl5kViIc2vUJG4QKzj2ds.jpg', 'None', 6, 'Returning Series') ON CONFLICT DO NOTHING;
INSERT INTO tv (mediaid , lastAirDate, nextEpisodeToAir, numberOfEpisodes, numberOfSeasons) VALUES( 220, '2023-10-17', '2023-10-18' , 804, 6) ON CONFLICT DO NOTHING;
INSERT INTO genres (mediaId, genre) VALUES(220, 'Reality') ON CONFLICT DO NOTHING;
INSERT INTO creators(mediaId, creatorId, creatorName) VALUES(220, 1215602, 'John de Mol') ON CONFLICT DO NOTHING;
INSERT INTO actors (mediaId, actorId , actorName, characterName, profilePath) VALUES(220, 4164836, 'Henk Blok', 'Self (Voice-over)', 'https://image.tmdb.org/t/p/original/xbosIGwzhYhQcRmGgqG5qDs7lRj.jpg') ON CONFLICT DO NOTHING;
INSERT INTO providers (mediaId, providerId, providerName, logoPath) VALUES( 220, 1034, 'SBS6', 'https://image.tmdb.org/t/p/original/6la8Z1gCxiZlLVIFe3l4Jv8c2Uu.png') ON CONFLICT DO NOTHING;
INSERT INTO media (mediaId, type, name, originalLanguage, adult, releaseDate, overview, backdropPath, posterPath, trailerLink, tmdbRating,  status) VALUES(221, true, 'Hotel Paradise Extra', 'pl', False, NULL,  '', 'https://image.tmdb.org/t/p/original/dsJLciKge3JeyUXu0VQkxVgnrRK.jpg', 'https://image.tmdb.org/t/p/original/jxI6eEulbhE6IdHMX5fM4QTVdqa.jpg', 'None', 7, 'Returning Series') ON CONFLICT DO NOTHING;
INSERT INTO tv (mediaid , lastAirDate, nextEpisodeToAir, numberOfEpisodes, numberOfSeasons) VALUES( 221, '2023-10-17', '2023-10-18' , 48, 7) ON CONFLICT DO NOTHING;
INSERT INTO genres (mediaId, genre) VALUES(221, 'Reality') ON CONFLICT DO NOTHING;
INSERT INTO actors (mediaId, actorId , actorName, characterName, profilePath) VALUES(221, 3786013, 'Klaudia El Dursi', 'Prowadząca', 'https://image.tmdb.org/t/p/original/bxqhkXvISwr2WMRnFU02DYZRRT3.jpg') ON CONFLICT DO NOTHING;
INSERT INTO providers (mediaId, providerId, providerName, logoPath) VALUES( 221, 504, 'TVN', 'https://image.tmdb.org/t/p/original/cvpDEjkTD4zar67EKtkHc3jzE4F.png') ON CONFLICT DO NOTHING;
INSERT INTO media (mediaId, type, name, originalLanguage, adult, releaseDate, overview, backdropPath, posterPath, trailerLink, tmdbRating,  status) VALUES(222, true, 'Fuzuê', 'pt', False, '2023-08-14',  '', 'https://image.tmdb.org/t/p/original/yii7eIlaw1MRMfa7FTA6mW8hBUQ.jpg', 'https://image.tmdb.org/t/p/original/zNNFg8z3z7uT817n6M0kHRcYwq1.jpg', 'None', 6, 'Returning Series') ON CONFLICT DO NOTHING;
INSERT INTO tv (mediaid , lastAirDate, nextEpisodeToAir, numberOfEpisodes, numberOfSeasons) VALUES( 222, '2023-10-17', '2023-10-18' , 66, 1) ON CONFLICT DO NOTHING;
INSERT INTO genres (mediaId, genre) VALUES(222, 'Comedy') ON CONFLICT DO NOTHING;
INSERT INTO genres (mediaId, genre) VALUES(222, 'Soap') ON CONFLICT DO NOTHING;
INSERT INTO creators(mediaId, creatorId, creatorName) VALUES(222, 1540092, 'Gustavo Reiz') ON CONFLICT DO NOTHING;
INSERT INTO actors (mediaId, actorId , actorName, characterName, profilePath) VALUES(222, 1909989, 'Giovana Cordeiro', 'Luna Coelho', 'https://image.tmdb.org/t/p/original/d8O59dTapS14c8iWiKf9O4ifC1W.jpg') ON CONFLICT DO NOTHING;
INSERT INTO actors (mediaId, actorId , actorName, characterName, profilePath) VALUES(222, 1540112, 'Marina Ruy Barbosa', 'Preciosa Montebello', 'https://image.tmdb.org/t/p/original/mrFQhjy5sXEVAksbNog60U8E2lF.jpg') ON CONFLICT DO NOTHING;
INSERT INTO actors (mediaId, actorId , actorName, characterName, profilePath) VALUES(222, 1955409, 'Nicolas Prattes', 'Miguel de Braga e Silva', 'https://image.tmdb.org/t/p/original/eLxKQLrwZJFvBdPOTyxuw1htWRL.jpg') ON CONFLICT DO NOTHING;
INSERT INTO actors (mediaId, actorId , actorName, characterName, profilePath) VALUES(222, 228010, 'Edson Celulari', 'Nero de Braga e Silva', 'https://image.tmdb.org/t/p/original/dDgRAmpr1BOvhOZL7dDsp05aryP.jpg') ON CONFLICT DO NOTHING;
INSERT INTO actors (mediaId, actorId , actorName, characterName, profilePath) VALUES(222, 228015, 'Lília Cabral', 'Bebel (Maria Isabel Montebello)', 'https://image.tmdb.org/t/p/original/sRKKZ8caTY0i1uHmW8vJXQ87vgp.jpg') ON CONFLICT DO NOTHING;
INSERT INTO actors (mediaId, actorId , actorName, characterName, profilePath) VALUES(222, 1373439, 'Felipe Simas', 'Heitor Montebello', 'https://image.tmdb.org/t/p/original/emhHtrkhkDfinjr8scpNmw95R71.jpg') ON CONFLICT DO NOTHING;
INSERT INTO actors (mediaId, actorId , actorName, characterName, profilePath) VALUES(222, 54998, 'Olivia Araújo', 'Maria Navalha', 'https://image.tmdb.org/t/p/original/auxJutx7ycx2dpIaBNCuKKi3vXD.jpg') ON CONFLICT DO NOTHING;
INSERT INTO actors (mediaId, actorId , actorName, characterName, profilePath) VALUES(222, 1475566, 'Jéssica Córes', 'Olívia de Castro', 'https://image.tmdb.org/t/p/original/nqr7WjrRXJuNgaqUkhBsraI9v43.jpg') ON CONFLICT DO NOTHING;
INSERT INTO actors (mediaId, actorId , actorName, characterName, profilePath) VALUES(222, 1065193, 'Michel Joelsas', 'Francisco de Braga e Silva', 'https://image.tmdb.org/t/p/original/kWCdb25vnocN5RmgdSr64CpeMx8.jpg') ON CONFLICT DO NOTHING;
INSERT INTO actors (mediaId, actorId , actorName, characterName, profilePath) VALUES(222, 1245030, 'Micael Borges', 'Jeferson Carneiro (Jefinho Sem Vergonha)', 'https://image.tmdb.org/t/p/original/ic1NDkDd268vMNRhuOFqhg65qlp.jpg') ON CONFLICT DO NOTHING;
INSERT INTO providers (mediaId, providerId, providerName, logoPath) VALUES( 222, 60, 'TV Globo', 'https://image.tmdb.org/t/p/original/w5KLywO8bPe98prvv0UewMBAZHO.png') ON CONFLICT DO NOTHING;
INSERT INTO media (mediaId, type, name, originalLanguage, adult, releaseDate, overview, backdropPath, posterPath, trailerLink, tmdbRating,  status) VALUES(223, true, 'Chucky', 'en', False, '2021-10-12',  'After a vintage Chucky doll turns up at a suburban yard sale, an idyllic American town is thrown into chaos as a series of horrifying murders begin to expose the town’s hypocrisies and secrets. Meanwhile, the arrival of enemies — and allies — from Chucky’s past threatens to expose the truth behind the killings, as well as the demon doll’s untold origins.', 'https://image.tmdb.org/t/p/original/n04w4FxcGE6Sfe0M7zzWohKM3by.jpg', 'https://image.tmdb.org/t/p/original/7KbhQpg6OV2o58SoulRbEtK9HYT.jpg', 'https://www.youtube.com/watch?v=oBNH-PY730k', 7.9, 'Returning Series') ON CONFLICT DO NOTHING;
INSERT INTO tv (mediaid , lastAirDate, nextEpisodeToAir, numberOfEpisodes, numberOfSeasons) VALUES( 223, '2023-10-11', '2023-10-18' , 24, 3) ON CONFLICT DO NOTHING;
INSERT INTO genres (mediaId, genre) VALUES(223, 'Crime') ON CONFLICT DO NOTHING;
INSERT INTO genres (mediaId, genre) VALUES(223, 'Sci-Fi & Fantasy') ON CONFLICT DO NOTHING;
INSERT INTO genres (mediaId, genre) VALUES(223, 'Drama') ON CONFLICT DO NOTHING;
INSERT INTO creators(mediaId, creatorId, creatorName) VALUES(223, 13596, 'David Kirschner') ON CONFLICT DO NOTHING;
INSERT INTO creators(mediaId, creatorId, creatorName) VALUES(223, 65677, 'Don Mancini') ON CONFLICT DO NOTHING;
INSERT INTO creators(mediaId, creatorId, creatorName) VALUES(223, 1114792, 'Nick Antosca') ON CONFLICT DO NOTHING;
INSERT INTO actors (mediaId, actorId , actorName, characterName, profilePath) VALUES(223, 1379122, 'Zackary Arthur', 'Jake Wheeler', 'https://image.tmdb.org/t/p/original/bHNxWDhEsxvEHWhh8oA9ArIo3AI.jpg') ON CONFLICT DO NOTHING;
INSERT INTO actors (mediaId, actorId , actorName, characterName, profilePath) VALUES(223, 3028929, 'Björgvin Arnarson', 'Devon Evans', 'https://image.tmdb.org/t/p/original/sMEdiovTsgk0E6KDirZrnQlHN2E.jpg') ON CONFLICT DO NOTHING;
INSERT INTO actors (mediaId, actorId , actorName, characterName, profilePath) VALUES(223, 1274510, 'Alyvia Alyn Lind', 'Lexy Cross', 'https://image.tmdb.org/t/p/original/iBMULiCnvZEIsN9j6AO1eW8bSLR.jpg') ON CONFLICT DO NOTHING;
INSERT INTO actors (mediaId, actorId , actorName, characterName, profilePath) VALUES(223, 50398, 'Devon Sawa', 'James Collins', 'https://image.tmdb.org/t/p/original/yvMbpZ0UFQ1IBwlWm8quCA6fNc5.jpg') ON CONFLICT DO NOTHING;
INSERT INTO actors (mediaId, actorId , actorName, characterName, profilePath) VALUES(223, 1370, 'Brad Dourif', 'Chucky (voice)', 'https://image.tmdb.org/t/p/original/z2LYR7Ickql7g5hnWJSIAWMPD4o.jpg') ON CONFLICT DO NOTHING;
INSERT INTO providers (mediaId, providerId, providerName, logoPath) VALUES( 223, 30, 'USA Network', 'https://image.tmdb.org/t/p/original/g1e0H0Ka97IG5SyInMXdJkHGKiH.png') ON CONFLICT DO NOTHING;
INSERT INTO providers (mediaId, providerId, providerName, logoPath) VALUES( 223, 77, 'Syfy', 'https://image.tmdb.org/t/p/original/iYfrkobwDhTOFJ4AXYPSLIEeaAT.png') ON CONFLICT DO NOTHING;
INSERT INTO media (mediaId, type, name, originalLanguage, adult, releaseDate, overview, backdropPath, posterPath, trailerLink, tmdbRating,  status) VALUES(224, true, 'Al rojo vivo', 'es', False, '2011-01-10',  '"Al rojo vivo" is a program on laSexta focused on the analysis and debate of national and international political current affairs. The format is hosted and directed by Antonio García Ferreras and produced by the News Services of laSexta.', 'https://image.tmdb.org/t/p/original/69Jblm3seQgiPuPQMrJqg9Nxhaz.jpg', 'https://image.tmdb.org/t/p/original/ag6PmoBxkF2s1uY3An618NCEt3g.jpg', 'None', 2.8, 'Returning Series') ON CONFLICT DO NOTHING;
INSERT INTO tv (mediaid , lastAirDate, nextEpisodeToAir, numberOfEpisodes, numberOfSeasons) VALUES( 224, '2023-10-17', '2023-10-18' , 335, 14) ON CONFLICT DO NOTHING;
INSERT INTO genres (mediaId, genre) VALUES(224, 'News') ON CONFLICT DO NOTHING;
INSERT INTO genres (mediaId, genre) VALUES(224, 'Talk') ON CONFLICT DO NOTHING;
INSERT INTO creators(mediaId, creatorId, creatorName) VALUES(224, 2151412, 'Antonio García Ferreras') ON CONFLICT DO NOTHING;
INSERT INTO actors (mediaId, actorId , actorName, characterName, profilePath) VALUES(224, 2151412, 'Antonio García Ferreras', 'Presentador', 'https://image.tmdb.org/t/p/original/vrH0mAxj7MSZxOpRDYDTuA4H5t6.jpg') ON CONFLICT DO NOTHING;
INSERT INTO actors (mediaId, actorId , actorName, characterName, profilePath) VALUES(224, 3960693, 'Ángela Vera', 'Reportera', 'https://image.tmdb.org/t/p/original/tpqeVhnPSCzURRSpDlACRif4Fhd.jpg') ON CONFLICT DO NOTHING;
INSERT INTO providers (mediaId, providerId, providerName, logoPath) VALUES( 224, 1016, 'laSexta', 'https://image.tmdb.org/t/p/original/pQK2RR4b8Dzr1XP6LEKOe57gb6I.png') ON CONFLICT DO NOTHING;
INSERT INTO media (mediaId, type, name, originalLanguage, adult, releaseDate, overview, backdropPath, posterPath, trailerLink, tmdbRating,  status) VALUES(225, true, 'Vandaag Inside', 'nl', False, '2022-01-10',  '', 'https://image.tmdb.org/t/p/original/dld0di3IPDBQ8zqc0AHT9vFJ5tv.jpg', 'https://image.tmdb.org/t/p/original/xEFfIcHzlxiYw8e6hXRCqskSKsG.jpg', 'None', 4.6, 'Returning Series') ON CONFLICT DO NOTHING;
INSERT INTO tv (mediaid , lastAirDate, nextEpisodeToAir, numberOfEpisodes, numberOfSeasons) VALUES( 225, '2023-10-17', '2023-10-18' , 348, 4) ON CONFLICT DO NOTHING;
INSERT INTO actors (mediaId, actorId , actorName, characterName, profilePath) VALUES(225, 1610078, 'Wilfred Genee', '', 'https://image.tmdb.org/t/p/original/nKTBkVGKNYChgl9LupmzY0Zm53E.jpg') ON CONFLICT DO NOTHING;
INSERT INTO actors (mediaId, actorId , actorName, characterName, profilePath) VALUES(225, 1248809, 'Johan Derksen', '', 'https://image.tmdb.org/t/p/original/wJnYL5sWSvsDr5DHVTpCaRyNJbq.jpg') ON CONFLICT DO NOTHING;
INSERT INTO actors (mediaId, actorId , actorName, characterName, profilePath) VALUES(225, 1248529, 'René van der Gijp', '', 'https://image.tmdb.org/t/p/original/axjyguvUVRxQcC4SgBHtjFfcdH9.jpg') ON CONFLICT DO NOTHING;
INSERT INTO providers (mediaId, providerId, providerName, logoPath) VALUES( 225, 1034, 'SBS6', 'https://image.tmdb.org/t/p/original/6la8Z1gCxiZlLVIFe3l4Jv8c2Uu.png') ON CONFLICT DO NOTHING;
INSERT INTO media (mediaId, type, name, originalLanguage, adult, releaseDate, overview, backdropPath, posterPath, trailerLink, tmdbRating,  status) VALUES(226, true, 'Come Home Love: Lo and Behold', 'cn', False, '2017-02-06',  'Hung Sue Gan starting from the bottom, established his own logistics company, which is now running smoothly. His only concern now are his three daughters. His eldest daughter has immigrated overseas. His second daughter Hung Yeuk Shui has reached the marriageable age, but has no hopes for marriage anytime soon. She is constantly bickering with her younger sister Hung Sum Yue, who is an honour student, over trivial matters, causing their father to not know whether to laugh or cry. Hung Sue Yan, Hung Sue Gan''s brother, moves in with the family, temporarily ending his life as a nomadic photographer. He joins Hung Yeuk Shui''s company and encounters Ko Pak Fei, the director of an online shop. The two appear to be former lovers, making for lots of laughter. Since Hung Sue Yan moved in, a series of strange events have occurred in the family. Upon investigation, the source is traced to Lung Ging Fung, a promising young man who is the son of department store mogul Lung Gam Wai.', 'https://image.tmdb.org/t/p/original/ohJTnu93hJ0Uonl86Wn3mOSlWXN.jpg', 'https://image.tmdb.org/t/p/original/lgD4j9gUGmMckZpWWRJjorWqGVT.jpg', 'None', 4.9, 'Returning Series') ON CONFLICT DO NOTHING;
INSERT INTO tv (mediaid , lastAirDate, nextEpisodeToAir, numberOfEpisodes, numberOfSeasons) VALUES( 226, '2023-10-17', '2023-10-18' , 2112, 1) ON CONFLICT DO NOTHING;
INSERT INTO genres (mediaId, genre) VALUES(226, 'Family') ON CONFLICT DO NOTHING;
INSERT INTO genres (mediaId, genre) VALUES(226, 'Comedy') ON CONFLICT DO NOTHING;
INSERT INTO genres (mediaId, genre) VALUES(226, 'Drama') ON CONFLICT DO NOTHING;
INSERT INTO actors (mediaId, actorId , actorName, characterName, profilePath) VALUES(226, 1133980, 'Lau Dan', 'Hung Shu Kan', 'https://image.tmdb.org/t/p/original/ji0qG0Syt3QvQaq4qouaxP8g99P.jpg') ON CONFLICT DO NOTHING;
INSERT INTO actors (mediaId, actorId , actorName, characterName, profilePath) VALUES(226, 125775, 'Angela Tong', 'Ko Pak Fei', 'https://image.tmdb.org/t/p/original/zuCEjX7yWPFbWQOIa6cjcfTiE5I.jpg') ON CONFLICT DO NOTHING;
INSERT INTO actors (mediaId, actorId , actorName, characterName, profilePath) VALUES(226, 564829, 'Koni Lui', 'Hung Yeuk Shui', 'https://image.tmdb.org/t/p/original/8UpzrcfGoK9ROWJCjyzSEooSFvl.jpg') ON CONFLICT DO NOTHING;
INSERT INTO actors (mediaId, actorId , actorName, characterName, profilePath) VALUES(226, 142644, 'Pal Sinn Lap-man', 'Hung Shu Yan', 'https://image.tmdb.org/t/p/original/9efm5ogg9PzhDwSCCWzqevfo1iV.jpg') ON CONFLICT DO NOTHING;
INSERT INTO actors (mediaId, actorId , actorName, characterName, profilePath) VALUES(226, 2988169, 'Andrea So', 'Hung Shum Yu', 'https://image.tmdb.org/t/p/original/j4jrBgs2N3fC5Tk6XqzbQT9ibCh.jpg') ON CONFLICT DO NOTHING;
INSERT INTO actors (mediaId, actorId , actorName, characterName, profilePath) VALUES(226, 1223072, 'Joyce Tang', 'Hung Sheung Sin', 'https://image.tmdb.org/t/p/original/rCGjxrs3HeRoOhzqbAwCucV12qo.jpg') ON CONFLICT DO NOTHING;
INSERT INTO actors (mediaId, actorId , actorName, characterName, profilePath) VALUES(226, 2988172, 'Kalok Chow', 'Kam Shing On', 'https://image.tmdb.org/t/p/original/3mJIbOo4QzBc2Rlt4bhhipod8q4.jpg') ON CONFLICT DO NOTHING;
INSERT INTO actors (mediaId, actorId , actorName, characterName, profilePath) VALUES(226, 3511831, 'Iris Lam Hoi Yan', '譚育英（Bonnie）', 'https://image.tmdb.org/t/p/original/gYTzjvsoIqlhmdIZbgfuAdddXBD.jpg') ON CONFLICT DO NOTHING;
INSERT INTO actors (mediaId, actorId , actorName, characterName, profilePath) VALUES(226, 1191924, 'Law Lok-Lam', 'Lung Gam Wai', 'https://image.tmdb.org/t/p/original/3d9PYDN0BsOKgLJfyVhOaKLeaC2.jpg') ON CONFLICT DO NOTHING;
INSERT INTO actors (mediaId, actorId , actorName, characterName, profilePath) VALUES(226, 2988173, 'Ricco Ng', 'Chu Ling Ling', 'https://image.tmdb.org/t/p/original/fhi4ZgYgQ5U9e5V0ov7ajgKPeMJ.jpg') ON CONFLICT DO NOTHING;
INSERT INTO providers (mediaId, providerId, providerName, logoPath) VALUES( 226, 48, 'TVB Jade', 'https://image.tmdb.org/t/p/original/v78f4q6DYdRB8dLj4rQBpqQG8pW.png') ON CONFLICT DO NOTHING;
INSERT INTO media (mediaId, type, name, originalLanguage, adult, releaseDate, overview, backdropPath, posterPath, trailerLink, tmdbRating,  status) VALUES(227, true, 'First Dates', 'es', False, '2016-04-17',  '', 'https://image.tmdb.org/t/p/original/pVQYs97T72mgVcdGzQ8jBnqTZHt.jpg', 'https://image.tmdb.org/t/p/original/zm0UHi0wPr0TisQ9xTdPMAw49Mb.jpg', 'None', 4.3, 'Returning Series') ON CONFLICT DO NOTHING;
INSERT INTO tv (mediaid , lastAirDate, nextEpisodeToAir, numberOfEpisodes, numberOfSeasons) VALUES( 227, '2023-10-17', '2023-10-18' , 393, 5) ON CONFLICT DO NOTHING;
INSERT INTO genres (mediaId, genre) VALUES(227, 'Reality') ON CONFLICT DO NOTHING;
INSERT INTO genres (mediaId, genre) VALUES(227, 'Talk') ON CONFLICT DO NOTHING;
INSERT INTO actors (mediaId, actorId , actorName, characterName, profilePath) VALUES(227, 2961875, 'Matías Roure', 'Barman', 'None') ON CONFLICT DO NOTHING;
INSERT INTO actors (mediaId, actorId , actorName, characterName, profilePath) VALUES(227, 96668, 'Carlos Sobera', 'Presentador', 'https://image.tmdb.org/t/p/original/pHIAcCfLTT1MMLP2iytZ085XaTk.jpg') ON CONFLICT DO NOTHING;
INSERT INTO actors (mediaId, actorId , actorName, characterName, profilePath) VALUES(227, 4106163, 'Laura Boado', 'Camarera', 'https://image.tmdb.org/t/p/original/iAnNBQXqB6KjIth1sAnZilel3nF.jpg') ON CONFLICT DO NOTHING;
INSERT INTO providers (mediaId, providerId, providerName, logoPath) VALUES( 227, 378, 'Cuatro', 'https://image.tmdb.org/t/p/original/pZtmQfr0z82ODDxZsqGzORZJJux.png') ON CONFLICT DO NOTHING;
INSERT INTO media (mediaId, type, name, originalLanguage, adult, releaseDate, overview, backdropPath, posterPath, trailerLink, tmdbRating,  status) VALUES(228, true, 'The Daily Show', 'en', False, '1996-07-22',  'Trevor Noah and The World''s Fakest News Team tackle the biggest stories in news, politics and pop culture.', 'https://image.tmdb.org/t/p/original/zaavgcU6u6cfRx9lYZUxLagXMq2.jpg', 'https://image.tmdb.org/t/p/original/nhZhgLYBNYDFRkDwljtrrAVtjop.jpg', 'None', 6.3, 'Returning Series') ON CONFLICT DO NOTHING;
INSERT INTO tv (mediaid , lastAirDate, nextEpisodeToAir, numberOfEpisodes, numberOfSeasons) VALUES( 228, '2023-10-17', '2023-10-18' , 3843, 29) ON CONFLICT DO NOTHING;
INSERT INTO genres (mediaId, genre) VALUES(228, 'News') ON CONFLICT DO NOTHING;
INSERT INTO genres (mediaId, genre) VALUES(228, 'Comedy') ON CONFLICT DO NOTHING;
INSERT INTO creators(mediaId, creatorId, creatorName) VALUES(228, 1230175, 'Lizz Winstead') ON CONFLICT DO NOTHING;
INSERT INTO creators(mediaId, creatorId, creatorName) VALUES(228, 1230176, 'Madeleine Smithberg') ON CONFLICT DO NOTHING;
INSERT INTO actors (mediaId, actorId , actorName, characterName, profilePath) VALUES(228, 168452, 'Leslie Jones', 'Self - Host', 'https://image.tmdb.org/t/p/original/1rBpNNijHRg4Ha3PxlpOjcbPVeN.jpg') ON CONFLICT DO NOTHING;
INSERT INTO actors (mediaId, actorId , actorName, characterName, profilePath) VALUES(228, 27102, 'Wanda Sykes', 'Self - Host', 'https://image.tmdb.org/t/p/original/ddMGHykrPp3PQ11WVRGNcDmvh0c.jpg') ON CONFLICT DO NOTHING;
INSERT INTO actors (mediaId, actorId , actorName, characterName, profilePath) VALUES(228, 85931, 'D.L. Hughley', 'Self - Host', 'https://image.tmdb.org/t/p/original/xhOo0FVdzYt5mnIrZlITKCEtbW9.jpg') ON CONFLICT DO NOTHING;
INSERT INTO actors (mediaId, actorId , actorName, characterName, profilePath) VALUES(228, 151254, 'Chelsea Handler', 'Self - Host', 'https://image.tmdb.org/t/p/original/b9Yljl32sPMJQQd3mQ1eKNsTfu6.jpg') ON CONFLICT DO NOTHING;
INSERT INTO actors (mediaId, actorId , actorName, characterName, profilePath) VALUES(228, 7404, 'Sarah Silverman', 'Self - Host', 'https://image.tmdb.org/t/p/original/g5G711XyVokJm2RoItpkaHa8mkQ.jpg') ON CONFLICT DO NOTHING;
INSERT INTO actors (mediaId, actorId , actorName, characterName, profilePath) VALUES(228, 552252, 'Hasan Minhaj', 'Self - Host', 'https://image.tmdb.org/t/p/original/6vHHhLnbKBCPmYc90qAV2Cde95F.jpg') ON CONFLICT DO NOTHING;
INSERT INTO actors (mediaId, actorId , actorName, characterName, profilePath) VALUES(228, 9562, 'Marlon Wayans', 'Self - Host', 'https://image.tmdb.org/t/p/original/7LYnX3vluHFBs1WCRKUjSIEDEkn.jpg') ON CONFLICT DO NOTHING;
INSERT INTO actors (mediaId, actorId , actorName, characterName, profilePath) VALUES(228, 53493, 'Kal Penn', 'Self - Host', 'https://image.tmdb.org/t/p/original/yICM1JcxKbEpaqTUreY0yFMIc8W.jpg') ON CONFLICT DO NOTHING;
INSERT INTO actors (mediaId, actorId , actorName, characterName, profilePath) VALUES(228, 65348, 'Al Franken', 'Self - Host', 'https://image.tmdb.org/t/p/original/yQj4vgh6PHyupMe3mFeDaCNHfCq.jpg') ON CONFLICT DO NOTHING;
INSERT INTO actors (mediaId, actorId , actorName, characterName, profilePath) VALUES(228, 1448660, 'Jordan Klepper', 'Self - Host', 'https://image.tmdb.org/t/p/original/YCu0L6oEDNUzOHOehXlYAEJ4vL.jpg') ON CONFLICT DO NOTHING;
INSERT INTO providers (mediaId, providerId, providerName, logoPath) VALUES( 228, 47, 'Comedy Central', 'https://image.tmdb.org/t/p/original/6ooPjtXufjsoskdJqj6pxuvHEno.png') ON CONFLICT DO NOTHING;
INSERT INTO media (mediaId, type, name, originalLanguage, adult, releaseDate, overview, backdropPath, posterPath, trailerLink, tmdbRating,  status) VALUES(229, true, 'Late Night with Seth Meyers', 'en', False, '2014-02-25',  'Seth Meyers, who is "Saturday Night Live’s" longest serving anchor on the show’s wildly popular "Weekend Update," takes over as host of NBC’s "Late Night" — home to A-list celebrity guests, memorable comedy and the best in musical talent. As the Emmy Award-winning head writer for "SNL," Meyers has established a reputation for sharp wit and perfectly timed comedy, and has gained fame for his spot-on jokes and satire. Meyers takes his departure from "SNL" to his new post at "Late Night," as Jimmy Fallon moves to "The Tonight Show".', 'https://image.tmdb.org/t/p/original/5AkPhazx8F0Ht74CUdJU03vNzBi.jpg', 'https://image.tmdb.org/t/p/original/x5asOuPOjW21e0Ykkvkuzu1TGEl.jpg', 'https://www.youtube.com/watch?v=rLwbzGyC6t4', 5.4, 'Returning Series') ON CONFLICT DO NOTHING;
INSERT INTO tv (mediaid , lastAirDate, nextEpisodeToAir, numberOfEpisodes, numberOfSeasons) VALUES( 229, '2023-10-17', '2023-10-18' , 1433, 11) ON CONFLICT DO NOTHING;
INSERT INTO genres (mediaId, genre) VALUES(229, 'Talk') ON CONFLICT DO NOTHING;
INSERT INTO actors (mediaId, actorId , actorName, characterName, profilePath) VALUES(229, 62856, 'Seth Meyers', 'Self - Host', 'https://image.tmdb.org/t/p/original/nCcvpJFHWYHfu5oPxTOyA1uSdqA.jpg') ON CONFLICT DO NOTHING;
INSERT INTO providers (mediaId, providerId, providerName, logoPath) VALUES( 229, 6, 'NBC', 'https://image.tmdb.org/t/p/original/cm111bsDVlYaC1foL0itvEI4yLG.png') ON CONFLICT DO NOTHING;
INSERT INTO media (mediaId, type, name, originalLanguage, adult, releaseDate, overview, backdropPath, posterPath, trailerLink, tmdbRating,  status) VALUES(230, true, 'The Price Is Right', 'en', False, '1972-09-04',  '"Come on down!" The Price Is Right features a wide variety of games and contests with the same basic challenge: Guess the prices of everyday (or not-quite-everyday) retail items. ', 'https://image.tmdb.org/t/p/original/tghyYmdUyLRXwYAQveP7oDOYGqP.jpg', 'https://image.tmdb.org/t/p/original/x2wMeWFWJhEl0jVp9x5P5wmVBpw.jpg', 'None', 6.2, 'Returning Series') ON CONFLICT DO NOTHING;
INSERT INTO tv (mediaid , lastAirDate, nextEpisodeToAir, numberOfEpisodes, numberOfSeasons) VALUES( 230, '2023-10-17', '2023-10-18' , 2562, 31) ON CONFLICT DO NOTHING;
INSERT INTO genres (mediaId, genre) VALUES(230, 'Reality') ON CONFLICT DO NOTHING;
INSERT INTO creators(mediaId, creatorId, creatorName) VALUES(230, 1211893, 'Mark Goodson') ON CONFLICT DO NOTHING;
INSERT INTO creators(mediaId, creatorId, creatorName) VALUES(230, 1215279, 'Bill Todman') ON CONFLICT DO NOTHING;
INSERT INTO creators(mediaId, creatorId, creatorName) VALUES(230, 1222919, 'Bob Stewart') ON CONFLICT DO NOTHING;
INSERT INTO providers (mediaId, providerId, providerName, logoPath) VALUES( 230, 16, 'CBS', 'https://image.tmdb.org/t/p/original/wju8KhOUsR5y4bH9p3Jc50hhaLO.png') ON CONFLICT DO NOTHING;
INSERT INTO media (mediaId, type, name, originalLanguage, adult, releaseDate, overview, backdropPath, posterPath, trailerLink, tmdbRating,  status) VALUES(231, true, 'The Walking Dead: Daryl Dixon', 'en', False, '2023-09-10',  'Daryl washes ashore in France and struggles to piece together how he got there and why. The series tracks his journey across a broken but resilient France as he hopes to find a way back home. As he makes the journey, though, the connections he forms along the way complicate his ultimate plan.', 'https://image.tmdb.org/t/p/original/fkeVnvxVx4x2PdDOOzSblFUGTVt.jpg', 'https://image.tmdb.org/t/p/original/kdM24KINoAVK9wjCtDJCkdffEpc.jpg', 'https://www.youtube.com/watch?v=iTOaFootkSk', 8.6, 'Returning Series') ON CONFLICT DO NOTHING;
INSERT INTO tv (mediaid , lastAirDate, nextEpisodeToAir, numberOfEpisodes, numberOfSeasons) VALUES( 231, '2023-10-15', NULL , 6, 1) ON CONFLICT DO NOTHING;
INSERT INTO genres (mediaId, genre) VALUES(231, 'Sci-Fi & Fantasy') ON CONFLICT DO NOTHING;
INSERT INTO genres (mediaId, genre) VALUES(231, 'Action & Adventure') ON CONFLICT DO NOTHING;
INSERT INTO creators(mediaId, creatorId, creatorName) VALUES(231, 1181325, 'David Zabel') ON CONFLICT DO NOTHING;
INSERT INTO actors (mediaId, actorId , actorName, characterName, profilePath) VALUES(231, 4886, 'Norman Reedus', 'Daryl Dixon', 'https://image.tmdb.org/t/p/original/ozHPdO5jAt7ozzdZUgyRAMNPSDW.jpg') ON CONFLICT DO NOTHING;
INSERT INTO actors (mediaId, actorId , actorName, characterName, profilePath) VALUES(231, 11291, 'Clémence Poésy', 'Isabelle Carriere', 'https://image.tmdb.org/t/p/original/1R6HBAwboHRfAdy4A1Dn2hXmobj.jpg') ON CONFLICT DO NOTHING;
INSERT INTO actors (mediaId, actorId , actorName, characterName, profilePath) VALUES(231, 3914793, 'Louis Puech Scigliuzzi', 'Laurent', 'https://image.tmdb.org/t/p/original/l3XsWLl4hldxaPG6lUx4OPEYj6N.jpg') ON CONFLICT DO NOTHING;
INSERT INTO actors (mediaId, actorId , actorName, characterName, profilePath) VALUES(231, 3016267, 'Laïka Blanc-Francard', 'Sylvie', 'https://image.tmdb.org/t/p/original/yUNyQ8iCZ1R8lofDNXqFg7VXe1M.jpg') ON CONFLICT DO NOTHING;
INSERT INTO actors (mediaId, actorId , actorName, characterName, profilePath) VALUES(231, 1179879, 'Anne Charrier', 'Genet', 'https://image.tmdb.org/t/p/original/v0P7dbS5q1lQDLkMHrE7WwTQnEm.jpg') ON CONFLICT DO NOTHING;
INSERT INTO actors (mediaId, actorId , actorName, characterName, profilePath) VALUES(231, 1435230, 'Adam Nagaitis', 'Quinn', 'https://image.tmdb.org/t/p/original/e05YxtScfLCI723ZFU6WOzLiJ6u.jpg') ON CONFLICT DO NOTHING;
INSERT INTO actors (mediaId, actorId , actorName, characterName, profilePath) VALUES(231, 2582233, 'Romain Levi', 'Stéphane Codron', 'https://image.tmdb.org/t/p/original/sdnSVPeNdWR7Vz9I1KYLYTQatLI.jpg') ON CONFLICT DO NOTHING;
INSERT INTO providers (mediaId, providerId, providerName, logoPath) VALUES( 231, 174, 'AMC', 'https://image.tmdb.org/t/p/original/alqLicR1ZMHMaZGP3xRQxn9sq7p.png') ON CONFLICT DO NOTHING;
INSERT INTO media (mediaId, type, name, originalLanguage, adult, releaseDate, overview, backdropPath, posterPath, trailerLink, tmdbRating,  status) VALUES(232, true, 'Batang Quiapo', 'tl', False, '2023-02-13',  'A young man rises to be one of the biggest outlaws in the neighborhood while he navigates his way in life to survive in Quiapo. Hoping to earn the affection of his parents, his feat draws him closer to the truth about his identity.', 'https://image.tmdb.org/t/p/original/1Xm0WqoT0DjZm5JdG2V6YFabrOz.jpg', 'https://image.tmdb.org/t/p/original/9McqS8mgMf5NJCAKZIY6J1oOl8y.jpg', 'None', 7, 'Returning Series') ON CONFLICT DO NOTHING;
INSERT INTO tv (mediaid , lastAirDate, nextEpisodeToAir, numberOfEpisodes, numberOfSeasons) VALUES( 232, '2023-10-17', '2023-10-18' , 183, 2) ON CONFLICT DO NOTHING;
INSERT INTO genres (mediaId, genre) VALUES(232, 'Action & Adventure') ON CONFLICT DO NOTHING;
INSERT INTO genres (mediaId, genre) VALUES(232, 'Comedy') ON CONFLICT DO NOTHING;
INSERT INTO genres (mediaId, genre) VALUES(232, 'Drama') ON CONFLICT DO NOTHING;
INSERT INTO actors (mediaId, actorId , actorName, characterName, profilePath) VALUES(232, 56256, 'Coco Martin', 'Jesus Nazareno V. Dimaguiba / Tanggol / Young Ramon Montenegro', 'https://image.tmdb.org/t/p/original/a1ddjv7ATsbt6cR80WlXBC5ncuA.jpg') ON CONFLICT DO NOTHING;
INSERT INTO actors (mediaId, actorId , actorName, characterName, profilePath) VALUES(232, 227337, 'Lovi Poe', 'Monica Dimaculangan / Mokang', 'https://image.tmdb.org/t/p/original/1DxKNVTkSb89UA9kHMTZ9uG7G8t.jpg') ON CONFLICT DO NOTHING;
INSERT INTO actors (mediaId, actorId , actorName, characterName, profilePath) VALUES(232, 1213852, 'Christopher de Leon', 'Ramon Montenegro', 'https://image.tmdb.org/t/p/original/jpQM7oL3A4Vxukffwd5rULaZEk3.jpg') ON CONFLICT DO NOTHING;
INSERT INTO actors (mediaId, actorId , actorName, characterName, profilePath) VALUES(232, 427840, 'John Estrada', 'Rigor Dimaguiba', 'https://image.tmdb.org/t/p/original/m0SRmOwNhZRV8ncrAWbLyF5ortg.jpg') ON CONFLICT DO NOTHING;
INSERT INTO actors (mediaId, actorId , actorName, characterName, profilePath) VALUES(232, 278926, 'Cherry Pie Picache', 'Marites Valencia-Dimaguiba', 'https://image.tmdb.org/t/p/original/rKMoeZIUsSrVEbA4oMeq8zZ00RN.jpg') ON CONFLICT DO NOTHING;
INSERT INTO actors (mediaId, actorId , actorName, characterName, profilePath) VALUES(232, 1019359, 'Charo Santos-Concio', 'Trinidad Valencia / Tindeng / Lolei', 'https://image.tmdb.org/t/p/original/dOzR5PWkpoHlky4lxPdK22ipIav.jpg') ON CONFLICT DO NOTHING;
INSERT INTO actors (mediaId, actorId , actorName, characterName, profilePath) VALUES(232, 1851939, 'McCoy De Leon', 'David V. Dimaguiba', 'https://image.tmdb.org/t/p/original/7jVTQOAmon3Uopd9cHAO1Y5Ghu6.jpg') ON CONFLICT DO NOTHING;
INSERT INTO actors (mediaId, actorId , actorName, characterName, profilePath) VALUES(232, 1367583, 'Mark Lapid', 'Ben', 'None') ON CONFLICT DO NOTHING;
INSERT INTO actors (mediaId, actorId , actorName, characterName, profilePath) VALUES(232, 1059186, 'Pen Medina', 'Marciano Dimaculangan / Marsing', 'https://image.tmdb.org/t/p/original/sgu2AUPjZcLc784zsyxF2wHWeDu.jpg') ON CONFLICT DO NOTHING;
INSERT INTO actors (mediaId, actorId , actorName, characterName, profilePath) VALUES(232, 939091, 'Ping Medina', 'Edwin Dimaculangan', 'https://image.tmdb.org/t/p/original/abkcLt1mvnbG1yFF7AA8rYcWk42.jpg') ON CONFLICT DO NOTHING;
INSERT INTO providers (mediaId, providerId, providerName, logoPath) VALUES( 232, 42, 'TV5', 'https://image.tmdb.org/t/p/original/gVinXXdpdbLHuXTUUfx4R9PyuPB.png') ON CONFLICT DO NOTHING;
INSERT INTO providers (mediaId, providerId, providerName, logoPath) VALUES( 232, 3920, 'Kapamilya Channel', 'https://image.tmdb.org/t/p/original/eK7hBqDuNwvHqBoWtVgCdNIehsU.png') ON CONFLICT DO NOTHING;
INSERT INTO media (mediaId, type, name, originalLanguage, adult, releaseDate, overview, backdropPath, posterPath, trailerLink, tmdbRating,  status) VALUES(233, true, 'Gen V', 'en', False, '2023-09-28',  'At America''s only college for superheroes, gifted students put their moral boundaries to the test, competing for the university''s top ranking, and a chance to join The Seven, Vought International''s elite superhero team. When the school''s dark secrets come to light, they must decide what kind of heroes they want to become.', 'https://image.tmdb.org/t/p/original/ScaVfT5IkwVC3Edhmxqyl0GbK0.jpg', 'https://image.tmdb.org/t/p/original/uuot1N5AgZ7xRCKgm4ZCwOhgIJu.jpg', 'https://www.youtube.com/watch?v=uhjJ5brX-bY', 8.2, 'Returning Series') ON CONFLICT DO NOTHING;
INSERT INTO tv (mediaid , lastAirDate, nextEpisodeToAir, numberOfEpisodes, numberOfSeasons) VALUES( 233, '2023-10-12', '2023-10-19' , 8, 1) ON CONFLICT DO NOTHING;
INSERT INTO genres (mediaId, genre) VALUES(233, 'Sci-Fi & Fantasy') ON CONFLICT DO NOTHING;
INSERT INTO genres (mediaId, genre) VALUES(233, 'Action & Adventure') ON CONFLICT DO NOTHING;
INSERT INTO genres (mediaId, genre) VALUES(233, 'Drama') ON CONFLICT DO NOTHING;
INSERT INTO creators(mediaId, creatorId, creatorName) VALUES(233, 54734, 'Evan Goldberg') ON CONFLICT DO NOTHING;
INSERT INTO creators(mediaId, creatorId, creatorName) VALUES(233, 58321, 'Eric Kripke') ON CONFLICT DO NOTHING;
INSERT INTO creators(mediaId, creatorId, creatorName) VALUES(233, 58922, 'Craig Rosenberg') ON CONFLICT DO NOTHING;
INSERT INTO actors (mediaId, actorId , actorName, characterName, profilePath) VALUES(233, 1449596, 'Jaz Sinclair', 'Marie Moreau', 'https://image.tmdb.org/t/p/original/4oOVT8lltDbe3zWdrL9p8dRGzxp.jpg') ON CONFLICT DO NOTHING;
INSERT INTO actors (mediaId, actorId , actorName, characterName, profilePath) VALUES(233, 2035329, 'Chance Perdomo', 'Andre Anderson', 'https://image.tmdb.org/t/p/original/xRRDtdHhTewrKMj5cpcmEkPNmuP.jpg') ON CONFLICT DO NOTHING;
INSERT INTO actors (mediaId, actorId , actorName, characterName, profilePath) VALUES(233, 1376782, 'Lizze Broadway', 'Emma Meyer / Little Cricket', 'https://image.tmdb.org/t/p/original/jNiBKdpx0QRuERFczT9IB7JgF0R.jpg') ON CONFLICT DO NOTHING;
INSERT INTO actors (mediaId, actorId , actorName, characterName, profilePath) VALUES(233, 1475808, 'Maddie Phillips', 'Cate Dunlap', 'https://image.tmdb.org/t/p/original/uuQBuEdkhgDSJ2wnE5N4tyryl4t.jpg') ON CONFLICT DO NOTHING;
INSERT INTO actors (mediaId, actorId , actorName, characterName, profilePath) VALUES(233, 1949306, 'London Thor', 'Jordan Li', 'https://image.tmdb.org/t/p/original/tUFq7pqq8UdMqS9GZKdtkBiA4we.jpg') ON CONFLICT DO NOTHING;
INSERT INTO actors (mediaId, actorId , actorName, characterName, profilePath) VALUES(233, 2498030, 'Derek Luh', 'Jordan Li', 'https://image.tmdb.org/t/p/original/4Y7De8TSSHClelAstptR62vG87B.jpg') ON CONFLICT DO NOTHING;
INSERT INTO actors (mediaId, actorId , actorName, characterName, profilePath) VALUES(233, 2659895, 'Asa Germann', 'Sam Riordan', 'https://image.tmdb.org/t/p/original/lMzOlCigvgDQIx2gDkNXMPFAyeS.jpg') ON CONFLICT DO NOTHING;
INSERT INTO actors (mediaId, actorId , actorName, characterName, profilePath) VALUES(233, 73707, 'Shelley Conn', 'Indira Shetty', 'https://image.tmdb.org/t/p/original/zD9zlJmp8VuHFtpc07qZUJ1ONYD.jpg') ON CONFLICT DO NOTHING;
INSERT INTO actors (mediaId, actorId , actorName, characterName, profilePath) VALUES(233, 49624, 'Jensen Ackles', 'Soldier Boy', 'https://image.tmdb.org/t/p/original/vFegIjLLQGwPn6af4SE9LAbnGNE.jpg') ON CONFLICT DO NOTHING;
INSERT INTO providers (mediaId, providerId, providerName, logoPath) VALUES( 233, 1024, 'Prime Video', 'https://image.tmdb.org/t/p/original/ifhbNuuVnlwYy5oXA5VIb2YR8AZ.png') ON CONFLICT DO NOTHING;
INSERT INTO media (mediaId, type, name, originalLanguage, adult, releaseDate, overview, backdropPath, posterPath, trailerLink, tmdbRating,  status) VALUES(234, true, 'Tomorrow is Ours', 'fr', False, '2017-07-17',  'The story revolves around the people of Sète, France. Their lives are punctuated by family rivalries, romance and scenes from daily life, but also by plots involving police investigations, secrets and betrayals.', 'https://image.tmdb.org/t/p/original/9TXcHOeCsM8W3ZKKIKjdYUsRSeq.jpg', 'https://image.tmdb.org/t/p/original/3uU5uJzOX7xe7mn7YKpBM9oiEZO.jpg', 'None', 6.3, 'Returning Series') ON CONFLICT DO NOTHING;
INSERT INTO tv (mediaid , lastAirDate, nextEpisodeToAir, numberOfEpisodes, numberOfSeasons) VALUES( 234, '2023-10-17', '2023-10-18' , 1539, 1) ON CONFLICT DO NOTHING;
INSERT INTO genres (mediaId, genre) VALUES(234, 'Crime') ON CONFLICT DO NOTHING;
INSERT INTO genres (mediaId, genre) VALUES(234, 'Drama') ON CONFLICT DO NOTHING;
INSERT INTO creators(mediaId, creatorId, creatorName) VALUES(234, 1751928, 'Fabienne Lesieur') ON CONFLICT DO NOTHING;
INSERT INTO creators(mediaId, creatorId, creatorName) VALUES(234, 1854803, 'Frédéric Chansel') ON CONFLICT DO NOTHING;
INSERT INTO creators(mediaId, creatorId, creatorName) VALUES(234, 1854804, 'Laure de Colbert') ON CONFLICT DO NOTHING;
INSERT INTO creators(mediaId, creatorId, creatorName) VALUES(234, 1854807, 'Nicolas Durand-Zouky') ON CONFLICT DO NOTHING;
INSERT INTO creators(mediaId, creatorId, creatorName) VALUES(234, 1854808, 'Eline Le Fur') ON CONFLICT DO NOTHING;
INSERT INTO actors (mediaId, actorId , actorName, characterName, profilePath) VALUES(234, 236948, 'Ingrid Chauvin', 'Chloé Delcourt', 'https://image.tmdb.org/t/p/original/3jwzhV4LBAEDdXYTY80eUSBpPtv.jpg') ON CONFLICT DO NOTHING;
INSERT INTO actors (mediaId, actorId , actorName, characterName, profilePath) VALUES(234, 1048672, 'Charlotte Valandrey', 'Laurence', 'https://image.tmdb.org/t/p/original/fEvqPs4fPgbgAsAt5edoQwfzCOs.jpg') ON CONFLICT DO NOTHING;
INSERT INTO actors (mediaId, actorId , actorName, characterName, profilePath) VALUES(234, 304463, 'Alexandre Brasseur', 'Alex Bertrand', 'https://image.tmdb.org/t/p/original/6fmUMUKXkmGUMadlqK2kM7IMYBk.jpg') ON CONFLICT DO NOTHING;
INSERT INTO actors (mediaId, actorId , actorName, characterName, profilePath) VALUES(234, 1379939, 'Lorie Pester', 'Lucie Salducci', 'https://image.tmdb.org/t/p/original/bDrhUU7NzGF7j8NxJYEqpaze8Rp.jpg') ON CONFLICT DO NOTHING;
INSERT INTO actors (mediaId, actorId , actorName, characterName, profilePath) VALUES(234, 1811597, 'Samy Gharbi', 'Karim Saeed', 'https://image.tmdb.org/t/p/original/cfGW4kAMro1NR4UEWm8BBYxkdIF.jpg') ON CONFLICT DO NOTHING;
INSERT INTO actors (mediaId, actorId , actorName, characterName, profilePath) VALUES(234, 1167159, 'Solène Hebert', 'Victoire Lazzari', 'https://image.tmdb.org/t/p/original/hz6L9ZjKHK6ViESZXnmZ3YGnNph.jpg') ON CONFLICT DO NOTHING;
INSERT INTO actors (mediaId, actorId , actorName, characterName, profilePath) VALUES(234, 1977519, 'Clément Remiens', 'Maxime Delcourt', 'https://image.tmdb.org/t/p/original/rm1HTRaUKpSxDHQ2ZqHymHkPd01.jpg') ON CONFLICT DO NOTHING;
INSERT INTO actors (mediaId, actorId , actorName, characterName, profilePath) VALUES(234, 1383878, 'Juliette Tresanini', 'Sandrine Lazzari', 'https://image.tmdb.org/t/p/original/c1t1omK78rr4ETivGyfrmufNxU4.jpg') ON CONFLICT DO NOTHING;
INSERT INTO actors (mediaId, actorId , actorName, characterName, profilePath) VALUES(234, 1382466, 'Cyril Garnier', 'Thomas', 'https://image.tmdb.org/t/p/original/5TdNV4VkZDA6VdjiZTbSu3TVUvc.jpg') ON CONFLICT DO NOTHING;
INSERT INTO actors (mediaId, actorId , actorName, characterName, profilePath) VALUES(234, 584655, 'Luce Mouchel', 'Marianne Delcourt', 'https://image.tmdb.org/t/p/original/tPJML7kXpPXWeIPhgjRKroUUl3J.jpg') ON CONFLICT DO NOTHING;
INSERT INTO providers (mediaId, providerId, providerName, logoPath) VALUES( 234, 290, 'TF1', 'https://image.tmdb.org/t/p/original/fqsd09CrijoGu6qfoNIdgUQmVGO.png') ON CONFLICT DO NOTHING;
INSERT INTO media (mediaId, type, name, originalLanguage, adult, releaseDate, overview, backdropPath, posterPath, trailerLink, tmdbRating,  status) VALUES(235, true, 'The Heart', 'zh', False, '2023-10-07',  'Xiao Feng is the Deputy Chief Physician of the Cardiology Department at Dongli Hospital. He is introverted and strict. He becomes work partners with the impulsive doctor Lin Yi, yet friction arises due to the differences in their medical beliefs. Meanwhile, Xiao Feng''s younger sister also gets a job working as a doctor at the Intensive Care Unit.', 'https://image.tmdb.org/t/p/original/sLFzswJzWUBwTNnLaQ7EOikR1He.jpg', 'https://image.tmdb.org/t/p/original/sEyJgrm80Lad7MRMchh6ZrdoAAi.jpg', 'None', 10, 'Returning Series') ON CONFLICT DO NOTHING;
INSERT INTO tv (mediaid , lastAirDate, nextEpisodeToAir, numberOfEpisodes, numberOfSeasons) VALUES( 235, '2023-10-17', '2023-10-18' , 38, 1) ON CONFLICT DO NOTHING;
INSERT INTO genres (mediaId, genre) VALUES(235, 'Drama') ON CONFLICT DO NOTHING;
INSERT INTO actors (mediaId, actorId , actorName, characterName, profilePath) VALUES(235, 993943, 'Mark Chao', '周筱风', 'https://image.tmdb.org/t/p/original/vww9G6WMEaXqWl5cVxPfV4T1Y6n.jpg') ON CONFLICT DO NOTHING;
INSERT INTO actors (mediaId, actorId , actorName, characterName, profilePath) VALUES(235, 1697058, 'Mao Xiaotong', '方筱然', 'https://image.tmdb.org/t/p/original/xF121lCNZlRdZkzWyzXZoVwSBy1.jpg') ON CONFLICT DO NOTHING;
INSERT INTO actors (mediaId, actorId , actorName, characterName, profilePath) VALUES(235, 1480174, 'Jin Shijia', '林逸', 'https://image.tmdb.org/t/p/original/bZhmUhX9LsxLRsySttdpGEZsfkU.jpg') ON CONFLICT DO NOTHING;
INSERT INTO actors (mediaId, actorId , actorName, characterName, profilePath) VALUES(235, 3468483, '陈冲', '', 'https://image.tmdb.org/t/p/original/8XZC6Xuz17J9EwWA4KIpfPU5WK3.jpg') ON CONFLICT DO NOTHING;
INSERT INTO actors (mediaId, actorId , actorName, characterName, profilePath) VALUES(235, 2111474, 'Chen Haoyu', '', 'https://image.tmdb.org/t/p/original/bto9q27UjHBdZj2lZ6ZwPSef1mx.jpg') ON CONFLICT DO NOTHING;
INSERT INTO media (mediaId, type, name, originalLanguage, adult, releaseDate, overview, backdropPath, posterPath, trailerLink, tmdbRating,  status) VALUES(236, true, 'Rick and Morty', 'en', False, '2013-12-02',  'Rick is a mentally-unbalanced but scientifically gifted old man who has recently reconnected with his family. He spends most of his time involving his young grandson Morty in dangerous, outlandish adventures throughout space and alternate universes. Compounded with Morty''s already unstable family life, these events cause Morty much distress at home and school.', 'https://image.tmdb.org/t/p/original/8CXw90lEmnJQeUvkgSnl5bEjbQI.jpg', 'https://image.tmdb.org/t/p/original/gdIrmf2DdY5mgN6ycVP0XlzKzbE.jpg', 'https://www.youtube.com/watch?v=WNhH00OIPP0', 8.7, 'Returning Series') ON CONFLICT DO NOTHING;
INSERT INTO tv (mediaid , lastAirDate, nextEpisodeToAir, numberOfEpisodes, numberOfSeasons) VALUES( 236, '2023-10-15', '2023-10-22' , 71, 7) ON CONFLICT DO NOTHING;
INSERT INTO genres (mediaId, genre) VALUES(236, 'Animation') ON CONFLICT DO NOTHING;
INSERT INTO genres (mediaId, genre) VALUES(236, 'Comedy') ON CONFLICT DO NOTHING;
INSERT INTO genres (mediaId, genre) VALUES(236, 'Sci-Fi & Fantasy') ON CONFLICT DO NOTHING;
INSERT INTO genres (mediaId, genre) VALUES(236, 'Action & Adventure') ON CONFLICT DO NOTHING;
INSERT INTO creators(mediaId, creatorId, creatorName) VALUES(236, 57194, 'Dan Harmon') ON CONFLICT DO NOTHING;
INSERT INTO creators(mediaId, creatorId, creatorName) VALUES(236, 1245733, 'Justin Roiland') ON CONFLICT DO NOTHING;
INSERT INTO actors (mediaId, actorId , actorName, characterName, profilePath) VALUES(236, 4322756, 'Ian Cardoni', 'Rick Sanchez (voice)', 'https://image.tmdb.org/t/p/original/iEC17Hj50xsH99GTRai14yWP0wp.jpg') ON CONFLICT DO NOTHING;
INSERT INTO actors (mediaId, actorId , actorName, characterName, profilePath) VALUES(236, 4129855, 'Harry Belden', 'Morty Smith (voice)', 'https://image.tmdb.org/t/p/original/lkEyIjVsOKOzJgMZE2o8DCrOkbF.jpg') ON CONFLICT DO NOTHING;
INSERT INTO actors (mediaId, actorId , actorName, characterName, profilePath) VALUES(236, 51382, 'Chris Parnell', 'Jerry Smith (voice)', 'https://image.tmdb.org/t/p/original/8K1s949E2dwBnj9NlMX0m640HQp.jpg') ON CONFLICT DO NOTHING;
INSERT INTO actors (mediaId, actorId , actorName, characterName, profilePath) VALUES(236, 176823, 'Spencer Grammer', 'Summer Smith (voice)', 'https://image.tmdb.org/t/p/original/1L8Y45RJo2YxUXl6ldIowQay1V7.jpg') ON CONFLICT DO NOTHING;
INSERT INTO actors (mediaId, actorId , actorName, characterName, profilePath) VALUES(236, 49001, 'Sarah Chalke', 'Beth Smith (voice)', 'https://image.tmdb.org/t/p/original/ycwiu89cpjqCtSNC5FjbJggjj5R.jpg') ON CONFLICT DO NOTHING;
INSERT INTO providers (mediaId, providerId, providerName, logoPath) VALUES( 236, 80, 'Adult Swim', 'https://image.tmdb.org/t/p/original/tHZPHOLc6iF27G34cAZGPsMtMSy.png') ON CONFLICT DO NOTHING;
INSERT INTO media (mediaId, type, name, originalLanguage, adult, releaseDate, overview, backdropPath, posterPath, trailerLink, tmdbRating,  status) VALUES(237, true, 'Kaun Banega Crorepati', 'hi', False, '2000-07-03',  'Hosted by India''s biggest superstar, Amitabh Bachchan, one of the biggest shows is here to entertain millions, change lives and make dreams come true.', 'https://image.tmdb.org/t/p/original/hLi5umdYp8VyoQqPE9QXCUsW0Ps.jpg', 'https://image.tmdb.org/t/p/original/8srHjzgZq9V9sgsTkIwGARDyADj.jpg', 'None', 7, 'Returning Series') ON CONFLICT DO NOTHING;
INSERT INTO tv (mediaid , lastAirDate, nextEpisodeToAir, numberOfEpisodes, numberOfSeasons) VALUES( 237, '2023-10-17', '2023-10-18' , 1179, 15) ON CONFLICT DO NOTHING;
INSERT INTO genres (mediaId, genre) VALUES(237, 'Reality') ON CONFLICT DO NOTHING;
INSERT INTO actors (mediaId, actorId , actorName, characterName, profilePath) VALUES(237, 35780, 'Amitabh Bachchan', 'Self - Host', 'https://image.tmdb.org/t/p/original/yAvq3EG5W5WaegZHB7gNdlM2KED.jpg') ON CONFLICT DO NOTHING;
INSERT INTO providers (mediaId, providerId, providerName, logoPath) VALUES( 237, 676, 'Sony Entertainment Television', 'https://image.tmdb.org/t/p/original/vamK8zdyD953QvkMIGf4J93MPKz.png') ON CONFLICT DO NOTHING;
INSERT INTO media (mediaId, type, name, originalLanguage, adult, releaseDate, overview, backdropPath, posterPath, trailerLink, tmdbRating,  status) VALUES(238, true, 'Lisa', 'nl', False, '2021-01-25',  '', 'https://image.tmdb.org/t/p/original/t3NUnB1V7KV6v6mCuBQNiBx6f19.jpg', 'https://image.tmdb.org/t/p/original/w2nOl7KhwcUj11YxEi9Nknj9cqu.jpg', 'None', 6.6, 'Returning Series') ON CONFLICT DO NOTHING;
INSERT INTO tv (mediaid , lastAirDate, nextEpisodeToAir, numberOfEpisodes, numberOfSeasons) VALUES( 238, '2023-10-17', '2023-10-18' , 464, 6) ON CONFLICT DO NOTHING;
INSERT INTO genres (mediaId, genre) VALUES(238, 'Drama') ON CONFLICT DO NOTHING;
INSERT INTO genres (mediaId, genre) VALUES(238, 'Family') ON CONFLICT DO NOTHING;
INSERT INTO actors (mediaId, actorId , actorName, characterName, profilePath) VALUES(238, 1519364, 'Tinne Oltmans', 'Lisa Calmyn', 'https://image.tmdb.org/t/p/original/61AFRRWijpO2DxubHrVoGucWZBf.jpg') ON CONFLICT DO NOTHING;
INSERT INTO actors (mediaId, actorId , actorName, characterName, profilePath) VALUES(238, 1541790, 'Oscar Willems', 'Jonas Albrechts', 'https://image.tmdb.org/t/p/original/33dAkdjsJgeEn49QR1xbmQXGmFV.jpg') ON CONFLICT DO NOTHING;
INSERT INTO actors (mediaId, actorId , actorName, characterName, profilePath) VALUES(238, 3491174, 'Briek Lesage', 'Vic Vincke', 'https://image.tmdb.org/t/p/original/3PkpGNHRxBYSkWowcFhslhgMYE3.jpg') ON CONFLICT DO NOTHING;
INSERT INTO actors (mediaId, actorId , actorName, characterName, profilePath) VALUES(238, 2933478, 'Anouck Luyten', 'Katja Dhaens', 'https://image.tmdb.org/t/p/original/sake33K9IdHM3MBGfGehccylQp8.jpg') ON CONFLICT DO NOTHING;
INSERT INTO actors (mediaId, actorId , actorName, characterName, profilePath) VALUES(238, 1937108, 'Arno Moens', 'Remco Seyers', 'https://image.tmdb.org/t/p/original/eko8R68RW71MD6NsSePdi9W0CpZ.jpg') ON CONFLICT DO NOTHING;
INSERT INTO actors (mediaId, actorId , actorName, characterName, profilePath) VALUES(238, 1461493, 'Maarten Ketels', 'Gijs Goeminne', 'https://image.tmdb.org/t/p/original/9qScWDtoujMlfB8cgn7NvTohLIY.jpg') ON CONFLICT DO NOTHING;
INSERT INTO actors (mediaId, actorId , actorName, characterName, profilePath) VALUES(238, 2819315, 'Michiel de Meyer', 'Ben Veirman', 'https://image.tmdb.org/t/p/original/gDdq7QsEWso19Ka4KpDuCltHoP7.jpg') ON CONFLICT DO NOTHING;
INSERT INTO actors (mediaId, actorId , actorName, characterName, profilePath) VALUES(238, 553335, 'Hilde De Baerdemaeker', 'Suzanne Versyp', 'https://image.tmdb.org/t/p/original/yQVIxcRQHjxGFbXdiLxGq2jRaey.jpg') ON CONFLICT DO NOTHING;
INSERT INTO actors (mediaId, actorId , actorName, characterName, profilePath) VALUES(238, 1177143, 'Ben Van Ostade', 'Reinhout Vincke', 'https://image.tmdb.org/t/p/original/8dXH8sgXY3kLyuzmaLiiyK5cIrR.jpg') ON CONFLICT DO NOTHING;
INSERT INTO actors (mediaId, actorId , actorName, characterName, profilePath) VALUES(238, 3080021, 'Emanoel Nascimento Borges', 'Arthur Verduyn', 'https://image.tmdb.org/t/p/original/t4AnaszRGdvt25VAHe2PKmQUpkO.jpg') ON CONFLICT DO NOTHING;
INSERT INTO providers (mediaId, providerId, providerName, logoPath) VALUES( 238, 556, 'VTM', 'https://image.tmdb.org/t/p/original/yGSBirbkzKINILx24mo2O9d7mgK.png') ON CONFLICT DO NOTHING;
INSERT INTO media (mediaId, type, name, originalLanguage, adult, releaseDate, overview, backdropPath, posterPath, trailerLink, tmdbRating,  status) VALUES(239, true, 'Big Brother', 'en', False, '2000-07-18',  'A British reality television game show in which a number of contestants live in an isolated house for several weeks, trying to avoid being evicted by the public with the aim of winning a large cash prize at the end of the run.', 'https://image.tmdb.org/t/p/original/3SWOj8ydFrxiuZdLg63fDAt4jYR.jpg', 'https://image.tmdb.org/t/p/original/7y1dJNvR4kMJk2QLP5f2dJX4UOd.jpg', 'None', 3.6, 'Ended') ON CONFLICT DO NOTHING;
INSERT INTO tv (mediaid , lastAirDate, nextEpisodeToAir, numberOfEpisodes, numberOfSeasons) VALUES( 239, '2018-11-05', NULL , 1486, 19) ON CONFLICT DO NOTHING;
INSERT INTO genres (mediaId, genre) VALUES(239, 'Reality') ON CONFLICT DO NOTHING;
INSERT INTO actors (mediaId, actorId , actorName, characterName, profilePath) VALUES(239, 1231461, 'Marcus Bentley', 'Narrator', 'None') ON CONFLICT DO NOTHING;
INSERT INTO actors (mediaId, actorId , actorName, characterName, profilePath) VALUES(239, 1227279, 'Emma Willis', 'Self - Host', 'https://image.tmdb.org/t/p/original/1LecwQRHRyWp4ph2j7RMsUSNRXn.jpg') ON CONFLICT DO NOTHING;
INSERT INTO actors (mediaId, actorId , actorName, characterName, profilePath) VALUES(239, 3794740, 'Cameron Cole', 'Self', 'None') ON CONFLICT DO NOTHING;
INSERT INTO actors (mediaId, actorId , actorName, characterName, profilePath) VALUES(239, 3794741, 'Akeem Griffiths', 'Self', 'None') ON CONFLICT DO NOTHING;
INSERT INTO actors (mediaId, actorId , actorName, characterName, profilePath) VALUES(239, 3794742, 'Zoe Jones', 'Self', 'None') ON CONFLICT DO NOTHING;
INSERT INTO actors (mediaId, actorId , actorName, characterName, profilePath) VALUES(239, 3794743, 'Cian Carrigan', 'Self', 'None') ON CONFLICT DO NOTHING;
INSERT INTO actors (mediaId, actorId , actorName, characterName, profilePath) VALUES(239, 3794745, 'Sîan Hamshaw', 'Self', 'None') ON CONFLICT DO NOTHING;
INSERT INTO actors (mediaId, actorId , actorName, characterName, profilePath) VALUES(239, 3794746, 'Brooke Berry', 'Self', 'None') ON CONFLICT DO NOTHING;
INSERT INTO actors (mediaId, actorId , actorName, characterName, profilePath) VALUES(239, 3794747, 'Tomasz Wania', 'Self', 'None') ON CONFLICT DO NOTHING;
INSERT INTO actors (mediaId, actorId , actorName, characterName, profilePath) VALUES(239, 3794751, 'Lewis Flanagan', 'Self', 'None') ON CONFLICT DO NOTHING;
INSERT INTO providers (mediaId, providerId, providerName, logoPath) VALUES( 239, 26, 'Channel 4', 'https://image.tmdb.org/t/p/original/hbifXPpM55B1fL5wPo7t72vzN78.png') ON CONFLICT DO NOTHING;
INSERT INTO providers (mediaId, providerId, providerName, logoPath) VALUES( 239, 99, 'Channel 5', 'https://image.tmdb.org/t/p/original/bMuKs6xuhI0GHSsq4WWd9FsntUN.png') ON CONFLICT DO NOTHING;
INSERT INTO media (mediaId, type, name, originalLanguage, adult, releaseDate, overview, backdropPath, posterPath, trailerLink, tmdbRating,  status) VALUES(240, true, 'Lupin', 'fr', False, '2021-01-08',  'Inspired by the adventures of Arsène Lupin, gentleman thief Assane Diop sets out to avenge his father for an injustice inflicted by a wealthy family.', 'https://image.tmdb.org/t/p/original/9JcBVJO5wXbja2JD8XESnJ1Kify.jpg', 'https://image.tmdb.org/t/p/original/h6Z2oogE4mJk2uffdtIlLhb0EHx.jpg', 'https://www.youtube.com/watch?v=ga0iTWXCGa0', 7.8, 'Returning Series') ON CONFLICT DO NOTHING;
INSERT INTO tv (mediaid , lastAirDate, nextEpisodeToAir, numberOfEpisodes, numberOfSeasons) VALUES( 240, '2023-10-05', NULL , 17, 2) ON CONFLICT DO NOTHING;
INSERT INTO genres (mediaId, genre) VALUES(240, 'Crime') ON CONFLICT DO NOTHING;
INSERT INTO genres (mediaId, genre) VALUES(240, 'Drama') ON CONFLICT DO NOTHING;
INSERT INTO genres (mediaId, genre) VALUES(240, 'Mystery') ON CONFLICT DO NOTHING;
INSERT INTO creators(mediaId, creatorId, creatorName) VALUES(240, 1287248, 'George Kay') ON CONFLICT DO NOTHING;
INSERT INTO creators(mediaId, creatorId, creatorName) VALUES(240, 1409018, 'Marie Roussin') ON CONFLICT DO NOTHING;
INSERT INTO creators(mediaId, creatorId, creatorName) VALUES(240, 1449284, 'Florent Meyer') ON CONFLICT DO NOTHING;
INSERT INTO creators(mediaId, creatorId, creatorName) VALUES(240, 1618156, 'François Uzan') ON CONFLICT DO NOTHING;
INSERT INTO creators(mediaId, creatorId, creatorName) VALUES(240, 3051535, 'Tigran Rosine') ON CONFLICT DO NOTHING;
INSERT INTO actors (mediaId, actorId , actorName, characterName, profilePath) VALUES(240, 78423, 'Omar Sy', 'Assane Diop', 'https://image.tmdb.org/t/p/original/laNZay6AfEzvEvY1NUH9UFiSD0a.jpg') ON CONFLICT DO NOTHING;
INSERT INTO providers (mediaId, providerId, providerName, logoPath) VALUES( 240, 213, 'Netflix', 'https://image.tmdb.org/t/p/original/wwemzKWzjKYJFfCeiB57q3r4Bcm.png') ON CONFLICT DO NOTHING;
INSERT INTO media (mediaId, type, name, originalLanguage, adult, releaseDate, overview, backdropPath, posterPath, trailerLink, tmdbRating,  status) VALUES(241, true, 'American Horror Story', 'en', False, '2011-10-05',  'An anthology horror drama series centering on different characters and locations, including a house with a murderous past, an asylum, a witch coven, a freak show, a hotel, a farmhouse in Roanoke, a cult, the apocalypse and a summer camp.', 'https://image.tmdb.org/t/p/original/a4doyPOabvQor0RGkWdhVENAR3G.jpg', 'https://image.tmdb.org/t/p/original/5LLG9bjq0i7V5N4UfRhnab8zHK4.jpg', 'https://www.youtube.com/watch?v=4qniWD7bFu0', 8.1, 'Returning Series') ON CONFLICT DO NOTHING;
INSERT INTO tv (mediaid , lastAirDate, nextEpisodeToAir, numberOfEpisodes, numberOfSeasons) VALUES( 241, '2023-10-11', '2023-10-18' , 130, 12) ON CONFLICT DO NOTHING;
INSERT INTO genres (mediaId, genre) VALUES(241, 'Drama') ON CONFLICT DO NOTHING;
INSERT INTO genres (mediaId, genre) VALUES(241, 'Mystery') ON CONFLICT DO NOTHING;
INSERT INTO genres (mediaId, genre) VALUES(241, 'Sci-Fi & Fantasy') ON CONFLICT DO NOTHING;
INSERT INTO creators(mediaId, creatorId, creatorName) VALUES(241, 52779, 'Ryan Murphy') ON CONFLICT DO NOTHING;
INSERT INTO creators(mediaId, creatorId, creatorName) VALUES(241, 1224030, 'Brad Falchuk') ON CONFLICT DO NOTHING;
INSERT INTO actors (mediaId, actorId , actorName, characterName, profilePath) VALUES(241, 34847, 'Emma Roberts', 'Anna Alcott', 'https://image.tmdb.org/t/p/original/87w6fTvmJTQScgKKJFS91hYJ33a.jpg') ON CONFLICT DO NOTHING;
INSERT INTO actors (mediaId, actorId , actorName, characterName, profilePath) VALUES(241, 55547, 'Matt Czuchry', 'Dexter Harding', 'https://image.tmdb.org/t/p/original/cGCDS57LYFi3z2taneq0w4qAscp.jpg') ON CONFLICT DO NOTHING;
INSERT INTO actors (mediaId, actorId , actorName, characterName, profilePath) VALUES(241, 212225, 'Kim Kardashian', 'Siobhan Walsh', 'https://image.tmdb.org/t/p/original/jBUAjkXNwpDqJDMRVsMva1mnOgK.jpg') ON CONFLICT DO NOTHING;
INSERT INTO actors (mediaId, actorId , actorName, characterName, profilePath) VALUES(241, 1102331, 'Annabelle Dexter-Jones', 'Adeline Jouda', 'https://image.tmdb.org/t/p/original/bVUK174XgbG0KsKWqKKjKGdgBUc.jpg') ON CONFLICT DO NOTHING;
INSERT INTO actors (mediaId, actorId , actorName, characterName, profilePath) VALUES(241, 1518933, 'Michaela Jaé Rodriguez', 'Talia Donovan', 'https://image.tmdb.org/t/p/original/8Mer8z72B2h2yv77qLVi6C2Io5G.jpg') ON CONFLICT DO NOTHING;
INSERT INTO actors (mediaId, actorId , actorName, characterName, profilePath) VALUES(241, 81681, 'Denis O''Hare', 'Dr. Andrew Hill', 'https://image.tmdb.org/t/p/original/zMim5sdMnyd2GFfPd9Jh59Vcog3.jpg') ON CONFLICT DO NOTHING;
INSERT INTO actors (mediaId, actorId , actorName, characterName, profilePath) VALUES(241, 1289968, 'Cara Delevingne', 'Ivory', 'https://image.tmdb.org/t/p/original/fxpve7evj6H1kl8rTnDqNyIdObI.jpg') ON CONFLICT DO NOTHING;
INSERT INTO actors (mediaId, actorId , actorName, characterName, profilePath) VALUES(241, 24305, 'Julie White', 'Io Preecher', 'https://image.tmdb.org/t/p/original/siiNmtZZldFSc2DwnfUJf0Teouh.jpg') ON CONFLICT DO NOTHING;
INSERT INTO actors (mediaId, actorId , actorName, characterName, profilePath) VALUES(241, 2714088, 'Maaz Ali', 'Kamal', 'https://image.tmdb.org/t/p/original/o9vhi2B5f0XfwYPNAG49nrhzDFW.jpg') ON CONFLICT DO NOTHING;
INSERT INTO providers (mediaId, providerId, providerName, logoPath) VALUES( 241, 88, 'FX', 'https://image.tmdb.org/t/p/original/aexGjtcs42DgRtZh7zOxayiry4J.png') ON CONFLICT DO NOTHING;
INSERT INTO media (mediaId, type, name, originalLanguage, adult, releaseDate, overview, backdropPath, posterPath, trailerLink, tmdbRating,  status) VALUES(242, true, 'Here it all begins', 'fr', False, '2020-11-02',  '', 'https://image.tmdb.org/t/p/original/yYNa1nqvNK94xZz3eKyfvZdAvPi.jpg', 'https://image.tmdb.org/t/p/original/60cqjI590JKXCAABqCStVmSBGET.jpg', 'None', 6.9, 'Returning Series') ON CONFLICT DO NOTHING;
INSERT INTO tv (mediaid , lastAirDate, nextEpisodeToAir, numberOfEpisodes, numberOfSeasons) VALUES( 242, '2023-10-17', '2023-10-18' , 778, 1) ON CONFLICT DO NOTHING;
INSERT INTO genres (mediaId, genre) VALUES(242, 'Soap') ON CONFLICT DO NOTHING;
INSERT INTO creators(mediaId, creatorId, creatorName) VALUES(242, 1773234, 'Coline Assous') ON CONFLICT DO NOTHING;
INSERT INTO creators(mediaId, creatorId, creatorName) VALUES(242, 2503468, 'Eric Fuhrer') ON CONFLICT DO NOTHING;
INSERT INTO creators(mediaId, creatorId, creatorName) VALUES(242, 2839536, 'Othman Mahfoud') ON CONFLICT DO NOTHING;
INSERT INTO actors (mediaId, actorId , actorName, characterName, profilePath) VALUES(242, 2839523, 'Aurélie Pons', 'Salomé Dekens', 'https://image.tmdb.org/t/p/original/w7xp9Z9cFS3gcBhCeEpep814Fuz.jpg') ON CONFLICT DO NOTHING;
INSERT INTO actors (mediaId, actorId , actorName, characterName, profilePath) VALUES(242, 2839524, 'Julie Sassoust', 'Anaïs Grimbert', 'https://image.tmdb.org/t/p/original/ARU4Wi5yh61sehpF9LtWgBP9Z7.jpg') ON CONFLICT DO NOTHING;
INSERT INTO actors (mediaId, actorId , actorName, characterName, profilePath) VALUES(242, 2839526, 'Rébecca Benhamour', 'Célia Gaissac', 'https://image.tmdb.org/t/p/original/utq0dcyB76bAp00TGrhvlVoNpvT.jpg') ON CONFLICT DO NOTHING;
INSERT INTO actors (mediaId, actorId , actorName, characterName, profilePath) VALUES(242, 2961027, 'Nicolas Anselmo', 'Eliott Prevost', 'None') ON CONFLICT DO NOTHING;
INSERT INTO actors (mediaId, actorId , actorName, characterName, profilePath) VALUES(242, 2961034, 'Catherine Davydzenka', 'Hortense Rochemont', 'https://image.tmdb.org/t/p/original/r9vI3qItHvfDwbK9RoT84hrdZOv.jpg') ON CONFLICT DO NOTHING;
INSERT INTO actors (mediaId, actorId , actorName, characterName, profilePath) VALUES(242, 2961035, 'Alizée Bochet', 'Ludivine Rivière', 'None') ON CONFLICT DO NOTHING;
INSERT INTO actors (mediaId, actorId , actorName, characterName, profilePath) VALUES(242, 2961036, 'Sidney Cadot-Sambosi', 'Louane Rivière', 'None') ON CONFLICT DO NOTHING;
INSERT INTO actors (mediaId, actorId , actorName, characterName, profilePath) VALUES(242, 2961042, 'Marvin Pellegrino', 'Mehdi Mabsoute', 'https://image.tmdb.org/t/p/original/yuSlH01DQKe9lNUfp9mb7wb3eDz.jpg') ON CONFLICT DO NOTHING;
INSERT INTO actors (mediaId, actorId , actorName, characterName, profilePath) VALUES(242, 2961044, 'Pola Petrenko', 'Charlène Teyssier', 'None') ON CONFLICT DO NOTHING;
INSERT INTO actors (mediaId, actorId , actorName, characterName, profilePath) VALUES(242, 2961061, 'Sarah Fitri', 'Marta Guéraud', 'https://image.tmdb.org/t/p/original/2s6DR0xL9l8KCTIXEAAQVIHXITk.jpg') ON CONFLICT DO NOTHING;
INSERT INTO providers (mediaId, providerId, providerName, logoPath) VALUES( 242, 290, 'TF1', 'https://image.tmdb.org/t/p/original/fqsd09CrijoGu6qfoNIdgUQmVGO.png') ON CONFLICT DO NOTHING;
INSERT INTO media (mediaId, type, name, originalLanguage, adult, releaseDate, overview, backdropPath, posterPath, trailerLink, tmdbRating,  status) VALUES(243, true, 'Superman & Lois', 'en', False, '2021-02-23',  'After years of facing megalomaniacal supervillains, monsters wreaking havoc on Metropolis, and alien invaders intent on wiping out the human race, The Man of Steel aka Clark Kent and Lois Lane come face to face with one of their greatest challenges ever: dealing with all the stress, pressures and complexities that come with being working parents in today''s society.', 'https://image.tmdb.org/t/p/original/qO8uNvhYrBRKKWZLUdHrvwuuQpG.jpg', 'https://image.tmdb.org/t/p/original/qJ6ndkbqgqS1n7ETi0YHhcjASym.jpg', 'https://www.youtube.com/watch?v=SJPJPUpNvDw', 8.1, 'Returning Series') ON CONFLICT DO NOTHING;
INSERT INTO tv (mediaid , lastAirDate, nextEpisodeToAir, numberOfEpisodes, numberOfSeasons) VALUES( 243, '2023-06-27', NULL , 43, 3) ON CONFLICT DO NOTHING;
INSERT INTO genres (mediaId, genre) VALUES(243, 'Sci-Fi & Fantasy') ON CONFLICT DO NOTHING;
INSERT INTO genres (mediaId, genre) VALUES(243, 'Drama') ON CONFLICT DO NOTHING;
INSERT INTO creators(mediaId, creatorId, creatorName) VALUES(243, 88967, 'Greg Berlanti') ON CONFLICT DO NOTHING;
INSERT INTO creators(mediaId, creatorId, creatorName) VALUES(243, 209763, 'Todd Helbing') ON CONFLICT DO NOTHING;
INSERT INTO actors (mediaId, actorId , actorName, characterName, profilePath) VALUES(243, 78198, 'Tyler Hoechlin', 'Clark Kent / Superman / Kal-El', 'https://image.tmdb.org/t/p/original/n2hXiC2MABZnZoQKtWLkP73LKWe.jpg') ON CONFLICT DO NOTHING;
INSERT INTO actors (mediaId, actorId , actorName, characterName, profilePath) VALUES(243, 74577, 'Elizabeth Tulloch', 'Lois Lane', 'https://image.tmdb.org/t/p/original/trC9dIUvgXyG2dDbofG75g4aMkK.jpg') ON CONFLICT DO NOTHING;
INSERT INTO actors (mediaId, actorId , actorName, characterName, profilePath) VALUES(243, 1393181, 'Alex Garfin', 'Jordan Kent', 'https://image.tmdb.org/t/p/original/ePUrZovtYXQ5PTYSF9hR41g21mb.jpg') ON CONFLICT DO NOTHING;
INSERT INTO actors (mediaId, actorId , actorName, characterName, profilePath) VALUES(243, 3136340, 'Michael Bishop', 'Jonathan ''Jon'' Kent', 'https://image.tmdb.org/t/p/original/dMSnH7obePHnPGmPzHysSA5uJFj.jpg') ON CONFLICT DO NOTHING;
INSERT INTO actors (mediaId, actorId , actorName, characterName, profilePath) VALUES(243, 1367619, 'Erik Valdez', 'Kyle Cushing', 'https://image.tmdb.org/t/p/original/ehuLul90Mp0zUrjEx3CeSaVoI91.jpg') ON CONFLICT DO NOTHING;
INSERT INTO actors (mediaId, actorId , actorName, characterName, profilePath) VALUES(243, 2638587, 'Inde Navarrette', 'Sarah Cushing', 'https://image.tmdb.org/t/p/original/GlyEqcM13XIKUQUjvThuPzY35h.jpg') ON CONFLICT DO NOTHING;
INSERT INTO actors (mediaId, actorId , actorName, characterName, profilePath) VALUES(243, 1132104, 'Wolé Parks', 'John Henry Irons', 'https://image.tmdb.org/t/p/original/nstF434UXqCR3rig37TdbAdyNmZ.jpg') ON CONFLICT DO NOTHING;
INSERT INTO actors (mediaId, actorId , actorName, characterName, profilePath) VALUES(243, 1836442, 'Tayler Buck', 'Natalie Irons', 'https://image.tmdb.org/t/p/original/uGA1NuyeZryhDh7RDyHBsyBUqyB.jpg') ON CONFLICT DO NOTHING;
INSERT INTO actors (mediaId, actorId , actorName, characterName, profilePath) VALUES(243, 1538574, 'Sofia Hasmik', 'Chrissy Beppo', 'https://image.tmdb.org/t/p/original/3cEeX8gaHZa9HEbkHsvM9i33WZL.jpg') ON CONFLICT DO NOTHING;
INSERT INTO actors (mediaId, actorId , actorName, characterName, profilePath) VALUES(243, 124645, 'Chad L. Coleman', 'Bruno Mannheim', 'https://image.tmdb.org/t/p/original/3sktDHA5N5VA9rQujz6F8C0jSxT.jpg') ON CONFLICT DO NOTHING;
INSERT INTO providers (mediaId, providerId, providerName, logoPath) VALUES( 243, 71, 'The CW', 'https://image.tmdb.org/t/p/original/ge9hzeaU7nMtQ4PjkFlc68dGAJ9.png') ON CONFLICT DO NOTHING;
INSERT INTO media (mediaId, type, name, originalLanguage, adult, releaseDate, overview, backdropPath, posterPath, trailerLink, tmdbRating,  status) VALUES(244, true, 'Grey''s Anatomy', 'en', False, '2005-03-27',  'Follows the personal and professional lives of a group of doctors at Seattle’s Grey Sloan Memorial Hospital.', 'https://image.tmdb.org/t/p/original/ds1n5P0Y92cTh6UpbcA89hxM96a.jpg', 'https://image.tmdb.org/t/p/original/daSFbrt8QCXV2hSwB0hqYjbj681.jpg', 'None', 8.3, 'Returning Series') ON CONFLICT DO NOTHING;
INSERT INTO tv (mediaid , lastAirDate, nextEpisodeToAir, numberOfEpisodes, numberOfSeasons) VALUES( 244, '2023-05-18', NULL , 419, 19) ON CONFLICT DO NOTHING;
INSERT INTO genres (mediaId, genre) VALUES(244, 'Drama') ON CONFLICT DO NOTHING;
INSERT INTO creators(mediaId, creatorId, creatorName) VALUES(244, 25539, 'Shonda Rhimes') ON CONFLICT DO NOTHING;
INSERT INTO actors (mediaId, actorId , actorName, characterName, profilePath) VALUES(244, 9280, 'Ellen Pompeo', 'Meredith Grey', 'https://image.tmdb.org/t/p/original/3v4MY2ZEGN2UYQOWsBSOKTY0AEa.jpg') ON CONFLICT DO NOTHING;
INSERT INTO actors (mediaId, actorId , actorName, characterName, profilePath) VALUES(244, 171075, 'Chandra Wilson', 'Miranda Bailey', 'https://image.tmdb.org/t/p/original/8MKBEjNpwrh7bWa05GdrMfZWmQA.jpg') ON CONFLICT DO NOTHING;
INSERT INTO actors (mediaId, actorId , actorName, characterName, profilePath) VALUES(244, 25544, 'James Pickens Jr.', 'Richard Webber', 'https://image.tmdb.org/t/p/original/iAwBZyHJ9jxq7iTL9Q5lXo3hOp5.jpg') ON CONFLICT DO NOTHING;
INSERT INTO actors (mediaId, actorId , actorName, characterName, profilePath) VALUES(244, 9013, 'Kevin McKidd', 'Owen Hunt', 'https://image.tmdb.org/t/p/original/ekCsHT7eXmqy9aqOVLuMb7fCqMN.jpg') ON CONFLICT DO NOTHING;
INSERT INTO actors (mediaId, actorId , actorName, characterName, profilePath) VALUES(244, 236021, 'Camilla Luddington', 'Jo Wilson', 'https://image.tmdb.org/t/p/original/eKF5lSEdEtOCbsgb5mKjd8vYLck.jpg') ON CONFLICT DO NOTHING;
INSERT INTO actors (mediaId, actorId , actorName, characterName, profilePath) VALUES(244, 17836, 'Kim Raver', 'Teddy Altman', 'https://image.tmdb.org/t/p/original/o9OYkG0b48125tim78ebyGeC4lO.jpg') ON CONFLICT DO NOTHING;
INSERT INTO actors (mediaId, actorId , actorName, characterName, profilePath) VALUES(244, 87440, 'Chris Carmack', 'Atticus Lincoln', 'https://image.tmdb.org/t/p/original/fuZw1ChY7SYCcYLr71N7RzoFgan.jpg') ON CONFLICT DO NOTHING;
INSERT INTO actors (mediaId, actorId , actorName, characterName, profilePath) VALUES(244, 1450286, 'Jake Borelli', 'Levi Schmitt', 'https://image.tmdb.org/t/p/original/szKuXklJNgRedQR3zMSmiTgCP96.jpg') ON CONFLICT DO NOTHING;
INSERT INTO actors (mediaId, actorId , actorName, characterName, profilePath) VALUES(244, 1583975, 'Anthony Hill', 'Winston Ndugu', 'https://image.tmdb.org/t/p/original/dUaUfI29UIsq0jqCEdNlTsvAFjC.jpg') ON CONFLICT DO NOTHING;
INSERT INTO actors (mediaId, actorId , actorName, characterName, profilePath) VALUES(244, 81684, 'Caterina Scorsone', 'Amelia Shepherd', 'https://image.tmdb.org/t/p/original/eLexGfeg4SyY9anPyNoh8hzKATD.jpg') ON CONFLICT DO NOTHING;
INSERT INTO providers (mediaId, providerId, providerName, logoPath) VALUES( 244, 2, 'ABC', 'https://image.tmdb.org/t/p/original/2uy2ZWcplrSObIyt4x0Y9rkG6qO.png') ON CONFLICT DO NOTHING;
INSERT INTO media (mediaId, type, name, originalLanguage, adult, releaseDate, overview, backdropPath, posterPath, trailerLink, tmdbRating,  status) VALUES(245, true, 'Alla mot alla med Filip och Fredrik', 'sv', False, '2019-03-04',  'Swedish quiz show with Filip & Fredrik.', 'https://image.tmdb.org/t/p/original/ZScPtd5LUfCXohdaSdmDpLRvc1.jpg', 'https://image.tmdb.org/t/p/original/hzuvck8dK9p8bYqk2vTac0ERfPu.jpg', 'None', 7.8, 'Returning Series') ON CONFLICT DO NOTHING;
INSERT INTO tv (mediaid , lastAirDate, nextEpisodeToAir, numberOfEpisodes, numberOfSeasons) VALUES( 245, '2023-10-17', '2023-10-18' , 564, 10) ON CONFLICT DO NOTHING;
INSERT INTO genres (mediaId, genre) VALUES(245, 'Reality') ON CONFLICT DO NOTHING;
INSERT INTO actors (mediaId, actorId , actorName, characterName, profilePath) VALUES(245, 1238738, 'Filip Hammar', 'Himself - Host', 'https://image.tmdb.org/t/p/original/2ClbPipP7etygDn756nifAHICo6.jpg') ON CONFLICT DO NOTHING;
INSERT INTO actors (mediaId, actorId , actorName, characterName, profilePath) VALUES(245, 1238737, 'Fredrik Wikingsson', 'Himself - Host', 'https://image.tmdb.org/t/p/original/qwuhGpdtl7W2lugHErntPwIKqTn.jpg') ON CONFLICT DO NOTHING;
INSERT INTO providers (mediaId, providerId, providerName, logoPath) VALUES( 245, 437, 'Kanal 5', 'https://image.tmdb.org/t/p/original/dZMFAq8ypCTiG0XrU7YGJV5VTym.png') ON CONFLICT DO NOTHING;
INSERT INTO providers (mediaId, providerId, providerName, logoPath) VALUES( 245, 4462, 'Discovery+', 'https://image.tmdb.org/t/p/original/iKvdFk5lpbvs4g0vd6yVUcV36i3.png') ON CONFLICT DO NOTHING;
INSERT INTO media (mediaId, type, name, originalLanguage, adult, releaseDate, overview, backdropPath, posterPath, trailerLink, tmdbRating,  status) VALUES(246, true, 'El hormiguero', 'es', False, '2006-09-24',  'El Hormiguero is a Spanish television program with a live audience focusing on comedy, science, and politics running since September 2006. It is hosted and produced by screenwriter Pablo Motos. The show aired on Spain''s Cuatro channel from launch until June 2011 and is now broadcast on Antena 3. Recurring guests on the show include Luis Piedrahita, Raquel Martos, Marron & "The Man in Black", and puppet ants Trancas and Barrancas. It has proved a ratings success, and has expanded from a weekly 120-minute show to a daily 40-minute show in its third season, which began on September 17, 2007. The show won the Entertainment prize at the 2009 Rose d''Or ceremony.', 'https://image.tmdb.org/t/p/original/3hOxwqn1P2AY0d20VVtxN2f3Lfh.jpg', 'https://image.tmdb.org/t/p/original/K6tzvTqHFULV5cr5dsWTSmh4Zj.jpg', 'None', 5.3, 'Returning Series') ON CONFLICT DO NOTHING;
INSERT INTO tv (mediaid , lastAirDate, nextEpisodeToAir, numberOfEpisodes, numberOfSeasons) VALUES( 246, '2023-10-17', '2023-10-18' , 1053, 18) ON CONFLICT DO NOTHING;
INSERT INTO genres (mediaId, genre) VALUES(246, 'Comedy') ON CONFLICT DO NOTHING;
INSERT INTO genres (mediaId, genre) VALUES(246, 'Talk') ON CONFLICT DO NOTHING;
INSERT INTO creators(mediaId, creatorId, creatorName) VALUES(246, 1423069, 'Pablo Motos') ON CONFLICT DO NOTHING;
INSERT INTO actors (mediaId, actorId , actorName, characterName, profilePath) VALUES(246, 1423069, 'Pablo Motos', 'Self - Presenter', 'https://image.tmdb.org/t/p/original/6qOYKmcEm1o7Lf80JBFHqf8FL0t.jpg') ON CONFLICT DO NOTHING;
INSERT INTO actors (mediaId, actorId , actorName, characterName, profilePath) VALUES(246, 1500965, 'Juan Ibáñez Pérez', 'Self - Collaborator', 'https://image.tmdb.org/t/p/original/A5HDuuHCmcZ0AYkG3A65MtGcSQS.jpg') ON CONFLICT DO NOTHING;
INSERT INTO actors (mediaId, actorId , actorName, characterName, profilePath) VALUES(246, 1500966, 'Damián Mollá', 'Self - Collaborator', 'https://image.tmdb.org/t/p/original/A8j18r816CGu1jkTCejvQ85cy1V.jpg') ON CONFLICT DO NOTHING;
INSERT INTO actors (mediaId, actorId , actorName, characterName, profilePath) VALUES(246, 1500967, 'Jorge Marrón', 'Self - Collaborator', 'https://image.tmdb.org/t/p/original/h7HftgggMGMgjtSXeNSvmvt9IvU.jpg') ON CONFLICT DO NOTHING;
INSERT INTO providers (mediaId, providerId, providerName, logoPath) VALUES( 246, 378, 'Cuatro', 'https://image.tmdb.org/t/p/original/pZtmQfr0z82ODDxZsqGzORZJJux.png') ON CONFLICT DO NOTHING;
INSERT INTO providers (mediaId, providerId, providerName, logoPath) VALUES( 246, 400, 'Antena 3', 'https://image.tmdb.org/t/p/original/l7MngINTyv0O6mNlwNsUlhQ9iwZ.png') ON CONFLICT DO NOTHING;
INSERT INTO providers (mediaId, providerId, providerName, logoPath) VALUES( 246, 3744, 'Atresplayer Premium', 'https://image.tmdb.org/t/p/original/tRcLVDie5E5dIIRvA8Ojjuvlp7k.png') ON CONFLICT DO NOTHING;
INSERT INTO media (mediaId, type, name, originalLanguage, adult, releaseDate, overview, backdropPath, posterPath, trailerLink, tmdbRating,  status) VALUES(247, true, 'The Block', 'en', False, '2003-06-01',  'Couples compete against each other to renovate houses and sell them at auction for the highest price.', 'https://image.tmdb.org/t/p/original/sUHf9Vp12l6bA9xJqkuTM9pCASQ.jpg', 'https://image.tmdb.org/t/p/original/e5DdAnURbrF4dz7NfG35MpQnVzT.jpg', 'https://www.youtube.com/watch?v=K8dDu3mpAGo', 5.3, 'Returning Series') ON CONFLICT DO NOTHING;
INSERT INTO tv (mediaid , lastAirDate, nextEpisodeToAir, numberOfEpisodes, numberOfSeasons) VALUES( 247, '2023-10-17', '2023-10-18' , 904, 19) ON CONFLICT DO NOTHING;
INSERT INTO genres (mediaId, genre) VALUES(247, 'Reality') ON CONFLICT DO NOTHING;
INSERT INTO actors (mediaId, actorId , actorName, characterName, profilePath) VALUES(247, 1678984, 'Scott Cam', '', 'None') ON CONFLICT DO NOTHING;
INSERT INTO actors (mediaId, actorId , actorName, characterName, profilePath) VALUES(247, 2753521, 'Keith Schleiger', 'Self - Foreman', 'None') ON CONFLICT DO NOTHING;
INSERT INTO actors (mediaId, actorId , actorName, characterName, profilePath) VALUES(247, 4309677, 'Kristy Beams', 'Self - Contestant', 'None') ON CONFLICT DO NOTHING;
INSERT INTO actors (mediaId, actorId , actorName, characterName, profilePath) VALUES(247, 4309678, 'Eliza Paschke', 'Self - Contestant', 'None') ON CONFLICT DO NOTHING;
INSERT INTO actors (mediaId, actorId , actorName, characterName, profilePath) VALUES(247, 4309679, 'Leah Milton', 'Self - Contestant', 'None') ON CONFLICT DO NOTHING;
INSERT INTO actors (mediaId, actorId , actorName, characterName, profilePath) VALUES(247, 4309680, 'Brett Beams', 'Self - Contestant', 'None') ON CONFLICT DO NOTHING;
INSERT INTO actors (mediaId, actorId , actorName, characterName, profilePath) VALUES(247, 4309681, 'Steph Ottavio', 'Self - Contestant', 'None') ON CONFLICT DO NOTHING;
INSERT INTO actors (mediaId, actorId , actorName, characterName, profilePath) VALUES(247, 4309682, 'Leslie Cottone', 'Self - Contestant', 'None') ON CONFLICT DO NOTHING;
INSERT INTO actors (mediaId, actorId , actorName, characterName, profilePath) VALUES(247, 4309683, 'Liberty Paschke', 'Self - Contestant', 'None') ON CONFLICT DO NOTHING;
INSERT INTO actors (mediaId, actorId , actorName, characterName, profilePath) VALUES(247, 4309684, 'Gian Ottavio', 'Self - Contestant', 'None') ON CONFLICT DO NOTHING;
INSERT INTO providers (mediaId, providerId, providerName, logoPath) VALUES( 247, 66, 'Nine Network', 'https://image.tmdb.org/t/p/original/pXibAQSgIIanNkSg68dUooI7IGU.png') ON CONFLICT DO NOTHING;
INSERT INTO media (mediaId, type, name, originalLanguage, adult, releaseDate, overview, backdropPath, posterPath, trailerLink, tmdbRating,  status) VALUES(248, true, 'Let''s Make a Deal', 'en', False, '2009-10-05',  'Audience members dress up in outlandish costumes to get host Wayne Brady''s attention in an attempt to make deals for trips, prizes, cars or cash, while trying to avoid the dreaded Zonks.', 'https://image.tmdb.org/t/p/original/pkKUW6wk2yfPc66YF7647ARi6uv.jpg', 'https://image.tmdb.org/t/p/original/pgtvpEKsSW2dwVwEnXgiw72I03V.jpg', 'None', 5.6, 'Returning Series') ON CONFLICT DO NOTHING;
INSERT INTO tv (mediaid , lastAirDate, nextEpisodeToAir, numberOfEpisodes, numberOfSeasons) VALUES( 248, '2023-10-17', '2023-10-18' , 1701, 15) ON CONFLICT DO NOTHING;
INSERT INTO genres (mediaId, genre) VALUES(248, 'Reality') ON CONFLICT DO NOTHING;
INSERT INTO actors (mediaId, actorId , actorName, characterName, profilePath) VALUES(248, 76669, 'Wayne Brady', 'Self - Host', 'https://image.tmdb.org/t/p/original/zRIYr4jl7LiEDbbaFcwFiRwLhw1.jpg') ON CONFLICT DO NOTHING;
INSERT INTO providers (mediaId, providerId, providerName, logoPath) VALUES( 248, 16, 'CBS', 'https://image.tmdb.org/t/p/original/wju8KhOUsR5y4bH9p3Jc50hhaLO.png') ON CONFLICT DO NOTHING;
INSERT INTO media (mediaId, type, name, originalLanguage, adult, releaseDate, overview, backdropPath, posterPath, trailerLink, tmdbRating,  status) VALUES(249, true, 'Jujutsu Kaisen', 'ja', False, '2020-10-03',  'Yuji Itadori is a boy with tremendous physical strength, though he lives a completely ordinary high school life. One day, to save a classmate who has been attacked by curses, he eats the finger of Ryomen Sukuna, taking the curse into his own soul. From then on, he shares one body with Ryomen Sukuna. Guided by the most powerful of sorcerers, Satoru Gojo, Itadori is admitted to Tokyo Jujutsu High School, an organization that fights the curses... and thus begins the heroic tale of a boy who became a curse to exorcise a curse, a life from which he could never turn back.', 'https://image.tmdb.org/t/p/original/gmECX1DvFgdUPjtio2zaL8BPYPu.jpg', 'https://image.tmdb.org/t/p/original/hFWP5HkbVEe40hrXgtCeQxoccHE.jpg', 'https://www.youtube.com/watch?v=VpO6APNqY1c', 8.6, 'Returning Series') ON CONFLICT DO NOTHING;
INSERT INTO tv (mediaid , lastAirDate, nextEpisodeToAir, numberOfEpisodes, numberOfSeasons) VALUES( 249, '2023-10-12', '2023-10-19' , 47, 1) ON CONFLICT DO NOTHING;
INSERT INTO genres (mediaId, genre) VALUES(249, 'Animation') ON CONFLICT DO NOTHING;
INSERT INTO genres (mediaId, genre) VALUES(249, 'Action & Adventure') ON CONFLICT DO NOTHING;
INSERT INTO genres (mediaId, genre) VALUES(249, 'Sci-Fi & Fantasy') ON CONFLICT DO NOTHING;
INSERT INTO providers (mediaId, providerId, providerName, logoPath) VALUES( 249, 94, 'MBS', 'https://image.tmdb.org/t/p/original/7RNXnyiMbjgqtPAjja13wchcrGI.png') ON CONFLICT DO NOTHING;
INSERT INTO providers (mediaId, providerId, providerName, logoPath) VALUES( 249, 160, 'TBS', 'https://image.tmdb.org/t/p/original/lUACMATs6jcscXIrzNCQzbvNVN5.png') ON CONFLICT DO NOTHING;
INSERT INTO providers (mediaId, providerId, providerName, logoPath) VALUES( 249, 201, 'CBC', 'https://image.tmdb.org/t/p/original/qNooLje0YQh1y3y9LUM2Y5QCtiF.png') ON CONFLICT DO NOTHING;
INSERT INTO providers (mediaId, providerId, providerName, logoPath) VALUES( 249, 896, 'Tulip Television', 'https://image.tmdb.org/t/p/original/qfUzYnpnN5bnd2bqGUH0OlAMell.png') ON CONFLICT DO NOTHING;
INSERT INTO providers (mediaId, providerId, providerName, logoPath) VALUES( 249, 1559, 'SBC', 'https://image.tmdb.org/t/p/original/artkCykJgOAh6lAjfrNNgANasgk.png') ON CONFLICT DO NOTHING;
INSERT INTO providers (mediaId, providerId, providerName, logoPath) VALUES( 249, 2460, 'BSN', 'https://image.tmdb.org/t/p/original/34sNEcsgcTAuDidRMrgxdfNyVjL.png') ON CONFLICT DO NOTHING;
INSERT INTO providers (mediaId, providerId, providerName, logoPath) VALUES( 249, 2461, 'tys', 'https://image.tmdb.org/t/p/original/b4Ivxqz6UY0EogjYc09Y22ctC6F.png') ON CONFLICT DO NOTHING;
INSERT INTO providers (mediaId, providerId, providerName, logoPath) VALUES( 249, 3658, 'HBC', 'https://image.tmdb.org/t/p/original/sJwRsE1lfMwAwYZi1OtRfn7V03t.png') ON CONFLICT DO NOTHING;
INSERT INTO providers (mediaId, providerId, providerName, logoPath) VALUES( 249, 3705, 'RKK Kumamoto Broadcasting', 'https://image.tmdb.org/t/p/original/zOgixhlAa61yUb32bsXvRtD63wI.png') ON CONFLICT DO NOTHING;
INSERT INTO providers (mediaId, providerId, providerName, logoPath) VALUES( 249, 3756, 'Nagasaki Culture Telecasting Corporation', 'https://image.tmdb.org/t/p/original/3lh8IYJbV6eHOaF0UFCvmmSJNvf.png') ON CONFLICT DO NOTHING;
INSERT INTO providers (mediaId, providerId, providerName, logoPath) VALUES( 249, 3969, 'i-Television', 'https://image.tmdb.org/t/p/original/nhCsLIGjzIIp6jIFCdHN0cQEzjP.png') ON CONFLICT DO NOTHING;
INSERT INTO providers (mediaId, providerId, providerName, logoPath) VALUES( 249, 3970, 'SBS TV', 'https://image.tmdb.org/t/p/original/9coKtCf4jSNCdSqGveVFyzvjrZt.png') ON CONFLICT DO NOTHING;
INSERT INTO providers (mediaId, providerId, providerName, logoPath) VALUES( 249, 3971, 'IBC Iwate Broadcasting', 'https://image.tmdb.org/t/p/original/6bhZ2SWdYTbSTQf8Bhmf1q0aBef.png') ON CONFLICT DO NOTHING;
INSERT INTO providers (mediaId, providerId, providerName, logoPath) VALUES( 249, 3972, 'BSS', 'https://image.tmdb.org/t/p/original/rL2IlndcEiQnIbym5EoSEM7rGlx.png') ON CONFLICT DO NOTHING;
INSERT INTO providers (mediaId, providerId, providerName, logoPath) VALUES( 249, 3973, 'Hokuriku Broadcasting', 'https://image.tmdb.org/t/p/original/dh4E8hGvqD9Xqu51kbqUU06UKbt.png') ON CONFLICT DO NOTHING;
INSERT INTO providers (mediaId, providerId, providerName, logoPath) VALUES( 249, 3974, 'Oita Broadcasting System', 'https://image.tmdb.org/t/p/original/yMQxsmGs88q54bslmcSeXlmpObC.png') ON CONFLICT DO NOTHING;
INSERT INTO providers (mediaId, providerId, providerName, logoPath) VALUES( 249, 3975, 'TV-U Fukushima', 'https://image.tmdb.org/t/p/original/6ACZlk44MWsIIwYHxjRGXGKlpRb.png') ON CONFLICT DO NOTHING;
INSERT INTO providers (mediaId, providerId, providerName, logoPath) VALUES( 249, 3977, 'RSK', 'https://image.tmdb.org/t/p/original/sGMMrdCmptaLLwJX7CsXTDaduLO.png') ON CONFLICT DO NOTHING;
INSERT INTO providers (mediaId, providerId, providerName, logoPath) VALUES( 249, 3978, 'TV-U Yamagata', 'https://image.tmdb.org/t/p/original/zOz9LK6WWLUWGuG0fthzDzCIXlA.png') ON CONFLICT DO NOTHING;
INSERT INTO providers (mediaId, providerId, providerName, logoPath) VALUES( 249, 3979, 'Tohoku Broadcasting', 'https://image.tmdb.org/t/p/original/yWlWHPUn6FHjNUulL1vp8croYFw.png') ON CONFLICT DO NOTHING;
INSERT INTO providers (mediaId, providerId, providerName, logoPath) VALUES( 249, 4748, 'RKB', 'https://image.tmdb.org/t/p/original/o5Hlt7ZXJPEm4Qrx2Pl2rtc9A5y.png') ON CONFLICT DO NOTHING;
INSERT INTO providers (mediaId, providerId, providerName, logoPath) VALUES( 249, 4792, 'TV Kochi Broadcasting', 'https://image.tmdb.org/t/p/original/8kzeHaKeW3gZubs3cqlGWFvfJI7.png') ON CONFLICT DO NOTHING;
INSERT INTO providers (mediaId, providerId, providerName, logoPath) VALUES( 249, 4859, 'Ryukyu Broadcasting', 'https://image.tmdb.org/t/p/original/6jr76BpIItwLV5oKbZmRJsVh3c6.png') ON CONFLICT DO NOTHING;
INSERT INTO providers (mediaId, providerId, providerName, logoPath) VALUES( 249, 6171, 'TV Yamanashi', 'https://image.tmdb.org/t/p/original/ekXN1cfYutjLfudy1MKyGzNynEa.png') ON CONFLICT DO NOTHING;
INSERT INTO providers (mediaId, providerId, providerName, logoPath) VALUES( 249, 6172, 'RCC', 'https://image.tmdb.org/t/p/original/mKslL0MTHHt9ukugWOv3Vh8Tn0E.png') ON CONFLICT DO NOTHING;
INSERT INTO providers (mediaId, providerId, providerName, logoPath) VALUES( 249, 6173, 'MRT Miyazaki Broadcasting', 'https://image.tmdb.org/t/p/original/YfewT1YYtAqkgvdu8oCX4mnJCs.png') ON CONFLICT DO NOTHING;
INSERT INTO providers (mediaId, providerId, providerName, logoPath) VALUES( 249, 6174, 'ATV', 'https://image.tmdb.org/t/p/original/aawphEBuBGT9RVP6xG3BZV8NOCw.png') ON CONFLICT DO NOTHING;
INSERT INTO providers (mediaId, providerId, providerName, logoPath) VALUES( 249, 6175, 'MBC South Japan Broadcasting', 'https://image.tmdb.org/t/p/original/iaaU6q82URj2mBbjQIbfAMUz14J.png') ON CONFLICT DO NOTHING;
INSERT INTO media (mediaId, type, name, originalLanguage, adult, releaseDate, overview, backdropPath, posterPath, trailerLink, tmdbRating,  status) VALUES(250, true, 'Richard Osman''s House of Games', 'en', False, '2017-09-04',  'Each week a group of four famous faces go toe to toe in testing their general knowledge skills in a variety of entertaining games.', 'https://image.tmdb.org/t/p/original/mkxcigG5i0vKc3kWddJxYB5vMoq.jpg', 'https://image.tmdb.org/t/p/original/g1D2iBtf39IdPGBNB6Nsy6oJRXr.jpg', 'None', 6.3, 'Returning Series') ON CONFLICT DO NOTHING;
INSERT INTO tv (mediaid , lastAirDate, nextEpisodeToAir, numberOfEpisodes, numberOfSeasons) VALUES( 250, '2023-10-17', '2023-10-18' , 530, 7) ON CONFLICT DO NOTHING;
INSERT INTO genres (mediaId, genre) VALUES(250, 'Comedy') ON CONFLICT DO NOTHING;
INSERT INTO genres (mediaId, genre) VALUES(250, 'Talk') ON CONFLICT DO NOTHING;
INSERT INTO actors (mediaId, actorId , actorName, characterName, profilePath) VALUES(250, 1359467, 'Richard Osman', 'Self - Presenter', 'https://image.tmdb.org/t/p/original/qaIl1FY7ZIKTpIZbym154LDk1sb.jpg') ON CONFLICT DO NOTHING;
INSERT INTO providers (mediaId, providerId, providerName, logoPath) VALUES( 250, 332, 'BBC Two', 'https://image.tmdb.org/t/p/original/6kl5tMuct7u3ej5myL4c9QQVSW1.png') ON CONFLICT DO NOTHING;
INSERT INTO media (mediaId, type, name, originalLanguage, adult, releaseDate, overview, backdropPath, posterPath, trailerLink, tmdbRating,  status) VALUES(251, true, 'Law & Order: Special Victims Unit', 'en', False, '1999-09-20',  'In the criminal justice system, sexually-based offenses are considered especially heinous. In New York City, the dedicated detectives who investigate these vicious felonies are members of an elite squad known as the Special Victims Unit. These are their stories.', 'https://image.tmdb.org/t/p/original/9xxLWtnFxkpJ2h1uthpvCRK6vta.jpg', 'https://image.tmdb.org/t/p/original/ywBt4WKADdMVgxTR1rS2uFwMYTH.jpg', 'None', 8, 'Returning Series') ON CONFLICT DO NOTHING;
INSERT INTO tv (mediaid , lastAirDate, nextEpisodeToAir, numberOfEpisodes, numberOfSeasons) VALUES( 251, '2023-05-18', NULL , 538, 24) ON CONFLICT DO NOTHING;
INSERT INTO genres (mediaId, genre) VALUES(251, 'Crime') ON CONFLICT DO NOTHING;
INSERT INTO genres (mediaId, genre) VALUES(251, 'Drama') ON CONFLICT DO NOTHING;
INSERT INTO genres (mediaId, genre) VALUES(251, 'Mystery') ON CONFLICT DO NOTHING;
INSERT INTO creators(mediaId, creatorId, creatorName) VALUES(251, 117443, 'Dick Wolf') ON CONFLICT DO NOTHING;
INSERT INTO actors (mediaId, actorId , actorName, characterName, profilePath) VALUES(251, 6240, 'Mariska Hargitay', 'Olivia Benson', 'https://image.tmdb.org/t/p/original/dQTXg59BAmEH6iUHQ3XUjg7drtd.jpg') ON CONFLICT DO NOTHING;
INSERT INTO actors (mediaId, actorId , actorName, characterName, profilePath) VALUES(251, 21411, 'Ice-T', 'Odafin ''Fin'' Tutuola', 'https://image.tmdb.org/t/p/original/iqyAw0iTgESyykWIUtMP0CoP88J.jpg') ON CONFLICT DO NOTHING;
INSERT INTO actors (mediaId, actorId , actorName, characterName, profilePath) VALUES(251, 1217599, 'Peter Scanavino', 'Dominick ''Sonny'' Carisi Jr.', 'https://image.tmdb.org/t/p/original/kQzX89Ar4rEC1wwHcuDMr0YxUve.jpg') ON CONFLICT DO NOTHING;
INSERT INTO actors (mediaId, actorId , actorName, characterName, profilePath) VALUES(251, 1478384, 'Octavio Pisano', 'Joe Velasco', 'https://image.tmdb.org/t/p/original/yc7adinUBQ9BIhkYZtABLNpXEeA.jpg') ON CONFLICT DO NOTHING;
INSERT INTO providers (mediaId, providerId, providerName, logoPath) VALUES( 251, 6, 'NBC', 'https://image.tmdb.org/t/p/original/cm111bsDVlYaC1foL0itvEI4yLG.png') ON CONFLICT DO NOTHING;
INSERT INTO media (mediaId, type, name, originalLanguage, adult, releaseDate, overview, backdropPath, posterPath, trailerLink, tmdbRating,  status) VALUES(252, true, 'La Orquestita', 'es', False, '2023-09-18',  '', 'https://image.tmdb.org/t/p/original/26fIuY9zEYW2EowRaRtk8eTkxcC.jpg', 'https://image.tmdb.org/t/p/original/fCCtlYlnc6sNWtO9Lgu0AZF1Hmf.jpg', 'None', 0, 'Returning Series') ON CONFLICT DO NOTHING;
INSERT INTO tv (mediaid , lastAirDate, nextEpisodeToAir, numberOfEpisodes, numberOfSeasons) VALUES( 252, '2023-10-17', '2023-10-18' , 26, 1) ON CONFLICT DO NOTHING;
INSERT INTO genres (mediaId, genre) VALUES(252, 'Animation') ON CONFLICT DO NOTHING;
INSERT INTO genres (mediaId, genre) VALUES(252, 'Kids') ON CONFLICT DO NOTHING;
INSERT INTO providers (mediaId, providerId, providerName, logoPath) VALUES( 252, 2565, 'Super3', 'https://image.tmdb.org/t/p/original/43vUOZkb5nBAYvYPj7haOeczoqU.png') ON CONFLICT DO NOTHING;
INSERT INTO providers (mediaId, providerId, providerName, logoPath) VALUES( 252, 2994, 'Clan', 'https://image.tmdb.org/t/p/original/mWKQRXxy55AtvYvI07wjFMhzpnV.png') ON CONFLICT DO NOTHING;
INSERT INTO media (mediaId, type, name, originalLanguage, adult, releaseDate, overview, backdropPath, posterPath, trailerLink, tmdbRating,  status) VALUES(253, true, 'The Fall of the House of Usher', 'en', False, '2023-10-12',  'Ruthless siblings Roderick and Madeline Usher have built Fortunato Pharmaceuticals into an empire of wealth, privilege and power. But past secrets come to light when the heirs to the Usher dynasty start dying at the hands of a mysterious woman from their youth.', 'https://image.tmdb.org/t/p/original/4qDlkEAKFb4pgIUbeJMLyHX2Xym.jpg', 'https://image.tmdb.org/t/p/original/2rl04pRCaGfz91lwfWdDQmOiGJp.jpg', 'https://www.youtube.com/watch?v=yvuAWVzP6wI', 7.6, 'Ended') ON CONFLICT DO NOTHING;
INSERT INTO tv (mediaid , lastAirDate, nextEpisodeToAir, numberOfEpisodes, numberOfSeasons) VALUES( 253, '2023-10-12', NULL , 8, 1) ON CONFLICT DO NOTHING;
INSERT INTO genres (mediaId, genre) VALUES(253, 'Crime') ON CONFLICT DO NOTHING;
INSERT INTO genres (mediaId, genre) VALUES(253, 'Drama') ON CONFLICT DO NOTHING;
INSERT INTO genres (mediaId, genre) VALUES(253, 'Mystery') ON CONFLICT DO NOTHING;
INSERT INTO creators(mediaId, creatorId, creatorName) VALUES(253, 551463, 'Mike Flanagan') ON CONFLICT DO NOTHING;
INSERT INTO actors (mediaId, actorId , actorName, characterName, profilePath) VALUES(253, 17832, 'Carla Gugino', 'Verna', 'https://image.tmdb.org/t/p/original/7lSH5LOexOHwvt9lOTsLTbXdU1G.jpg') ON CONFLICT DO NOTHING;
INSERT INTO actors (mediaId, actorId , actorName, characterName, profilePath) VALUES(253, 21089, 'Bruce Greenwood', 'Roderick Usher', 'https://image.tmdb.org/t/p/original/rVpyddWneBBYYzYhMRmWoHMg3Hg.jpg') ON CONFLICT DO NOTHING;
INSERT INTO actors (mediaId, actorId , actorName, characterName, profilePath) VALUES(253, 1581, 'Mary McDonnell', 'Madeline Usher', 'https://image.tmdb.org/t/p/original/qqdaaFLEPXbB8thVJJkYJ4WoAuj.jpg') ON CONFLICT DO NOTHING;
INSERT INTO actors (mediaId, actorId , actorName, characterName, profilePath) VALUES(253, 9976, 'Henry Thomas', 'Frederick Usher', 'https://image.tmdb.org/t/p/original/l5OZ4qrrRGnEPeNhZ8PcL5vhwOI.jpg') ON CONFLICT DO NOTHING;
INSERT INTO actors (mediaId, actorId , actorName, characterName, profilePath) VALUES(253, 932076, 'Kate Siegel', 'Camille L''Espanaye', 'https://image.tmdb.org/t/p/original/jJJGmVKvMFHMJEwyfiHgxXEFePO.jpg') ON CONFLICT DO NOTHING;
INSERT INTO actors (mediaId, actorId , actorName, characterName, profilePath) VALUES(253, 1416505, 'Rahul Kohli', 'Napoleon Usher', 'https://image.tmdb.org/t/p/original/9wTBpyPhyDRUfgR1MGSmsILuZ8d.jpg') ON CONFLICT DO NOTHING;
INSERT INTO actors (mediaId, actorId , actorName, characterName, profilePath) VALUES(253, 1331981, 'Samantha Sloyan', 'Tamerlane Usher', 'https://image.tmdb.org/t/p/original/prhRQ3npp7OwssXhxNUw0RTFjFw.jpg') ON CONFLICT DO NOTHING;
INSERT INTO actors (mediaId, actorId , actorName, characterName, profilePath) VALUES(253, 109325, 'T''Nia Miller', 'Victorine LaFourcade', 'https://image.tmdb.org/t/p/original/cON15HfebAGCgPUDcM3s4PL9LX2.jpg') ON CONFLICT DO NOTHING;
INSERT INTO actors (mediaId, actorId , actorName, characterName, profilePath) VALUES(253, 70303, 'Zach Gilford', 'Young Roderick Usher', 'https://image.tmdb.org/t/p/original/z7PA2poYtjl9KSy4S0IgW6d5Y9.jpg') ON CONFLICT DO NOTHING;
INSERT INTO actors (mediaId, actorId , actorName, characterName, profilePath) VALUES(253, 1318650, 'Willa Fitzgerald', 'Young Madeline Usher', 'https://image.tmdb.org/t/p/original/9BsLe9nGKMKvf0ftO2K1Xo7y2hZ.jpg') ON CONFLICT DO NOTHING;
INSERT INTO providers (mediaId, providerId, providerName, logoPath) VALUES( 253, 213, 'Netflix', 'https://image.tmdb.org/t/p/original/wwemzKWzjKYJFfCeiB57q3r4Bcm.png') ON CONFLICT DO NOTHING;
INSERT INTO media (mediaId, type, name, originalLanguage, adult, releaseDate, overview, backdropPath, posterPath, trailerLink, tmdbRating,  status) VALUES(254, true, 'Questions pour un champion', 'fr', False, NULL,  'Samuel Etienne hosts this emblematic game, which sees four candidates compete each evening around questions of general culture.', 'https://image.tmdb.org/t/p/original/n9u72dPMB1e3IpgN3LHRaons6gw.jpg', 'https://image.tmdb.org/t/p/original/tKb3dm32wUDQmWNfygbvTkYKobb.jpg', 'None', 3.6, 'Returning Series') ON CONFLICT DO NOTHING;
INSERT INTO tv (mediaid , lastAirDate, nextEpisodeToAir, numberOfEpisodes, numberOfSeasons) VALUES( 254, '2023-10-17', '2023-10-18' , 1566, 36) ON CONFLICT DO NOTHING;
INSERT INTO genres (mediaId, genre) VALUES(254, 'Reality') ON CONFLICT DO NOTHING;
INSERT INTO actors (mediaId, actorId , actorName, characterName, profilePath) VALUES(254, 2051830, 'Samuel Étienne', 'Himself', 'https://image.tmdb.org/t/p/original/6sADFEitRxlxMy88MXYENqkPG30.jpg') ON CONFLICT DO NOTHING;
INSERT INTO providers (mediaId, providerId, providerName, logoPath) VALUES( 254, 249, 'France 3', 'https://image.tmdb.org/t/p/original/1ePfTUHHvBlVQxa0Fltx5kWhIs5.png') ON CONFLICT DO NOTHING;
INSERT INTO media (mediaId, type, name, originalLanguage, adult, releaseDate, overview, backdropPath, posterPath, trailerLink, tmdbRating,  status) VALUES(255, true, 'Emmerdale', 'en', False, '1972-10-16',  'The lives of several families in the Yorkshire Dales revolve around a farm and the nearby village. With murders, affairs, lies, deceit, laughter and tears, it''s all there in the village.', 'https://image.tmdb.org/t/p/original/gXfxRePv8TNlbiioneAzL9QXaW0.jpg', 'https://image.tmdb.org/t/p/original/ualtuRRNYa9Fj61wSuBVcuvaVDP.jpg', 'None', 4.1, 'Returning Series') ON CONFLICT DO NOTHING;
INSERT INTO tv (mediaid , lastAirDate, nextEpisodeToAir, numberOfEpisodes, numberOfSeasons) VALUES( 255, '2023-10-17', '2023-10-18' , 6612, 33) ON CONFLICT DO NOTHING;
INSERT INTO genres (mediaId, genre) VALUES(255, 'Soap') ON CONFLICT DO NOTHING;
INSERT INTO genres (mediaId, genre) VALUES(255, 'Drama') ON CONFLICT DO NOTHING;
INSERT INTO creators(mediaId, creatorId, creatorName) VALUES(255, 1231858, 'Kevin Laffan') ON CONFLICT DO NOTHING;
INSERT INTO actors (mediaId, actorId , actorName, characterName, profilePath) VALUES(255, 1231797, 'Mark Charnock', 'Marlon Dingle', 'https://image.tmdb.org/t/p/original/shyYNH0Yw3pn7Piek1JSrMrHslR.jpg') ON CONFLICT DO NOTHING;
INSERT INTO actors (mediaId, actorId , actorName, characterName, profilePath) VALUES(255, 1073778, 'Dominic Brunt', 'Paddy Kirk', 'https://image.tmdb.org/t/p/original/uBH7jKI1TYdcTKDavf0EROq5jZS.jpg') ON CONFLICT DO NOTHING;
INSERT INTO actors (mediaId, actorId , actorName, characterName, profilePath) VALUES(255, 47864, 'Lesley Dunlop', 'Brenda Walker', 'https://image.tmdb.org/t/p/original/7X82PruKzTrgge15UKOiFagqYyp.jpg') ON CONFLICT DO NOTHING;
INSERT INTO actors (mediaId, actorId , actorName, characterName, profilePath) VALUES(255, 1231810, 'Tony Audenshaw', 'Bob Hope', 'https://image.tmdb.org/t/p/original/rnDSyRfMDXhVeJoumRKQMtTzPB6.jpg') ON CONFLICT DO NOTHING;
INSERT INTO actors (mediaId, actorId , actorName, characterName, profilePath) VALUES(255, 1219971, 'Samantha Giles', 'Bernice Thomas', 'https://image.tmdb.org/t/p/original/5ppuPtOz64W5GROIeBer7ubzyWp.jpg') ON CONFLICT DO NOTHING;
INSERT INTO actors (mediaId, actorId , actorName, characterName, profilePath) VALUES(255, 1991683, 'Roxy Shahidi', 'Leyla Harding', 'https://image.tmdb.org/t/p/original/bQo8YhBQvdyYZH3U7Kiirh7O8gf.jpg') ON CONFLICT DO NOTHING;
INSERT INTO actors (mediaId, actorId , actorName, characterName, profilePath) VALUES(255, 1991796, 'Adam Thomas', 'Adam Barton', 'None') ON CONFLICT DO NOTHING;
INSERT INTO actors (mediaId, actorId , actorName, characterName, profilePath) VALUES(255, 1746732, 'Zoë Henry', 'Rhona Goskirk', 'https://image.tmdb.org/t/p/original/7SpPBDfdyyebSzPkYvTttZdiNuG.jpg') ON CONFLICT DO NOTHING;
INSERT INTO actors (mediaId, actorId , actorName, characterName, profilePath) VALUES(255, 1228961, 'Michelle Hardwick', 'Vanessa Woodfield', 'https://image.tmdb.org/t/p/original/u2rVrYZAvuTX3SILiOE8DhP0B3W.jpg') ON CONFLICT DO NOTHING;
INSERT INTO actors (mediaId, actorId , actorName, characterName, profilePath) VALUES(255, 1731129, 'Isobel Steele', 'Liv Flaherty', 'None') ON CONFLICT DO NOTHING;
INSERT INTO providers (mediaId, providerId, providerName, logoPath) VALUES( 255, 9, 'ITV1', 'https://image.tmdb.org/t/p/original/oz9pjTHnBUmlju8OkaTymhKbh6C.png') ON CONFLICT DO NOTHING;
INSERT INTO media (mediaId, type, name, originalLanguage, adult, releaseDate, overview, backdropPath, posterPath, trailerLink, tmdbRating,  status) VALUES(256, true, 'The Late Late Show with Craig Ferguson', 'en', False, '2005-01-03',  'The Late Late Show with Craig Ferguson is an American late-night talk show hosted by Scottish American comedian Craig Ferguson, who is the third regular host of the Late Late Show franchise. It follows Late Show with David Letterman in the CBS late-night lineup, airing weekdays in the US at 12:37 a.m. It is taped in front of a live studio audience from Monday to Friday at CBS Television City in Los Angeles, California, directly above the Bob Barker Studio. It is produced by David Letterman''s production company Worldwide Pants Incorporated and CBS Television Studios.
Since becoming host on January 3, 2005, after Craig Kilborn and Tom Snyder, Ferguson has achieved the highest ratings since the show''s inception in 1995. While the majority of the episodes focus on comedy, Ferguson has also addressed difficult subject matter, such as the deaths of his parents, and undertaken serious interviews, such as one with Desmond Tutu, which earned the show a 2009 Peabody Award.', 'https://image.tmdb.org/t/p/original/m0bV3qBiJBBlpFaaKjwHo13MVjm.jpg', 'https://image.tmdb.org/t/p/original/gGC7zSDgG0FY0MbM1pjfhTCWQBI.jpg', 'None', 7, 'Ended') ON CONFLICT DO NOTHING;
INSERT INTO tv (mediaid , lastAirDate, nextEpisodeToAir, numberOfEpisodes, numberOfSeasons) VALUES( 256, '2014-12-19', NULL , 2057, 11) ON CONFLICT DO NOTHING;
INSERT INTO genres (mediaId, genre) VALUES(256, 'Comedy') ON CONFLICT DO NOTHING;
INSERT INTO genres (mediaId, genre) VALUES(256, 'Talk') ON CONFLICT DO NOTHING;
INSERT INTO actors (mediaId, actorId , actorName, characterName, profilePath) VALUES(256, 24264, 'Craig Ferguson', 'Self - Host', 'https://image.tmdb.org/t/p/original/mBxNrOxdQeM7bVBveE47Syj9ES6.jpg') ON CONFLICT DO NOTHING;
INSERT INTO providers (mediaId, providerId, providerName, logoPath) VALUES( 256, 16, 'CBS', 'https://image.tmdb.org/t/p/original/wju8KhOUsR5y4bH9p3Jc50hhaLO.png') ON CONFLICT DO NOTHING;
INSERT INTO media (mediaId, type, name, originalLanguage, adult, releaseDate, overview, backdropPath, posterPath, trailerLink, tmdbRating,  status) VALUES(257, true, 'Souryo to Majiwaru Shikiyoku no Yoru ni...', 'ja', False, '2017-04-03',  'At a high school reunion, Mio Fukatani reunites with a classmate she has not seen in years—Takahide Kujou. She had always wanted to know more about the kind-hearted boy in high school, but once she realizes that Kujou has become a monk, she believes that any chance of getting to know him romantically is slim. Deciding to drink away her sorrows, she ends up walking home drunk, and surprisingly, running into Kujou who helps her get home.
However, once inside, Kujou''s lust for Mio becomes apparent and the two share an erotic night of passion. As this steamy romance blossoms between these two unlikely lovers, Mio and Kujou will undoubtedly spend many nights together in utter ecstasy.', 'https://image.tmdb.org/t/p/original/5XkvrWdZT6gu3fP7EDJBHGAcD59.jpg', 'https://image.tmdb.org/t/p/original/ueI9EeoRdMVa7hWEm21nQEU8Zv3.jpg', 'None', 5.1, 'Ended') ON CONFLICT DO NOTHING;
INSERT INTO tv (mediaid , lastAirDate, nextEpisodeToAir, numberOfEpisodes, numberOfSeasons) VALUES( 257, '2017-06-19', NULL , 12, 1) ON CONFLICT DO NOTHING;
INSERT INTO genres (mediaId, genre) VALUES(257, 'Animation') ON CONFLICT DO NOTHING;
INSERT INTO genres (mediaId, genre) VALUES(257, 'Drama') ON CONFLICT DO NOTHING;
INSERT INTO actors (mediaId, actorId , actorName, characterName, profilePath) VALUES(257, 2317584, 'Renya Kojita', 'Yukitaka Kujou', 'None') ON CONFLICT DO NOTHING;
INSERT INTO actors (mediaId, actorId , actorName, characterName, profilePath) VALUES(257, 2317585, 'Paama Kurukuru', 'Kiyotaka Kujou', 'None') ON CONFLICT DO NOTHING;
INSERT INTO actors (mediaId, actorId , actorName, characterName, profilePath) VALUES(257, 2317586, 'Nerine Akiyama', 'Shiori Kujou', 'None') ON CONFLICT DO NOTHING;
INSERT INTO actors (mediaId, actorId , actorName, characterName, profilePath) VALUES(257, 1793614, 'Yuri Katou', 'Mio Fukatani', 'https://image.tmdb.org/t/p/original/zzYyP6i6FSgqiTmUNgHD4RptliF.jpg') ON CONFLICT DO NOTHING;
INSERT INTO actors (mediaId, actorId , actorName, characterName, profilePath) VALUES(257, 1577929, 'Shou Suzuki', 'Takahide Kujou', 'None') ON CONFLICT DO NOTHING;
INSERT INTO providers (mediaId, providerId, providerName, logoPath) VALUES( 257, 614, 'Tokyo MX', 'https://image.tmdb.org/t/p/original/hSdroyVthq3CynxTIIY7lnS8w1.png') ON CONFLICT DO NOTHING;
INSERT INTO media (mediaId, type, name, originalLanguage, adult, releaseDate, overview, backdropPath, posterPath, trailerLink, tmdbRating,  status) VALUES(258, true, 'Le Tricheur', 'fr', False, '2012-01-08',  'This daily quiz show puts strategy front and centre, as five celebrities answer general-knowledge questions to win money for their favourite charity. But here’s the catch: one of the five participants is cheating, because they’re secretly being fed the answers. The cheater’s mission is to play it smart so they can fool the other players and win the game without getting caught.', 'https://image.tmdb.org/t/p/original/hQmNB28ETKKWPBkdNnDbzSSgKtd.jpg', 'https://image.tmdb.org/t/p/original/voN5rAppQ9vgX3BzFRtSz3ohbmB.jpg', 'None', 5, 'Returning Series') ON CONFLICT DO NOTHING;
INSERT INTO tv (mediaid , lastAirDate, nextEpisodeToAir, numberOfEpisodes, numberOfSeasons) VALUES( 258, '2023-10-17', '2023-10-18' , 1867, 12) ON CONFLICT DO NOTHING;
INSERT INTO genres (mediaId, genre) VALUES(258, 'Reality') ON CONFLICT DO NOTHING;
INSERT INTO actors (mediaId, actorId , actorName, characterName, profilePath) VALUES(258, 84576, 'Guy Jodoin', 'Self - Host', 'https://image.tmdb.org/t/p/original/jMQh7cmGga7E7Q6conbsmBb2F3I.jpg') ON CONFLICT DO NOTHING;
INSERT INTO providers (mediaId, providerId, providerName, logoPath) VALUES( 258, 302, 'TVA', 'https://image.tmdb.org/t/p/original/gc3SsJUQa7mGnHLds13zzoxG3zd.png') ON CONFLICT DO NOTHING;
INSERT INTO media (mediaId, type, name, originalLanguage, adult, releaseDate, overview, backdropPath, posterPath, trailerLink, tmdbRating,  status) VALUES(259, true, 'STAT', 'fr', False, '2022-09-12',  'The daily lives of the personnel of the St-Vincent hospital in Montréal.', 'https://image.tmdb.org/t/p/original/17CJzNN1gEeqTvznJFMdYdmvqIg.jpg', 'https://image.tmdb.org/t/p/original/i8t2DQVBv7rfJeUerVSIWGyMLqw.jpg', 'None', 5.8, 'Returning Series') ON CONFLICT DO NOTHING;
INSERT INTO tv (mediaid , lastAirDate, nextEpisodeToAir, numberOfEpisodes, numberOfSeasons) VALUES( 259, '2023-10-17', '2023-10-18' , 148, 2) ON CONFLICT DO NOTHING;
INSERT INTO genres (mediaId, genre) VALUES(259, 'Drama') ON CONFLICT DO NOTHING;
INSERT INTO actors (mediaId, actorId , actorName, characterName, profilePath) VALUES(259, 142689, 'Suzanne Clément', 'Emmanuelle St-Cyr', 'https://image.tmdb.org/t/p/original/at0Z7xuA8SiHTqpI6lsEwDQyMe8.jpg') ON CONFLICT DO NOTHING;
INSERT INTO actors (mediaId, actorId , actorName, characterName, profilePath) VALUES(259, 234117, 'Patrick Labbé', 'Philippe Dupéré', 'https://image.tmdb.org/t/p/original/dA9LVwp1WXStEYDCfyBKZ6al1WP.jpg') ON CONFLICT DO NOTHING;
INSERT INTO actors (mediaId, actorId , actorName, characterName, profilePath) VALUES(259, 1537727, 'Geneviève Schmidt', 'Isabelle Granger', 'https://image.tmdb.org/t/p/original/uT2auphL1cAUeGOwcEbZi39JyM.jpg') ON CONFLICT DO NOTHING;
INSERT INTO actors (mediaId, actorId , actorName, characterName, profilePath) VALUES(259, 24896, 'Stéphane Rousseau', 'Éric Perron', 'https://image.tmdb.org/t/p/original/mDJkNPVzafq4HtbaVDVM901Mx0r.jpg') ON CONFLICT DO NOTHING;
INSERT INTO actors (mediaId, actorId , actorName, characterName, profilePath) VALUES(259, 1396773, 'Virginie Ranger-Beauregard', 'Delphine Martin', 'https://image.tmdb.org/t/p/original/gckID5dqAwIUTQk3CU9R8vUQiCa.jpg') ON CONFLICT DO NOTHING;
INSERT INTO actors (mediaId, actorId , actorName, characterName, profilePath) VALUES(259, 1508581, 'Lou-Pascal Tremblay', 'Jacob Faubert', 'https://image.tmdb.org/t/p/original/76mH0x2ilIOGzzbZesw3kZ3Wuf5.jpg') ON CONFLICT DO NOTHING;
INSERT INTO actors (mediaId, actorId , actorName, characterName, profilePath) VALUES(259, 123921, 'Normand D''Amour', 'Pascal St-Cyr', 'https://image.tmdb.org/t/p/original/oHLT61FImSHMC14Epk0YT9fU8K9.jpg') ON CONFLICT DO NOTHING;
INSERT INTO actors (mediaId, actorId , actorName, characterName, profilePath) VALUES(259, 1386210, 'Ludivine Reding', 'Sophia St-Jean', 'https://image.tmdb.org/t/p/original/s4yOx2ctirpfIXYIwIeo5fGVqp6.jpg') ON CONFLICT DO NOTHING;
INSERT INTO providers (mediaId, providerId, providerName, logoPath) VALUES( 259, 141, 'ICI Radio-Canada Télé', 'https://image.tmdb.org/t/p/original/32OnRA75a9xn30N2fC44IcCzHkC.png') ON CONFLICT DO NOTHING;
INSERT INTO media (mediaId, type, name, originalLanguage, adult, releaseDate, overview, backdropPath, posterPath, trailerLink, tmdbRating,  status) VALUES(260, true, 'Hollyoaks', 'en', False, '1995-10-23',  'The daily soap that follows the loves, lives and misdemeanours of a group of people living in the Chester village of Hollyoaks where anything could, and frequently does, happen...', 'https://image.tmdb.org/t/p/original/r8CGqB8IJNbA1IruHWquS7YttNB.jpg', 'https://image.tmdb.org/t/p/original/5sbMgcbpzZn8aKETeanrKDANzdM.jpg', 'None', 5.3, 'Returning Series') ON CONFLICT DO NOTHING;
INSERT INTO tv (mediaid , lastAirDate, nextEpisodeToAir, numberOfEpisodes, numberOfSeasons) VALUES( 260, '2023-10-17', '2023-10-18' , 3497, 29) ON CONFLICT DO NOTHING;
INSERT INTO genres (mediaId, genre) VALUES(260, 'Soap') ON CONFLICT DO NOTHING;
INSERT INTO creators(mediaId, creatorId, creatorName) VALUES(260, 1221489, 'Phil Redmond') ON CONFLICT DO NOTHING;
INSERT INTO actors (mediaId, actorId , actorName, characterName, profilePath) VALUES(260, 87089, 'Nick Pickard', 'Tony Hutchinson', 'https://image.tmdb.org/t/p/original/jBiQkvFafMGoqcsZ77UbsBeLgI3.jpg') ON CONFLICT DO NOTHING;
INSERT INTO actors (mediaId, actorId , actorName, characterName, profilePath) VALUES(260, 1221466, 'Jessica Fox', 'Nancy Osborne / Nancy Hayton / Nancy Dean', 'https://image.tmdb.org/t/p/original/ryvhaXqwPrO66uwEOMT6AmS4Tb2.jpg') ON CONFLICT DO NOTHING;
INSERT INTO actors (mediaId, actorId , actorName, characterName, profilePath) VALUES(260, 1221461, 'Claire Cooper', 'Jacqui McQueen / Jacqui Ashworth / Jacqui Malota', 'https://image.tmdb.org/t/p/original/ie6giszmrB0XzExFVVSK2WkJNJK.jpg') ON CONFLICT DO NOTHING;
INSERT INTO actors (mediaId, actorId , actorName, characterName, profilePath) VALUES(260, 545195, 'Guy Burnet', 'Craig Dean', 'https://image.tmdb.org/t/p/original/ksxpXRLJplv8kSfEHPYdboIwNfi.jpg') ON CONFLICT DO NOTHING;
INSERT INTO actors (mediaId, actorId , actorName, characterName, profilePath) VALUES(260, 2261558, 'Caroline Koziol', 'Katja', 'None') ON CONFLICT DO NOTHING;
INSERT INTO providers (mediaId, providerId, providerName, logoPath) VALUES( 260, 26, 'Channel 4', 'https://image.tmdb.org/t/p/original/hbifXPpM55B1fL5wPo7t72vzN78.png') ON CONFLICT DO NOTHING;
INSERT INTO media (mediaId, type, name, originalLanguage, adult, releaseDate, overview, backdropPath, posterPath, trailerLink, tmdbRating,  status) VALUES(261, true, 'PBS NewsHour', 'en', False, '1975-10-20',  'America''s first and longest running hour-long nightly news broadcast known for its in-depth coverage of issues and current events.', 'https://image.tmdb.org/t/p/original/yCUmQNxD7hmZnS3FxCf4nn6x5FP.jpg', 'https://image.tmdb.org/t/p/original/n2ENKd1fKB1v12c9rCwFpjMz3mr.jpg', 'None', 5.4, 'Returning Series') ON CONFLICT DO NOTHING;
INSERT INTO tv (mediaid , lastAirDate, nextEpisodeToAir, numberOfEpisodes, numberOfSeasons) VALUES( 261, '2023-10-17', '2023-10-18' , 2591, 13) ON CONFLICT DO NOTHING;
INSERT INTO genres (mediaId, genre) VALUES(261, 'News') ON CONFLICT DO NOTHING;
INSERT INTO creators(mediaId, creatorId, creatorName) VALUES(261, 975085, 'Jim Lehrer') ON CONFLICT DO NOTHING;
INSERT INTO creators(mediaId, creatorId, creatorName) VALUES(261, 1226254, 'Robert MacNeil') ON CONFLICT DO NOTHING;
INSERT INTO actors (mediaId, actorId , actorName, characterName, profilePath) VALUES(261, 3486288, 'Amna Nawaz', 'Self - Anchor', 'https://image.tmdb.org/t/p/original/2o4VHUK5l4ycglwhhDJjf9hL7LC.jpg') ON CONFLICT DO NOTHING;
INSERT INTO actors (mediaId, actorId , actorName, characterName, profilePath) VALUES(261, 3789550, 'Geoff Bennett', 'Self - Anchor', 'https://image.tmdb.org/t/p/original/1jjt7lNuqrIuUZLq13ekAMnFtQ3.jpg') ON CONFLICT DO NOTHING;
INSERT INTO providers (mediaId, providerId, providerName, logoPath) VALUES( 261, 14, 'PBS', 'https://image.tmdb.org/t/p/original/hp2Fs7AIdsMlEjiDUC1V8Ows2jM.png') ON CONFLICT DO NOTHING;
INSERT INTO media (mediaId, type, name, originalLanguage, adult, releaseDate, overview, backdropPath, posterPath, trailerLink, tmdbRating,  status) VALUES(262, true, 'The Good Doctor', 'en', False, '2017-09-25',  'Shaun Murphy, a young surgeon with autism and savant syndrome, relocates from a quiet country life to join a prestigious hospital''s surgical unit. Unable to personally connect with those around him, Shaun uses his extraordinary medical gifts to save lives and challenge the skepticism of his colleagues.', 'https://image.tmdb.org/t/p/original/xXRsKNJHTOGrs5wfYAxkbM2RiyT.jpg', 'https://image.tmdb.org/t/p/original/luhKkdD80qe62fwop6sdrXK9jUT.jpg', 'https://www.youtube.com/watch?v=lnY9FWUTY84', 8.5, 'Returning Series') ON CONFLICT DO NOTHING;
INSERT INTO tv (mediaid , lastAirDate, nextEpisodeToAir, numberOfEpisodes, numberOfSeasons) VALUES( 262, '2023-05-01', NULL , 116, 6) ON CONFLICT DO NOTHING;
INSERT INTO genres (mediaId, genre) VALUES(262, 'Drama') ON CONFLICT DO NOTHING;
INSERT INTO creators(mediaId, creatorId, creatorName) VALUES(262, 169061, 'David Shore') ON CONFLICT DO NOTHING;
INSERT INTO actors (mediaId, actorId , actorName, characterName, profilePath) VALUES(262, 1281, 'Freddie Highmore', 'Shaun Murphy', 'https://image.tmdb.org/t/p/original/9larfGVg8ALIVFkr7cZzv4Emh1F.jpg') ON CONFLICT DO NOTHING;
INSERT INTO actors (mediaId, actorId , actorName, characterName, profilePath) VALUES(262, 1233749, 'Fiona Gubelmann', 'Morgan Reznick', 'https://image.tmdb.org/t/p/original/lwTOkAd2vb6mlNqrIWlVlYGnz2C.jpg') ON CONFLICT DO NOTHING;
INSERT INTO actors (mediaId, actorId , actorName, characterName, profilePath) VALUES(262, 10884, 'Will Yun Lee', 'Alex Park', 'https://image.tmdb.org/t/p/original/zR29E2BHrp6PF7bxD6bVq0nDZXm.jpg') ON CONFLICT DO NOTHING;
INSERT INTO actors (mediaId, actorId , actorName, characterName, profilePath) VALUES(262, 1215689, 'Christina Chang', 'Audrey Lim', 'https://image.tmdb.org/t/p/original/p1m4Da7ZOt6BOcXy4T58Mu3jAY3.jpg') ON CONFLICT DO NOTHING;
INSERT INTO actors (mediaId, actorId , actorName, characterName, profilePath) VALUES(262, 1454610, 'Paige Spara', 'Lea Dilallo', 'https://image.tmdb.org/t/p/original/elcx21E3X5xBjW31gXBJnWTSvYX.jpg') ON CONFLICT DO NOTHING;
INSERT INTO actors (mediaId, actorId , actorName, characterName, profilePath) VALUES(262, 2601751, 'Bria Samoné Henderson', 'Jordan Allen', 'https://image.tmdb.org/t/p/original/b2Zi6Hb6SLLunl3Ndr9OLz8bTld.jpg') ON CONFLICT DO NOTHING;
INSERT INTO actors (mediaId, actorId , actorName, characterName, profilePath) VALUES(262, 1472747, 'Noah Galvin', 'Asher Wolke', 'https://image.tmdb.org/t/p/original/wKGpfo1BHeNMvFVGVJjGqOgiaMh.jpg') ON CONFLICT DO NOTHING;
INSERT INTO actors (mediaId, actorId , actorName, characterName, profilePath) VALUES(262, 57686, 'Hill Harper', 'Marcus Andrews', 'https://image.tmdb.org/t/p/original/cgaRPrgB4DBxogIgiLwuABVmJVw.jpg') ON CONFLICT DO NOTHING;
INSERT INTO actors (mediaId, actorId , actorName, characterName, profilePath) VALUES(262, 31028, 'Richard Schiff', 'Aaron Glassman', 'https://image.tmdb.org/t/p/original/oFDka3Y5H3DBiZRqbdPabtX8ncP.jpg') ON CONFLICT DO NOTHING;
INSERT INTO providers (mediaId, providerId, providerName, logoPath) VALUES( 262, 2, 'ABC', 'https://image.tmdb.org/t/p/original/2uy2ZWcplrSObIyt4x0Y9rkG6qO.png') ON CONFLICT DO NOTHING;
INSERT INTO media (mediaId, type, name, originalLanguage, adult, releaseDate, overview, backdropPath, posterPath, trailerLink, tmdbRating,  status) VALUES(263, true, 'The Continental: From the World of John Wick', 'en', False, '2023-09-22',  'Winston Scott is roped into a world of assassins and must make things right after his brother''s attack on the Continental hotel.', 'https://image.tmdb.org/t/p/original/4DxHcIQfw3ungfQVqupJ8K62M3d.jpg', 'https://image.tmdb.org/t/p/original/2urdwqEL9FRkGMKAkhfvWTALG00.jpg', 'https://www.youtube.com/watch?v=Z3KmgnQbor8', 7.8, 'Ended') ON CONFLICT DO NOTHING;
INSERT INTO tv (mediaid , lastAirDate, nextEpisodeToAir, numberOfEpisodes, numberOfSeasons) VALUES( 263, '2023-10-06', NULL , 3, 1) ON CONFLICT DO NOTHING;
INSERT INTO genres (mediaId, genre) VALUES(263, 'Crime') ON CONFLICT DO NOTHING;
INSERT INTO genres (mediaId, genre) VALUES(263, 'Drama') ON CONFLICT DO NOTHING;
INSERT INTO genres (mediaId, genre) VALUES(263, 'Action & Adventure') ON CONFLICT DO NOTHING;
INSERT INTO creators(mediaId, creatorId, creatorName) VALUES(263, 47364, 'Greg Coolidge') ON CONFLICT DO NOTHING;
INSERT INTO creators(mediaId, creatorId, creatorName) VALUES(263, 154697, 'Kirk Ward') ON CONFLICT DO NOTHING;
INSERT INTO creators(mediaId, creatorId, creatorName) VALUES(263, 1521958, 'Shawn Simmons') ON CONFLICT DO NOTHING;
INSERT INTO actors (mediaId, actorId , actorName, characterName, profilePath) VALUES(263, 2461, 'Mel Gibson', 'Cormac O''Connor', 'https://image.tmdb.org/t/p/original/jnqHMaOslt8cef2atSmOpGRvNla.jpg') ON CONFLICT DO NOTHING;
INSERT INTO actors (mediaId, actorId , actorName, characterName, profilePath) VALUES(263, 1660946, 'Colin Woodell', 'Winston Scott', 'https://image.tmdb.org/t/p/original/sMd7ba1hWVm5E1Lf5VYcj82ouod.jpg') ON CONFLICT DO NOTHING;
INSERT INTO actors (mediaId, actorId , actorName, characterName, profilePath) VALUES(263, 1687908, 'Mishel Prada', 'Kate ''KD'' Di Silva', 'https://image.tmdb.org/t/p/original/skvHoSnDH91y1rkfbEIVwaqmueQ.jpg') ON CONFLICT DO NOTHING;
INSERT INTO actors (mediaId, actorId , actorName, characterName, profilePath) VALUES(263, 1180098, 'Hubert Point-Du Jour', 'Miles Burton', 'https://image.tmdb.org/t/p/original/pmY6QlYF6YTCPiXED0Lcv5RP68d.jpg') ON CONFLICT DO NOTHING;
INSERT INTO actors (mediaId, actorId , actorName, characterName, profilePath) VALUES(263, 1359537, 'Nhung Kate', 'Yen', 'https://image.tmdb.org/t/p/original/hYLUp9Q2OA5P76kthfuerJtYStj.jpg') ON CONFLICT DO NOTHING;
INSERT INTO actors (mediaId, actorId , actorName, characterName, profilePath) VALUES(263, 2101949, 'Jessica Allain', 'Lou Burton', 'https://image.tmdb.org/t/p/original/yCA3PrphTrn7WY2eqxBttwXkdCh.jpg') ON CONFLICT DO NOTHING;
INSERT INTO actors (mediaId, actorId , actorName, characterName, profilePath) VALUES(263, 3304268, 'Ayomide Adegun', 'Charon', 'https://image.tmdb.org/t/p/original/xr9FCT795eagVq1aAVCVkLbI1Ba.jpg') ON CONFLICT DO NOTHING;
INSERT INTO actors (mediaId, actorId , actorName, characterName, profilePath) VALUES(263, 74961, 'Jeremy Bobb', 'Mayhew', 'https://image.tmdb.org/t/p/original/4f4nYrCuwEbgEPFOK78SdSwoKuT.jpg') ON CONFLICT DO NOTHING;
INSERT INTO actors (mediaId, actorId , actorName, characterName, profilePath) VALUES(263, 1383389, 'Ben Robson', 'Frankie Scott', 'https://image.tmdb.org/t/p/original/5PC13qMbigvYXd4rhay6VgHJXhX.jpg') ON CONFLICT DO NOTHING;
INSERT INTO providers (mediaId, providerId, providerName, logoPath) VALUES( 263, 3353, 'Peacock', 'https://image.tmdb.org/t/p/original/gIAcGTjKKr0KOHL5s4O36roJ8p7.png') ON CONFLICT DO NOTHING;
INSERT INTO media (mediaId, type, name, originalLanguage, adult, releaseDate, overview, backdropPath, posterPath, trailerLink, tmdbRating,  status) VALUES(264, true, 'Wagle Ki Duniya', 'hi', False, '2021-02-08',  'Three generations of the family live together, who share all their happiness and sorrows. Follow the story of this family as they bring laughter to each other''s lives and will make your heart melt. A new generation of the old critically acclaimed show is here to take you on a roller coaster ride of emotions.', 'https://image.tmdb.org/t/p/original/mqnyFBK7RMZaGhD6gVHspoUYK6I.jpg', 'https://image.tmdb.org/t/p/original/jKonm6Q3vw51Ytd4y7bJ70xJT7l.jpg', 'None', 7.5, 'Returning Series') ON CONFLICT DO NOTHING;
INSERT INTO tv (mediaid , lastAirDate, nextEpisodeToAir, numberOfEpisodes, numberOfSeasons) VALUES( 264, '2023-10-17', '2023-10-18' , 806, 1) ON CONFLICT DO NOTHING;
INSERT INTO genres (mediaId, genre) VALUES(264, 'Comedy') ON CONFLICT DO NOTHING;
INSERT INTO genres (mediaId, genre) VALUES(264, 'Drama') ON CONFLICT DO NOTHING;
INSERT INTO genres (mediaId, genre) VALUES(264, 'Family') ON CONFLICT DO NOTHING;
INSERT INTO creators(mediaId, creatorId, creatorName) VALUES(264, 142630, 'Aatish Kapadia') ON CONFLICT DO NOTHING;
INSERT INTO creators(mediaId, creatorId, creatorName) VALUES(264, 1251306, 'JD Majethia') ON CONFLICT DO NOTHING;
INSERT INTO actors (mediaId, actorId , actorName, characterName, profilePath) VALUES(264, 2985933, 'Chinmayee Salvi', 'Sakhi Wagle', 'https://image.tmdb.org/t/p/original/qVmSoM6KMtwnXHb8hQp6MmzNHi.jpg') ON CONFLICT DO NOTHING;
INSERT INTO actors (mediaId, actorId , actorName, characterName, profilePath) VALUES(264, 2985934, 'Sheehan Kapahi', 'Atharva Wagle', 'https://image.tmdb.org/t/p/original/53sQe1wkhYZZdXmeL9X4ky7sCal.jpg') ON CONFLICT DO NOTHING;
INSERT INTO actors (mediaId, actorId , actorName, characterName, profilePath) VALUES(264, 2985936, 'Deepak Pareek', 'Dakshesh "Dakku" Joshipura', 'https://image.tmdb.org/t/p/original/jJgSmOJKcDFkPyQnpPLFePguTWm.jpg') ON CONFLICT DO NOTHING;
INSERT INTO actors (mediaId, actorId , actorName, characterName, profilePath) VALUES(264, 1251860, 'Sumeet Raghvan', 'Rajesh Wagle', 'https://image.tmdb.org/t/p/original/4dOV251KBVkZSyG9MbGgt5dDKeo.jpg') ON CONFLICT DO NOTHING;
INSERT INTO actors (mediaId, actorId , actorName, characterName, profilePath) VALUES(264, 1256440, 'Pariva Pranati', 'Vandana Wagle', 'https://image.tmdb.org/t/p/original/fbWxha60hJQQQLfEzj7Cjc6qaxB.jpg') ON CONFLICT DO NOTHING;
INSERT INTO actors (mediaId, actorId , actorName, characterName, profilePath) VALUES(264, 86055, 'Aanjjan Srivastav', 'Srinivas Wagle', 'https://image.tmdb.org/t/p/original/bF5vxtg7bc57bTunHq70dWwalRy.jpg') ON CONFLICT DO NOTHING;
INSERT INTO actors (mediaId, actorId , actorName, characterName, profilePath) VALUES(264, 587092, 'Bharati Achrekar', 'Radhika Wagle', 'https://image.tmdb.org/t/p/original/8bn9lW8gBj4kmVMlTutgpSzYUQj.jpg') ON CONFLICT DO NOTHING;
INSERT INTO actors (mediaId, actorId , actorName, characterName, profilePath) VALUES(264, 3840951, 'Vipul Deshpande', 'Manoj Wagle', 'None') ON CONFLICT DO NOTHING;
INSERT INTO actors (mediaId, actorId , actorName, characterName, profilePath) VALUES(264, 4082576, 'Manasi Joshi', 'Dr. Yamini "Yam" Joshipura', 'None') ON CONFLICT DO NOTHING;
INSERT INTO actors (mediaId, actorId , actorName, characterName, profilePath) VALUES(264, 4082580, 'Amit Soni', 'Harshad Agrawal', 'None') ON CONFLICT DO NOTHING;
INSERT INTO providers (mediaId, providerId, providerName, logoPath) VALUES( 264, 1708, 'Sab Tv', 'https://image.tmdb.org/t/p/original/3hNAuxQ7LWXfbkTlMptD7shp7UE.png') ON CONFLICT DO NOTHING;
INSERT INTO media (mediaId, type, name, originalLanguage, adult, releaseDate, overview, backdropPath, posterPath, trailerLink, tmdbRating,  status) VALUES(265, true, 'Suits', 'en', False, '2011-06-23',  'While running from a drug deal gone bad, Mike Ross, a brilliant young college-dropout, slips into a job interview with one of New York City''s best legal closers, Harvey Specter. Tired of cookie-cutter law school grads, Harvey takes a gamble by hiring Mike on the spot after he recognizes his raw talent and photographic memory.', 'https://image.tmdb.org/t/p/original/or0E36KfzJYZwqXeiCfm1JgepKF.jpg', 'https://image.tmdb.org/t/p/original/vQiryp6LioFxQThywxbC6TuoDjy.jpg', 'https://www.youtube.com/watch?v=cUnkjEIW2-o', 8.2, 'Ended') ON CONFLICT DO NOTHING;
INSERT INTO tv (mediaid , lastAirDate, nextEpisodeToAir, numberOfEpisodes, numberOfSeasons) VALUES( 265, '2019-09-25', NULL , 134, 9) ON CONFLICT DO NOTHING;
INSERT INTO genres (mediaId, genre) VALUES(265, 'Drama') ON CONFLICT DO NOTHING;
INSERT INTO creators(mediaId, creatorId, creatorName) VALUES(265, 1254209, 'Aaron Korsh') ON CONFLICT DO NOTHING;
INSERT INTO actors (mediaId, actorId , actorName, characterName, profilePath) VALUES(265, 16856, 'Gabriel Macht', 'Harvey Specter', 'https://image.tmdb.org/t/p/original/mc0zlgOviaVnfrIQ0igHDg4sHH0.jpg') ON CONFLICT DO NOTHING;
INSERT INTO actors (mediaId, actorId , actorName, characterName, profilePath) VALUES(265, 154856, 'Sarah Rafferty', 'Donna Paulsen', 'https://image.tmdb.org/t/p/original/nmoQeAVnRkTL4YS26gQcjeuvMcM.jpg') ON CONFLICT DO NOTHING;
INSERT INTO actors (mediaId, actorId , actorName, characterName, profilePath) VALUES(265, 65871, 'Amanda Schull', 'Katrina Bennett', 'https://image.tmdb.org/t/p/original/uXcKWYCGoDJilx3fCYBkUBSuQ2k.jpg') ON CONFLICT DO NOTHING;
INSERT INTO actors (mediaId, actorId , actorName, characterName, profilePath) VALUES(265, 1216133, 'Rick Hoffman', 'Louis Litt', 'https://image.tmdb.org/t/p/original/yRjH4z0lKgvjxZ07P7bvRpZy95q.jpg') ON CONFLICT DO NOTHING;
INSERT INTO actors (mediaId, actorId , actorName, characterName, profilePath) VALUES(265, 122756, 'Dulé Hill', 'Alex Williams', 'https://image.tmdb.org/t/p/original/fPJ8lIx6WwBgO2AhnHQSeiZiAUy.jpg') ON CONFLICT DO NOTHING;
INSERT INTO actors (mediaId, actorId , actorName, characterName, profilePath) VALUES(265, 25541, 'Katherine Heigl', 'Samantha Wheeler', 'https://image.tmdb.org/t/p/original/hjtNdbdy1qn25y5SGl71y8nR0Kg.jpg') ON CONFLICT DO NOTHING;
INSERT INTO providers (mediaId, providerId, providerName, logoPath) VALUES( 265, 30, 'USA Network', 'https://image.tmdb.org/t/p/original/g1e0H0Ka97IG5SyInMXdJkHGKiH.png') ON CONFLICT DO NOTHING;
INSERT INTO media (mediaId, type, name, originalLanguage, adult, releaseDate, overview, backdropPath, posterPath, trailerLink, tmdbRating,  status) VALUES(266, true, 'Game of Thrones', 'en', False, '2011-04-17',  'Seven noble families fight for control of the mythical land of Westeros. Friction between the houses leads to full-scale war. All while a very ancient evil awakens in the farthest north. Amidst the war, a neglected military order of misfits, the Night''s Watch, is all that stands between the realms of men and icy horrors beyond.', 'https://image.tmdb.org/t/p/original/2OMB0ynKlyIenMJWI2Dy9IWT4c.jpg', 'https://image.tmdb.org/t/p/original/1XS1oqL89opfnbLl8WnZY1O1uJx.jpg', 'https://www.youtube.com/watch?v=KPLWWIOCOOQ', 8.4, 'Ended') ON CONFLICT DO NOTHING;
INSERT INTO tv (mediaid , lastAirDate, nextEpisodeToAir, numberOfEpisodes, numberOfSeasons) VALUES( 266, '2019-05-19', NULL , 73, 8) ON CONFLICT DO NOTHING;
INSERT INTO genres (mediaId, genre) VALUES(266, 'Sci-Fi & Fantasy') ON CONFLICT DO NOTHING;
INSERT INTO genres (mediaId, genre) VALUES(266, 'Drama') ON CONFLICT DO NOTHING;
INSERT INTO genres (mediaId, genre) VALUES(266, 'Action & Adventure') ON CONFLICT DO NOTHING;
INSERT INTO creators(mediaId, creatorId, creatorName) VALUES(266, 9813, 'David Benioff') ON CONFLICT DO NOTHING;
INSERT INTO creators(mediaId, creatorId, creatorName) VALUES(266, 228068, 'D.B. Weiss') ON CONFLICT DO NOTHING;
INSERT INTO actors (mediaId, actorId , actorName, characterName, profilePath) VALUES(266, 22970, 'Peter Dinklage', 'Tyrion ''The Halfman'' Lannister', 'https://image.tmdb.org/t/p/original/9CAd7wr8QZyIN0E7nm8v1B6WkGn.jpg') ON CONFLICT DO NOTHING;
INSERT INTO actors (mediaId, actorId , actorName, characterName, profilePath) VALUES(266, 239019, 'Kit Harington', 'Jon Snow', 'https://image.tmdb.org/t/p/original/htGBMno71BJAEGF3Y9f62MdA3Yt.jpg') ON CONFLICT DO NOTHING;
INSERT INTO actors (mediaId, actorId , actorName, characterName, profilePath) VALUES(266, 12795, 'Nikolaj Coster-Waldau', 'Sir Jaime ''Kingslayer'' Lannister', 'https://image.tmdb.org/t/p/original/rpFOERbHkj7GWxkinUNiQ76sSGk.jpg') ON CONFLICT DO NOTHING;
INSERT INTO actors (mediaId, actorId , actorName, characterName, profilePath) VALUES(266, 17286, 'Lena Headey', 'Cersei Lannister', 'https://image.tmdb.org/t/p/original/rKoDN3VOIkvoubUsuYXgMe93hJW.jpg') ON CONFLICT DO NOTHING;
INSERT INTO actors (mediaId, actorId , actorName, characterName, profilePath) VALUES(266, 1223786, 'Emilia Clarke', 'Daenerys Targaryen', 'https://image.tmdb.org/t/p/original/wb8VfDPGpyqcFltnRcJR1Wj3h4Z.jpg') ON CONFLICT DO NOTHING;
INSERT INTO actors (mediaId, actorId , actorName, characterName, profilePath) VALUES(266, 15498, 'Liam Cunningham', 'Davos Seaworth', 'https://image.tmdb.org/t/p/original/ljmFT9zYqh4k2bmEcNU6rxoE7fW.jpg') ON CONFLICT DO NOTHING;
INSERT INTO actors (mediaId, actorId , actorName, characterName, profilePath) VALUES(266, 1181313, 'Maisie Williams', 'Arya Stark', 'https://image.tmdb.org/t/p/original/5RjD4dDpRDAhalFtvcUj7zdLWYB.jpg') ON CONFLICT DO NOTHING;
INSERT INTO actors (mediaId, actorId , actorName, characterName, profilePath) VALUES(266, 239020, 'Isaac Hempstead-Wright', 'Brandon ''Bran'' Stark', 'https://image.tmdb.org/t/p/original/gabehMRu2XPnmjLA1XQ8oYNwnG5.jpg') ON CONFLICT DO NOTHING;
INSERT INTO actors (mediaId, actorId , actorName, characterName, profilePath) VALUES(266, 1001657, 'Sophie Turner', 'Sansa Stark', 'https://image.tmdb.org/t/p/original/8ur4aHFakVCinWk0cvrGO8qAUhv.jpg') ON CONFLICT DO NOTHING;
INSERT INTO actors (mediaId, actorId , actorName, characterName, profilePath) VALUES(266, 1010135, 'John Bradley', 'Samwell ''Sam'' Tarly', 'https://image.tmdb.org/t/p/original/eLcisM9qqCLWnf0iImHuSn08FOi.jpg') ON CONFLICT DO NOTHING;
INSERT INTO providers (mediaId, providerId, providerName, logoPath) VALUES( 266, 49, 'HBO', 'https://image.tmdb.org/t/p/original/tuomPhY2UtuPTqqFnKMVHvSb724.png') ON CONFLICT DO NOTHING;
INSERT INTO media (mediaId, type, name, originalLanguage, adult, releaseDate, overview, backdropPath, posterPath, trailerLink, tmdbRating,  status) VALUES(267, true, 'Supernatural', 'en', False, '2005-09-13',  'When they were boys, Sam and Dean Winchester lost their mother to a mysterious and demonic supernatural force. Subsequently, their father raised them to be soldiers. He taught them about the paranormal evil that lives in the dark corners and on the back roads of America ... and he taught them how to kill it. Now, the Winchester brothers crisscross the country in their ''67 Chevy Impala, battling every kind of supernatural threat they encounter along the way. ', 'https://image.tmdb.org/t/p/original/nVRyd8hlg0ZLxBn9RaI7mUMQLnz.jpg', 'https://image.tmdb.org/t/p/original/KoYWXbnYuS3b0GyQPkbuexlVK9.jpg', 'https://www.youtube.com/watch?v=yy96yJjkvjo', 8.3, 'Ended') ON CONFLICT DO NOTHING;
INSERT INTO tv (mediaid , lastAirDate, nextEpisodeToAir, numberOfEpisodes, numberOfSeasons) VALUES( 267, '2020-11-19', NULL , 327, 15) ON CONFLICT DO NOTHING;
INSERT INTO genres (mediaId, genre) VALUES(267, 'Drama') ON CONFLICT DO NOTHING;
INSERT INTO genres (mediaId, genre) VALUES(267, 'Mystery') ON CONFLICT DO NOTHING;
INSERT INTO genres (mediaId, genre) VALUES(267, 'Sci-Fi & Fantasy') ON CONFLICT DO NOTHING;
INSERT INTO creators(mediaId, creatorId, creatorName) VALUES(267, 58321, 'Eric Kripke') ON CONFLICT DO NOTHING;
INSERT INTO actors (mediaId, actorId , actorName, characterName, profilePath) VALUES(267, 49623, 'Jared Padalecki', 'Sam Winchester', 'https://image.tmdb.org/t/p/original/q2YR6o6MKqO2szOhmmSSAnjs2aC.jpg') ON CONFLICT DO NOTHING;
INSERT INTO actors (mediaId, actorId , actorName, characterName, profilePath) VALUES(267, 49624, 'Jensen Ackles', 'Dean Winchester', 'https://image.tmdb.org/t/p/original/vFegIjLLQGwPn6af4SE9LAbnGNE.jpg') ON CONFLICT DO NOTHING;
INSERT INTO actors (mediaId, actorId , actorName, characterName, profilePath) VALUES(267, 42747, 'Misha Collins', 'Castiel', 'https://image.tmdb.org/t/p/original/szigprnenokR4yOpELIB2rj1Er2.jpg') ON CONFLICT DO NOTHING;
INSERT INTO providers (mediaId, providerId, providerName, logoPath) VALUES( 267, 21, 'The WB', 'https://image.tmdb.org/t/p/original/9GlDHjQj9c2dkfARCR3zlH87R66.png') ON CONFLICT DO NOTHING;
INSERT INTO providers (mediaId, providerId, providerName, logoPath) VALUES( 267, 71, 'The CW', 'https://image.tmdb.org/t/p/original/ge9hzeaU7nMtQ4PjkFlc68dGAJ9.png') ON CONFLICT DO NOTHING;
INSERT INTO media (mediaId, type, name, originalLanguage, adult, releaseDate, overview, backdropPath, posterPath, trailerLink, tmdbRating,  status) VALUES(268, true, 'Jimmy Kimmel Live!', 'en', False, '2003-01-26',  'Jimmy Kimmel Live! is an American late-night talk show, created and hosted by Jimmy Kimmel and broadcast on ABC.', 'https://image.tmdb.org/t/p/original/xCdCsHCH7VCQqaDUPD5tG6omMsB.jpg', 'https://image.tmdb.org/t/p/original/hWLCBGQ2RFpjXyaKRMbL5bGEEDT.jpg', 'https://www.youtube.com/watch?v=2kqZi3RoA5I', 5.6, 'Returning Series') ON CONFLICT DO NOTHING;
INSERT INTO tv (mediaid , lastAirDate, nextEpisodeToAir, numberOfEpisodes, numberOfSeasons) VALUES( 268, '2023-10-17', '2023-10-18' , 2640, 22) ON CONFLICT DO NOTHING;
INSERT INTO genres (mediaId, genre) VALUES(268, 'Talk') ON CONFLICT DO NOTHING;
INSERT INTO genres (mediaId, genre) VALUES(268, 'Comedy') ON CONFLICT DO NOTHING;
INSERT INTO actors (mediaId, actorId , actorName, characterName, profilePath) VALUES(268, 78303, 'Jimmy Kimmel', 'Self - Host', 'https://image.tmdb.org/t/p/original/wVVvvIwDtCgArdp0fsmjcM2tYyr.jpg') ON CONFLICT DO NOTHING;
INSERT INTO providers (mediaId, providerId, providerName, logoPath) VALUES( 268, 2, 'ABC', 'https://image.tmdb.org/t/p/original/2uy2ZWcplrSObIyt4x0Y9rkG6qO.png') ON CONFLICT DO NOTHING;
INSERT INTO media (mediaId, type, name, originalLanguage, adult, releaseDate, overview, backdropPath, posterPath, trailerLink, tmdbRating,  status) VALUES(269, true, 'The Simpsons', 'en', False, '1989-12-17',  'Set in Springfield, the average American town, the show focuses on the antics and everyday adventures of the Simpson family; Homer, Marge, Bart, Lisa and Maggie, as well as a virtual cast of thousands. Since the beginning, the series has been a pop culture icon, attracting hundreds of celebrities to guest star. The show has also made name for itself in its fearless satirical take on politics, media and American life in general.', 'https://image.tmdb.org/t/p/original/pxeqQX4qFQ0cVxPt5SWZENV5BH3.jpg', 'https://image.tmdb.org/t/p/original/vHqeLzYl3dEAutojCO26g0LIkom.jpg', 'https://www.youtube.com/watch?v=_jgYEYERYFQ', 8, 'Returning Series') ON CONFLICT DO NOTHING;
INSERT INTO tv (mediaid , lastAirDate, nextEpisodeToAir, numberOfEpisodes, numberOfSeasons) VALUES( 269, '2023-10-08', '2023-10-22' , 762, 35) ON CONFLICT DO NOTHING;
INSERT INTO genres (mediaId, genre) VALUES(269, 'Family') ON CONFLICT DO NOTHING;
INSERT INTO genres (mediaId, genre) VALUES(269, 'Animation') ON CONFLICT DO NOTHING;
INSERT INTO genres (mediaId, genre) VALUES(269, 'Comedy') ON CONFLICT DO NOTHING;
INSERT INTO creators(mediaId, creatorId, creatorName) VALUES(269, 5741, 'Matt Groening') ON CONFLICT DO NOTHING;
INSERT INTO actors (mediaId, actorId , actorName, characterName, profilePath) VALUES(269, 198, 'Dan Castellaneta', 'Homer Simpson / Abe Simpson / Barney Gumble / Krusty (voice)', 'https://image.tmdb.org/t/p/original/AmeqWhP4A46AWkM4kVphg6jOTQX.jpg') ON CONFLICT DO NOTHING;
INSERT INTO actors (mediaId, actorId , actorName, characterName, profilePath) VALUES(269, 199, 'Julie Kavner', 'Marge Simpson / Patty Bouvier / Selma Bouvier (voice)', 'https://image.tmdb.org/t/p/original/xxiu7PC7RDOJmCuB6i81gEVrDQW.jpg') ON CONFLICT DO NOTHING;
INSERT INTO actors (mediaId, actorId , actorName, characterName, profilePath) VALUES(269, 200, 'Nancy Cartwright', 'Bart Simpson / Nelson Muntz / Ralph Wiggum (voice)', 'https://image.tmdb.org/t/p/original/40qNhyYJhSE2Yiy4pnXSZhdufO6.jpg') ON CONFLICT DO NOTHING;
INSERT INTO actors (mediaId, actorId , actorName, characterName, profilePath) VALUES(269, 5586, 'Yeardley Smith', 'Lisa Simpson (voice)', 'https://image.tmdb.org/t/p/original/9AjPwbb3uz4GfgOPBYsy2ILvwkB.jpg') ON CONFLICT DO NOTHING;
INSERT INTO actors (mediaId, actorId , actorName, characterName, profilePath) VALUES(269, 5587, 'Hank Azaria', 'Moe Szyslak / Chief Wiggum / Apu / Comic Book Guy / Carl (voice)', 'https://image.tmdb.org/t/p/original/yFDw4b0jucuFWNnGcBPfpYUtn16.jpg') ON CONFLICT DO NOTHING;
INSERT INTO actors (mediaId, actorId , actorName, characterName, profilePath) VALUES(269, 6008, 'Harry Shearer', 'Ned Flanders / Mr. Burns / Smithers / Skinner / Lenny (voice)', 'https://image.tmdb.org/t/p/original/au1mO0Mb9gni7h0rJCSokBTDnVf.jpg') ON CONFLICT DO NOTHING;
INSERT INTO providers (mediaId, providerId, providerName, logoPath) VALUES( 269, 19, 'FOX', 'https://image.tmdb.org/t/p/original/1DSpHrWyOORkL9N2QHX7Adt31mQ.png') ON CONFLICT DO NOTHING;
INSERT INTO media (mediaId, type, name, originalLanguage, adult, releaseDate, overview, backdropPath, posterPath, trailerLink, tmdbRating,  status) VALUES(270, true, 'Law & Order', 'en', False, '1990-09-13',  'In cases ripped from the headlines, police investigate serious and often deadly crimes, weighing the evidence and questioning the suspects until someone is taken into custody. The district attorney''s office then builds a case to convict the perpetrator by proving the person guilty beyond a reasonable doubt. Working together, these expert teams navigate all sides of the complex criminal justice system to make New York a safer place.', 'https://image.tmdb.org/t/p/original/oOce9hLMVFubjAJliau4kiSNPnW.jpg', 'https://image.tmdb.org/t/p/original/77OPlbsvX3pzoFbyfpcE3GXMCod.jpg', 'https://www.youtube.com/watch?v=RzN8cPlcMTU', 7.5, 'Returning Series') ON CONFLICT DO NOTHING;
INSERT INTO tv (mediaid , lastAirDate, nextEpisodeToAir, numberOfEpisodes, numberOfSeasons) VALUES( 270, '2023-05-18', NULL , 488, 22) ON CONFLICT DO NOTHING;
INSERT INTO genres (mediaId, genre) VALUES(270, 'Crime') ON CONFLICT DO NOTHING;
INSERT INTO genres (mediaId, genre) VALUES(270, 'Drama') ON CONFLICT DO NOTHING;
INSERT INTO creators(mediaId, creatorId, creatorName) VALUES(270, 117443, 'Dick Wolf') ON CONFLICT DO NOTHING;
INSERT INTO actors (mediaId, actorId , actorName, characterName, profilePath) VALUES(270, 52886, 'Jeffrey Donovan', 'Frank Cosgrove', 'https://image.tmdb.org/t/p/original/wlDXfXpu6Uz32LUmbFzU8QPDoQH.jpg') ON CONFLICT DO NOTHING;
INSERT INTO actors (mediaId, actorId , actorName, characterName, profilePath) VALUES(270, 20187, 'Camryn Manheim', 'Kate Dixon', 'https://image.tmdb.org/t/p/original/eI42MrAyzJ3vbiGSIQB0FCwecba.jpg') ON CONFLICT DO NOTHING;
INSERT INTO actors (mediaId, actorId , actorName, characterName, profilePath) VALUES(270, 8975, 'Sam Waterston', 'Jack McCoy', 'https://image.tmdb.org/t/p/original/vNe4lHhXqOd5fF8oQ125KNQCfK3.jpg') ON CONFLICT DO NOTHING;
INSERT INTO actors (mediaId, actorId , actorName, characterName, profilePath) VALUES(270, 12791, 'Hugh Dancy', 'Nolan Price', 'https://image.tmdb.org/t/p/original/zFroAbbLgP8R5rjSRmZc30gk3Q7.jpg') ON CONFLICT DO NOTHING;
INSERT INTO actors (mediaId, actorId , actorName, characterName, profilePath) VALUES(270, 1639904, 'Odelya Halevi', 'Samantha Maroun', 'https://image.tmdb.org/t/p/original/26jv3dcS5Us8Ut13Tu9PmvT7uPh.jpg') ON CONFLICT DO NOTHING;
INSERT INTO actors (mediaId, actorId , actorName, characterName, profilePath) VALUES(270, 51684, 'Mehcad Brooks', 'Jalen Shaw', 'https://image.tmdb.org/t/p/original/etlE8YdFgYk6Nbe3uRQcc5uF0t2.jpg') ON CONFLICT DO NOTHING;
INSERT INTO providers (mediaId, providerId, providerName, logoPath) VALUES( 270, 6, 'NBC', 'https://image.tmdb.org/t/p/original/cm111bsDVlYaC1foL0itvEI4yLG.png') ON CONFLICT DO NOTHING;
INSERT INTO media (mediaId, type, name, originalLanguage, adult, releaseDate, overview, backdropPath, posterPath, trailerLink, tmdbRating,  status) VALUES(271, true, 'Sex Education', 'en', False, '2019-01-11',  'Inexperienced Otis channels his sex therapist mom when he teams up with rebellious Maeve to set up an underground sex therapy clinic at school.', 'https://image.tmdb.org/t/p/original/jKbqVjCOOL2P8cP1VNxbC2h31Re.jpg', 'https://image.tmdb.org/t/p/original/zn6VNUOHGWKvSGRL6KiMtAe9ELy.jpg', 'https://www.youtube.com/watch?v=Hd2ldTR-WpI', 8.3, 'Ended') ON CONFLICT DO NOTHING;
INSERT INTO tv (mediaid , lastAirDate, nextEpisodeToAir, numberOfEpisodes, numberOfSeasons) VALUES( 271, '2023-09-21', NULL , 32, 4) ON CONFLICT DO NOTHING;
INSERT INTO genres (mediaId, genre) VALUES(271, 'Comedy') ON CONFLICT DO NOTHING;
INSERT INTO genres (mediaId, genre) VALUES(271, 'Drama') ON CONFLICT DO NOTHING;
INSERT INTO creators(mediaId, creatorId, creatorName) VALUES(271, 2099609, 'Laurie Nunn') ON CONFLICT DO NOTHING;
INSERT INTO actors (mediaId, actorId , actorName, characterName, profilePath) VALUES(271, 77996, 'Asa Butterfield', 'Otis Milburn', 'https://image.tmdb.org/t/p/original/1kfN6DTHh4lRyGTzkdarvNlFcBh.jpg') ON CONFLICT DO NOTHING;
INSERT INTO actors (mediaId, actorId , actorName, characterName, profilePath) VALUES(271, 12214, 'Gillian Anderson', 'Jean Milburn', 'https://image.tmdb.org/t/p/original/t4xY4hOg8IhyESUWzEoGmlLNZbO.jpg') ON CONFLICT DO NOTHING;
INSERT INTO actors (mediaId, actorId , actorName, characterName, profilePath) VALUES(271, 1475239, 'Ncuti Gatwa', 'Eric Effiong', 'https://image.tmdb.org/t/p/original/mr5xF5oPULqQ1kPpURFc4NpXoSq.jpg') ON CONFLICT DO NOTHING;
INSERT INTO actors (mediaId, actorId , actorName, characterName, profilePath) VALUES(271, 2201315, 'Emma Mackey', 'Maeve Wiley', 'https://image.tmdb.org/t/p/original/y8nDoKXpyNViFL8Eam4Ey1PkgQ6.jpg') ON CONFLICT DO NOTHING;
INSERT INTO actors (mediaId, actorId , actorName, characterName, profilePath) VALUES(271, 126169, 'Kedar Williams-Stirling', 'Jackson Marchetti', 'https://image.tmdb.org/t/p/original/dhXjEwdKhhObMgU1Y8cA1MgZnUL.jpg') ON CONFLICT DO NOTHING;
INSERT INTO actors (mediaId, actorId , actorName, characterName, profilePath) VALUES(271, 2515060, 'Thaddea Graham', 'Sarah ''O'' Owens', 'https://image.tmdb.org/t/p/original/oSt2cyZ8zroCvdDg5AzO6LUu9zQ.jpg') ON CONFLICT DO NOTHING;
INSERT INTO actors (mediaId, actorId , actorName, characterName, profilePath) VALUES(271, 1694711, 'Mimi Keene', 'Ruby Matthews', 'https://image.tmdb.org/t/p/original/7bUgfaycm0f6PgEn3eLo8oANByO.jpg') ON CONFLICT DO NOTHING;
INSERT INTO actors (mediaId, actorId , actorName, characterName, profilePath) VALUES(271, 4299160, 'Anthony Lexa', 'Abbi Montgomery', 'https://image.tmdb.org/t/p/original/58cjXefO61S99tiqCTzhW7OMhhV.jpg') ON CONFLICT DO NOTHING;
INSERT INTO actors (mediaId, actorId , actorName, characterName, profilePath) VALUES(271, 2112439, 'Connor Swindells', 'Adam Groff', 'https://image.tmdb.org/t/p/original/365RWqbzPMx0JOyTPeP4rf8a0Kn.jpg') ON CONFLICT DO NOTHING;
INSERT INTO actors (mediaId, actorId , actorName, characterName, profilePath) VALUES(271, 2201317, 'Aimee Lou Wood', 'Aimee Gibbs', 'https://image.tmdb.org/t/p/original/wlAIE8CjXX1W3cqHDHkGLCPxDpj.jpg') ON CONFLICT DO NOTHING;
INSERT INTO providers (mediaId, providerId, providerName, logoPath) VALUES( 271, 213, 'Netflix', 'https://image.tmdb.org/t/p/original/wwemzKWzjKYJFfCeiB57q3r4Bcm.png') ON CONFLICT DO NOTHING;
INSERT INTO media (mediaId, type, name, originalLanguage, adult, releaseDate, overview, backdropPath, posterPath, trailerLink, tmdbRating,  status) VALUES(272, true, 'New Golden Lotus', 'zh', False, '1996-03-08',  '', 'https://image.tmdb.org/t/p/original/mwoXSiIRrpAYDbmJRLuUqqWkAab.jpg', 'https://image.tmdb.org/t/p/original/lrH0h3H7fZlw1FMe2MKW6kyihTb.jpg', 'None', 7.8, 'Ended') ON CONFLICT DO NOTHING;
INSERT INTO tv (mediaid , lastAirDate, nextEpisodeToAir, numberOfEpisodes, numberOfSeasons) VALUES( 272, '1996-04-05', NULL , 5, 1) ON CONFLICT DO NOTHING;
INSERT INTO genres (mediaId, genre) VALUES(272, 'Drama') ON CONFLICT DO NOTHING;
INSERT INTO genres (mediaId, genre) VALUES(272, 'Crime') ON CONFLICT DO NOTHING;
INSERT INTO actors (mediaId, actorId , actorName, characterName, profilePath) VALUES(272, 1260846, 'Si Man Yeung', '潘金莲', 'https://image.tmdb.org/t/p/original/3iliyfZGyqD29ZZ8gjisgG4OiS7.jpg') ON CONFLICT DO NOTHING;
INSERT INTO actors (mediaId, actorId , actorName, characterName, profilePath) VALUES(272, 142644, 'Pal Sinn Lap-man', '西门庆', 'https://image.tmdb.org/t/p/original/9efm5ogg9PzhDwSCCWzqevfo1iV.jpg') ON CONFLICT DO NOTHING;
INSERT INTO actors (mediaId, actorId , actorName, characterName, profilePath) VALUES(272, 240156, 'Ku Kuan-Chung', '武松', 'https://image.tmdb.org/t/p/original/2oWR1yFSlvEi3DUhxiHlwA8EBLa.jpg') ON CONFLICT DO NOTHING;
INSERT INTO actors (mediaId, actorId , actorName, characterName, profilePath) VALUES(272, 2174283, 'Sin-Yi Yip', '李瓶儿', 'https://image.tmdb.org/t/p/original/7w24Hzl7tCKFXv4VYc6PNwQvTPW.jpg') ON CONFLICT DO NOTHING;
INSERT INTO actors (mediaId, actorId , actorName, characterName, profilePath) VALUES(272, 2383494, 'Ya-Chun Tseng', '王婆', 'https://image.tmdb.org/t/p/original/wpwDbGATwXeBvrTGbRfCuV9T6jV.jpg') ON CONFLICT DO NOTHING;
INSERT INTO media (mediaId, type, name, originalLanguage, adult, releaseDate, overview, backdropPath, posterPath, trailerLink, tmdbRating,  status) VALUES(273, true, 'EastEnders', 'en', False, '1985-02-19',  'The everyday lives of working-class residents of Albert Square, a traditional Victorian square of terrace houses surrounding a park in the East End of London''s Walford borough.', 'https://image.tmdb.org/t/p/original/hUz0UHWSVd6e1g3I6vT4shAsnoY.jpg', 'https://image.tmdb.org/t/p/original/z4jgyI5TpoRZiJTNchkVkMrGQyz.jpg', 'None', 3.9, 'Returning Series') ON CONFLICT DO NOTHING;
INSERT INTO tv (mediaid , lastAirDate, nextEpisodeToAir, numberOfEpisodes, numberOfSeasons) VALUES( 273, '2023-10-17', '2023-10-18' , 6705, 39) ON CONFLICT DO NOTHING;
INSERT INTO genres (mediaId, genre) VALUES(273, 'Soap') ON CONFLICT DO NOTHING;
INSERT INTO genres (mediaId, genre) VALUES(273, 'Drama') ON CONFLICT DO NOTHING;
INSERT INTO genres (mediaId, genre) VALUES(273, 'Crime') ON CONFLICT DO NOTHING;
INSERT INTO creators(mediaId, creatorId, creatorName) VALUES(273, 1227543, 'Julia Smith') ON CONFLICT DO NOTHING;
INSERT INTO creators(mediaId, creatorId, creatorName) VALUES(273, 1227545, 'Tony Holland') ON CONFLICT DO NOTHING;
INSERT INTO providers (mediaId, providerId, providerName, logoPath) VALUES( 273, 4, 'BBC One', 'https://image.tmdb.org/t/p/original/mVn7xESaTNmjBUyUtGNvDQd3CT1.png') ON CONFLICT DO NOTHING;
INSERT INTO media (mediaId, type, name, originalLanguage, adult, releaseDate, overview, backdropPath, posterPath, trailerLink, tmdbRating,  status) VALUES(274, true, 'The Blacklist', 'en', False, '2013-09-23',  'Raymond "Red" Reddington, one of the FBI''s most wanted fugitives, surrenders in person at FBI Headquarters in Washington, D.C. He claims that he and the FBI have the same interests: bringing down dangerous criminals and terrorists. In the last two decades, he''s made a list of criminals and terrorists that matter the most but the FBI cannot find because it does not know they exist. Reddington calls this "The Blacklist". Reddington will co-operate, but insists that he will speak only to Elizabeth Keen, a rookie FBI profiler.', 'https://image.tmdb.org/t/p/original/2eIlCirgcvEwmCSYh2wDfz5Sxvz.jpg', 'https://image.tmdb.org/t/p/original/r935SMphvXppx5bJjbIBNx02fwc.jpg', 'https://www.youtube.com/watch?v=-WYdUaK54fU', 7.6, 'Ended') ON CONFLICT DO NOTHING;
INSERT INTO tv (mediaid , lastAirDate, nextEpisodeToAir, numberOfEpisodes, numberOfSeasons) VALUES( 274, '2023-07-13', NULL , 218, 10) ON CONFLICT DO NOTHING;
INSERT INTO genres (mediaId, genre) VALUES(274, 'Drama') ON CONFLICT DO NOTHING;
INSERT INTO genres (mediaId, genre) VALUES(274, 'Crime') ON CONFLICT DO NOTHING;
INSERT INTO genres (mediaId, genre) VALUES(274, 'Mystery') ON CONFLICT DO NOTHING;
INSERT INTO creators(mediaId, creatorId, creatorName) VALUES(274, 52001, 'Jon Bokenkamp') ON CONFLICT DO NOTHING;
INSERT INTO actors (mediaId, actorId , actorName, characterName, profilePath) VALUES(274, 13548, 'James Spader', 'Raymond ''Red'' Reddington', 'https://image.tmdb.org/t/p/original/uET0mbf2bMkUXbRb1Oxi8Qjqcw3.jpg') ON CONFLICT DO NOTHING;
INSERT INTO actors (mediaId, actorId , actorName, characterName, profilePath) VALUES(274, 142193, 'Diego Klattenhoff', 'Donald Ressler', 'https://image.tmdb.org/t/p/original/mpdtCA5birAW89dtkuAdR73wr2H.jpg') ON CONFLICT DO NOTHING;
INSERT INTO actors (mediaId, actorId , actorName, characterName, profilePath) VALUES(274, 144583, 'Hisham Tawfiq', 'Dembe Zuma', 'https://image.tmdb.org/t/p/original/go8XkwY6pbqfUDExs7o1U6O1r5u.jpg') ON CONFLICT DO NOTHING;
INSERT INTO actors (mediaId, actorId , actorName, characterName, profilePath) VALUES(274, 2622043, 'Anya Banerjee', 'Siya Malik', 'https://image.tmdb.org/t/p/original/wQXxOrJAP0BCIacCMtraDoZh24Y.jpg') ON CONFLICT DO NOTHING;
INSERT INTO actors (mediaId, actorId , actorName, characterName, profilePath) VALUES(274, 9464, 'Harry Lennix', 'Harold Cooper', 'https://image.tmdb.org/t/p/original/kNGiizWpetf4pyAkINkjkWacmCL.jpg') ON CONFLICT DO NOTHING;
INSERT INTO providers (mediaId, providerId, providerName, logoPath) VALUES( 274, 6, 'NBC', 'https://image.tmdb.org/t/p/original/cm111bsDVlYaC1foL0itvEI4yLG.png') ON CONFLICT DO NOTHING;
INSERT INTO media (mediaId, type, name, originalLanguage, adult, releaseDate, overview, backdropPath, posterPath, trailerLink, tmdbRating,  status) VALUES(275, true, 'Home and Away', 'en', False, '1988-01-17',  'Home and Away is set in the fictional town of Summer Bay, a coastal town in New South Wales, and follows the personal and professional lives of the people living in the area. The show initially focused on the Fletcher family, Pippa and Tom Fletcher and their five foster children Frank Morgan, Carly Morris, Steven Matheson, Lynn Davenport and Sally Keating, who would go on to become one of the show''s longest-running characters. The show also originally and currently focuses on the Stewart family. During the early 2000s, the central storylines focused on the Sutherlands and later, the Hunters. Home and Away had proved popular when it premiered in 1988 and had risen to become a hit in Australia, and after only a few weeks, the show tackled its first major and disturbing storyline, the rape of Carly Morris; it was one of the first shows to feature such storylines during the early timeslot. H&A has tackled many adult-themed and controversial storylines; something rarely found in its restricted timeslot.', 'https://image.tmdb.org/t/p/original/AoKpDxiDcJxcchgSaUvOBpVJHVQ.jpg', 'https://image.tmdb.org/t/p/original/r4E3Mr2uBDUegKmPPaevfdiq8hv.jpg', 'None', 6.3, 'Returning Series') ON CONFLICT DO NOTHING;
INSERT INTO tv (mediaid , lastAirDate, nextEpisodeToAir, numberOfEpisodes, numberOfSeasons) VALUES( 275, '2023-10-17', '2023-10-18' , 8084, 36) ON CONFLICT DO NOTHING;
INSERT INTO genres (mediaId, genre) VALUES(275, 'Drama') ON CONFLICT DO NOTHING;
INSERT INTO genres (mediaId, genre) VALUES(275, 'Soap') ON CONFLICT DO NOTHING;
INSERT INTO creators(mediaId, creatorId, creatorName) VALUES(275, 1231133, 'Alan Bateman') ON CONFLICT DO NOTHING;
INSERT INTO actors (mediaId, actorId , actorName, characterName, profilePath) VALUES(275, 75396, 'Ray Meagher', 'Alf Stewart', 'https://image.tmdb.org/t/p/original/hGBS5fntNq228Acq3JsYb5cin4i.jpg') ON CONFLICT DO NOTHING;
INSERT INTO actors (mediaId, actorId , actorName, characterName, profilePath) VALUES(275, 108949, 'Shane Withington', 'John Palmer', 'https://image.tmdb.org/t/p/original/mSKU1y4HEh4x1Jgf16ISXsEHA83.jpg') ON CONFLICT DO NOTHING;
INSERT INTO actors (mediaId, actorId , actorName, characterName, profilePath) VALUES(275, 1231095, 'Emily Symons', 'Marilyn Chambers', 'https://image.tmdb.org/t/p/original/r2LuDwJkAd8lMBtbrX5wnjSQazO.jpg') ON CONFLICT DO NOTHING;
INSERT INTO actors (mediaId, actorId , actorName, characterName, profilePath) VALUES(275, 1231094, 'Lynne McGranger', 'Irene Roberts', 'https://image.tmdb.org/t/p/original/tB7ssWxEJp3rNFkQ071oQBPiHhN.jpg') ON CONFLICT DO NOTHING;
INSERT INTO actors (mediaId, actorId , actorName, characterName, profilePath) VALUES(275, 181214, 'Ada Nicodemou', 'Leah Patterson', 'https://image.tmdb.org/t/p/original/n3KziDmCiKdaPfk0A88LN8kyf6Y.jpg') ON CONFLICT DO NOTHING;
INSERT INTO actors (mediaId, actorId , actorName, characterName, profilePath) VALUES(275, 1228541, 'James Stewart', 'Justin Morgan', 'https://image.tmdb.org/t/p/original/fTMWWIIa3LMT0IVMzXh8bf0Awgq.jpg') ON CONFLICT DO NOTHING;
INSERT INTO actors (mediaId, actorId , actorName, characterName, profilePath) VALUES(275, 2551327, 'Emily Weir', 'Mackenzie Booth', 'None') ON CONFLICT DO NOTHING;
INSERT INTO actors (mediaId, actorId , actorName, characterName, profilePath) VALUES(275, 2551335, 'Ethan Browne', 'Tane Parata', 'https://image.tmdb.org/t/p/original/ZBqRn5paBQd81qa5EVz3RMCKIX.jpg') ON CONFLICT DO NOTHING;
INSERT INTO actors (mediaId, actorId , actorName, characterName, profilePath) VALUES(275, 1229664, 'Georgie Parker', 'Roo Stewart', 'https://image.tmdb.org/t/p/original/yImkqWJBeSj8xUND7jOyWLasnNK.jpg') ON CONFLICT DO NOTHING;
INSERT INTO actors (mediaId, actorId , actorName, characterName, profilePath) VALUES(275, 3705671, 'Nicholas Cartwright', 'Cash Newman', 'None') ON CONFLICT DO NOTHING;
INSERT INTO providers (mediaId, providerId, providerName, logoPath) VALUES( 275, 118, 'Seven Network', 'https://image.tmdb.org/t/p/original/83L2wF8tM76nUQHzOBOBAGlPQVP.png') ON CONFLICT DO NOTHING;
INSERT INTO media (mediaId, type, name, originalLanguage, adult, releaseDate, overview, backdropPath, posterPath, trailerLink, tmdbRating,  status) VALUES(276, true, 'Scoop', 'cn', False, '2005-06-06',  'Scoop is a comprehensive information programme of Television Broadcasts Limited.
The content of the program is mainly based on entertainment news and personal follow-up of the artists, and will also be interspersed with the latest trends of TVB dramas and artists. Some entertainment news content clips will be rebroadcast on the next day''s "Entertainment Live".
This program will be broadcast on Jade Channel from 19:30-20:00 (Hong Kong time) from June 6, 2005, and will be broadcast every day from March 3, 2019, and will be broadcast on myTV (later myTV SUPER) to provide "Program Review".', 'https://image.tmdb.org/t/p/original/aCiXh5QX6bg0BtpFEBXKaZYScB4.jpg', 'https://image.tmdb.org/t/p/original/qo6y0XvSBlKM3XCbYVdcR3a6qyQ.jpg', 'None', 6.5, 'Returning Series') ON CONFLICT DO NOTHING;
INSERT INTO tv (mediaid , lastAirDate, nextEpisodeToAir, numberOfEpisodes, numberOfSeasons) VALUES( 276, '2023-10-17', '2023-10-18' , 5348, 19) ON CONFLICT DO NOTHING;
INSERT INTO genres (mediaId, genre) VALUES(276, 'News') ON CONFLICT DO NOTHING;
INSERT INTO genres (mediaId, genre) VALUES(276, 'Reality') ON CONFLICT DO NOTHING;
INSERT INTO genres (mediaId, genre) VALUES(276, 'Documentary') ON CONFLICT DO NOTHING;
INSERT INTO creators(mediaId, creatorId, creatorName) VALUES(276, 4098216, 'Cheung Ka-Ling') ON CONFLICT DO NOTHING;
INSERT INTO actors (mediaId, actorId , actorName, characterName, profilePath) VALUES(276, 3580172, 'Patrick Lam', '', 'https://image.tmdb.org/t/p/original/sgU9YL2vk43TIsYPjm9U6tuECoR.jpg') ON CONFLICT DO NOTHING;
INSERT INTO actors (mediaId, actorId , actorName, characterName, profilePath) VALUES(276, 3580150, 'Albert Au Wing Kuen', '', 'https://image.tmdb.org/t/p/original/czNkPsg1TkziiuHHqa8aB2uRfDt.jpg') ON CONFLICT DO NOTHING;
INSERT INTO actors (mediaId, actorId , actorName, characterName, profilePath) VALUES(276, 3580161, 'Heidi Chu', '', 'https://image.tmdb.org/t/p/original/bKDLJF4u6GKtGg95iGJa39ryuYE.jpg') ON CONFLICT DO NOTHING;
INSERT INTO actors (mediaId, actorId , actorName, characterName, profilePath) VALUES(276, 3243219, 'Janis Chan', '', 'https://image.tmdb.org/t/p/original/nynnQCFkX0zFLQklk77kExNd4rA.jpg') ON CONFLICT DO NOTHING;
INSERT INTO actors (mediaId, actorId , actorName, characterName, profilePath) VALUES(276, 2064596, 'Toby Chan', '', 'https://image.tmdb.org/t/p/original/rBTzFVKUwgzJXF6ZFG1JnwKzTI1.jpg') ON CONFLICT DO NOTHING;
INSERT INTO providers (mediaId, providerId, providerName, logoPath) VALUES( 276, 48, 'TVB Jade', 'https://image.tmdb.org/t/p/original/v78f4q6DYdRB8dLj4rQBpqQG8pW.png') ON CONFLICT DO NOTHING;
INSERT INTO media (mediaId, type, name, originalLanguage, adult, releaseDate, overview, backdropPath, posterPath, trailerLink, tmdbRating,  status) VALUES(277, true, 'Ahsoka', 'en', False, '2023-08-22',  'Former Jedi Knight Ahsoka Tano investigates an emerging threat to a vulnerable galaxy.', 'https://image.tmdb.org/t/p/original/mvoW41kdSxiobGZ9ONL1Tqrpt3h.jpg', 'https://image.tmdb.org/t/p/original/laCJxobHoPVaLQTKxc14Y2zV64J.jpg', 'https://www.youtube.com/watch?v=J_1EXWNETiI', 7.8, 'Ended') ON CONFLICT DO NOTHING;
INSERT INTO tv (mediaid , lastAirDate, nextEpisodeToAir, numberOfEpisodes, numberOfSeasons) VALUES( 277, '2023-10-03', NULL , 8, 1) ON CONFLICT DO NOTHING;
INSERT INTO genres (mediaId, genre) VALUES(277, 'Sci-Fi & Fantasy') ON CONFLICT DO NOTHING;
INSERT INTO genres (mediaId, genre) VALUES(277, 'Action & Adventure') ON CONFLICT DO NOTHING;
INSERT INTO creators(mediaId, creatorId, creatorName) VALUES(277, 71538, 'Dave Filoni') ON CONFLICT DO NOTHING;
INSERT INTO actors (mediaId, actorId , actorName, characterName, profilePath) VALUES(277, 5916, 'Rosario Dawson', 'Ahsoka Tano', 'https://image.tmdb.org/t/p/original/1mm7JGHIUX3GRRGXEV9QCzsI0ao.jpg') ON CONFLICT DO NOTHING;
INSERT INTO actors (mediaId, actorId , actorName, characterName, profilePath) VALUES(277, 1583307, 'Natasha Liu Bordizzo', 'Sabine Wren', 'https://image.tmdb.org/t/p/original/tROyGLEDMe8zpFQq09Fdbn42pGl.jpg') ON CONFLICT DO NOTHING;
INSERT INTO actors (mediaId, actorId , actorName, characterName, profilePath) VALUES(277, 17628, 'Mary Elizabeth Winstead', 'Hera Syndulla', 'https://image.tmdb.org/t/p/original/cBMtncBcUrKMTB8CifDG23THuCE.jpg') ON CONFLICT DO NOTHING;
INSERT INTO actors (mediaId, actorId , actorName, characterName, profilePath) VALUES(277, 56614, 'Ray Stevenson', 'Baylan Skoll', 'https://image.tmdb.org/t/p/original/bI4r9prMaFiaky3uJTndq1lDlPR.jpg') ON CONFLICT DO NOTHING;
INSERT INTO actors (mediaId, actorId , actorName, characterName, profilePath) VALUES(277, 1243496, 'Ivanna Sakhno', 'Shin Hati', 'https://image.tmdb.org/t/p/original/fHBNKEpExOMI6KTqk0JrPAZGsTT.jpg') ON CONFLICT DO NOTHING;
INSERT INTO actors (mediaId, actorId , actorName, characterName, profilePath) VALUES(277, 113711, 'Diana Lee Inosanto', 'Morgan Elsbeth', 'https://image.tmdb.org/t/p/original/7EoE8xip9WlcaUmUm4mnowgdHbp.jpg') ON CONFLICT DO NOTHING;
INSERT INTO actors (mediaId, actorId , actorName, characterName, profilePath) VALUES(277, 20049, 'David Tennant', 'Huyang (voice)', 'https://image.tmdb.org/t/p/original/zM76EBPZkdkSHyESyIUa47aP87R.jpg') ON CONFLICT DO NOTHING;
INSERT INTO providers (mediaId, providerId, providerName, logoPath) VALUES( 277, 2739, 'Disney+', 'https://image.tmdb.org/t/p/original/uzKjVDmQ1WRMvGBb7UNRE0wTn1H.png') ON CONFLICT DO NOTHING;
INSERT INTO media (mediaId, type, name, originalLanguage, adult, releaseDate, overview, backdropPath, posterPath, trailerLink, tmdbRating,  status) VALUES(278, true, 'Against The Light', 'zh', False, '2023-09-20',  '', 'https://image.tmdb.org/t/p/original/8cyB9YCbV5CfOyZUUjg2e8U9s1R.jpg', 'https://image.tmdb.org/t/p/original/7LWNDuzouwBsAQ45wGxbjforxRZ.jpg', 'None', 7, 'Ended') ON CONFLICT DO NOTHING;
INSERT INTO tv (mediaid , lastAirDate, nextEpisodeToAir, numberOfEpisodes, numberOfSeasons) VALUES( 278, '2023-10-15', NULL , 45, 1) ON CONFLICT DO NOTHING;
INSERT INTO genres (mediaId, genre) VALUES(278, 'Drama') ON CONFLICT DO NOTHING;
INSERT INTO actors (mediaId, actorId , actorName, characterName, profilePath) VALUES(278, 99687, 'Zhang Hanyu', '林弈', 'https://image.tmdb.org/t/p/original/dhieL9tW25vBHjqqwElxPzWaWpQ.jpg') ON CONFLICT DO NOTHING;
INSERT INTO actors (mediaId, actorId , actorName, characterName, profilePath) VALUES(278, 1742841, 'Lyric Lan', '白汐宁', 'https://image.tmdb.org/t/p/original/3ECRgpLOMWcViHwsFTNKXuv6WHE.jpg') ON CONFLICT DO NOTHING;
INSERT INTO actors (mediaId, actorId , actorName, characterName, profilePath) VALUES(278, 25249, 'Waise Lee', '李卓然', 'https://image.tmdb.org/t/p/original/ap6nzb3W2sb3ZG9UZ5z9dPqzssQ.jpg') ON CONFLICT DO NOTHING;
INSERT INTO actors (mediaId, actorId , actorName, characterName, profilePath) VALUES(278, 3131749, 'Xu Xiaosa', '孟潇潇', 'https://image.tmdb.org/t/p/original/3B77KqqD20ZC4OeXYUg5uI4z28O.jpg') ON CONFLICT DO NOTHING;
INSERT INTO actors (mediaId, actorId , actorName, characterName, profilePath) VALUES(278, 1844394, 'Zhao Bingrui', '林哲', 'https://image.tmdb.org/t/p/original/rWkFuDRlesmE5PQshtdsr6i5QYG.jpg') ON CONFLICT DO NOTHING;
INSERT INTO actors (mediaId, actorId , actorName, characterName, profilePath) VALUES(278, 1050418, 'Wang Ji', '唐婉蓉', 'https://image.tmdb.org/t/p/original/irtBCSrVuXH55xuHDMdLsm06ZSL.jpg') ON CONFLICT DO NOTHING;
INSERT INTO actors (mediaId, actorId , actorName, characterName, profilePath) VALUES(278, 2335603, 'Sun Yu-ti', '凌薇', 'https://image.tmdb.org/t/p/original/76r6Mm7Mq579ALMEubZeGywpV0J.jpg') ON CONFLICT DO NOTHING;
INSERT INTO actors (mediaId, actorId , actorName, characterName, profilePath) VALUES(278, 134853, 'Thomas Price', '丛飞', 'https://image.tmdb.org/t/p/original/p24ec5ZHQySXH0gQFXQdtPHFQh2.jpg') ON CONFLICT DO NOTHING;
INSERT INTO providers (mediaId, providerId, providerName, logoPath) VALUES( 278, 1055, 'Jiangsu Television', 'https://image.tmdb.org/t/p/original/w4XhkagpQAGwDSWyZgYKVWci2Hk.png') ON CONFLICT DO NOTHING;
INSERT INTO providers (mediaId, providerId, providerName, logoPath) VALUES( 278, 1330, 'iQiyi', 'https://image.tmdb.org/t/p/original/fNxBFqWr7eWEgNeBDvvCxsSItXx.png') ON CONFLICT DO NOTHING;
INSERT INTO media (mediaId, type, name, originalLanguage, adult, releaseDate, overview, backdropPath, posterPath, trailerLink, tmdbRating,  status) VALUES(279, true, 'Big Brother', 'pt', False, '2000-09-03',  'Portuguese version of the reality competition which follows a group of HouseGuests living together 24 hours a day in the "Big Brother" house, isolated from the outside world but under constant surveillance with no privacy.', 'https://image.tmdb.org/t/p/original/AhoPrGyrdsnJ7SoSPPV84dONnqa.jpg', 'https://image.tmdb.org/t/p/original/9Gkcvdz89Q7w0glDDga1c8m5vaW.jpg', 'None', 2.6, 'Returning Series') ON CONFLICT DO NOTHING;
INSERT INTO tv (mediaid , lastAirDate, nextEpisodeToAir, numberOfEpisodes, numberOfSeasons) VALUES( 279, '2023-10-17', '2023-10-18' , 1233, 10) ON CONFLICT DO NOTHING;
INSERT INTO genres (mediaId, genre) VALUES(279, 'Reality') ON CONFLICT DO NOTHING;
INSERT INTO actors (mediaId, actorId , actorName, characterName, profilePath) VALUES(279, 2180547, 'Cristina Ferreira', 'Self - Host', 'https://image.tmdb.org/t/p/original/5sXNylVLaGvnXU8IsnN5xYOYpUM.jpg') ON CONFLICT DO NOTHING;
INSERT INTO actors (mediaId, actorId , actorName, characterName, profilePath) VALUES(279, 3230075, 'Mafalda Castro', 'Self - Host', 'https://image.tmdb.org/t/p/original/3sBZIIPHBgbc9rb2cZuYAhXbtIx.jpg') ON CONFLICT DO NOTHING;
INSERT INTO actors (mediaId, actorId , actorName, characterName, profilePath) VALUES(279, 3365477, 'Marta Cardoso', 'Self - Host', 'https://image.tmdb.org/t/p/original/4Zb81C6Arvs23j21Q4usiJsHQ4E.jpg') ON CONFLICT DO NOTHING;
INSERT INTO providers (mediaId, providerId, providerName, logoPath) VALUES( 279, 93, 'TVI', 'https://image.tmdb.org/t/p/original/bCngEbZ5SoIwkgmSMsLUABqanZn.png') ON CONFLICT DO NOTHING;
INSERT INTO media (mediaId, type, name, originalLanguage, adult, releaseDate, overview, backdropPath, posterPath, trailerLink, tmdbRating,  status) VALUES(280, true, 'Harina', 'es', False, '2022-03-10',  'The misadventures of Lieutenant Harina and his partner, Officer Ramírez, a very special police couple, who find themselves with the opportunity of a lifetime', 'https://image.tmdb.org/t/p/original/ykwNwrexm0TKZGbcKnntOxtEMeT.jpg', 'https://image.tmdb.org/t/p/original/aqW5UWQ2M13lQWVrGNrUzs3hn2x.jpg', 'None', 8.4, 'Returning Series') ON CONFLICT DO NOTHING;
INSERT INTO tv (mediaid , lastAirDate, nextEpisodeToAir, numberOfEpisodes, numberOfSeasons) VALUES( 280, '2023-10-10', NULL , 16, 2) ON CONFLICT DO NOTHING;
INSERT INTO genres (mediaId, genre) VALUES(280, 'Comedy') ON CONFLICT DO NOTHING;
INSERT INTO creators(mediaId, creatorId, creatorName) VALUES(280, 2367098, 'Julio Berthely') ON CONFLICT DO NOTHING;
INSERT INTO actors (mediaId, actorId , actorName, characterName, profilePath) VALUES(280, 1317100, 'Guillermo Villegas', 'Teniente Edson Prieto', 'https://image.tmdb.org/t/p/original/osMk6myAbs0W06nRiZUXfVzJxxI.jpg') ON CONFLICT DO NOTHING;
INSERT INTO providers (mediaId, providerId, providerName, logoPath) VALUES( 280, 1024, 'Prime Video', 'https://image.tmdb.org/t/p/original/ifhbNuuVnlwYy5oXA5VIb2YR8AZ.png') ON CONFLICT DO NOTHING;
INSERT INTO providers (mediaId, providerId, providerName, logoPath) VALUES( 280, 5066, 'Comedy Central Latinoamérica', 'https://image.tmdb.org/t/p/original/pmvjWO4Acehwc0bmoL6ZY6mwHHW.png') ON CONFLICT DO NOTHING;
INSERT INTO media (mediaId, type, name, originalLanguage, adult, releaseDate, overview, backdropPath, posterPath, trailerLink, tmdbRating,  status) VALUES(281, true, 'Lucifer', 'en', False, '2016-01-25',  'Bored and unhappy as the Lord of Hell, Lucifer Morningstar abandoned his throne and retired to Los Angeles, where he has teamed up with LAPD detective Chloe Decker to take down criminals. But the longer he''s away from the underworld, the greater the threat that the worst of humanity could escape.', 'https://image.tmdb.org/t/p/original/aDBRtunw49UF4XmqfyNuD9nlYIu.jpg', 'https://image.tmdb.org/t/p/original/ekZobS8isE6mA53RAiGDG93hBxL.jpg', 'https://www.youtube.com/watch?v=X4bF_quwNtw', 8.5, 'Ended') ON CONFLICT DO NOTHING;
INSERT INTO tv (mediaid , lastAirDate, nextEpisodeToAir, numberOfEpisodes, numberOfSeasons) VALUES( 281, '2021-09-10', NULL , 93, 6) ON CONFLICT DO NOTHING;
INSERT INTO genres (mediaId, genre) VALUES(281, 'Crime') ON CONFLICT DO NOTHING;
INSERT INTO genres (mediaId, genre) VALUES(281, 'Sci-Fi & Fantasy') ON CONFLICT DO NOTHING;
INSERT INTO creators(mediaId, creatorId, creatorName) VALUES(281, 1222585, 'Tom Kapinos') ON CONFLICT DO NOTHING;
INSERT INTO actors (mediaId, actorId , actorName, characterName, profilePath) VALUES(281, 192944, 'Tom Ellis', 'Lucifer Morningstar / Michael', 'https://image.tmdb.org/t/p/original/zhjIyqpk5bsYgxsh5bSeS6VZtHm.jpg') ON CONFLICT DO NOTHING;
INSERT INTO actors (mediaId, actorId , actorName, characterName, profilePath) VALUES(281, 37014, 'Lauren German', 'Chloe Decker', 'https://image.tmdb.org/t/p/original/wlfew4J9O6fOhizjjQtqUeT36Jb.jpg') ON CONFLICT DO NOTHING;
INSERT INTO actors (mediaId, actorId , actorName, characterName, profilePath) VALUES(281, 116474, 'Kevin Alejandro', 'Dan Espinoza', 'https://image.tmdb.org/t/p/original/bh4aQqP7kJzL2Ls9tj5OmhsBlqi.jpg') ON CONFLICT DO NOTHING;
INSERT INTO actors (mediaId, actorId , actorName, characterName, profilePath) VALUES(281, 21356, 'D.B. Woodside', 'Amenadiel', 'https://image.tmdb.org/t/p/original/xdyGewr108rQWojpYlKw2QjrxCz.jpg') ON CONFLICT DO NOTHING;
INSERT INTO actors (mediaId, actorId , actorName, characterName, profilePath) VALUES(281, 515875, 'Lesley-Ann Brandt', 'Mazikeen "Maze"', 'https://image.tmdb.org/t/p/original/fW2ITcpENpNnHf4wuNltf3PSQTk.jpg') ON CONFLICT DO NOTHING;
INSERT INTO actors (mediaId, actorId , actorName, characterName, profilePath) VALUES(281, 56457, 'Aimee Garcia', 'Ella Lopez', 'https://image.tmdb.org/t/p/original/4z3mkoa8jHpqjzfbhzYMeKe2Mf7.jpg') ON CONFLICT DO NOTHING;
INSERT INTO actors (mediaId, actorId , actorName, characterName, profilePath) VALUES(281, 46074, 'Rachael Harris', 'Linda Martin', 'https://image.tmdb.org/t/p/original/hG2kUSUzEnHxfpEkxogHLCsLLqw.jpg') ON CONFLICT DO NOTHING;
INSERT INTO actors (mediaId, actorId , actorName, characterName, profilePath) VALUES(281, 1492326, 'Brianna Hildebrand', 'Rory', 'https://image.tmdb.org/t/p/original/dviiK8BTudnr8XIclaybtcZV5dw.jpg') ON CONFLICT DO NOTHING;
INSERT INTO providers (mediaId, providerId, providerName, logoPath) VALUES( 281, 19, 'FOX', 'https://image.tmdb.org/t/p/original/1DSpHrWyOORkL9N2QHX7Adt31mQ.png') ON CONFLICT DO NOTHING;
INSERT INTO providers (mediaId, providerId, providerName, logoPath) VALUES( 281, 213, 'Netflix', 'https://image.tmdb.org/t/p/original/wwemzKWzjKYJFfCeiB57q3r4Bcm.png') ON CONFLICT DO NOTHING;
INSERT INTO media (mediaId, type, name, originalLanguage, adult, releaseDate, overview, backdropPath, posterPath, trailerLink, tmdbRating,  status) VALUES(282, true, 'Yellowstone', 'en', False, '2018-06-20',  'Follow the violent world of the Dutton family, who controls the largest contiguous ranch in the United States. Led by their patriarch John Dutton, the family defends their property against constant attack by land developers, an Indian reservation, and America’s first National Park.', 'https://image.tmdb.org/t/p/original/xHkOKPUe3ioXyPIe5odyL6o6cp4.jpg', 'https://image.tmdb.org/t/p/original/peNC0eyc3TQJa6x4TdKcBPNP4t0.jpg', 'https://www.youtube.com/watch?v=suobrMPBLlo', 8.2, 'Returning Series') ON CONFLICT DO NOTHING;
INSERT INTO tv (mediaid , lastAirDate, nextEpisodeToAir, numberOfEpisodes, numberOfSeasons) VALUES( 282, '2023-01-01', NULL , 47, 5) ON CONFLICT DO NOTHING;
INSERT INTO genres (mediaId, genre) VALUES(282, 'Western') ON CONFLICT DO NOTHING;
INSERT INTO genres (mediaId, genre) VALUES(282, 'Drama') ON CONFLICT DO NOTHING;
INSERT INTO creators(mediaId, creatorId, creatorName) VALUES(282, 69414, 'John Linson') ON CONFLICT DO NOTHING;
INSERT INTO creators(mediaId, creatorId, creatorName) VALUES(282, 1215399, 'Taylor Sheridan') ON CONFLICT DO NOTHING;
INSERT INTO actors (mediaId, actorId , actorName, characterName, profilePath) VALUES(282, 1269, 'Kevin Costner', 'John Dutton', 'https://image.tmdb.org/t/p/original/608blZipRDZkDpzp8VItB64qMaT.jpg') ON CONFLICT DO NOTHING;
INSERT INTO actors (mediaId, actorId , actorName, characterName, profilePath) VALUES(282, 17521, 'Kelly Reilly', 'Beth Dutton', 'https://image.tmdb.org/t/p/original/gof8bWW9E7MH30GpvA97PwGiIuu.jpg') ON CONFLICT DO NOTHING;
INSERT INTO actors (mediaId, actorId , actorName, characterName, profilePath) VALUES(282, 56680, 'Luke Grimes', 'Kayce Dutton', 'https://image.tmdb.org/t/p/original/q8PqzidRZhcztUF2d0oWfvjBQdL.jpg') ON CONFLICT DO NOTHING;
INSERT INTO actors (mediaId, actorId , actorName, characterName, profilePath) VALUES(282, 8210, 'Wes Bentley', 'Jamie Dutton', 'https://image.tmdb.org/t/p/original/qwFi0SsOqm7feN4ps7cAiQDTNHL.jpg') ON CONFLICT DO NOTHING;
INSERT INTO actors (mediaId, actorId , actorName, characterName, profilePath) VALUES(282, 205976, 'Kelsey Asbille', 'Monica Dutton', 'https://image.tmdb.org/t/p/original/797zOEmnQnCKDTPGqU8yc2wjKJZ.jpg') ON CONFLICT DO NOTHING;
INSERT INTO actors (mediaId, actorId , actorName, characterName, profilePath) VALUES(282, 2038314, 'Brecken Merrill', 'Tate Dutton', 'https://image.tmdb.org/t/p/original/1lhgCdQzAfypTY9wXPvXCahTpt3.jpg') ON CONFLICT DO NOTHING;
INSERT INTO actors (mediaId, actorId , actorName, characterName, profilePath) VALUES(282, 6614, 'Cole Hauser', 'Rip Wheeler', 'https://image.tmdb.org/t/p/original/kJyUtNZREd7mes21OrWiCtOugPL.jpg') ON CONFLICT DO NOTHING;
INSERT INTO actors (mediaId, actorId , actorName, characterName, profilePath) VALUES(282, 84225, 'Gil Birmingham', 'Thomas Rainwater', 'https://image.tmdb.org/t/p/original/bWYOwtq0zUgpbEhTyiJHo2TmVju.jpg') ON CONFLICT DO NOTHING;
INSERT INTO actors (mediaId, actorId , actorName, characterName, profilePath) VALUES(282, 1385813, 'Jefferson White', 'Jimmy Hurdstrom', 'https://image.tmdb.org/t/p/original/8QSrhrWpqTBGJN3rfijXCvmOcb5.jpg') ON CONFLICT DO NOTHING;
INSERT INTO actors (mediaId, actorId , actorName, characterName, profilePath) VALUES(282, 1674161, 'Ryan Bingham', 'Walker', 'https://image.tmdb.org/t/p/original/mnTDK0M2ncJgTUm0T56AD4OxB83.jpg') ON CONFLICT DO NOTHING;
INSERT INTO providers (mediaId, providerId, providerName, logoPath) VALUES( 282, 2076, 'Paramount Network', 'https://image.tmdb.org/t/p/original/4knr4ozp2IQrA3SMQlLSYKcM3ML.png') ON CONFLICT DO NOTHING;
INSERT INTO media (mediaId, type, name, originalLanguage, adult, releaseDate, overview, backdropPath, posterPath, trailerLink, tmdbRating,  status) VALUES(283, true, 'The Walking Dead', 'en', False, '2010-10-31',  'Sheriff''s deputy Rick Grimes awakens from a coma to find a post-apocalyptic world dominated by flesh-eating zombies. He sets out to find his family and encounters many other survivors along the way.', 'https://image.tmdb.org/t/p/original/eUMwG5vXg4ovEUvXLAFgrr4bQvp.jpg', 'https://image.tmdb.org/t/p/original/n7PVu0hSz2sAsVekpOIoCnkWlbn.jpg', 'https://www.youtube.com/watch?v=BXqUmob-nfg', 8.1, 'Ended') ON CONFLICT DO NOTHING;
INSERT INTO tv (mediaid , lastAirDate, nextEpisodeToAir, numberOfEpisodes, numberOfSeasons) VALUES( 283, '2022-11-20', NULL , 177, 11) ON CONFLICT DO NOTHING;
INSERT INTO genres (mediaId, genre) VALUES(283, 'Action & Adventure') ON CONFLICT DO NOTHING;
INSERT INTO genres (mediaId, genre) VALUES(283, 'Drama') ON CONFLICT DO NOTHING;
INSERT INTO genres (mediaId, genre) VALUES(283, 'Sci-Fi & Fantasy') ON CONFLICT DO NOTHING;
INSERT INTO creators(mediaId, creatorId, creatorName) VALUES(283, 4027, 'Frank Darabont') ON CONFLICT DO NOTHING;
INSERT INTO actors (mediaId, actorId , actorName, characterName, profilePath) VALUES(283, 62220, 'Lauren Cohan', 'Maggie Greene', 'https://image.tmdb.org/t/p/original/zJ9nZ5jqQTUD55GLKbgfiKlUoBN.jpg') ON CONFLICT DO NOTHING;
INSERT INTO actors (mediaId, actorId , actorName, characterName, profilePath) VALUES(283, 4886, 'Norman Reedus', 'Daryl Dixon', 'https://image.tmdb.org/t/p/original/ozHPdO5jAt7ozzdZUgyRAMNPSDW.jpg') ON CONFLICT DO NOTHING;
INSERT INTO actors (mediaId, actorId , actorName, characterName, profilePath) VALUES(283, 47296, 'Jeffrey Dean Morgan', 'Negan Smith', 'https://image.tmdb.org/t/p/original/m8bdrmh6ExDCGQ64E83mHg002YV.jpg') ON CONFLICT DO NOTHING;
INSERT INTO actors (mediaId, actorId , actorName, characterName, profilePath) VALUES(283, 31535, 'Melissa McBride', 'Carol Peletier', 'https://image.tmdb.org/t/p/original/2omPfeMdnicJqqvgKAU2iqVyD4Z.jpg') ON CONFLICT DO NOTHING;
INSERT INTO actors (mediaId, actorId , actorName, characterName, profilePath) VALUES(283, 84224, 'Christian Serratos', 'Rosita Espinosa', 'https://image.tmdb.org/t/p/original/3odIVQPRdJ0aNuecrtciodBi0rL.jpg') ON CONFLICT DO NOTHING;
INSERT INTO actors (mediaId, actorId , actorName, characterName, profilePath) VALUES(283, 41688, 'Seth Gilliam', 'Gabriel Stokes', 'https://image.tmdb.org/t/p/original/uX4k1H9sRx3VDewQRuQO0oQrWEW.jpg') ON CONFLICT DO NOTHING;
INSERT INTO actors (mediaId, actorId , actorName, characterName, profilePath) VALUES(283, 555249, 'Ross Marquand', 'Aaron', 'https://image.tmdb.org/t/p/original/2CxkVPimin0c2v7fUK3MGjgEnLt.jpg') ON CONFLICT DO NOTHING;
INSERT INTO actors (mediaId, actorId , actorName, characterName, profilePath) VALUES(283, 1252310, 'Josh McDermitt', 'Eugene Porter', 'https://image.tmdb.org/t/p/original/ueZwswzCiJ0KgLNCKnrBNQvl0aE.jpg') ON CONFLICT DO NOTHING;
INSERT INTO actors (mediaId, actorId , actorName, characterName, profilePath) VALUES(283, 65640, 'Khary Payton', 'Ezekiel Sutton', 'https://image.tmdb.org/t/p/original/4PgEGuAb2KkaRb7P9PdK40pPeVH.jpg') ON CONFLICT DO NOTHING;
INSERT INTO actors (mediaId, actorId , actorName, characterName, profilePath) VALUES(283, 111698, 'Cooper Andrews', 'Jerry', 'https://image.tmdb.org/t/p/original/uyvhcj3hrhCWqXmS4VSM36LhISt.jpg') ON CONFLICT DO NOTHING;
INSERT INTO providers (mediaId, providerId, providerName, logoPath) VALUES( 283, 174, 'AMC', 'https://image.tmdb.org/t/p/original/alqLicR1ZMHMaZGP3xRQxn9sq7p.png') ON CONFLICT DO NOTHING;
INSERT INTO media (mediaId, type, name, originalLanguage, adult, releaseDate, overview, backdropPath, posterPath, trailerLink, tmdbRating,  status) VALUES(284, true, 'Family Guy', 'en', False, '1999-01-31',  'Sick, twisted, politically incorrect and Freakin'' Sweet animated series featuring the adventures of the dysfunctional Griffin family. Bumbling Peter and long-suffering Lois have three kids. Stewie (a brilliant but sadistic baby bent on killing his mother and taking over the world), Meg (the oldest, and is the most unpopular girl in town) and Chris (the middle kid, he''s not very bright but has a passion for movies). The final member of the family is Brian - a talking dog and much more than a pet, he keeps Stewie in check whilst sipping Martinis and sorting through his own life issues.', 'https://image.tmdb.org/t/p/original/wU1y7snEVYiJBpZ2k1DjIpHgJbx.jpg', 'https://image.tmdb.org/t/p/original/hw2vi8agaJZ7oeSvS8uEYgOtK32.jpg', 'None', 7.3, 'Returning Series') ON CONFLICT DO NOTHING;
INSERT INTO tv (mediaid , lastAirDate, nextEpisodeToAir, numberOfEpisodes, numberOfSeasons) VALUES( 284, '2023-10-08', '2023-10-22' , 412, 22) ON CONFLICT DO NOTHING;
INSERT INTO genres (mediaId, genre) VALUES(284, 'Animation') ON CONFLICT DO NOTHING;
INSERT INTO genres (mediaId, genre) VALUES(284, 'Comedy') ON CONFLICT DO NOTHING;
INSERT INTO creators(mediaId, creatorId, creatorName) VALUES(284, 52139, 'Seth MacFarlane') ON CONFLICT DO NOTHING;
INSERT INTO actors (mediaId, actorId , actorName, characterName, profilePath) VALUES(284, 52139, 'Seth MacFarlane', 'Peter Griffin / Brian Griffin / Stewie Griffin / Glenn Quagmire / Tom Tucker (voice)', 'https://image.tmdb.org/t/p/original/8oQJqM51Z0Qtdb7sE6ZfX1peNCB.jpg') ON CONFLICT DO NOTHING;
INSERT INTO actors (mediaId, actorId , actorName, characterName, profilePath) VALUES(284, 24357, 'Alex Borstein', 'Lois Griffin / Tricia Takanawa / Loretta Brown / Barbara Pewterschmidt (voice)', 'https://image.tmdb.org/t/p/original/evbCnRe5Yfuy0B41PONLTIcvbem.jpg') ON CONFLICT DO NOTHING;
INSERT INTO actors (mediaId, actorId , actorName, characterName, profilePath) VALUES(284, 13922, 'Seth Green', 'Chris Griffin (voice)', 'https://image.tmdb.org/t/p/original/l4No5Eu6j0U80hCIkaSn17AOWrj.jpg') ON CONFLICT DO NOTHING;
INSERT INTO providers (mediaId, providerId, providerName, logoPath) VALUES( 284, 19, 'FOX', 'https://image.tmdb.org/t/p/original/1DSpHrWyOORkL9N2QHX7Adt31mQ.png') ON CONFLICT DO NOTHING;
INSERT INTO media (mediaId, type, name, originalLanguage, adult, releaseDate, overview, backdropPath, posterPath, trailerLink, tmdbRating,  status) VALUES(285, true, 'Markus Lanz', 'de', False, '2008-06-03',  '', 'https://image.tmdb.org/t/p/original/qJnjJXBLgG4tummCm792nvNz7u1.jpg', 'https://image.tmdb.org/t/p/original/tr4cLn4ecRASV0SPM9FRv0AJOQF.jpg', 'None', 5.8, 'Returning Series') ON CONFLICT DO NOTHING;
INSERT INTO tv (mediaid , lastAirDate, nextEpisodeToAir, numberOfEpisodes, numberOfSeasons) VALUES( 285, '2023-10-17', '2023-10-18' , 1859, 16) ON CONFLICT DO NOTHING;
INSERT INTO genres (mediaId, genre) VALUES(285, 'Talk') ON CONFLICT DO NOTHING;
INSERT INTO actors (mediaId, actorId , actorName, characterName, profilePath) VALUES(285, 1472137, 'Markus Lanz', 'Self - Host', 'https://image.tmdb.org/t/p/original/xxayvzBbRIpZt4Aow3zf7uYQulm.jpg') ON CONFLICT DO NOTHING;
INSERT INTO providers (mediaId, providerId, providerName, logoPath) VALUES( 285, 31, 'ZDF', 'https://image.tmdb.org/t/p/original/2OHAgbf6QUj4cWjmFkFKu4jIsq1.png') ON CONFLICT DO NOTHING;
INSERT INTO media (mediaId, type, name, originalLanguage, adult, releaseDate, overview, backdropPath, posterPath, trailerLink, tmdbRating,  status) VALUES(286, true, 'El Señor de los Cielos', 'es', False, '2013-04-15',  'Set in the 1990s, these are the life and times of Amado Carrillo Fuentes, a man who became the head of the Juárez cartel. Nicknamed “El Señor de los Cielos” (Lord of the Skies) because of the large fleet of airplanes he used to transport drugs, he was also known for washing more than $200 million through Colombia to finance his huge fleet. He is described as the most powerful drug trafficker of his time.', 'https://image.tmdb.org/t/p/original/iN9uULLaSx7h21tcR9io2dnARjw.jpg', 'https://image.tmdb.org/t/p/original/Ag7VUdnrRz5Qpq3Yn3E5OCvFnu0.jpg', 'None', 7.9, 'Returning Series') ON CONFLICT DO NOTHING;
INSERT INTO tv (mediaid , lastAirDate, nextEpisodeToAir, numberOfEpisodes, numberOfSeasons) VALUES( 286, '2023-05-22', NULL , 699, 8) ON CONFLICT DO NOTHING;
INSERT INTO genres (mediaId, genre) VALUES(286, 'Crime') ON CONFLICT DO NOTHING;
INSERT INTO genres (mediaId, genre) VALUES(286, 'Drama') ON CONFLICT DO NOTHING;
INSERT INTO genres (mediaId, genre) VALUES(286, 'Soap') ON CONFLICT DO NOTHING;
INSERT INTO creators(mediaId, creatorId, creatorName) VALUES(286, 175615, 'Mauricio Ochmann') ON CONFLICT DO NOTHING;
INSERT INTO creators(mediaId, creatorId, creatorName) VALUES(286, 1455852, 'Mariano Calasso') ON CONFLICT DO NOTHING;
INSERT INTO creators(mediaId, creatorId, creatorName) VALUES(286, 1455854, 'Luis Zelkowicz') ON CONFLICT DO NOTHING;
INSERT INTO actors (mediaId, actorId , actorName, characterName, profilePath) VALUES(286, 237569, 'Rafael Amaya', 'Aurelio Casillas "El Señor de los Cielos"', 'https://image.tmdb.org/t/p/original/5Nv2eZsMYkdZKqUU3alruMWa49v.jpg') ON CONFLICT DO NOTHING;
INSERT INTO actors (mediaId, actorId , actorName, characterName, profilePath) VALUES(286, 1044077, 'Leonardo Daniel', 'Don Alfredo', 'https://image.tmdb.org/t/p/original/kPbDRhWPfuDh4Jc11AIF1Ouch8A.jpg') ON CONFLICT DO NOTHING;
INSERT INTO actors (mediaId, actorId , actorName, characterName, profilePath) VALUES(286, 1044087, 'Guillermo Quintanilla', 'Isidro Robles', 'https://image.tmdb.org/t/p/original/V06zmGwn5lUzhgW7YreDMnFCt2.jpg') ON CONFLICT DO NOTHING;
INSERT INTO providers (mediaId, providerId, providerName, logoPath) VALUES( 286, 193, 'Telemundo', 'https://image.tmdb.org/t/p/original/mieMBXx82qgY8nmnyaH0rY2D943.png') ON CONFLICT DO NOTHING;
INSERT INTO media (mediaId, type, name, originalLanguage, adult, releaseDate, overview, backdropPath, posterPath, trailerLink, tmdbRating,  status) VALUES(287, true, 'Criminal Minds', 'en', False, '2005-09-22',  'An elite team of FBI profilers analyze the country''s most twisted criminal minds, anticipating their next moves before they strike again. The Behavioral Analysis Unit''s most experienced agent is David Rossi, a founding member of the BAU who returns to help the team solve new cases.', 'https://image.tmdb.org/t/p/original/7ajRFaUz7dW9IPsGagM8cubXPrB.jpg', 'https://image.tmdb.org/t/p/original/7TCwgX7oQKxcWYEhSPRmaHe6ULN.jpg', 'https://www.youtube.com/watch?v=NTYxiJBbEZk', 8.3, 'Returning Series') ON CONFLICT DO NOTHING;
INSERT INTO tv (mediaid , lastAirDate, nextEpisodeToAir, numberOfEpisodes, numberOfSeasons) VALUES( 287, '2023-02-09', NULL , 334, 16) ON CONFLICT DO NOTHING;
INSERT INTO genres (mediaId, genre) VALUES(287, 'Crime') ON CONFLICT DO NOTHING;
INSERT INTO genres (mediaId, genre) VALUES(287, 'Drama') ON CONFLICT DO NOTHING;
INSERT INTO genres (mediaId, genre) VALUES(287, 'Mystery') ON CONFLICT DO NOTHING;
INSERT INTO creators(mediaId, creatorId, creatorName) VALUES(287, 1235310, 'Jeff Davis') ON CONFLICT DO NOTHING;
INSERT INTO actors (mediaId, actorId , actorName, characterName, profilePath) VALUES(287, 3266, 'Joe Mantegna', 'David Rossi', 'https://image.tmdb.org/t/p/original/stDNYeOPWhLVBweJHPkB9ZHpKTP.jpg') ON CONFLICT DO NOTHING;
INSERT INTO actors (mediaId, actorId , actorName, characterName, profilePath) VALUES(287, 123727, 'Kirsten Vangsness', 'Penelope Garcia', 'https://image.tmdb.org/t/p/original/mZvRWbF0JBUAZpguLRxMyrkfKno.jpg') ON CONFLICT DO NOTHING;
INSERT INTO actors (mediaId, actorId , actorName, characterName, profilePath) VALUES(287, 17236, 'A.J. Cook', 'Jennifer Jareau', 'https://image.tmdb.org/t/p/original/tvEjGDQVuu7jiOvWXwEU6tEE7NW.jpg') ON CONFLICT DO NOTHING;
INSERT INTO actors (mediaId, actorId , actorName, characterName, profilePath) VALUES(287, 15423, 'Paget Brewster', 'Emily Prentiss', 'https://image.tmdb.org/t/p/original/10hT8LIfzZCGh4KJcuawptqtWup.jpg') ON CONFLICT DO NOTHING;
INSERT INTO actors (mediaId, actorId , actorName, characterName, profilePath) VALUES(287, 38674, 'Aisha Tyler', 'Tara Lewis', 'https://image.tmdb.org/t/p/original/gVvqznx4udJMgO86IbufADinfE9.jpg') ON CONFLICT DO NOTHING;
INSERT INTO actors (mediaId, actorId , actorName, characterName, profilePath) VALUES(287, 49706, 'Adam Rodríguez', 'Luke Alvez', 'https://image.tmdb.org/t/p/original/qFSbLvyNPZK40hY9gZXJDvq0qVK.jpg') ON CONFLICT DO NOTHING;
INSERT INTO providers (mediaId, providerId, providerName, logoPath) VALUES( 287, 16, 'CBS', 'https://image.tmdb.org/t/p/original/wju8KhOUsR5y4bH9p3Jc50hhaLO.png') ON CONFLICT DO NOTHING;
INSERT INTO providers (mediaId, providerId, providerName, logoPath) VALUES( 287, 4330, 'Paramount+', 'https://image.tmdb.org/t/p/original/fi83B1oztoS47xxcemFdPMhIzK.png') ON CONFLICT DO NOTHING;
INSERT INTO media (mediaId, type, name, originalLanguage, adult, releaseDate, overview, backdropPath, posterPath, trailerLink, tmdbRating,  status) VALUES(288, true, 'The Mentalist', 'en', False, '2008-09-23',  'Patrick Jane, a former celebrity psychic medium, uses his razor sharp skills of observation and expertise at "reading" people to solve serious crimes with the California Bureau of Investigation.', 'https://image.tmdb.org/t/p/original/dwMZ8BW1tUp69baogSrcTAumKuR.jpg', 'https://image.tmdb.org/t/p/original/acYXu4KaDj1NIkMgObnhe4C4a0T.jpg', 'https://www.youtube.com/watch?v=nn2Q69pSC_M', 8.4, 'Ended') ON CONFLICT DO NOTHING;
INSERT INTO tv (mediaid , lastAirDate, nextEpisodeToAir, numberOfEpisodes, numberOfSeasons) VALUES( 288, '2015-02-18', NULL , 151, 7) ON CONFLICT DO NOTHING;
INSERT INTO genres (mediaId, genre) VALUES(288, 'Crime') ON CONFLICT DO NOTHING;
INSERT INTO genres (mediaId, genre) VALUES(288, 'Drama') ON CONFLICT DO NOTHING;
INSERT INTO genres (mediaId, genre) VALUES(288, 'Mystery') ON CONFLICT DO NOTHING;
INSERT INTO creators(mediaId, creatorId, creatorName) VALUES(288, 1211883, 'Bruno Heller') ON CONFLICT DO NOTHING;
INSERT INTO actors (mediaId, actorId , actorName, characterName, profilePath) VALUES(288, 1284159, 'Simon Baker', 'Patrick Jane', 'https://image.tmdb.org/t/p/original/oay0Lo2zl0lJdguptxgx1BK9Xq7.jpg') ON CONFLICT DO NOTHING;
INSERT INTO actors (mediaId, actorId , actorName, characterName, profilePath) VALUES(288, 17346, 'Robin Tunney', 'Teresa Lisbon', 'https://image.tmdb.org/t/p/original/tJko69EpGngdIkE03QE4iQD97nx.jpg') ON CONFLICT DO NOTHING;
INSERT INTO actors (mediaId, actorId , actorName, characterName, profilePath) VALUES(288, 52947, 'Tim Kang', 'Kimball Cho', 'https://image.tmdb.org/t/p/original/Ae7qMN6fJTut145qpeSn1NOu8yx.jpg') ON CONFLICT DO NOTHING;
INSERT INTO actors (mediaId, actorId , actorName, characterName, profilePath) VALUES(288, 17345, 'Rockmond Dunbar', 'Dennis Abbott', 'https://image.tmdb.org/t/p/original/gim7zIrYkbKWsp2Kod7fp74fWyI.jpg') ON CONFLICT DO NOTHING;
INSERT INTO actors (mediaId, actorId , actorName, characterName, profilePath) VALUES(288, 970561, 'Joe Adler', 'Jason Wylie', 'https://image.tmdb.org/t/p/original/bsle7zqj6HBs6NYstkwDwQY7EEf.jpg') ON CONFLICT DO NOTHING;
INSERT INTO actors (mediaId, actorId , actorName, characterName, profilePath) VALUES(288, 146516, 'Josie Loren', 'Michelle Vega', 'https://image.tmdb.org/t/p/original/vZJc51rwheOC0TCdUkA4KM1UfXu.jpg') ON CONFLICT DO NOTHING;
INSERT INTO providers (mediaId, providerId, providerName, logoPath) VALUES( 288, 16, 'CBS', 'https://image.tmdb.org/t/p/original/wju8KhOUsR5y4bH9p3Jc50hhaLO.png') ON CONFLICT DO NOTHING;
INSERT INTO media (mediaId, type, name, originalLanguage, adult, releaseDate, overview, backdropPath, posterPath, trailerLink, tmdbRating,  status) VALUES(289, true, 'Peaky Blinders', 'en', False, '2013-09-12',  'A gangster family epic set in 1919 Birmingham, England and centered on a gang who sew razor blades in the peaks of their caps, and their fierce boss Tommy Shelby, who means to move up in the world.', 'https://image.tmdb.org/t/p/original/wiE9doxiLwq3WCGamDIOb2PqBqc.jpg', 'https://image.tmdb.org/t/p/original/vUUqzWa2LnHIVqkaKVlVGkVcZIW.jpg', 'https://www.youtube.com/watch?v=EM12mcTEI88', 8.5, 'Ended') ON CONFLICT DO NOTHING;
INSERT INTO tv (mediaid , lastAirDate, nextEpisodeToAir, numberOfEpisodes, numberOfSeasons) VALUES( 289, '2022-04-03', NULL , 36, 6) ON CONFLICT DO NOTHING;
INSERT INTO genres (mediaId, genre) VALUES(289, 'Drama') ON CONFLICT DO NOTHING;
INSERT INTO genres (mediaId, genre) VALUES(289, 'Crime') ON CONFLICT DO NOTHING;
INSERT INTO creators(mediaId, creatorId, creatorName) VALUES(289, 23227, 'Steven Knight') ON CONFLICT DO NOTHING;
INSERT INTO actors (mediaId, actorId , actorName, characterName, profilePath) VALUES(289, 2037, 'Cillian Murphy', 'Tommy Shelby', 'https://image.tmdb.org/t/p/original/llkbyWKwpfowZ6C8peBjIV9jj99.jpg') ON CONFLICT DO NOTHING;
INSERT INTO actors (mediaId, actorId , actorName, characterName, profilePath) VALUES(289, 220448, 'Paul Anderson', 'Arthur Shelby', 'https://image.tmdb.org/t/p/original/nds5rTBZvJ4rEsP4N6OaoEgQDkW.jpg') ON CONFLICT DO NOTHING;
INSERT INTO actors (mediaId, actorId , actorName, characterName, profilePath) VALUES(289, 1088620, 'Sophie Rundle', 'Ada Shelby', 'https://image.tmdb.org/t/p/original/aoWGL80w8Ddztfg90DAgUpT61Vx.jpg') ON CONFLICT DO NOTHING;
INSERT INTO actors (mediaId, actorId , actorName, characterName, profilePath) VALUES(289, 1167897, 'Natasha O''Keeffe', 'Lizzie Stark', 'https://image.tmdb.org/t/p/original/tOX10C02tSFnOSra8a8rGuA6QZ5.jpg') ON CONFLICT DO NOTHING;
INSERT INTO providers (mediaId, providerId, providerName, logoPath) VALUES( 289, 4, 'BBC One', 'https://image.tmdb.org/t/p/original/mVn7xESaTNmjBUyUtGNvDQd3CT1.png') ON CONFLICT DO NOTHING;
INSERT INTO providers (mediaId, providerId, providerName, logoPath) VALUES( 289, 332, 'BBC Two', 'https://image.tmdb.org/t/p/original/6kl5tMuct7u3ej5myL4c9QQVSW1.png') ON CONFLICT DO NOTHING;
INSERT INTO media (mediaId, type, name, originalLanguage, adult, releaseDate, overview, backdropPath, posterPath, trailerLink, tmdbRating,  status) VALUES(290, true, 'American Dad!', 'en', False, '2005-02-06',  'The series focuses on an eccentric motley crew that is the Smith family and their three housemates: Father, husband, and breadwinner Stan Smith; his better half housewife, Francine Smith; their college-aged daughter, Hayley Smith; and their high-school-aged son, Steve Smith. Outside of the Smith family, there are three additional main characters, including Hayley''s boyfriend turned husband, Jeff Fischer; the family''s man-in-a-goldfish-body pet, Klaus; and most notably the family''s zany alien, Roger, who is "full of masquerades, brazenness, and shocking antics."', 'https://image.tmdb.org/t/p/original/mc3rG5M9dFVjMfaCFNfbD5gu2pK.jpg', 'https://image.tmdb.org/t/p/original/xnFFz3etm1vftF0ns8RMHA8XdqT.jpg', 'https://www.youtube.com/watch?v=apr31MFjg08', 7, 'Returning Series') ON CONFLICT DO NOTHING;
INSERT INTO tv (mediaid , lastAirDate, nextEpisodeToAir, numberOfEpisodes, numberOfSeasons) VALUES( 290, '2023-10-02', '2023-10-30' , 366, 20) ON CONFLICT DO NOTHING;
INSERT INTO genres (mediaId, genre) VALUES(290, 'Animation') ON CONFLICT DO NOTHING;
INSERT INTO genres (mediaId, genre) VALUES(290, 'Comedy') ON CONFLICT DO NOTHING;
INSERT INTO creators(mediaId, creatorId, creatorName) VALUES(290, 52139, 'Seth MacFarlane') ON CONFLICT DO NOTHING;
INSERT INTO creators(mediaId, creatorId, creatorName) VALUES(290, 1224449, 'Mike Barker') ON CONFLICT DO NOTHING;
INSERT INTO creators(mediaId, creatorId, creatorName) VALUES(290, 1224452, 'Matt Weitzman') ON CONFLICT DO NOTHING;
INSERT INTO actors (mediaId, actorId , actorName, characterName, profilePath) VALUES(290, 52139, 'Seth MacFarlane', 'Stan Smith / Roger (voice)', 'https://image.tmdb.org/t/p/original/8oQJqM51Z0Qtdb7sE6ZfX1peNCB.jpg') ON CONFLICT DO NOTHING;
INSERT INTO actors (mediaId, actorId , actorName, characterName, profilePath) VALUES(290, 37600, 'Wendy Schaal', 'Francine Smith (voice)', 'https://image.tmdb.org/t/p/original/qq9Jc77KD24FxxJrR7O2F3E6c8A.jpg') ON CONFLICT DO NOTHING;
INSERT INTO actors (mediaId, actorId , actorName, characterName, profilePath) VALUES(290, 81668, 'Rachael MacFarlane', 'Hayley Smith (voice)', 'https://image.tmdb.org/t/p/original/AnLEvMh9pl94uJOO2MnZFQB44b4.jpg') ON CONFLICT DO NOTHING;
INSERT INTO actors (mediaId, actorId , actorName, characterName, profilePath) VALUES(290, 35091, 'Scott Grimes', 'Steve Smith (voice)', 'https://image.tmdb.org/t/p/original/oB0xperEt45g8Ti6lpObpi6c5XV.jpg') ON CONFLICT DO NOTHING;
INSERT INTO actors (mediaId, actorId , actorName, characterName, profilePath) VALUES(290, 23680, 'Dee Bradley Baker', 'Klaus (voice)', 'https://image.tmdb.org/t/p/original/9oFnToDZWp0I484s7Ua1EzNQQ2m.jpg') ON CONFLICT DO NOTHING;
INSERT INTO providers (mediaId, providerId, providerName, logoPath) VALUES( 290, 19, 'FOX', 'https://image.tmdb.org/t/p/original/1DSpHrWyOORkL9N2QHX7Adt31mQ.png') ON CONFLICT DO NOTHING;
INSERT INTO providers (mediaId, providerId, providerName, logoPath) VALUES( 290, 68, 'TBS', 'https://image.tmdb.org/t/p/original/65r0kR6MfOBYF0gEQsJGM6v5fEG.png') ON CONFLICT DO NOTHING;
INSERT INTO media (mediaId, type, name, originalLanguage, adult, releaseDate, overview, backdropPath, posterPath, trailerLink, tmdbRating,  status) VALUES(291, true, 'Castle', 'en', False, '2009-03-09',  'After a serial killer imitates the plots of his novels, successful mystery novelist Richard "Rick" Castle receives permission from the Mayor of New York City to tag along with an NYPD homicide investigation team for research purposes.', 'https://image.tmdb.org/t/p/original/r54UMcnen0Egd1z1B2VKSrN6or8.jpg', 'https://image.tmdb.org/t/p/original/diXBeMzvfJb2iJg3G0kCUaMCzEc.jpg', 'https://www.youtube.com/watch?v=xjrObBtzGYg', 8, 'Canceled') ON CONFLICT DO NOTHING;
INSERT INTO tv (mediaid , lastAirDate, nextEpisodeToAir, numberOfEpisodes, numberOfSeasons) VALUES( 291, '2016-05-16', NULL , 173, 8) ON CONFLICT DO NOTHING;
INSERT INTO genres (mediaId, genre) VALUES(291, 'Drama') ON CONFLICT DO NOTHING;
INSERT INTO genres (mediaId, genre) VALUES(291, 'Crime') ON CONFLICT DO NOTHING;
INSERT INTO creators(mediaId, creatorId, creatorName) VALUES(291, 57532, 'Andrew W. Marlowe') ON CONFLICT DO NOTHING;
INSERT INTO actors (mediaId, actorId , actorName, characterName, profilePath) VALUES(291, 51797, 'Nathan Fillion', 'Richard Castle', 'https://image.tmdb.org/t/p/original/aW6vCxkUZtwb6iH2Wf88Uq0XNVv.jpg') ON CONFLICT DO NOTHING;
INSERT INTO actors (mediaId, actorId , actorName, characterName, profilePath) VALUES(291, 34408, 'Stana Katic', 'Kate Beckett', 'https://image.tmdb.org/t/p/original/tqyqLe8EC3ieGPZhYrJqPXOfDMg.jpg') ON CONFLICT DO NOTHING;
INSERT INTO actors (mediaId, actorId , actorName, characterName, profilePath) VALUES(291, 96349, 'Molly C. Quinn', 'Alexis Castle', 'https://image.tmdb.org/t/p/original/c3pWyH63Z7RHZkU3y3u6O8f07qf.jpg') ON CONFLICT DO NOTHING;
INSERT INTO actors (mediaId, actorId , actorName, characterName, profilePath) VALUES(291, 62095, 'Jon Huertas', 'Javier Esposito', 'https://image.tmdb.org/t/p/original/fNNJu1SJLQlpD8LVFFGJw1JlQSn.jpg') ON CONFLICT DO NOTHING;
INSERT INTO actors (mediaId, actorId , actorName, characterName, profilePath) VALUES(291, 114035, 'Seamus Dever', 'Kevin Ryan', 'https://image.tmdb.org/t/p/original/izuwVXJowfoI5L51whUuHyjmdf8.jpg') ON CONFLICT DO NOTHING;
INSERT INTO actors (mediaId, actorId , actorName, characterName, profilePath) VALUES(291, 543204, 'Susan Sullivan', 'Martha Rodgers', 'https://image.tmdb.org/t/p/original/cafgP4eWAKCwPP76qO7xSkbrSUz.jpg') ON CONFLICT DO NOTHING;
INSERT INTO actors (mediaId, actorId , actorName, characterName, profilePath) VALUES(291, 59154, 'Tamala Jones', 'Lanie Parish', 'https://image.tmdb.org/t/p/original/hrFYvbtG30VflYg5K6hJvjEuj7b.jpg') ON CONFLICT DO NOTHING;
INSERT INTO actors (mediaId, actorId , actorName, characterName, profilePath) VALUES(291, 1256258, 'Toks Olagundoye', 'Hayley Shipton', 'https://image.tmdb.org/t/p/original/2tKnfTA0gh6QnTcHb18hj8o70uG.jpg') ON CONFLICT DO NOTHING;
INSERT INTO providers (mediaId, providerId, providerName, logoPath) VALUES( 291, 2, 'ABC', 'https://image.tmdb.org/t/p/original/2uy2ZWcplrSObIyt4x0Y9rkG6qO.png') ON CONFLICT DO NOTHING;
INSERT INTO media (mediaId, type, name, originalLanguage, adult, releaseDate, overview, backdropPath, posterPath, trailerLink, tmdbRating,  status) VALUES(292, true, 'Fufu Kokan: Modorenai Yoru', 'ja', False, '2023-07-03',  'Reiji and his wife joined their friends on a getaway to a traditional Japanese inn, hoping to conceive a child. However, their plans took an unexpected turn when Reiji was seduced by his friend''s wife, while his own wife engaged in a passionate affair with their mutual friend.  Amidst forbidden desires and the thrill of pushing boundaries, the four of them delved deeper into temptation.  As they surrendered to their carnal passions, could they ever reclaim the innocence of their marriages?', 'https://image.tmdb.org/t/p/original/AsVqM1Fwdi7Vv2JUIe9H25WnMZb.jpg', 'https://image.tmdb.org/t/p/original/XjujJZNZfGG9OSo3ORrDEM4lWe.jpg', 'None', 7.8, 'Ended') ON CONFLICT DO NOTHING;
INSERT INTO tv (mediaid , lastAirDate, nextEpisodeToAir, numberOfEpisodes, numberOfSeasons) VALUES( 292, '2023-08-28', NULL , 8, 1) ON CONFLICT DO NOTHING;
INSERT INTO genres (mediaId, genre) VALUES(292, 'Animation') ON CONFLICT DO NOTHING;
INSERT INTO actors (mediaId, actorId , actorName, characterName, profilePath) VALUES(292, 1781816, 'Yuto Suzuki', 'Reiji Suzukawa (voice)', 'https://image.tmdb.org/t/p/original/cLOM19i1I5TCLD6PpmIiuUU1uQ0.jpg') ON CONFLICT DO NOTHING;
INSERT INTO actors (mediaId, actorId , actorName, characterName, profilePath) VALUES(292, 3999607, 'Amu Mochiri', 'Kanade Suzukawa (voice)', 'None') ON CONFLICT DO NOTHING;
INSERT INTO actors (mediaId, actorId , actorName, characterName, profilePath) VALUES(292, 4103866, 'Cinnamon Yatsuhashi', 'Asuka Mihara (voice)', 'None') ON CONFLICT DO NOTHING;
INSERT INTO actors (mediaId, actorId , actorName, characterName, profilePath) VALUES(292, 4103874, 'Tapioca Kuroi', 'Kosuke Mihara (voice)', 'None') ON CONFLICT DO NOTHING;
INSERT INTO providers (mediaId, providerId, providerName, logoPath) VALUES( 292, 614, 'Tokyo MX', 'https://image.tmdb.org/t/p/original/hSdroyVthq3CynxTIIY7lnS8w1.png') ON CONFLICT DO NOTHING;
INSERT INTO providers (mediaId, providerId, providerName, logoPath) VALUES( 292, 861, 'BS11', 'https://image.tmdb.org/t/p/original/JQ5bx6n7Qmdmyqz6sqjo5Fz2iR.png') ON CONFLICT DO NOTHING;
INSERT INTO media (mediaId, type, name, originalLanguage, adult, releaseDate, overview, backdropPath, posterPath, trailerLink, tmdbRating,  status) VALUES(293, true, 'Berserk of Gluttony', 'ja', False, '2023-10-05',  'Fate Graphite is one of the forsaken. Cursed with the skill “Gluttony,” he is ever starving, never sated…until the day he kills a dying thief and devours the man''s strength—and his soul. The true hunger of Fate''s Gluttony has awakened, and if he can learn to control his power, he will at last be the master of his own destiny.', 'https://image.tmdb.org/t/p/original/w6UrhLiXEMLwI4PFv2I2JEPhLRj.jpg', 'https://image.tmdb.org/t/p/original/wQMcq5YUjMfoIEqLRzrNQVt4ROl.jpg', 'https://www.youtube.com/watch?v=fDHLSymOkh4', 5.5, 'Returning Series') ON CONFLICT DO NOTHING;
INSERT INTO tv (mediaid , lastAirDate, nextEpisodeToAir, numberOfEpisodes, numberOfSeasons) VALUES( 293, '2023-10-12', '2023-10-19' , 12, 1) ON CONFLICT DO NOTHING;
INSERT INTO genres (mediaId, genre) VALUES(293, 'Animation') ON CONFLICT DO NOTHING;
INSERT INTO genres (mediaId, genre) VALUES(293, 'Sci-Fi & Fantasy') ON CONFLICT DO NOTHING;
INSERT INTO actors (mediaId, actorId , actorName, characterName, profilePath) VALUES(293, 1324468, 'Ryota Osaka', 'Fate Graphite (voice)', 'https://image.tmdb.org/t/p/original/d2TGy8Qkxe90tGDr9MCXFGkhbPl.jpg') ON CONFLICT DO NOTHING;
INSERT INTO actors (mediaId, actorId , actorName, characterName, profilePath) VALUES(293, 90567, 'Tomokazu Seki', 'Greed (voice)', 'https://image.tmdb.org/t/p/original/4N6i4cgtbeUj5AJd8kiBZ2BxxEJ.jpg') ON CONFLICT DO NOTHING;
INSERT INTO actors (mediaId, actorId , actorName, characterName, profilePath) VALUES(293, 2374681, 'Hisako Tojo', 'Roxy Heart (voice)', 'https://image.tmdb.org/t/p/original/oWXhLQN274DMfQfM39ukoZc70or.jpg') ON CONFLICT DO NOTHING;
INSERT INTO actors (mediaId, actorId , actorName, characterName, profilePath) VALUES(293, 3040910, 'Hitomi Sekine', 'Eris (voice)', 'https://image.tmdb.org/t/p/original/ucjhlWFIqUYOgeBpC7oECAs59VL.jpg') ON CONFLICT DO NOTHING;
INSERT INTO actors (mediaId, actorId , actorName, characterName, profilePath) VALUES(293, 2440223, 'Misato Matsuoka', 'Myne (voice)', 'https://image.tmdb.org/t/p/original/zSB8zgGwFGFq2EL3cWobQifsIXt.jpg') ON CONFLICT DO NOTHING;
INSERT INTO providers (mediaId, providerId, providerName, logoPath) VALUES( 293, 614, 'Tokyo MX', 'https://image.tmdb.org/t/p/original/hSdroyVthq3CynxTIIY7lnS8w1.png') ON CONFLICT DO NOTHING;
INSERT INTO providers (mediaId, providerId, providerName, logoPath) VALUES( 293, 817, 'Sun TV', 'https://image.tmdb.org/t/p/original/wkyNhgg9DDtQMFBGXpAaHilE99N.png') ON CONFLICT DO NOTHING;
INSERT INTO providers (mediaId, providerId, providerName, logoPath) VALUES( 293, 861, 'BS11', 'https://image.tmdb.org/t/p/original/JQ5bx6n7Qmdmyqz6sqjo5Fz2iR.png') ON CONFLICT DO NOTHING;
INSERT INTO media (mediaId, type, name, originalLanguage, adult, releaseDate, overview, backdropPath, posterPath, trailerLink, tmdbRating,  status) VALUES(294, true, 'Midsomer Murders', 'en', False, '1997-03-23',  'The peacefulness of the Midsomer community is shattered by violent crimes, suspects are placed under suspicion, and it is up to a veteran DCI and his young sergeant to calmly and diligently eliminate the innocent and ruthlessly pursue the guilty. ', 'https://image.tmdb.org/t/p/original/yEuepVOypBHTjVAWYkghKppJtxM.jpg', 'https://image.tmdb.org/t/p/original/pz7tsWxe0TTdfJnWPjZAEnrSl5M.jpg', 'https://www.youtube.com/watch?v=ym8b4UJDqcw', 7.7, 'Returning Series') ON CONFLICT DO NOTHING;
INSERT INTO tv (mediaid , lastAirDate, nextEpisodeToAir, numberOfEpisodes, numberOfSeasons) VALUES( 294, '2023-08-27', NULL , 136, 23) ON CONFLICT DO NOTHING;
INSERT INTO genres (mediaId, genre) VALUES(294, 'Crime') ON CONFLICT DO NOTHING;
INSERT INTO genres (mediaId, genre) VALUES(294, 'Drama') ON CONFLICT DO NOTHING;
INSERT INTO genres (mediaId, genre) VALUES(294, 'Mystery') ON CONFLICT DO NOTHING;
INSERT INTO creators(mediaId, creatorId, creatorName) VALUES(294, 61354, 'Anthony Horowitz') ON CONFLICT DO NOTHING;
INSERT INTO creators(mediaId, creatorId, creatorName) VALUES(294, 1428479, 'Caroline Graham') ON CONFLICT DO NOTHING;
INSERT INTO actors (mediaId, actorId , actorName, characterName, profilePath) VALUES(294, 87097, 'Neil Dudgeon', 'DCI John Barnaby', 'https://image.tmdb.org/t/p/original/bQ7KNoG80k91MZzVoQ1jMhxNX6s.jpg') ON CONFLICT DO NOTHING;
INSERT INTO actors (mediaId, actorId , actorName, characterName, profilePath) VALUES(294, 1332982, 'Nick Hendrix', 'DS Jamie Winter', 'https://image.tmdb.org/t/p/original/eHheRwz9nnfgP9JiHJxCvift91T.jpg') ON CONFLICT DO NOTHING;
INSERT INTO actors (mediaId, actorId , actorName, characterName, profilePath) VALUES(294, 1190276, 'Fiona Dolman', 'Sarah Barnaby', 'https://image.tmdb.org/t/p/original/uXOHx6wU4epLp7xOaax2PyB1zBR.jpg') ON CONFLICT DO NOTHING;
INSERT INTO actors (mediaId, actorId , actorName, characterName, profilePath) VALUES(294, 30320, 'Annette Badland', 'Dr. Fleur Perkins', 'https://image.tmdb.org/t/p/original/6ZoUX6K4WI2MZrhXb21vU5Mtc6P.jpg') ON CONFLICT DO NOTHING;
INSERT INTO providers (mediaId, providerId, providerName, logoPath) VALUES( 294, 9, 'ITV1', 'https://image.tmdb.org/t/p/original/oz9pjTHnBUmlju8OkaTymhKbh6C.png') ON CONFLICT DO NOTHING;
INSERT INTO media (mediaId, type, name, originalLanguage, adult, releaseDate, overview, backdropPath, posterPath, trailerLink, tmdbRating,  status) VALUES(295, true, 'Bones', 'en', False, '2005-09-13',  'Dr. Temperance Brennan and her colleagues at the Jeffersonian''s Medico-Legal Lab assist Special Agent Seeley Booth with murder investigations when the remains are so badly decomposed, burned or destroyed that the standard identification methods are useless.', 'https://image.tmdb.org/t/p/original/e9n87p3Ax67spq3eUgLB6rjIEow.jpg', 'https://image.tmdb.org/t/p/original/eyTu5c8LniVciRZIOSHTvvkkgJa.jpg', 'None', 8.3, 'Ended') ON CONFLICT DO NOTHING;
INSERT INTO tv (mediaid , lastAirDate, nextEpisodeToAir, numberOfEpisodes, numberOfSeasons) VALUES( 295, '2017-03-28', NULL , 246, 12) ON CONFLICT DO NOTHING;
INSERT INTO genres (mediaId, genre) VALUES(295, 'Crime') ON CONFLICT DO NOTHING;
INSERT INTO genres (mediaId, genre) VALUES(295, 'Drama') ON CONFLICT DO NOTHING;
INSERT INTO creators(mediaId, creatorId, creatorName) VALUES(295, 1212569, 'Hart Hanson') ON CONFLICT DO NOTHING;
INSERT INTO actors (mediaId, actorId , actorName, characterName, profilePath) VALUES(295, 25933, 'Emily Deschanel', 'Temperance "Bones" Brennan', 'https://image.tmdb.org/t/p/original/bS4F39NlQAURKtO5r1CD3ivSf62.jpg') ON CONFLICT DO NOTHING;
INSERT INTO actors (mediaId, actorId , actorName, characterName, profilePath) VALUES(295, 25934, 'David Boreanaz', 'Seeley Booth', 'https://image.tmdb.org/t/p/original/oO619MACIfz7YoPiIGXYOfamhOE.jpg') ON CONFLICT DO NOTHING;
INSERT INTO actors (mediaId, actorId , actorName, characterName, profilePath) VALUES(295, 58621, 'John Boyd', 'James Aubrey', 'https://image.tmdb.org/t/p/original/oHgkm4VtuG1kFNqRCqPd5pKKMd0.jpg') ON CONFLICT DO NOTHING;
INSERT INTO actors (mediaId, actorId , actorName, characterName, profilePath) VALUES(295, 122237, 'Michaela Conlin', 'Angela Montenegro', 'https://image.tmdb.org/t/p/original/5Qv7KNTMDbdO7m5p1wIic5kVKr8.jpg') ON CONFLICT DO NOTHING;
INSERT INTO actors (mediaId, actorId , actorName, characterName, profilePath) VALUES(295, 39464, 'Tamara Taylor', 'Camille Saroyan', 'https://image.tmdb.org/t/p/original/4hvMoHSki7mZUPxcJXysLEw5Z5I.jpg') ON CONFLICT DO NOTHING;
INSERT INTO actors (mediaId, actorId , actorName, characterName, profilePath) VALUES(295, 151263, 'T.J. Thyne', 'Jack Hodgins', 'https://image.tmdb.org/t/p/original/wzPGaDjzimfGjIpRg6NjN9eqJxL.jpg') ON CONFLICT DO NOTHING;
INSERT INTO providers (mediaId, providerId, providerName, logoPath) VALUES( 295, 19, 'FOX', 'https://image.tmdb.org/t/p/original/1DSpHrWyOORkL9N2QHX7Adt31mQ.png') ON CONFLICT DO NOTHING;
INSERT INTO media (mediaId, type, name, originalLanguage, adult, releaseDate, overview, backdropPath, posterPath, trailerLink, tmdbRating,  status) VALUES(296, true, 'Shameless', 'en', False, '2011-01-09',  'Chicagoan Frank Gallagher is the proud single dad of six smart, industrious, independent kids, who without him would be... perhaps better off. When Frank''s not at the bar spending what little money they have, he''s passed out on the floor. But the kids have found ways to grow up in spite of him. They may not be like any family you know, but they make no apologies for being exactly who they are.', 'https://image.tmdb.org/t/p/original/bFVx0ydejF6NE8SEAVz95ns0o6A.jpg', 'https://image.tmdb.org/t/p/original/9akij7PqZ1g6zl42DQQTtL9CTSb.jpg', 'https://www.youtube.com/watch?v=-7QA-uMAiLw', 8.2, 'Ended') ON CONFLICT DO NOTHING;
INSERT INTO tv (mediaid , lastAirDate, nextEpisodeToAir, numberOfEpisodes, numberOfSeasons) VALUES( 296, '2021-04-11', NULL , 134, 11) ON CONFLICT DO NOTHING;
INSERT INTO genres (mediaId, genre) VALUES(296, 'Drama') ON CONFLICT DO NOTHING;
INSERT INTO genres (mediaId, genre) VALUES(296, 'Comedy') ON CONFLICT DO NOTHING;
INSERT INTO creators(mediaId, creatorId, creatorName) VALUES(296, 47333, 'John Wells') ON CONFLICT DO NOTHING;
INSERT INTO creators(mediaId, creatorId, creatorName) VALUES(296, 1212184, 'Paul Abbott') ON CONFLICT DO NOTHING;
INSERT INTO actors (mediaId, actorId , actorName, characterName, profilePath) VALUES(296, 3905, 'William H. Macy', 'Frank Gallagher', 'https://image.tmdb.org/t/p/original/r8L4rJlEZXKo91nJjoMXaMHHt0P.jpg') ON CONFLICT DO NOTHING;
INSERT INTO actors (mediaId, actorId , actorName, characterName, profilePath) VALUES(296, 206905, 'Jeremy Allen White', 'Lip Gallagher', 'https://image.tmdb.org/t/p/original/fO2EfpdDCARYuNT11Il6kRq5mL0.jpg') ON CONFLICT DO NOTHING;
INSERT INTO actors (mediaId, actorId , actorName, characterName, profilePath) VALUES(296, 132213, 'Ethan Cutkosky', 'Carl Gallagher', 'https://image.tmdb.org/t/p/original/nPL6NNLSAktu8902c00d3otlu9w.jpg') ON CONFLICT DO NOTHING;
INSERT INTO actors (mediaId, actorId , actorName, characterName, profilePath) VALUES(296, 110531, 'Shanola Hampton', 'Veronica Fisher', 'https://image.tmdb.org/t/p/original/3H3zLTBH3ThD0G4IJ4TACKhRzIw.jpg') ON CONFLICT DO NOTHING;
INSERT INTO actors (mediaId, actorId , actorName, characterName, profilePath) VALUES(296, 81388, 'Steve Howey', 'Kevin Ball', 'https://image.tmdb.org/t/p/original/7pkqToPpwV6id92cHDwigS77qdv.jpg') ON CONFLICT DO NOTHING;
INSERT INTO actors (mediaId, actorId , actorName, characterName, profilePath) VALUES(296, 1252801, 'Emma Kenney', 'Debbie Gallagher', 'https://image.tmdb.org/t/p/original/AvcM57XKunQCFGsu5cZZHkNre4z.jpg') ON CONFLICT DO NOTHING;
INSERT INTO actors (mediaId, actorId , actorName, characterName, profilePath) VALUES(296, 2563541, 'Christian Isaiah', 'Liam Gallagher', 'https://image.tmdb.org/t/p/original/2gD6D7Lp9CYqTLG2iNg6RR6QPkt.jpg') ON CONFLICT DO NOTHING;
INSERT INTO actors (mediaId, actorId , actorName, characterName, profilePath) VALUES(296, 37089, 'Cameron Monaghan', 'Ian Gallagher', 'https://image.tmdb.org/t/p/original/gegD6j2xaDCTFByssg8PDbuUbjR.jpg') ON CONFLICT DO NOTHING;
INSERT INTO actors (mediaId, actorId , actorName, characterName, profilePath) VALUES(296, 80352, 'Noel Fisher', 'Mickey Milkovich', 'https://image.tmdb.org/t/p/original/rBD5Iwt9WITaUKGk1oxSPLjjpm2.jpg') ON CONFLICT DO NOTHING;
INSERT INTO actors (mediaId, actorId , actorName, characterName, profilePath) VALUES(296, 214695, 'Kate Miner', 'Tami Tamietti', 'https://image.tmdb.org/t/p/original/c2GXh9l7LsBH1eNsKXIxheY1BrF.jpg') ON CONFLICT DO NOTHING;
INSERT INTO providers (mediaId, providerId, providerName, logoPath) VALUES( 296, 67, 'Showtime', 'https://image.tmdb.org/t/p/original/Allse9kbjiP6ExaQrnSpIhkurEi.png') ON CONFLICT DO NOTHING;
INSERT INTO media (mediaId, type, name, originalLanguage, adult, releaseDate, overview, backdropPath, posterPath, trailerLink, tmdbRating,  status) VALUES(297, true, 'Young Sheldon', 'en', False, '2017-09-25',  'The early life of child genius Sheldon Cooper, later seen in The Big Bang Theory.', 'https://image.tmdb.org/t/p/original/fXRgyxFxT3SG45fDqUODDRNE9IJ.jpg', 'https://image.tmdb.org/t/p/original/MpdROQ5XxQqOMKhJlLUf7PTxIC.jpg', 'https://www.youtube.com/watch?v=iGKnI3Lc7C4', 8.1, 'Returning Series') ON CONFLICT DO NOTHING;
INSERT INTO tv (mediaid , lastAirDate, nextEpisodeToAir, numberOfEpisodes, numberOfSeasons) VALUES( 297, '2023-05-18', NULL , 127, 6) ON CONFLICT DO NOTHING;
INSERT INTO genres (mediaId, genre) VALUES(297, 'Comedy') ON CONFLICT DO NOTHING;
INSERT INTO genres (mediaId, genre) VALUES(297, 'Family') ON CONFLICT DO NOTHING;
INSERT INTO creators(mediaId, creatorId, creatorName) VALUES(297, 160172, 'Chuck Lorre') ON CONFLICT DO NOTHING;
INSERT INTO creators(mediaId, creatorId, creatorName) VALUES(297, 1224133, 'Steven Molaro') ON CONFLICT DO NOTHING;
INSERT INTO actors (mediaId, actorId , actorName, characterName, profilePath) VALUES(297, 1684536, 'Iain Armitage', 'Sheldon Cooper', 'https://image.tmdb.org/t/p/original/8vXABTsQUMYAVzpeHPDHws1gjQZ.jpg') ON CONFLICT DO NOTHING;
INSERT INTO actors (mediaId, actorId , actorName, characterName, profilePath) VALUES(297, 133450, 'Zoe Perry', 'Mary Cooper', 'https://image.tmdb.org/t/p/original/dpdoE1SdfXqFum0xMbg1Yl8ciWE.jpg') ON CONFLICT DO NOTHING;
INSERT INTO actors (mediaId, actorId , actorName, characterName, profilePath) VALUES(297, 1212111, 'Lance Barber', 'George Cooper', 'https://image.tmdb.org/t/p/original/dCIcGDmlHPOwohzQwf1wOWgawHk.jpg') ON CONFLICT DO NOTHING;
INSERT INTO actors (mediaId, actorId , actorName, characterName, profilePath) VALUES(297, 1817307, 'Montana Jordan', 'Georgie Cooper', 'https://image.tmdb.org/t/p/original/xFmmWQPCSR3LHS6VNL6sti7FDow.jpg') ON CONFLICT DO NOTHING;
INSERT INTO actors (mediaId, actorId , actorName, characterName, profilePath) VALUES(297, 1575317, 'Raegan Revord', 'Missy Cooper', 'https://image.tmdb.org/t/p/original/nRRogtHngW9zGprMo7FpPuKtcZ8.jpg') ON CONFLICT DO NOTHING;
INSERT INTO actors (mediaId, actorId , actorName, characterName, profilePath) VALUES(297, 8873, 'Annie Potts', 'Connie Tucker', 'https://image.tmdb.org/t/p/original/wci5yNwwQvvRtHybDG36wZqhC1t.jpg') ON CONFLICT DO NOTHING;
INSERT INTO actors (mediaId, actorId , actorName, characterName, profilePath) VALUES(297, 82785, 'Emily Osment', 'Mandy McAllister', 'https://image.tmdb.org/t/p/original/udJH2tpbxHalcbD18VNsWLGXTTy.jpg') ON CONFLICT DO NOTHING;
INSERT INTO actors (mediaId, actorId , actorName, characterName, profilePath) VALUES(297, 5374, 'Jim Parsons', 'Sheldon Cooper (voice)', 'https://image.tmdb.org/t/p/original/sa05slVgacuXe94UFnQs4rfqZL4.jpg') ON CONFLICT DO NOTHING;
INSERT INTO providers (mediaId, providerId, providerName, logoPath) VALUES( 297, 16, 'CBS', 'https://image.tmdb.org/t/p/original/wju8KhOUsR5y4bH9p3Jc50hhaLO.png') ON CONFLICT DO NOTHING;
INSERT INTO media (mediaId, type, name, originalLanguage, adult, releaseDate, overview, backdropPath, posterPath, trailerLink, tmdbRating,  status) VALUES(298, true, 'The Vampire Diaries', 'en', False, '2009-09-10',  'The story of two vampire brothers obsessed with the same girl, who bears a striking resemblance to the beautiful but ruthless vampire they knew and loved in 1864.', 'https://image.tmdb.org/t/p/original/k7T9xRyzP41wBVNyNeLmh8Ch7gD.jpg', 'https://image.tmdb.org/t/p/original/aBkVgChtyyJaHyZh1gfd8DbzQon.jpg', 'https://www.youtube.com/watch?v=Ht22r0L-KM4', 8.3, 'Ended') ON CONFLICT DO NOTHING;
INSERT INTO tv (mediaid , lastAirDate, nextEpisodeToAir, numberOfEpisodes, numberOfSeasons) VALUES( 298, '2017-03-10', NULL , 171, 8) ON CONFLICT DO NOTHING;
INSERT INTO genres (mediaId, genre) VALUES(298, 'Drama') ON CONFLICT DO NOTHING;
INSERT INTO genres (mediaId, genre) VALUES(298, 'Sci-Fi & Fantasy') ON CONFLICT DO NOTHING;
INSERT INTO creators(mediaId, creatorId, creatorName) VALUES(298, 26458, 'Kevin Williamson') ON CONFLICT DO NOTHING;
INSERT INTO creators(mediaId, creatorId, creatorName) VALUES(298, 1214616, 'Julie Plec') ON CONFLICT DO NOTHING;
INSERT INTO actors (mediaId, actorId , actorName, characterName, profilePath) VALUES(298, 83141, 'Paul Wesley', 'Stefan Salvatore', 'https://image.tmdb.org/t/p/original/eP7FoWuVtrQ8pRqSGwxbwBUB3CL.jpg') ON CONFLICT DO NOTHING;
INSERT INTO actors (mediaId, actorId , actorName, characterName, profilePath) VALUES(298, 19211, 'Ian Somerhalder', 'Damon Salvatore', 'https://image.tmdb.org/t/p/original/x0pfPTV0ryFmhz4fju3Depx4NLp.jpg') ON CONFLICT DO NOTHING;
INSERT INTO actors (mediaId, actorId , actorName, characterName, profilePath) VALUES(298, 159962, 'Kat Graham', 'Bonnie Bennett', 'https://image.tmdb.org/t/p/original/wQVfxes4aYuAMnc4kkkTTW2akDs.jpg') ON CONFLICT DO NOTHING;
INSERT INTO actors (mediaId, actorId , actorName, characterName, profilePath) VALUES(298, 85144, 'Candice King', 'Caroline Forbes', 'https://image.tmdb.org/t/p/original/qDbwM5IQhriaYELdb4xOJALMoxV.jpg') ON CONFLICT DO NOTHING;
INSERT INTO actors (mediaId, actorId , actorName, characterName, profilePath) VALUES(298, 221841, 'Zach Roerig', 'Matt Donovan', 'https://image.tmdb.org/t/p/original/mxWxwVzx5vG6wwg2z9ELtbqtz7e.jpg') ON CONFLICT DO NOTHING;
INSERT INTO actors (mediaId, actorId , actorName, characterName, profilePath) VALUES(298, 1465190, 'Michael Malarkey', 'Enzo St. John', 'https://image.tmdb.org/t/p/original/731hKJr8wnFf2OEx6wMcAQyO1g6.jpg') ON CONFLICT DO NOTHING;
INSERT INTO actors (mediaId, actorId , actorName, characterName, profilePath) VALUES(298, 56045, 'Matthew Davis', 'Alaric Saltzman', 'https://image.tmdb.org/t/p/original/9QsCJBQ45iR5R36F0LAuzvY1zuO.jpg') ON CONFLICT DO NOTHING;
INSERT INTO providers (mediaId, providerId, providerName, logoPath) VALUES( 298, 71, 'The CW', 'https://image.tmdb.org/t/p/original/ge9hzeaU7nMtQ4PjkFlc68dGAJ9.png') ON CONFLICT DO NOTHING;
INSERT INTO media (mediaId, type, name, originalLanguage, adult, releaseDate, overview, backdropPath, posterPath, trailerLink, tmdbRating,  status) VALUES(299, true, 'The Harald Schmidt Show', 'de', False, '1995-12-05',  'The Harald Schmidt Show is a German late night talk show hosted on Sky Deutschland by comedian Harald Schmidt. The show first aired from 5 December 1995 to 23 December 2003 on Sat.1. Schmidt then moved his show to Das Erste as Harald Schmidt and Schmidt & Pocher, but he returned to Sat.1 on 13 September 2011. After cancellation on Sat.1, the show continued on Sky Deutschland in September 2012.', 'https://image.tmdb.org/t/p/original/jR4GKwQADfOQ2twiUtTmWpsUJVi.jpg', 'https://image.tmdb.org/t/p/original/lQcE1AzjDP5zJRUW76PMRn7ai9W.jpg', 'None', 7, 'Ended') ON CONFLICT DO NOTHING;
INSERT INTO tv (mediaid , lastAirDate, nextEpisodeToAir, numberOfEpisodes, numberOfSeasons) VALUES( 299, '2010-09-16', NULL , 1369, 14) ON CONFLICT DO NOTHING;
INSERT INTO genres (mediaId, genre) VALUES(299, 'Reality') ON CONFLICT DO NOTHING;
INSERT INTO actors (mediaId, actorId , actorName, characterName, profilePath) VALUES(299, 5648, 'Harald Schmidt', 'Host', 'https://image.tmdb.org/t/p/original/dPlgKtBPmmbQJfbovq43GzE3fxj.jpg') ON CONFLICT DO NOTHING;
INSERT INTO actors (mediaId, actorId , actorName, characterName, profilePath) VALUES(299, 1516678, 'Manuel Andrack', 'Assistant Host', 'https://image.tmdb.org/t/p/original/1AD74ehAmUcDJeIBG2L5sSru7aM.jpg') ON CONFLICT DO NOTHING;
INSERT INTO actors (mediaId, actorId , actorName, characterName, profilePath) VALUES(299, 135677, 'Helmut Zerlett', 'Band Leader', 'https://image.tmdb.org/t/p/original/r8gKau9pzIwtpvGyxrwBXAzjRAa.jpg') ON CONFLICT DO NOTHING;
INSERT INTO providers (mediaId, providerId, providerName, logoPath) VALUES( 299, 163, 'SAT.1', 'https://image.tmdb.org/t/p/original/tpuoOACmOTDY96gSQ2dT5sd1Q3Q.png') ON CONFLICT DO NOTHING;
INSERT INTO media (mediaId, type, name, originalLanguage, adult, releaseDate, overview, backdropPath, posterPath, trailerLink, tmdbRating,  status) VALUES(300, true, 'SPY x FAMILY', 'ja', False, '2022-04-09',  'World peace is at stake and secret agent Twilight must undergo his most difficult mission yet—pretend to be a family man. Posing as a loving husband and father, he’ll infiltrate an elite school to get close to a high-profile politician. He has the perfect cover, except his wife’s a deadly assassin and neither knows each other’s identity. But someone does, his adopted daughter who’s a telepath!', 'https://image.tmdb.org/t/p/original/zNugnnR5KEmq9EzLcl0Me1UmHYk.jpg', 'https://image.tmdb.org/t/p/original/7NAvPYPAu7MeHwP8E9sn81PqsRh.jpg', 'https://www.youtube.com/watch?v=JP6vBnazpWI', 8.6, 'Returning Series') ON CONFLICT DO NOTHING;
INSERT INTO tv (mediaid , lastAirDate, nextEpisodeToAir, numberOfEpisodes, numberOfSeasons) VALUES( 300, '2023-10-14', '2023-10-21' , 38, 2) ON CONFLICT DO NOTHING;
INSERT INTO genres (mediaId, genre) VALUES(300, 'Animation') ON CONFLICT DO NOTHING;
INSERT INTO genres (mediaId, genre) VALUES(300, 'Comedy') ON CONFLICT DO NOTHING;
INSERT INTO genres (mediaId, genre) VALUES(300, 'Action & Adventure') ON CONFLICT DO NOTHING;
INSERT INTO actors (mediaId, actorId , actorName, characterName, profilePath) VALUES(300, 1248374, 'Takuya Eguchi', 'Loid Forger (voice)', 'https://image.tmdb.org/t/p/original/hPPhUp0mM65Lc87Q8WXUEmGQAXx.jpg') ON CONFLICT DO NOTHING;
INSERT INTO actors (mediaId, actorId , actorName, characterName, profilePath) VALUES(300, 1588597, 'Atsumi Tanezaki', 'Anya Forger (voice)', 'https://image.tmdb.org/t/p/original/6tM8GU7QvrdUCvR4kxqVUZivtvO.jpg') ON CONFLICT DO NOTHING;
INSERT INTO actors (mediaId, actorId , actorName, characterName, profilePath) VALUES(300, 221773, 'Saori Hayami', 'Yor Forger (voice)', 'https://image.tmdb.org/t/p/original/idFQBETcsRV7Uy7InV2x9e2iFWq.jpg') ON CONFLICT DO NOTHING;
INSERT INTO providers (mediaId, providerId, providerName, logoPath) VALUES( 300, 98, 'TV Tokyo', 'https://image.tmdb.org/t/p/original/1oTje9uOhRcuLSAc8ERn0cnG51i.png') ON CONFLICT DO NOTHING;
INSERT INTO providers (mediaId, providerId, providerName, logoPath) VALUES( 300, 252, 'TV Aichi', 'https://image.tmdb.org/t/p/original/zFZ5KCuvx7K0vP9XgGcidfXjuUd.png') ON CONFLICT DO NOTHING;
INSERT INTO providers (mediaId, providerId, providerName, logoPath) VALUES( 300, 822, 'TVQ', 'https://image.tmdb.org/t/p/original/fGdBR7lxjrXsBlwZF7B1UNpG5ff.png') ON CONFLICT DO NOTHING;
INSERT INTO providers (mediaId, providerId, providerName, logoPath) VALUES( 300, 824, 'TV Osaka', 'https://image.tmdb.org/t/p/original/6foQmoPac7WCDnDuDbuCZklmDuA.png') ON CONFLICT DO NOTHING;
INSERT INTO providers (mediaId, providerId, providerName, logoPath) VALUES( 300, 938, 'TVh', 'https://image.tmdb.org/t/p/original/f12LLqBVFnDVIY8HidhWEitI77c.png') ON CONFLICT DO NOTHING;
INSERT INTO providers (mediaId, providerId, providerName, logoPath) VALUES( 300, 2064, 'TSC', 'https://image.tmdb.org/t/p/original/qi4L1ffRabF5LJqVimCaaUYpeSj.png') ON CONFLICT DO NOTHING;
INSERT INTO media (mediaId, type, name, originalLanguage, adult, releaseDate, overview, backdropPath, posterPath, trailerLink, tmdbRating,  status) VALUES(301, true, 'Vikings', 'en', False, '2013-03-03',  'The adventures of Ragnar Lothbrok, the greatest hero of his age. The series tells the sagas of Ragnar''s band of Viking brothers and his family, as he rises to become King of the Viking tribes. As well as being a fearless warrior, Ragnar embodies the Norse traditions of devotion to the gods. Legend has it that he was a direct descendant of Odin, the god of war and warriors.', 'https://image.tmdb.org/t/p/original/lHe8iwM4Cdm6RSEiara4PN8ZcBd.jpg', 'https://image.tmdb.org/t/p/original/bQLrHIRNEkE3PdIWQrZHynQZazu.jpg', 'https://www.youtube.com/watch?v=7rcozIVtujw', 8.1, 'Ended') ON CONFLICT DO NOTHING;
INSERT INTO tv (mediaid , lastAirDate, nextEpisodeToAir, numberOfEpisodes, numberOfSeasons) VALUES( 301, '2020-12-30', NULL , 89, 6) ON CONFLICT DO NOTHING;
INSERT INTO genres (mediaId, genre) VALUES(301, 'Action & Adventure') ON CONFLICT DO NOTHING;
INSERT INTO genres (mediaId, genre) VALUES(301, 'Drama') ON CONFLICT DO NOTHING;
INSERT INTO genres (mediaId, genre) VALUES(301, 'War & Politics') ON CONFLICT DO NOTHING;
INSERT INTO creators(mediaId, creatorId, creatorName) VALUES(301, 37631, 'Michael Hirst') ON CONFLICT DO NOTHING;
INSERT INTO actors (mediaId, actorId , actorName, characterName, profilePath) VALUES(301, 1609347, 'Alex Høgh Andersen', 'Ivar Lothbrok / Ivar the Boneless', 'https://image.tmdb.org/t/p/original/wqtvSvC80cSbFCExptqC2s1DZO5.jpg') ON CONFLICT DO NOTHING;
INSERT INTO actors (mediaId, actorId , actorName, characterName, profilePath) VALUES(301, 1394429, 'Jordan Patrick Smith', 'Ubbe Lothbrok', 'https://image.tmdb.org/t/p/original/bGPLRUkjCHm2j8VspCOgL6mti4b.jpg') ON CONFLICT DO NOTHING;
INSERT INTO actors (mediaId, actorId , actorName, characterName, profilePath) VALUES(301, 1372317, 'Marco Ilsø', 'Hvitserk Lothbrok', 'https://image.tmdb.org/t/p/original/4p6Mz91vuUugQHNw4Zv2bmw5liJ.jpg') ON CONFLICT DO NOTHING;
INSERT INTO actors (mediaId, actorId , actorName, characterName, profilePath) VALUES(301, 11263, 'Peter Franzén', 'King Harald Finehair', 'https://image.tmdb.org/t/p/original/xSaQngT3vSFjIc6X6OA8gyFEhkD.jpg') ON CONFLICT DO NOTHING;
INSERT INTO actors (mediaId, actorId , actorName, characterName, profilePath) VALUES(301, 2074237, 'Georgia Hirst', 'Torvi', 'https://image.tmdb.org/t/p/original/lnUhfcYBq1iCC5g8M6YmH4fhhTl.jpg') ON CONFLICT DO NOTHING;
INSERT INTO actors (mediaId, actorId , actorName, characterName, profilePath) VALUES(301, 562730, 'Danila Kozlovsky', 'Prince Oleg of Novgorod', 'https://image.tmdb.org/t/p/original/burD0f0IEOj6FyU5Zokf6VLhHKe.jpg') ON CONFLICT DO NOTHING;
INSERT INTO providers (mediaId, providerId, providerName, logoPath) VALUES( 301, 1024, 'Prime Video', 'https://image.tmdb.org/t/p/original/ifhbNuuVnlwYy5oXA5VIb2YR8AZ.png') ON CONFLICT DO NOTHING;
INSERT INTO providers (mediaId, providerId, providerName, logoPath) VALUES( 301, 2360, 'History', 'https://image.tmdb.org/t/p/original/aeariwRHHb23lyOr3AczHz5aIhb.png') ON CONFLICT DO NOTHING;
INSERT INTO media (mediaId, type, name, originalLanguage, adult, releaseDate, overview, backdropPath, posterPath, trailerLink, tmdbRating,  status) VALUES(302, true, 'The Late Late Show with James Corden', 'en', False, '2015-03-23',  'Once Craig Ferguson retires, James Corden will be taking over The Late Late Show. The show is a late night talk show that interviews celebrities and has its own bits. And of course, it''s all hosted by James Corden.', 'https://image.tmdb.org/t/p/original/amtOltTVcK9vQtL1iQS6p3LBi05.jpg', 'https://image.tmdb.org/t/p/original/4yLOZ4Y9loZNykxYkLcsQ8k12zY.jpg', 'https://www.youtube.com/watch?v=oBBWO4_wLoY', 5.6, 'Ended') ON CONFLICT DO NOTHING;
INSERT INTO tv (mediaid , lastAirDate, nextEpisodeToAir, numberOfEpisodes, numberOfSeasons) VALUES( 302, '2023-04-27', NULL , 1199, 8) ON CONFLICT DO NOTHING;
INSERT INTO genres (mediaId, genre) VALUES(302, 'Talk') ON CONFLICT DO NOTHING;
INSERT INTO actors (mediaId, actorId , actorName, characterName, profilePath) VALUES(302, 55466, 'James Corden', 'Self - Host', 'https://image.tmdb.org/t/p/original/xGB0gfZ48M27gQjjL7inJIh1Pqj.jpg') ON CONFLICT DO NOTHING;
INSERT INTO actors (mediaId, actorId , actorName, characterName, profilePath) VALUES(302, 223879, 'Reggie Watts', 'Self - Bandleader', 'https://image.tmdb.org/t/p/original/4498ocedmBNnMIKtnMUGO8yIesx.jpg') ON CONFLICT DO NOTHING;
INSERT INTO providers (mediaId, providerId, providerName, logoPath) VALUES( 302, 16, 'CBS', 'https://image.tmdb.org/t/p/original/wju8KhOUsR5y4bH9p3Jc50hhaLO.png') ON CONFLICT DO NOTHING;
INSERT INTO media (mediaId, type, name, originalLanguage, adult, releaseDate, overview, backdropPath, posterPath, trailerLink, tmdbRating,  status) VALUES(303, true, 'Days of Our Lives', 'en', False, '1965-11-08',  'The Horton and Brady broods endure the romantic trials of life in Salem, a Midwestern hamlet filled with evil geniuses, star-crossed lovers and a rich family history.', 'https://image.tmdb.org/t/p/original/e7MSbwYRVqd4rZQQWcNuJvOSHLC.jpg', 'https://image.tmdb.org/t/p/original/7Zm7epVFEovMEVLpM6FvrjhaNXn.jpg', 'None', 6, 'Returning Series') ON CONFLICT DO NOTHING;
INSERT INTO tv (mediaid , lastAirDate, nextEpisodeToAir, numberOfEpisodes, numberOfSeasons) VALUES( 303, '2023-10-17', '2023-10-18' , 2029, 13) ON CONFLICT DO NOTHING;
INSERT INTO genres (mediaId, genre) VALUES(303, 'Soap') ON CONFLICT DO NOTHING;
INSERT INTO genres (mediaId, genre) VALUES(303, 'Drama') ON CONFLICT DO NOTHING;
INSERT INTO creators(mediaId, creatorId, creatorName) VALUES(303, 1220818, 'Irna Phillips') ON CONFLICT DO NOTHING;
INSERT INTO creators(mediaId, creatorId, creatorName) VALUES(303, 1220870, 'Ted Corday') ON CONFLICT DO NOTHING;
INSERT INTO creators(mediaId, creatorId, creatorName) VALUES(303, 1220871, 'Betty Corday') ON CONFLICT DO NOTHING;
INSERT INTO creators(mediaId, creatorId, creatorName) VALUES(303, 1220872, 'Allan Chase') ON CONFLICT DO NOTHING;
INSERT INTO actors (mediaId, actorId , actorName, characterName, profilePath) VALUES(303, 104470, 'Arianne Zucker', 'Nicole Walker', 'https://image.tmdb.org/t/p/original/jzl0K8CwBUPe6MtpJ1PHDzNJSI4.jpg') ON CONFLICT DO NOTHING;
INSERT INTO actors (mediaId, actorId , actorName, characterName, profilePath) VALUES(303, 1217017, 'Josh Taylor', 'Roman Brady', 'https://image.tmdb.org/t/p/original/52f7XtfSsscBOT2eMRTaCf0jNoL.jpg') ON CONFLICT DO NOTHING;
INSERT INTO actors (mediaId, actorId , actorName, characterName, profilePath) VALUES(303, 115002, 'John Aniston', 'Victor Kiriakis', 'https://image.tmdb.org/t/p/original/lYYycFKtSUF3sV4I78JV86tnmNG.jpg') ON CONFLICT DO NOTHING;
INSERT INTO actors (mediaId, actorId , actorName, characterName, profilePath) VALUES(303, 154441, 'Matthew Ashford', 'Jack Devereaux', 'https://image.tmdb.org/t/p/original/me49lVSTFUGN6OzeO5SzVo4vktH.jpg') ON CONFLICT DO NOTHING;
INSERT INTO actors (mediaId, actorId , actorName, characterName, profilePath) VALUES(303, 1216989, 'Deidre Hall', 'Dr. Marlena Evans', 'https://image.tmdb.org/t/p/original/xPU3NFfSDF0Kbjz6vcbqSbSJM7G.jpg') ON CONFLICT DO NOTHING;
INSERT INTO actors (mediaId, actorId , actorName, characterName, profilePath) VALUES(303, 47884, 'Valerie Wildman', 'Fay Walker', 'https://image.tmdb.org/t/p/original/kSfMW2Il9ZBQzFHQzBkH73YCS8x.jpg') ON CONFLICT DO NOTHING;
INSERT INTO actors (mediaId, actorId , actorName, characterName, profilePath) VALUES(303, 1218564, 'Bryan Dattilo', 'Lucas Roberts', 'https://image.tmdb.org/t/p/original/a1uN9fikZcH9C0UcLC9S3zUYloG.jpg') ON CONFLICT DO NOTHING;
INSERT INTO actors (mediaId, actorId , actorName, characterName, profilePath) VALUES(303, 1220858, 'Lauren Koslow', 'Kate Roberts', 'https://image.tmdb.org/t/p/original/3dvlFksXM68bHMPjccjsGz5jBut.jpg') ON CONFLICT DO NOTHING;
INSERT INTO actors (mediaId, actorId , actorName, characterName, profilePath) VALUES(303, 1212016, 'Alison Sweeney', 'Sami Brady', 'https://image.tmdb.org/t/p/original/xSFd60uTym5aTbQRGKOZ8EPxBDX.jpg') ON CONFLICT DO NOTHING;
INSERT INTO providers (mediaId, providerId, providerName, logoPath) VALUES( 303, 6, 'NBC', 'https://image.tmdb.org/t/p/original/cm111bsDVlYaC1foL0itvEI4yLG.png') ON CONFLICT DO NOTHING;
INSERT INTO providers (mediaId, providerId, providerName, logoPath) VALUES( 303, 3353, 'Peacock', 'https://image.tmdb.org/t/p/original/gIAcGTjKKr0KOHL5s4O36roJ8p7.png') ON CONFLICT DO NOTHING;
INSERT INTO media (mediaId, type, name, originalLanguage, adult, releaseDate, overview, backdropPath, posterPath, trailerLink, tmdbRating,  status) VALUES(304, true, 'Adventure Time', 'en', False, '2010-04-05',  'Hook up with Finn and Jake as they travel the Land of Ooo searching for adventure. But remember, adventure isn’t always easy. Sometimes you’ve got to battle fire gnomes that torture old ladies, save a smelly hot dog princess from the Ice King, and thaw out a bunch of frozen businessmen. What the cabbage?!', 'https://image.tmdb.org/t/p/original/pe4B3OYBb7qYCdkAz7nKWordbls.jpg', 'https://image.tmdb.org/t/p/original/qk3eQ8jW4opJ48gFWYUXWaMT4l.jpg', 'https://www.youtube.com/watch?v=dQX4tS9JSj8', 8.5, 'Ended') ON CONFLICT DO NOTHING;
INSERT INTO tv (mediaid , lastAirDate, nextEpisodeToAir, numberOfEpisodes, numberOfSeasons) VALUES( 304, '2018-09-03', NULL , 279, 10) ON CONFLICT DO NOTHING;
INSERT INTO genres (mediaId, genre) VALUES(304, 'Animation') ON CONFLICT DO NOTHING;
INSERT INTO genres (mediaId, genre) VALUES(304, 'Comedy') ON CONFLICT DO NOTHING;
INSERT INTO genres (mediaId, genre) VALUES(304, 'Sci-Fi & Fantasy') ON CONFLICT DO NOTHING;
INSERT INTO creators(mediaId, creatorId, creatorName) VALUES(304, 1242945, 'Pendleton Ward') ON CONFLICT DO NOTHING;
INSERT INTO actors (mediaId, actorId , actorName, characterName, profilePath) VALUES(304, 1242945, 'Pendleton Ward', 'Lumpy Space Princess (voice)', 'https://image.tmdb.org/t/p/original/soODVh1CrVo6YnfnLwpSyBxSm5z.jpg') ON CONFLICT DO NOTHING;
INSERT INTO actors (mediaId, actorId , actorName, characterName, profilePath) VALUES(304, 168197, 'Olivia Olson', 'Marceline the Vampire Queen (voice)', 'https://image.tmdb.org/t/p/original/pFSy3Q57oU39NVebHzPkpTrANZe.jpg') ON CONFLICT DO NOTHING;
INSERT INTO actors (mediaId, actorId , actorName, characterName, profilePath) VALUES(304, 204131, 'Jeremy Shada', 'Finn the Human (voice)', 'https://image.tmdb.org/t/p/original/qTV1zef7qpQsNhjGh1QcKO00ZxZ.jpg') ON CONFLICT DO NOTHING;
INSERT INTO actors (mediaId, actorId , actorName, characterName, profilePath) VALUES(304, 31531, 'John DiMaggio', 'Jake the Dog (voice)', 'https://image.tmdb.org/t/p/original/awmyFwU6ErFJbGFFzhBYZ9AQn8m.jpg') ON CONFLICT DO NOTHING;
INSERT INTO actors (mediaId, actorId , actorName, characterName, profilePath) VALUES(304, 78798, 'Tom Kenny', 'Ice King (voice)', 'https://image.tmdb.org/t/p/original/kftXtExrcoTTjyeYmSXJ0Ogr3R7.jpg') ON CONFLICT DO NOTHING;
INSERT INTO actors (mediaId, actorId , actorName, characterName, profilePath) VALUES(304, 113919, 'Hynden Walch', 'Princess Bubblegum (voice)', 'https://image.tmdb.org/t/p/original/oFfZaFF1o724BuZ3cLK6tl9L03.jpg') ON CONFLICT DO NOTHING;
INSERT INTO actors (mediaId, actorId , actorName, characterName, profilePath) VALUES(304, 1245731, 'Niki Yang', 'BMO / Lady Rainicorn (voice)', 'https://image.tmdb.org/t/p/original/w1kEMGqBYB5GWdk433f80RJzLmk.jpg') ON CONFLICT DO NOTHING;
INSERT INTO actors (mediaId, actorId , actorName, characterName, profilePath) VALUES(304, 1245732, 'Polly Lou Livingston', 'Tree Trunks (voice)', 'https://image.tmdb.org/t/p/original/8R7aiREpOsXMeGHE2I1hDNDGfcm.jpg') ON CONFLICT DO NOTHING;
INSERT INTO providers (mediaId, providerId, providerName, logoPath) VALUES( 304, 56, 'Cartoon Network', 'https://image.tmdb.org/t/p/original/c5OC6oVCg6QP4eqzW6XIq17CQjI.png') ON CONFLICT DO NOTHING;
INSERT INTO providers (mediaId, providerId, providerName, logoPath) VALUES( 304, 1483, 'Cartoon Network Latin America', 'https://image.tmdb.org/t/p/original/nDFWFbAHEZ8Towq7fsVCgv4U245.png') ON CONFLICT DO NOTHING;
INSERT INTO media (mediaId, type, name, originalLanguage, adult, releaseDate, overview, backdropPath, posterPath, trailerLink, tmdbRating,  status) VALUES(305, true, 'House', 'en', False, '2004-11-16',  'Dr. Gregory House, a drug-addicted, unconventional, misanthropic medical genius, leads a team of diagnosticians at the fictional Princeton–Plainsboro Teaching Hospital in New Jersey.', 'https://image.tmdb.org/t/p/original/r0Q6eeN9L1ORL9QsV0Sg8ZV3vnv.jpg', 'https://image.tmdb.org/t/p/original/3Cz7ySOQJmqiuTdrc6CY0r65yDI.jpg', 'https://www.youtube.com/watch?v=MczMB8nU1sY', 8.6, 'Ended') ON CONFLICT DO NOTHING;
INSERT INTO tv (mediaid , lastAirDate, nextEpisodeToAir, numberOfEpisodes, numberOfSeasons) VALUES( 305, '2012-05-21', NULL , 177, 8) ON CONFLICT DO NOTHING;
INSERT INTO genres (mediaId, genre) VALUES(305, 'Drama') ON CONFLICT DO NOTHING;
INSERT INTO genres (mediaId, genre) VALUES(305, 'Mystery') ON CONFLICT DO NOTHING;
INSERT INTO creators(mediaId, creatorId, creatorName) VALUES(305, 169061, 'David Shore') ON CONFLICT DO NOTHING;
INSERT INTO actors (mediaId, actorId , actorName, characterName, profilePath) VALUES(305, 41419, 'Hugh Laurie', 'Gregory House', 'https://image.tmdb.org/t/p/original/akArncggHnusP5jxzMBKmJDRrMo.jpg') ON CONFLICT DO NOTHING;
INSERT INTO actors (mediaId, actorId , actorName, characterName, profilePath) VALUES(305, 2692, 'Robert Sean Leonard', 'James Wilson', 'https://image.tmdb.org/t/p/original/nlDEfUE4GH6UVEQS5v7NG9sXY8X.jpg') ON CONFLICT DO NOTHING;
INSERT INTO actors (mediaId, actorId , actorName, characterName, profilePath) VALUES(305, 4987, 'Omar Epps', 'Eric Foreman', 'https://image.tmdb.org/t/p/original/iURSiniuHrfOCtjVMAw9HKxJh6z.jpg') ON CONFLICT DO NOTHING;
INSERT INTO actors (mediaId, actorId , actorName, characterName, profilePath) VALUES(305, 41422, 'Jesse Spencer', 'Robert Chase', 'https://image.tmdb.org/t/p/original/nFqghuc1WaM6HxYZYc86A06wJbC.jpg') ON CONFLICT DO NOTHING;
INSERT INTO actors (mediaId, actorId , actorName, characterName, profilePath) VALUES(305, 51992, 'Odette Annable', 'Jessica Adams', 'https://image.tmdb.org/t/p/original/fWPmTC9QfqAKi3JKJKp2LKrm8Ix.jpg') ON CONFLICT DO NOTHING;
INSERT INTO actors (mediaId, actorId , actorName, characterName, profilePath) VALUES(305, 31514, 'Peter Jacobson', 'Chris Taub', 'https://image.tmdb.org/t/p/original/pGi9CnzEG4cLa2viUP89yvlPCyR.jpg') ON CONFLICT DO NOTHING;
INSERT INTO actors (mediaId, actorId , actorName, characterName, profilePath) VALUES(305, 93285, 'Charlyne Yi', 'Chi Park', 'https://image.tmdb.org/t/p/original/h8A0PEz8Ot2gotwZciL3HwyclNS.jpg') ON CONFLICT DO NOTHING;
INSERT INTO providers (mediaId, providerId, providerName, logoPath) VALUES( 305, 19, 'FOX', 'https://image.tmdb.org/t/p/original/1DSpHrWyOORkL9N2QHX7Adt31mQ.png') ON CONFLICT DO NOTHING;
INSERT INTO media (mediaId, type, name, originalLanguage, adult, releaseDate, overview, backdropPath, posterPath, trailerLink, tmdbRating,  status) VALUES(306, true, 'What''s My Line?', 'en', False, '1950-02-02',  'Four panelists must determine guests'' occupations - and, in the case of famous guests, while blindfolded, their identity - by asking only "yes" or "no" questions.', 'https://image.tmdb.org/t/p/original/kuxGPrAiyvIRjysEK97Bzr9248j.jpg', 'https://image.tmdb.org/t/p/original/A9T7xSQFnlxFgZkqC4lmHYPXhq4.jpg', 'None', 6.9, 'Canceled') ON CONFLICT DO NOTHING;
INSERT INTO tv (mediaid , lastAirDate, nextEpisodeToAir, numberOfEpisodes, numberOfSeasons) VALUES( 306, '1967-09-03', NULL , 876, 1) ON CONFLICT DO NOTHING;
INSERT INTO actors (mediaId, actorId , actorName, characterName, profilePath) VALUES(306, 1219011, 'John Charles Daly', 'Self - Moderator', 'https://image.tmdb.org/t/p/original/wsEJIH7pg9bb39VP2fMPSxbpoVK.jpg') ON CONFLICT DO NOTHING;
INSERT INTO providers (mediaId, providerId, providerName, logoPath) VALUES( 306, 16, 'CBS', 'https://image.tmdb.org/t/p/original/wju8KhOUsR5y4bH9p3Jc50hhaLO.png') ON CONFLICT DO NOTHING;
INSERT INTO media (mediaId, type, name, originalLanguage, adult, releaseDate, overview, backdropPath, posterPath, trailerLink, tmdbRating,  status) VALUES(307, true, 'Chicago Fire', 'en', False, '2012-10-10',  'An edge-of-your-seat view into the lives of everyday heroes committed to one of America''s noblest professions. For the firefighters, rescue squad and paramedics of Chicago Firehouse 51, no occupation is more stressful or dangerous, yet so rewarding and exhilarating. These courageous men and women are among the elite who forge headfirst into danger when everyone else is running the other way and whose actions make the difference between life and death.', 'https://image.tmdb.org/t/p/original/a1axm2xRYGB35X406AMI51IrhYp.jpg', 'https://image.tmdb.org/t/p/original/iiI1YU8akLYWdWuX1qHuMYPvSHC.jpg', 'https://www.youtube.com/watch?v=IIeSDILTE5M', 8.4, 'Returning Series') ON CONFLICT DO NOTHING;
INSERT INTO tv (mediaid , lastAirDate, nextEpisodeToAir, numberOfEpisodes, numberOfSeasons) VALUES( 307, '2023-05-24', NULL , 239, 11) ON CONFLICT DO NOTHING;
INSERT INTO genres (mediaId, genre) VALUES(307, 'Drama') ON CONFLICT DO NOTHING;
INSERT INTO creators(mediaId, creatorId, creatorName) VALUES(307, 7865, 'Michael Brandt') ON CONFLICT DO NOTHING;
INSERT INTO creators(mediaId, creatorId, creatorName) VALUES(307, 8161, 'Derek Haas') ON CONFLICT DO NOTHING;
INSERT INTO actors (mediaId, actorId , actorName, characterName, profilePath) VALUES(307, 210271, 'Taylor Kinney', 'Kelly Severide', 'https://image.tmdb.org/t/p/original/733eL4qpH06n1h25DJmlh6DIssz.jpg') ON CONFLICT DO NOTHING;
INSERT INTO actors (mediaId, actorId , actorName, characterName, profilePath) VALUES(307, 1371298, 'Kara Killmer', 'Sylvie Brett', 'https://image.tmdb.org/t/p/original/yzhh7UCxNhfZUFWvq32Yl3KOcqo.jpg') ON CONFLICT DO NOTHING;
INSERT INTO actors (mediaId, actorId , actorName, characterName, profilePath) VALUES(307, 27552, 'David Eigenberg', 'Christopher Herrmann', 'https://image.tmdb.org/t/p/original/3JOY715n7Low0Y1a9YZAzhNjvZM.jpg') ON CONFLICT DO NOTHING;
INSERT INTO actors (mediaId, actorId , actorName, characterName, profilePath) VALUES(307, 19299, 'Eamonn Walker', 'Wallace Boden', 'https://image.tmdb.org/t/p/original/iqjHBIpEMUK30rmxcm3dPHO4Q30.jpg') ON CONFLICT DO NOTHING;
INSERT INTO actors (mediaId, actorId , actorName, characterName, profilePath) VALUES(307, 1525940, 'Miranda Rae Mayo', 'Stella Kidd', 'https://image.tmdb.org/t/p/original/dvCagUBHBNGwsozC8KS3tFPtCcj.jpg') ON CONFLICT DO NOTHING;
INSERT INTO actors (mediaId, actorId , actorName, characterName, profilePath) VALUES(307, 1368157, 'Joe Miñoso', 'Joe Cruz', 'https://image.tmdb.org/t/p/original/je6BoStc1WicNZQNJWSrf0kNhAG.jpg') ON CONFLICT DO NOTHING;
INSERT INTO actors (mediaId, actorId , actorName, characterName, profilePath) VALUES(307, 1486207, 'Alberto Rosende', 'Blake Gallo', 'https://image.tmdb.org/t/p/original/hwEkJ9t5MjvJgfMTVzjWmFGgGbX.jpg') ON CONFLICT DO NOTHING;
INSERT INTO actors (mediaId, actorId , actorName, characterName, profilePath) VALUES(307, 36091, 'Christian Stolte', 'Randy ''Mouch'' McHolland', 'https://image.tmdb.org/t/p/original/hE460cJmuckGHWKGdSgmPxD9ixY.jpg') ON CONFLICT DO NOTHING;
INSERT INTO actors (mediaId, actorId , actorName, characterName, profilePath) VALUES(307, 1467220, 'Daniel Kyri', 'Darren Ritter', 'https://image.tmdb.org/t/p/original/ntw3rLadoyaIlX2gAt5okSCo4Xz.jpg') ON CONFLICT DO NOTHING;
INSERT INTO actors (mediaId, actorId , actorName, characterName, profilePath) VALUES(307, 2317307, 'Hanako Greensmith', 'Violet Mikami', 'https://image.tmdb.org/t/p/original/bm5JcCwJpTfyGlJQxx6wZysKu2n.jpg') ON CONFLICT DO NOTHING;
INSERT INTO providers (mediaId, providerId, providerName, logoPath) VALUES( 307, 6, 'NBC', 'https://image.tmdb.org/t/p/original/cm111bsDVlYaC1foL0itvEI4yLG.png') ON CONFLICT DO NOTHING;
INSERT INTO media (mediaId, type, name, originalLanguage, adult, releaseDate, overview, backdropPath, posterPath, trailerLink, tmdbRating,  status) VALUES(308, true, 'Halo-halo X', 'tl', False, '2023-10-08',  'Four stories rooted in love and lust tell the dangers of giving in to one''s desires, as told in the eyes of people from different walks of life.', 'https://image.tmdb.org/t/p/original/4xXfeK4MXfgNizEgw2cWgINKrxG.jpg', 'https://image.tmdb.org/t/p/original/esOd5AtBI3gDHr3q6blog9xoFw7.jpg', 'https://www.youtube.com/watch?v=oRYKJOMJevo', 0, 'Returning Series') ON CONFLICT DO NOTHING;
INSERT INTO tv (mediaid , lastAirDate, nextEpisodeToAir, numberOfEpisodes, numberOfSeasons) VALUES( 308, '2023-10-15', '2023-10-22' , 4, 1) ON CONFLICT DO NOTHING;
INSERT INTO actors (mediaId, actorId , actorName, characterName, profilePath) VALUES(308, 3490247, 'Denise Esteban', '', 'https://image.tmdb.org/t/p/original/oWfSxfnjrBL1j4kkZmiMdOK2dJ0.jpg') ON CONFLICT DO NOTHING;
INSERT INTO actors (mediaId, actorId , actorName, characterName, profilePath) VALUES(308, 3582449, 'Micaella Raz', '', 'https://image.tmdb.org/t/p/original/xJqsMSJT9D7ggk1LT9oVu2qcdcg.jpg') ON CONFLICT DO NOTHING;
INSERT INTO actors (mediaId, actorId , actorName, characterName, profilePath) VALUES(308, 3596934, 'Andrea Garcia', '', 'https://image.tmdb.org/t/p/original/1evoHjE2hK7FLp3AU7BwkV4m3o2.jpg') ON CONFLICT DO NOTHING;
INSERT INTO actors (mediaId, actorId , actorName, characterName, profilePath) VALUES(308, 3194175, 'Jela Cuenca', '', 'https://image.tmdb.org/t/p/original/dXtd7fqbPIgpWYDJsU33YL9k58j.jpg') ON CONFLICT DO NOTHING;
INSERT INTO actors (mediaId, actorId , actorName, characterName, profilePath) VALUES(308, 2876771, 'VR Relosa', '', 'https://image.tmdb.org/t/p/original/mbsIqmnrrBsAUb0y4ZHfV7zTfMm.jpg') ON CONFLICT DO NOTHING;
INSERT INTO actors (mediaId, actorId , actorName, characterName, profilePath) VALUES(308, 2286279, 'Ataska Mercado', '', 'https://image.tmdb.org/t/p/original/rGrCa5PT4bUSG3Dgs450Be35axT.jpg') ON CONFLICT DO NOTHING;
INSERT INTO actors (mediaId, actorId , actorName, characterName, profilePath) VALUES(308, 3913173, 'Aiko Garcia', '', 'https://image.tmdb.org/t/p/original/jZkiB3Db7kipQzmukIEAudlGFNN.jpg') ON CONFLICT DO NOTHING;
INSERT INTO actors (mediaId, actorId , actorName, characterName, profilePath) VALUES(308, 3333496, 'Rash Flores', '', 'https://image.tmdb.org/t/p/original/2Dax8oWjedXgUdtQUqaKLrzay8P.jpg') ON CONFLICT DO NOTHING;
INSERT INTO actors (mediaId, actorId , actorName, characterName, profilePath) VALUES(308, 1496209, 'Benz Sangalang', '', 'https://image.tmdb.org/t/p/original/9sEDlH32QXpvTmMXNszLlWFgEGu.jpg') ON CONFLICT DO NOTHING;
INSERT INTO media (mediaId, type, name, originalLanguage, adult, releaseDate, overview, backdropPath, posterPath, trailerLink, tmdbRating,  status) VALUES(309, true, 'All That Glitters', 'zh', False, '2023-09-18',  'Liu Mu endured a tragic past, forming a deep friendship with Jintiao and Jianzhi. They yearned for success but lost themselves along the way. Their lives took a dark turn when a murder shattered their world, with Liu Mu and Jintiao as prime suspects. As the investigation unfolded, it unveiled the disintegration of a once unbreakable friendship, leaving behind a trail of intrigue and betrayal.', 'https://image.tmdb.org/t/p/original/upzEqTjeeKu38imGU52gaNfV4jx.jpg', 'https://image.tmdb.org/t/p/original/oCcofl6UqoZhnmXLcAoeAKyundW.jpg', 'https://www.youtube.com/watch?v=t7HPjOl8Iu0', 0, 'Returning Series') ON CONFLICT DO NOTHING;
INSERT INTO tv (mediaid , lastAirDate, nextEpisodeToAir, numberOfEpisodes, numberOfSeasons) VALUES( 309, '2023-10-17', '2023-10-18' , 30, 1) ON CONFLICT DO NOTHING;
INSERT INTO genres (mediaId, genre) VALUES(309, 'Drama') ON CONFLICT DO NOTHING;
INSERT INTO creators(mediaId, creatorId, creatorName) VALUES(309, 4290270, 'Ang Eng Tee') ON CONFLICT DO NOTHING;
INSERT INTO actors (mediaId, actorId , actorName, characterName, profilePath) VALUES(309, 2963476, 'Chantalle Ng', 'Li Zhenyu', 'https://image.tmdb.org/t/p/original/6uR91wBF06WIUfuCSGeiJNWev5g.jpg') ON CONFLICT DO NOTHING;
INSERT INTO actors (mediaId, actorId , actorName, characterName, profilePath) VALUES(309, 1913720, 'Desmond Tan', 'Lin Musen / Liu Mu', 'https://image.tmdb.org/t/p/original/36pzbif3kALALZanHQORJTfKA0.jpg') ON CONFLICT DO NOTHING;
INSERT INTO actors (mediaId, actorId , actorName, characterName, profilePath) VALUES(309, 2845902, 'Ayden Sng', 'He Jianzhi', 'None') ON CONFLICT DO NOTHING;
INSERT INTO actors (mediaId, actorId , actorName, characterName, profilePath) VALUES(309, 1275231, 'Jeremy Chan', 'Huang Jintiao', 'https://image.tmdb.org/t/p/original/tMl3WGWc3AbEKepWhMiS8YKSp4L.jpg') ON CONFLICT DO NOTHING;
INSERT INTO actors (mediaId, actorId , actorName, characterName, profilePath) VALUES(309, 2964115, 'Somaline Ang', 'Li Zhenting', 'https://image.tmdb.org/t/p/original/f1Vf2rTIvJVAVscUHROKGl7Y4LS.jpg') ON CONFLICT DO NOTHING;
INSERT INTO actors (mediaId, actorId , actorName, characterName, profilePath) VALUES(309, 3054891, 'He Ying Ying', 'Lin Jiahui', 'https://image.tmdb.org/t/p/original/yn3qo8vpGdT34T3IcxpvP9oTFw.jpg') ON CONFLICT DO NOTHING;
INSERT INTO actors (mediaId, actorId , actorName, characterName, profilePath) VALUES(309, 4278312, 'Pan Ling Ling', 'Pan Xiaomei', 'None') ON CONFLICT DO NOTHING;
INSERT INTO actors (mediaId, actorId , actorName, characterName, profilePath) VALUES(309, 1377818, 'Guo Liang', 'Mo Yicong', 'None') ON CONFLICT DO NOTHING;
INSERT INTO actors (mediaId, actorId , actorName, characterName, profilePath) VALUES(309, 2942834, 'Zhang Ze Tong', 'Richard Mo', 'https://image.tmdb.org/t/p/original/edFVBzVlco9aNzsewGKyv8PszIE.jpg') ON CONFLICT DO NOTHING;
INSERT INTO actors (mediaId, actorId , actorName, characterName, profilePath) VALUES(309, 3146403, 'Chen Yixin', 'Mo Xuemin', 'https://image.tmdb.org/t/p/original/p4yOVghodyklXO1ENBm6Q66ewkW.jpg') ON CONFLICT DO NOTHING;
INSERT INTO providers (mediaId, providerId, providerName, logoPath) VALUES( 309, 1787, 'MediaCorp Channel 8', 'https://image.tmdb.org/t/p/original/eBQ8q9hXuMNw0ZrYuxtk0SqQsXa.png') ON CONFLICT DO NOTHING;
INSERT INTO providers (mediaId, providerId, providerName, logoPath) VALUES( 309, 3011, 'meWATCH', 'https://image.tmdb.org/t/p/original/cbnArB1zPk8SKRxGpCyd5UtxIbN.png') ON CONFLICT DO NOTHING;
INSERT INTO media (mediaId, type, name, originalLanguage, adult, releaseDate, overview, backdropPath, posterPath, trailerLink, tmdbRating,  status) VALUES(310, true, 'Friends', 'en', False, '1994-09-22',  'Six young people from New York City, on their own and struggling to survive in the real world, find the companionship, comfort and support they get from each other to be the perfect antidote to the pressures of life.', 'https://image.tmdb.org/t/p/original/l0qVZIpXtIo7km9u5Yqh0nKPOr5.jpg', 'https://image.tmdb.org/t/p/original/f496cm9enuEsZkSPzCwnTESEK5s.jpg', 'https://www.youtube.com/watch?v=IEEbUzffzrk', 8.4, 'Ended') ON CONFLICT DO NOTHING;
INSERT INTO tv (mediaid , lastAirDate, nextEpisodeToAir, numberOfEpisodes, numberOfSeasons) VALUES( 310, '2004-05-06', NULL , 228, 10) ON CONFLICT DO NOTHING;
INSERT INTO genres (mediaId, genre) VALUES(310, 'Comedy') ON CONFLICT DO NOTHING;
INSERT INTO creators(mediaId, creatorId, creatorName) VALUES(310, 163461, 'Marta Kauffman') ON CONFLICT DO NOTHING;
INSERT INTO creators(mediaId, creatorId, creatorName) VALUES(310, 1216352, 'David Crane') ON CONFLICT DO NOTHING;
INSERT INTO actors (mediaId, actorId , actorName, characterName, profilePath) VALUES(310, 4491, 'Jennifer Aniston', 'Rachel Green', 'https://image.tmdb.org/t/p/original/o5jCZTBv49mh2JhIpsw3FkGuns7.jpg') ON CONFLICT DO NOTHING;
INSERT INTO actors (mediaId, actorId , actorName, characterName, profilePath) VALUES(310, 14405, 'Courteney Cox', 'Monica Geller', 'https://image.tmdb.org/t/p/original/3bTVQH9vBXAiwGVHXKLylStz4RT.jpg') ON CONFLICT DO NOTHING;
INSERT INTO actors (mediaId, actorId , actorName, characterName, profilePath) VALUES(310, 14406, 'Lisa Kudrow', 'Phoebe Buffay', 'https://image.tmdb.org/t/p/original/mRzSI0ABmzxvU6wjpJKLcYCfM5k.jpg') ON CONFLICT DO NOTHING;
INSERT INTO actors (mediaId, actorId , actorName, characterName, profilePath) VALUES(310, 14407, 'Matt LeBlanc', 'Joey Tribbiani', 'https://image.tmdb.org/t/p/original/a7Fl1sLUq1UDJ4pHsnwpBdEiDEZ.jpg') ON CONFLICT DO NOTHING;
INSERT INTO actors (mediaId, actorId , actorName, characterName, profilePath) VALUES(310, 14408, 'Matthew Perry', 'Chandler Bing', 'https://image.tmdb.org/t/p/original/ecDzkLWPV1z0x31I1GTjNmLxAHk.jpg') ON CONFLICT DO NOTHING;
INSERT INTO actors (mediaId, actorId , actorName, characterName, profilePath) VALUES(310, 14409, 'David Schwimmer', 'Ross Geller', 'https://image.tmdb.org/t/p/original/oBsK1ql5bo3zxepbQCclIwnapXM.jpg') ON CONFLICT DO NOTHING;
INSERT INTO providers (mediaId, providerId, providerName, logoPath) VALUES( 310, 6, 'NBC', 'https://image.tmdb.org/t/p/original/cm111bsDVlYaC1foL0itvEI4yLG.png') ON CONFLICT DO NOTHING;
INSERT INTO media (mediaId, type, name, originalLanguage, adult, releaseDate, overview, backdropPath, posterPath, trailerLink, tmdbRating,  status) VALUES(311, true, 'Family', 'nl', False, '1991-12-30',  'Famile is a Flemish television series, which is broadcast on VTM since December 30th, 1991. It''s the longest running Belgian soap opera. The storylines take place mostly in and around the city of Mechelen, where the family Van Den Bossche longstanding operates its family business. The soap has a diverse cast where Jef De Smedt, Jacky Lafon and Annie Geeraerts all continuous part of it since the very beginning. Several times the series was subjected to a thorough facelift in order to stay fresh and innovative. Often thereby also young actors added to the series, without touching the base.', 'https://image.tmdb.org/t/p/original/5DN8LSWLCQySuPoQ5ozDqo9GR9o.jpg', 'https://image.tmdb.org/t/p/original/bPBeBzhhfbF0aYZaHd7ESe0TVwK.jpg', 'None', 6.2, 'Returning Series') ON CONFLICT DO NOTHING;
INSERT INTO tv (mediaid , lastAirDate, nextEpisodeToAir, numberOfEpisodes, numberOfSeasons) VALUES( 311, '2023-10-17', '2023-10-18' , 7298, 33) ON CONFLICT DO NOTHING;
INSERT INTO genres (mediaId, genre) VALUES(311, 'Soap') ON CONFLICT DO NOTHING;
INSERT INTO creators(mediaId, creatorId, creatorName) VALUES(311, 2014457, 'Herman Verbaet') ON CONFLICT DO NOTHING;
INSERT INTO actors (mediaId, actorId , actorName, characterName, profilePath) VALUES(311, 3214812, 'Charlotte Sieben', 'Louise Van den Bossche', 'https://image.tmdb.org/t/p/original/pz3KCxg8qzkiuyuGpEMAV5VTnn9.jpg') ON CONFLICT DO NOTHING;
INSERT INTO actors (mediaId, actorId , actorName, characterName, profilePath) VALUES(311, 2141863, 'Aaron Blommaert', 'Raven Rodeyns', 'https://image.tmdb.org/t/p/original/yYFK6RZHYLgCkm0nBOG1LeMtZ3t.jpg') ON CONFLICT DO NOTHING;
INSERT INTO actors (mediaId, actorId , actorName, characterName, profilePath) VALUES(311, 2201880, 'Maarten Cop', 'Jelle Van den Bossche', 'https://image.tmdb.org/t/p/original/4GfO9oeDVQYEmrZHPVAGMxRIjdm.jpg') ON CONFLICT DO NOTHING;
INSERT INTO actors (mediaId, actorId , actorName, characterName, profilePath) VALUES(311, 3064804, 'Yanni Bourguignon', 'Cédric Moelaert', 'None') ON CONFLICT DO NOTHING;
INSERT INTO actors (mediaId, actorId , actorName, characterName, profilePath) VALUES(311, 3043827, 'Margot Hallemans', 'Hannah Van den Bossche', 'https://image.tmdb.org/t/p/original/kGz6ApktH8C51pkStP7lWoolssp.jpg') ON CONFLICT DO NOTHING;
INSERT INTO actors (mediaId, actorId , actorName, characterName, profilePath) VALUES(311, 2019492, 'Annie Geeraerts', 'Anna Dierckx', 'https://image.tmdb.org/t/p/original/otpPqgvB306aqMEHoFGjYSlaPzF.jpg') ON CONFLICT DO NOTHING;
INSERT INTO actors (mediaId, actorId , actorName, characterName, profilePath) VALUES(311, 3064796, 'Ray Verhaeghe', 'Albert Thielens', 'None') ON CONFLICT DO NOTHING;
INSERT INTO actors (mediaId, actorId , actorName, characterName, profilePath) VALUES(311, 3013227, 'Jan Van Den Bosch', 'Zjef De Mulder', 'None') ON CONFLICT DO NOTHING;
INSERT INTO actors (mediaId, actorId , actorName, characterName, profilePath) VALUES(311, 92710, 'Werner De Smedt', 'Rudi Verbiest', 'https://image.tmdb.org/t/p/original/jlgnu8ESSIk0wRnoP8gCeBnEAJb.jpg') ON CONFLICT DO NOTHING;
INSERT INTO actors (mediaId, actorId , actorName, characterName, profilePath) VALUES(311, 3678850, 'Senne Meynendonckx', 'Ilja El Moussaoui', 'None') ON CONFLICT DO NOTHING;
INSERT INTO providers (mediaId, providerId, providerName, logoPath) VALUES( 311, 556, 'VTM', 'https://image.tmdb.org/t/p/original/yGSBirbkzKINILx24mo2O9d7mgK.png') ON CONFLICT DO NOTHING;
INSERT INTO providers (mediaId, providerId, providerName, logoPath) VALUES( 311, 5257, 'VTM GO', 'https://image.tmdb.org/t/p/original/CFnCzYQN57jVpVUK37SRWMk0XE.png') ON CONFLICT DO NOTHING;
INSERT INTO media (mediaId, type, name, originalLanguage, adult, releaseDate, overview, backdropPath, posterPath, trailerLink, tmdbRating,  status) VALUES(312, true, 'The Wheel of Time', 'en', False, '2021-11-18',  'Follow Moiraine, a member of the shadowy and influential all-female organization called the “Aes Sedai” as she embarks on a dangerous, world-spanning journey with five young men and women. Moiraine believes one of them might be the reincarnation of an incredibly powerful individual, whom prophecies say will either save humanity or destroy it.', 'https://image.tmdb.org/t/p/original/oahCTL082gwu6fYrxEOBe546uvB.jpg', 'https://image.tmdb.org/t/p/original/ihBi24EIr5kwAeY2PqmsgAcCj4n.jpg', 'https://www.youtube.com/watch?v=11ZozKfRqvA', 7.7, 'Returning Series') ON CONFLICT DO NOTHING;
INSERT INTO tv (mediaid , lastAirDate, nextEpisodeToAir, numberOfEpisodes, numberOfSeasons) VALUES( 312, '2023-10-05', NULL , 16, 2) ON CONFLICT DO NOTHING;
INSERT INTO genres (mediaId, genre) VALUES(312, 'Sci-Fi & Fantasy') ON CONFLICT DO NOTHING;
INSERT INTO genres (mediaId, genre) VALUES(312, 'Drama') ON CONFLICT DO NOTHING;
INSERT INTO creators(mediaId, creatorId, creatorName) VALUES(312, 1223895, 'Rafe Judkins') ON CONFLICT DO NOTHING;
INSERT INTO actors (mediaId, actorId , actorName, characterName, profilePath) VALUES(312, 10882, 'Rosamund Pike', 'Moiraine Damodred', 'https://image.tmdb.org/t/p/original/8ObNklHDi2hjdz0ayzJFB9jtqzm.jpg') ON CONFLICT DO NOTHING;
INSERT INTO actors (mediaId, actorId , actorName, characterName, profilePath) VALUES(312, 82093, 'Daniel Henney', 'al''Lan Mandragoran', 'https://image.tmdb.org/t/p/original/4cxNfiABrndn6izXAt6TsjFfYBZ.jpg') ON CONFLICT DO NOTHING;
INSERT INTO actors (mediaId, actorId , actorName, characterName, profilePath) VALUES(312, 1720950, 'Zoë Robins', 'Nynaeve al''Meara', 'https://image.tmdb.org/t/p/original/9vHQhbUZnaPxmNHtbQBN2oMTbff.jpg') ON CONFLICT DO NOTHING;
INSERT INTO actors (mediaId, actorId , actorName, characterName, profilePath) VALUES(312, 1109111, 'Madeleine Madden', 'Egwene al''Vere', 'https://image.tmdb.org/t/p/original/oOZ1EJeq2DHxNNLAkLEyYYOlqlM.jpg') ON CONFLICT DO NOTHING;
INSERT INTO actors (mediaId, actorId , actorName, characterName, profilePath) VALUES(312, 1866384, 'Josha Stradowski', 'Rand al''Thor', 'https://image.tmdb.org/t/p/original/uCbfm39Gad32j2z0vOOh3oa5GEH.jpg') ON CONFLICT DO NOTHING;
INSERT INTO actors (mediaId, actorId , actorName, characterName, profilePath) VALUES(312, 1993042, 'Marcus Rutherford', 'Perrin Aybara', 'https://image.tmdb.org/t/p/original/zsaJYipeANmwidXsh52qJxjqYvs.jpg') ON CONFLICT DO NOTHING;
INSERT INTO actors (mediaId, actorId , actorName, characterName, profilePath) VALUES(312, 2262886, 'Dónal Finn', 'Mat Cauthon', 'https://image.tmdb.org/t/p/original/7AjCt2SorCTcuYRzCMPUqH0Io5v.jpg') ON CONFLICT DO NOTHING;
INSERT INTO actors (mediaId, actorId , actorName, characterName, profilePath) VALUES(312, 4246724, 'Ceara Coveney', 'Elayne Trakand', 'https://image.tmdb.org/t/p/original/1zWEshFJ5dSRK37DlfJlQuZEcoO.jpg') ON CONFLICT DO NOTHING;
INSERT INTO providers (mediaId, providerId, providerName, logoPath) VALUES( 312, 1024, 'Prime Video', 'https://image.tmdb.org/t/p/original/ifhbNuuVnlwYy5oXA5VIb2YR8AZ.png') ON CONFLICT DO NOTHING;
INSERT INTO media (mediaId, type, name, originalLanguage, adult, releaseDate, overview, backdropPath, posterPath, trailerLink, tmdbRating,  status) VALUES(313, true, 'Linlang', 'tl', False, '2023-10-05',  'Victor “Bangis” Lualhati has always been a fighter. As a former boxer, he gets used to overcoming obstacles through tough times. However, when he finds a suspicious message on his wife''s phone, he will be faced with a challenge he never saw coming. As Victor investigates, he discovers there is more at play than just a cheating spouse. The deeper he digs, the more shocking realizations he makes.', 'https://image.tmdb.org/t/p/original/urSIiagshG2MuEUkbYCGU0HL4oG.jpg', 'https://image.tmdb.org/t/p/original/lJ7SucvU7UYQ4D1o7MtqF38owwI.jpg', 'None', 6.5, 'Returning Series') ON CONFLICT DO NOTHING;
INSERT INTO tv (mediaid , lastAirDate, nextEpisodeToAir, numberOfEpisodes, numberOfSeasons) VALUES( 313, '2023-10-12', '2023-10-19' , 14, 1) ON CONFLICT DO NOTHING;
INSERT INTO genres (mediaId, genre) VALUES(313, 'Mystery') ON CONFLICT DO NOTHING;
INSERT INTO genres (mediaId, genre) VALUES(313, 'Drama') ON CONFLICT DO NOTHING;
INSERT INTO actors (mediaId, actorId , actorName, characterName, profilePath) VALUES(313, 108686, 'Kim Chiu', 'Juliana Lualhati', 'https://image.tmdb.org/t/p/original/v08DYlepHMYB6PLkclNrIGV4O8A.jpg') ON CONFLICT DO NOTHING;
INSERT INTO actors (mediaId, actorId , actorName, characterName, profilePath) VALUES(313, 930714, 'Paulo Avelino', 'Victor Lualhati', 'https://image.tmdb.org/t/p/original/n2DmQHu7DBYHxrJDOfYaQZh6GbT.jpg') ON CONFLICT DO NOTHING;
INSERT INTO actors (mediaId, actorId , actorName, characterName, profilePath) VALUES(313, 1021416, 'JM de Guzman', 'Alexander Lualhati', 'https://image.tmdb.org/t/p/original/fArjg2AormairtDV0E5aUccJ4FA.jpg') ON CONFLICT DO NOTHING;
INSERT INTO actors (mediaId, actorId , actorName, characterName, profilePath) VALUES(313, 3039986, 'Kaila Estrada', 'Sylvia Lualhati', 'https://image.tmdb.org/t/p/original/zXi6GKjXqr3NvF1mpop2iPO4cev.jpg') ON CONFLICT DO NOTHING;
INSERT INTO actors (mediaId, actorId , actorName, characterName, profilePath) VALUES(313, 84058, 'Maricel Soriano', 'Amelia Lualhati', 'https://image.tmdb.org/t/p/original/az7XZ7bMC48uFSgTwXqXCSg4PzT.jpg') ON CONFLICT DO NOTHING;
INSERT INTO actors (mediaId, actorId , actorName, characterName, profilePath) VALUES(313, 1348735, 'Ruby Ruiz', 'Pilar Alcantara', 'https://image.tmdb.org/t/p/original/f05HHtxulED0itX9WcY331kDMCe.jpg') ON CONFLICT DO NOTHING;
INSERT INTO actors (mediaId, actorId , actorName, characterName, profilePath) VALUES(313, 1019176, 'Jaime Fabregas', '', 'https://image.tmdb.org/t/p/original/qStLsemB2fj8dkaHcVKvNCHnODG.jpg') ON CONFLICT DO NOTHING;
INSERT INTO actors (mediaId, actorId , actorName, characterName, profilePath) VALUES(313, 1053935, 'Raymond Bagatsing', '', 'https://image.tmdb.org/t/p/original/6RsjyCvWq6wTRNG6tMO1NncOG5z.jpg') ON CONFLICT DO NOTHING;
INSERT INTO actors (mediaId, actorId , actorName, characterName, profilePath) VALUES(313, 1871456, 'Vance Larena', '', 'https://image.tmdb.org/t/p/original/tcsROKaEO56BEYdiMlD56gSVUy.jpg') ON CONFLICT DO NOTHING;
INSERT INTO actors (mediaId, actorId , actorName, characterName, profilePath) VALUES(313, 1909700, 'Heaven Peralejo', 'Olivia', 'https://image.tmdb.org/t/p/original/ccvFDQ1dFro5qCRzGsypx11gIg5.jpg') ON CONFLICT DO NOTHING;
INSERT INTO providers (mediaId, providerId, providerName, logoPath) VALUES( 313, 1024, 'Prime Video', 'https://image.tmdb.org/t/p/original/ifhbNuuVnlwYy5oXA5VIb2YR8AZ.png') ON CONFLICT DO NOTHING;
INSERT INTO media (mediaId, type, name, originalLanguage, adult, releaseDate, overview, backdropPath, posterPath, trailerLink, tmdbRating,  status) VALUES(314, true, 'Shortland Street', 'en', False, '1992-05-25',  'A fast-paced serial drama in an urban setting, this show explores the lives and loves of the patients and staff of a modern metropolitan hospital and contains a heady mix of medical crisis, human drama, comedy, romance and suspense. Follow the lives and loves of the residents of Ferndale, in New Zealand''s longest-running drama.', 'https://image.tmdb.org/t/p/original/u3hBz0IojnueoadBImCOhjns91s.jpg', 'https://image.tmdb.org/t/p/original/2m2W5m2UIuxv2EkgfMvEms0iAGq.jpg', 'None', 5.3, 'Returning Series') ON CONFLICT DO NOTHING;
INSERT INTO tv (mediaid , lastAirDate, nextEpisodeToAir, numberOfEpisodes, numberOfSeasons) VALUES( 314, '2023-10-17', '2023-10-18' , 7544, 32) ON CONFLICT DO NOTHING;
INSERT INTO genres (mediaId, genre) VALUES(314, 'Soap') ON CONFLICT DO NOTHING;
INSERT INTO genres (mediaId, genre) VALUES(314, 'Drama') ON CONFLICT DO NOTHING;
INSERT INTO actors (mediaId, actorId , actorName, characterName, profilePath) VALUES(314, 1641201, 'Ben Barrington', 'Drew McCaskill', 'https://image.tmdb.org/t/p/original/2Kf3Ga2MBK3jmUz97U2MVT4T0Qc.jpg') ON CONFLICT DO NOTHING;
INSERT INTO actors (mediaId, actorId , actorName, characterName, profilePath) VALUES(314, 206532, 'Ben Mitchell', 'Te Koha "TK" Samuels', 'https://image.tmdb.org/t/p/original/5nqioFJ6IcfhsJL4N6gxvng38sN.jpg') ON CONFLICT DO NOTHING;
INSERT INTO actors (mediaId, actorId , actorName, characterName, profilePath) VALUES(314, 2621807, 'Jess Sayer', 'Maeve Mullens', 'https://image.tmdb.org/t/p/original/Aqi4NulG9FIbq1eL8qV3MSBg2NN.jpg') ON CONFLICT DO NOTHING;
INSERT INTO actors (mediaId, actorId , actorName, characterName, profilePath) VALUES(314, 1236970, 'Michael Galvin', 'Chris Warner', 'https://image.tmdb.org/t/p/original/cxb1CEfO3CjM1UAjFX4rC5D0EmL.jpg') ON CONFLICT DO NOTHING;
INSERT INTO actors (mediaId, actorId , actorName, characterName, profilePath) VALUES(314, 3247970, 'Ngahuia Piripi', 'Esther Samuels', 'https://image.tmdb.org/t/p/original/orlzBhg2U9c4CtoUqvdWTmkob6w.jpg') ON CONFLICT DO NOTHING;
INSERT INTO actors (mediaId, actorId , actorName, characterName, profilePath) VALUES(314, 212641, 'Ria Vandervis', 'Harper Whitley', 'https://image.tmdb.org/t/p/original/auTvOXsL7hrxGnUlo37pLEQSGBY.jpg') ON CONFLICT DO NOTHING;
INSERT INTO actors (mediaId, actorId , actorName, characterName, profilePath) VALUES(314, 228192, 'Sally Martin', 'Nicole Miller', 'https://image.tmdb.org/t/p/original/4NTcL4EMzs3F1yrukkPoT3PtsER.jpg') ON CONFLICT DO NOTHING;
INSERT INTO providers (mediaId, providerId, providerName, logoPath) VALUES( 314, 123, 'TVNZ 2', 'https://image.tmdb.org/t/p/original/wGMxGK0IlrDER4GqWKqr3wzOj1v.png') ON CONFLICT DO NOTHING;
INSERT INTO media (mediaId, type, name, originalLanguage, adult, releaseDate, overview, backdropPath, posterPath, trailerLink, tmdbRating,  status) VALUES(315, true, 'The Walking Dead: Dead City', 'en', False, '2023-06-18',  'Maggie and Negan travel to post-apocalyptic Manhattan - long ago cut off from the mainland. The crumbling city is filled with the dead and denizens who have made it a world full of anarchy, danger, beauty, and terror.', 'https://image.tmdb.org/t/p/original/vV5LKWmuysEe5wsuZJGbdiL5XJ2.jpg', 'https://image.tmdb.org/t/p/original/wq3vuQzQgbS83zX3malAFWMsSwX.jpg', 'https://www.youtube.com/watch?v=s1xjv2iCQUc', 8.3, 'Returning Series') ON CONFLICT DO NOTHING;
INSERT INTO tv (mediaid , lastAirDate, nextEpisodeToAir, numberOfEpisodes, numberOfSeasons) VALUES( 315, '2023-07-22', NULL , 6, 1) ON CONFLICT DO NOTHING;
INSERT INTO genres (mediaId, genre) VALUES(315, 'Drama') ON CONFLICT DO NOTHING;
INSERT INTO genres (mediaId, genre) VALUES(315, 'Action & Adventure') ON CONFLICT DO NOTHING;
INSERT INTO genres (mediaId, genre) VALUES(315, 'Sci-Fi & Fantasy') ON CONFLICT DO NOTHING;
INSERT INTO creators(mediaId, creatorId, creatorName) VALUES(315, 1639698, 'Eli Jorné') ON CONFLICT DO NOTHING;
INSERT INTO actors (mediaId, actorId , actorName, characterName, profilePath) VALUES(315, 62220, 'Lauren Cohan', 'Maggie Rhee', 'https://image.tmdb.org/t/p/original/zJ9nZ5jqQTUD55GLKbgfiKlUoBN.jpg') ON CONFLICT DO NOTHING;
INSERT INTO actors (mediaId, actorId , actorName, characterName, profilePath) VALUES(315, 47296, 'Jeffrey Dean Morgan', 'Negan', 'https://image.tmdb.org/t/p/original/m8bdrmh6ExDCGQ64E83mHg002YV.jpg') ON CONFLICT DO NOTHING;
INSERT INTO actors (mediaId, actorId , actorName, characterName, profilePath) VALUES(315, 118374, 'Gaius Charles', 'Perlie Armstrong', 'https://image.tmdb.org/t/p/original/jv3yclr8GMW0krvEIF9k5F298KU.jpg') ON CONFLICT DO NOTHING;
INSERT INTO actors (mediaId, actorId , actorName, characterName, profilePath) VALUES(315, 6752, 'Zeljko Ivanek', 'The Croat', 'https://image.tmdb.org/t/p/original/xLv19n8UvGJLxI7Z6RIv9eNXGmf.jpg') ON CONFLICT DO NOTHING;
INSERT INTO actors (mediaId, actorId , actorName, characterName, profilePath) VALUES(315, 3231938, 'Mahina Napoleon', 'Ginny', 'https://image.tmdb.org/t/p/original/whYHjaSVjUzNJgQXLCMnnQNW8C3.jpg') ON CONFLICT DO NOTHING;
INSERT INTO providers (mediaId, providerId, providerName, logoPath) VALUES( 315, 174, 'AMC', 'https://image.tmdb.org/t/p/original/alqLicR1ZMHMaZGP3xRQxn9sq7p.png') ON CONFLICT DO NOTHING;
INSERT INTO media (mediaId, type, name, originalLanguage, adult, releaseDate, overview, backdropPath, posterPath, trailerLink, tmdbRating,  status) VALUES(316, true, 'ONE PIECE', 'en', False, '2023-08-31',  'With his straw hat and ragtag crew, young pirate Monkey D. Luffy goes on an epic voyage for treasure in this live-action adaptation of the popular manga.', 'https://image.tmdb.org/t/p/original/aRKQdF6AGbhnF9IAyJbte5epH5R.jpg', 'https://image.tmdb.org/t/p/original/rVX05xRKS5JhEYQFObCi4lAnZT4.jpg', 'https://www.youtube.com/watch?v=l6kp780S-os', 8.2, 'Returning Series') ON CONFLICT DO NOTHING;
INSERT INTO tv (mediaid , lastAirDate, nextEpisodeToAir, numberOfEpisodes, numberOfSeasons) VALUES( 316, '2023-08-31', NULL , 8, 1) ON CONFLICT DO NOTHING;
INSERT INTO genres (mediaId, genre) VALUES(316, 'Action & Adventure') ON CONFLICT DO NOTHING;
INSERT INTO genres (mediaId, genre) VALUES(316, 'Sci-Fi & Fantasy') ON CONFLICT DO NOTHING;
INSERT INTO creators(mediaId, creatorId, creatorName) VALUES(316, 1225826, 'Steven Maeda') ON CONFLICT DO NOTHING;
INSERT INTO creators(mediaId, creatorId, creatorName) VALUES(316, 1562489, 'Matt Owens') ON CONFLICT DO NOTHING;
INSERT INTO actors (mediaId, actorId , actorName, characterName, profilePath) VALUES(316, 2177750, 'Iñaki Godoy', 'Monkey D. Luffy', 'https://image.tmdb.org/t/p/original/cjgF30gIyrHMzEk2dvilmRanDAL.jpg') ON CONFLICT DO NOTHING;
INSERT INTO actors (mediaId, actorId , actorName, characterName, profilePath) VALUES(316, 1566805, 'Mackenyu', 'Roronoa Zoro', 'https://image.tmdb.org/t/p/original/kIrLJmJCGc2fRAkVnBJXwAL7gAM.jpg') ON CONFLICT DO NOTHING;
INSERT INTO actors (mediaId, actorId , actorName, characterName, profilePath) VALUES(316, 9831, 'Vincent Regan', 'Vice-Admiral Garp', 'https://image.tmdb.org/t/p/original/vnylF0jSWOdQyRWAsQgV3oA9dk.jpg') ON CONFLICT DO NOTHING;
INSERT INTO actors (mediaId, actorId , actorName, characterName, profilePath) VALUES(316, 1568101, 'Emily Rudd', 'Nami', 'https://image.tmdb.org/t/p/original/AuXIa4qQcyy8VHvdBtd6OR53c1k.jpg') ON CONFLICT DO NOTHING;
INSERT INTO actors (mediaId, actorId , actorName, characterName, profilePath) VALUES(316, 2498631, 'Taz Skylar', 'Sanji', 'https://image.tmdb.org/t/p/original/sQIZYC50kIUfLpGqrjqzi5WD9Th.jpg') ON CONFLICT DO NOTHING;
INSERT INTO actors (mediaId, actorId , actorName, characterName, profilePath) VALUES(316, 144080, 'Morgan Davies', 'Koby', 'https://image.tmdb.org/t/p/original/fVApDiO0yWZZfQeprxDDfAukngO.jpg') ON CONFLICT DO NOTHING;
INSERT INTO actors (mediaId, actorId , actorName, characterName, profilePath) VALUES(316, 2414242, 'Aidan Scott', 'Helmeppo', 'https://image.tmdb.org/t/p/original/4qjtMLDKSjQP9LzaFugvyRCrwuS.jpg') ON CONFLICT DO NOTHING;
INSERT INTO actors (mediaId, actorId , actorName, characterName, profilePath) VALUES(316, 1031249, 'Jeff Ward', 'Buggy the Clown', 'https://image.tmdb.org/t/p/original/55Vj8VuALnptdxjJYCH6EdPyR0j.jpg') ON CONFLICT DO NOTHING;
INSERT INTO providers (mediaId, providerId, providerName, logoPath) VALUES( 316, 213, 'Netflix', 'https://image.tmdb.org/t/p/original/wwemzKWzjKYJFfCeiB57q3r4Bcm.png') ON CONFLICT DO NOTHING;
INSERT INTO media (mediaId, type, name, originalLanguage, adult, releaseDate, overview, backdropPath, posterPath, trailerLink, tmdbRating,  status) VALUES(317, true, 'Late Show with David Letterman', 'en', False, '1993-08-30',  'Late Show with David Letterman is an American late-night talk show hosted by David Letterman on CBS. The show debuted on August 30, 1993, and is produced by Letterman''s production company, Worldwide Pants Incorporated and CBS Television Studios. The show''s music director and band-leader of the house band, the CBS Orchestra, is Paul Shaffer. The head writer is Matt Roberts and the announcer is Alan Kalter. Of the major U.S. late-night programs, Late Show ranks second in cumulative average viewers over time and third in number of episodes over time. The show leads other late night shows in ad revenue with $271 million in 2009.
In most U.S. markets the show airs at 11:35 p.m. Eastern/Pacific time, but is recorded Monday through Wednesday at 4:30 p.m., and Thursdays at 3:30 p.m and 6:00 p.m. The second Thursday episode usually airs on Friday of that week.
In 2002, Late Show with David Letterman was ranked No. 7 on TV Guide''s 50 Greatest TV Shows of All Time. CBS has a contract with Worldwide Pants to continue the show through 2014; by then, Letterman will surpass Johnny Carson as the longest tenured late-night talk show host.', 'https://image.tmdb.org/t/p/original/hSAMD7hMuEdveMCbLxvUDuU0lb3.jpg', 'https://image.tmdb.org/t/p/original/fTBC5EpsgKmli9VQcJMtqQ08Qj4.jpg', 'None', 6.4, 'Ended') ON CONFLICT DO NOTHING;
INSERT INTO tv (mediaid , lastAirDate, nextEpisodeToAir, numberOfEpisodes, numberOfSeasons) VALUES( 317, '2015-05-20', NULL , 4252, 22) ON CONFLICT DO NOTHING;
INSERT INTO genres (mediaId, genre) VALUES(317, 'Talk') ON CONFLICT DO NOTHING;
INSERT INTO genres (mediaId, genre) VALUES(317, 'Comedy') ON CONFLICT DO NOTHING;
INSERT INTO actors (mediaId, actorId , actorName, characterName, profilePath) VALUES(317, 136487, 'David Letterman', 'Self - Host', 'https://image.tmdb.org/t/p/original/nk1rMabb84e52G2oax6yO9FBiAd.jpg') ON CONFLICT DO NOTHING;
INSERT INTO actors (mediaId, actorId , actorName, characterName, profilePath) VALUES(317, 69921, 'Paul Shaffer', 'Self -Musical Director', 'https://image.tmdb.org/t/p/original/j6SqQZDOAXUFPyFNNEYwzuAoZCz.jpg') ON CONFLICT DO NOTHING;
INSERT INTO actors (mediaId, actorId , actorName, characterName, profilePath) VALUES(317, 4299407, 'Alan Kalter', 'Self - Announcer (voice)', 'None') ON CONFLICT DO NOTHING;
INSERT INTO providers (mediaId, providerId, providerName, logoPath) VALUES( 317, 16, 'CBS', 'https://image.tmdb.org/t/p/original/wju8KhOUsR5y4bH9p3Jc50hhaLO.png') ON CONFLICT DO NOTHING;
INSERT INTO media (mediaId, type, name, originalLanguage, adult, releaseDate, overview, backdropPath, posterPath, trailerLink, tmdbRating,  status) VALUES(318, true, 'Love Is In The Air', 'tr', False, '2020-07-08',  'Eda, who ties all her hopes to her education, confronts Serkan Bolat, who cuts off her international education scholarship and leaves her with high school diploma. Serkan Bolat offers Eda to give her scholarship back if she pretends to be his fiance for two months. Although Eda rejects the offer of this man as she hates him, she has to accept it when the conditions change. While pretending to be engaged, Serkan and Eda begin to experience a passionate, challenging relationship that will make them forget all they know right. Because love is difficult. And that''s why it''s amazing.', 'https://image.tmdb.org/t/p/original/ic7YfRS52N3m4oalxoOIT665C33.jpg', 'https://image.tmdb.org/t/p/original/bE71f9A3eztjcd5JT3MmHB8MbzA.jpg', 'None', 8.2, 'Ended') ON CONFLICT DO NOTHING;
INSERT INTO tv (mediaid , lastAirDate, nextEpisodeToAir, numberOfEpisodes, numberOfSeasons) VALUES( 318, '2021-09-08', NULL , 52, 2) ON CONFLICT DO NOTHING;
INSERT INTO genres (mediaId, genre) VALUES(318, 'Drama') ON CONFLICT DO NOTHING;
INSERT INTO genres (mediaId, genre) VALUES(318, 'Comedy') ON CONFLICT DO NOTHING;
INSERT INTO creators(mediaId, creatorId, creatorName) VALUES(318, 2773983, 'Ayse Uber Kutlu') ON CONFLICT DO NOTHING;
INSERT INTO actors (mediaId, actorId , actorName, characterName, profilePath) VALUES(318, 1522703, 'Hande Erçel', 'Eda Yıldız', 'https://image.tmdb.org/t/p/original/jrUvWNqOpfDm3D0KhbuRwQOy8Nu.jpg') ON CONFLICT DO NOTHING;
INSERT INTO actors (mediaId, actorId , actorName, characterName, profilePath) VALUES(318, 134497, 'Kerem Bürsin', 'Serkan Bolat', 'https://image.tmdb.org/t/p/original/fw0HNx4d2ELQFF3I9lTvq1VI2uj.jpg') ON CONFLICT DO NOTHING;
INSERT INTO actors (mediaId, actorId , actorName, characterName, profilePath) VALUES(318, 1992182, 'Evrim Doğan', 'Ayfer Yıldız', 'https://image.tmdb.org/t/p/original/jWb0hSq7A2mgpuyQMvmR0dIGkt3.jpg') ON CONFLICT DO NOTHING;
INSERT INTO actors (mediaId, actorId , actorName, characterName, profilePath) VALUES(318, 1729255, 'Anıl İlter', 'Engin Sezgin', 'https://image.tmdb.org/t/p/original/l5AIU6iU92CqBDQl3QSlrXa2xAv.jpg') ON CONFLICT DO NOTHING;
INSERT INTO actors (mediaId, actorId , actorName, characterName, profilePath) VALUES(318, 2691051, 'Elçin Afacan', 'Melek Yücel "Melo"', 'https://image.tmdb.org/t/p/original/A2WIUT1o3fgXepgELNLshLRisqh.jpg') ON CONFLICT DO NOTHING;
INSERT INTO actors (mediaId, actorId , actorName, characterName, profilePath) VALUES(318, 2342438, 'Başak Gümülcinelioğlu', 'Pırıl Baytekin', 'https://image.tmdb.org/t/p/original/5MqYCdjjHjuHn5vVfD9OQJuzIt7.jpg') ON CONFLICT DO NOTHING;
INSERT INTO actors (mediaId, actorId , actorName, characterName, profilePath) VALUES(318, 1948895, 'Alican Aytekin', 'Seyfi Çiçek', 'https://image.tmdb.org/t/p/original/mthrIRQyRO4yC47z1fOAwIUEhR6.jpg') ON CONFLICT DO NOTHING;
INSERT INTO actors (mediaId, actorId , actorName, characterName, profilePath) VALUES(318, 2691053, 'Sarp Bozkurt', 'Erdem Şangay', 'https://image.tmdb.org/t/p/original/8b2z9dIR5soA4tooxuigRpPMe45.jpg') ON CONFLICT DO NOTHING;
INSERT INTO actors (mediaId, actorId , actorName, characterName, profilePath) VALUES(318, 1146738, 'Neslihan Yeldan', 'Aydan Bolat', 'https://image.tmdb.org/t/p/original/ooA8zBqzm2QSvcal7s1SN06PyyR.jpg') ON CONFLICT DO NOTHING;
INSERT INTO actors (mediaId, actorId , actorName, characterName, profilePath) VALUES(318, 555542, 'Sinan Albayrak', 'Kemal Özcan', 'https://image.tmdb.org/t/p/original/7k1EfyJvJSr9mQAlsGzaSCC2BO.jpg') ON CONFLICT DO NOTHING;
INSERT INTO providers (mediaId, providerId, providerName, logoPath) VALUES( 318, 303, 'FOX', 'https://image.tmdb.org/t/p/original/64uickn4Fz4H3Rgo20z5VJ6PKtR.png') ON CONFLICT DO NOTHING;
INSERT INTO media (mediaId, type, name, originalLanguage, adult, releaseDate, overview, backdropPath, posterPath, trailerLink, tmdbRating,  status) VALUES(319, true, 'Breaking Bad', 'en', False, '2008-01-20',  'When Walter White, a New Mexico chemistry teacher, is diagnosed with Stage III cancer and given a prognosis of only two years left to live. He becomes filled with a sense of fearlessness and an unrelenting desire to secure his family''s financial future at any cost as he enters the dangerous world of drugs and crime.', 'https://image.tmdb.org/t/p/original/9faGSFi5jam6pDWGNd0p8JcJgXQ.jpg', 'https://image.tmdb.org/t/p/original/3xnWaLQjelJDDF7LT1WBo6f4BRe.jpg', 'https://www.youtube.com/watch?v=VFLkMDEO-Xc', 8.9, 'Ended') ON CONFLICT DO NOTHING;
INSERT INTO tv (mediaid , lastAirDate, nextEpisodeToAir, numberOfEpisodes, numberOfSeasons) VALUES( 319, '2013-09-29', NULL , 62, 5) ON CONFLICT DO NOTHING;
INSERT INTO genres (mediaId, genre) VALUES(319, 'Drama') ON CONFLICT DO NOTHING;
INSERT INTO genres (mediaId, genre) VALUES(319, 'Crime') ON CONFLICT DO NOTHING;
INSERT INTO creators(mediaId, creatorId, creatorName) VALUES(319, 66633, 'Vince Gilligan') ON CONFLICT DO NOTHING;
INSERT INTO actors (mediaId, actorId , actorName, characterName, profilePath) VALUES(319, 17419, 'Bryan Cranston', 'Walter White', 'https://image.tmdb.org/t/p/original/aGSvZg7uITJveQtGHDcPNI6map1.jpg') ON CONFLICT DO NOTHING;
INSERT INTO actors (mediaId, actorId , actorName, characterName, profilePath) VALUES(319, 84497, 'Aaron Paul', 'Jesse Pinkman', 'https://image.tmdb.org/t/p/original/8Ac9uuoYwZoYVAIJfRLzzLsGGJn.jpg') ON CONFLICT DO NOTHING;
INSERT INTO actors (mediaId, actorId , actorName, characterName, profilePath) VALUES(319, 134531, 'Anna Gunn', 'Skyler White', 'https://image.tmdb.org/t/p/original/adppyeu1a4REN3khtgmXusrapFi.jpg') ON CONFLICT DO NOTHING;
INSERT INTO actors (mediaId, actorId , actorName, characterName, profilePath) VALUES(319, 14329, 'Dean Norris', 'Hank Schrader', 'https://image.tmdb.org/t/p/original/yV3DZ52LYRf5F605xRas5BEcJrZ.jpg') ON CONFLICT DO NOTHING;
INSERT INTO actors (mediaId, actorId , actorName, characterName, profilePath) VALUES(319, 783, 'Jonathan Banks', 'Mike Ehrmantraut', 'https://image.tmdb.org/t/p/original/va6APAzwv68YxvYQkB3lHhpccCi.jpg') ON CONFLICT DO NOTHING;
INSERT INTO actors (mediaId, actorId , actorName, characterName, profilePath) VALUES(319, 59410, 'Bob Odenkirk', 'Saul Goodman', 'https://image.tmdb.org/t/p/original/rF0Lb6SBhGSTvjRffmlKRSeI3jE.jpg') ON CONFLICT DO NOTHING;
INSERT INTO actors (mediaId, actorId , actorName, characterName, profilePath) VALUES(319, 1217934, 'Betsy Brandt', 'Marie Schrader', 'https://image.tmdb.org/t/p/original/kIbVUpGfLAF1KMn1YvWPnc12DRP.jpg') ON CONFLICT DO NOTHING;
INSERT INTO actors (mediaId, actorId , actorName, characterName, profilePath) VALUES(319, 209674, 'RJ Mitte', 'Walter White Jr.', 'https://image.tmdb.org/t/p/original/aG6NYV2EgzBFLRIl7vvbtd7go1j.jpg') ON CONFLICT DO NOTHING;
INSERT INTO providers (mediaId, providerId, providerName, logoPath) VALUES( 319, 174, 'AMC', 'https://image.tmdb.org/t/p/original/alqLicR1ZMHMaZGP3xRQxn9sq7p.png') ON CONFLICT DO NOTHING;
INSERT INTO media (mediaId, type, name, originalLanguage, adult, releaseDate, overview, backdropPath, posterPath, trailerLink, tmdbRating,  status) VALUES(320, true, 'The Boys', 'en', False, '2019-07-25',  'A group of vigilantes known informally as “The Boys” set out to take down corrupt superheroes with no more than blue-collar grit and a willingness to fight dirty.', 'https://image.tmdb.org/t/p/original/thLAoL6VeZGmCyDpCOeoxLvA8yS.jpg', 'https://image.tmdb.org/t/p/original/7Ns6tO3aYjppI5bFhyYZurOYGBT.jpg', 'https://www.youtube.com/watch?v=tcrNsIaQkb4', 8.5, 'Returning Series') ON CONFLICT DO NOTHING;
INSERT INTO tv (mediaid , lastAirDate, nextEpisodeToAir, numberOfEpisodes, numberOfSeasons) VALUES( 320, '2022-07-07', NULL , 32, 4) ON CONFLICT DO NOTHING;
INSERT INTO genres (mediaId, genre) VALUES(320, 'Sci-Fi & Fantasy') ON CONFLICT DO NOTHING;
INSERT INTO genres (mediaId, genre) VALUES(320, 'Action & Adventure') ON CONFLICT DO NOTHING;
INSERT INTO creators(mediaId, creatorId, creatorName) VALUES(320, 58321, 'Eric Kripke') ON CONFLICT DO NOTHING;
INSERT INTO actors (mediaId, actorId , actorName, characterName, profilePath) VALUES(320, 1030513, 'Jack Quaid', 'Hughie Campbell', 'https://image.tmdb.org/t/p/original/nI6ULvUIxxajya5DeTxcCdV3cal.jpg') ON CONFLICT DO NOTHING;
INSERT INTO actors (mediaId, actorId , actorName, characterName, profilePath) VALUES(320, 1372, 'Karl Urban', 'Billy Butcher', 'https://image.tmdb.org/t/p/original/aMkragCSEihmGhLp5xJ8Jnw2ZMY.jpg') ON CONFLICT DO NOTHING;
INSERT INTO actors (mediaId, actorId , actorName, characterName, profilePath) VALUES(320, 60373, 'Antony Starr', 'John Gillman / Homelander', 'https://image.tmdb.org/t/p/original/efqC1XQSyHaRWYyTRWCQbbPOfRC.jpg') ON CONFLICT DO NOTHING;
INSERT INTO actors (mediaId, actorId , actorName, characterName, profilePath) VALUES(320, 990393, 'Erin Moriarty', 'Annie January / Starlight', 'https://image.tmdb.org/t/p/original/zY3ZMEXAmhU7hQO0B4Y3444rTHm.jpg') ON CONFLICT DO NOTHING;
INSERT INTO actors (mediaId, actorId , actorName, characterName, profilePath) VALUES(320, 115146, 'Dominique McElligott', 'Queen Maeve', 'https://image.tmdb.org/t/p/original/pA6jcdqj05YQEVukE81a1hWx4NA.jpg') ON CONFLICT DO NOTHING;
INSERT INTO actors (mediaId, actorId , actorName, characterName, profilePath) VALUES(320, 49624, 'Jensen Ackles', 'Soldier Boy', 'https://image.tmdb.org/t/p/original/vFegIjLLQGwPn6af4SE9LAbnGNE.jpg') ON CONFLICT DO NOTHING;
INSERT INTO actors (mediaId, actorId , actorName, characterName, profilePath) VALUES(320, 198847, 'Jessie T. Usher', 'A-Train', 'https://image.tmdb.org/t/p/original/iiu9dkYEkHJPMf7TzbrhhgwRvlt.jpg') ON CONFLICT DO NOTHING;
INSERT INTO actors (mediaId, actorId , actorName, characterName, profilePath) VALUES(320, 60899, 'Chace Crawford', 'Kevin Moskowitz / The Deep', 'https://image.tmdb.org/t/p/original/yWZILsr2mBQBCG1LOcCYYshIbts.jpg') ON CONFLICT DO NOTHING;
INSERT INTO actors (mediaId, actorId , actorName, characterName, profilePath) VALUES(320, 1461608, 'Karen Fukuhara', 'Kimiko / The Female', 'https://image.tmdb.org/t/p/original/39xZ0fJEfq9Ql2fILUUDJmcHT15.jpg') ON CONFLICT DO NOTHING;
INSERT INTO actors (mediaId, actorId , actorName, characterName, profilePath) VALUES(320, 1550587, 'Tomer Capone', 'Frenchie', 'https://image.tmdb.org/t/p/original/r6s7dkYZUJpd00C7p9itT6Gp8XB.jpg') ON CONFLICT DO NOTHING;
INSERT INTO providers (mediaId, providerId, providerName, logoPath) VALUES( 320, 1024, 'Prime Video', 'https://image.tmdb.org/t/p/original/ifhbNuuVnlwYy5oXA5VIb2YR8AZ.png') ON CONFLICT DO NOTHING;
INSERT INTO media (mediaId, type, name, originalLanguage, adult, releaseDate, overview, backdropPath, posterPath, trailerLink, tmdbRating,  status) VALUES(321, true, 'Two and a Half Men', 'en', False, '2003-09-22',  'A hedonistic jingle writer''s free-wheeling life comes to an abrupt halt when his brother and 10-year-old nephew move into his beach-front house.', 'https://image.tmdb.org/t/p/original/coHpOy9OJyFiHWeH36cSHMpLUHC.jpg', 'https://image.tmdb.org/t/p/original/A9QDK4OWpv41W27kCv0LXe30k9S.jpg', 'https://www.youtube.com/watch?v=E7ap_eCWxYI', 7.5, 'Ended') ON CONFLICT DO NOTHING;
INSERT INTO tv (mediaid , lastAirDate, nextEpisodeToAir, numberOfEpisodes, numberOfSeasons) VALUES( 321, '2015-02-18', NULL , 262, 12) ON CONFLICT DO NOTHING;
INSERT INTO genres (mediaId, genre) VALUES(321, 'Comedy') ON CONFLICT DO NOTHING;
INSERT INTO genres (mediaId, genre) VALUES(321, 'Drama') ON CONFLICT DO NOTHING;
INSERT INTO creators(mediaId, creatorId, creatorName) VALUES(321, 160172, 'Chuck Lorre') ON CONFLICT DO NOTHING;
INSERT INTO creators(mediaId, creatorId, creatorName) VALUES(321, 1218744, 'Lee Aronsohn') ON CONFLICT DO NOTHING;
INSERT INTO actors (mediaId, actorId , actorName, characterName, profilePath) VALUES(321, 18976, 'Ashton Kutcher', 'Walden Schmidt', 'https://image.tmdb.org/t/p/original/LvIpFJZDNjRKD5Nl9QAaRxYIiv.jpg') ON CONFLICT DO NOTHING;
INSERT INTO actors (mediaId, actorId , actorName, characterName, profilePath) VALUES(321, 69718, 'Jon Cryer', 'Alan Harper', 'https://image.tmdb.org/t/p/original/jd3CyDEiUNuAVYiEjReWbCmmGWA.jpg') ON CONFLICT DO NOTHING;
INSERT INTO actors (mediaId, actorId , actorName, characterName, profilePath) VALUES(321, 1909, 'Conchata Ferrell', 'Berta', 'https://image.tmdb.org/t/p/original/1CuSudlDbvrhFSpXPckzlMfzLiJ.jpg') ON CONFLICT DO NOTHING;
INSERT INTO actors (mediaId, actorId , actorName, characterName, profilePath) VALUES(321, 20354, 'Amber Tamblyn', 'Jenny', 'https://image.tmdb.org/t/p/original/bzw0lxvtbEnYT7fZ8fn6NeSzMn9.jpg') ON CONFLICT DO NOTHING;
INSERT INTO providers (mediaId, providerId, providerName, logoPath) VALUES( 321, 16, 'CBS', 'https://image.tmdb.org/t/p/original/wju8KhOUsR5y4bH9p3Jc50hhaLO.png') ON CONFLICT DO NOTHING;
INSERT INTO media (mediaId, type, name, originalLanguage, adult, releaseDate, overview, backdropPath, posterPath, trailerLink, tmdbRating,  status) VALUES(322, true, 'The Rookie', 'en', False, '2018-10-16',  'Starting over isn’t easy, especially for small-town guy John Nolan who, after a life-altering incident, is pursuing his dream of being an LAPD officer. As the force’s oldest rookie, he’s met with skepticism from some higher-ups who see him as just a walking midlife crisis.', 'https://image.tmdb.org/t/p/original/2FEIbHSL9NIDXtDnPzmj2yzCAwO.jpg', 'https://image.tmdb.org/t/p/original/jbMefmo6EjcvpOULP50nfMpGP70.jpg', 'https://www.youtube.com/watch?v=_HgC1TN8FVk', 8.3, 'Returning Series') ON CONFLICT DO NOTHING;
INSERT INTO tv (mediaid , lastAirDate, nextEpisodeToAir, numberOfEpisodes, numberOfSeasons) VALUES( 322, '2023-05-02', NULL , 98, 5) ON CONFLICT DO NOTHING;
INSERT INTO genres (mediaId, genre) VALUES(322, 'Crime') ON CONFLICT DO NOTHING;
INSERT INTO genres (mediaId, genre) VALUES(322, 'Drama') ON CONFLICT DO NOTHING;
INSERT INTO creators(mediaId, creatorId, creatorName) VALUES(322, 67855, 'Alexi Hawley') ON CONFLICT DO NOTHING;
INSERT INTO actors (mediaId, actorId , actorName, characterName, profilePath) VALUES(322, 51797, 'Nathan Fillion', 'John Nolan', 'https://image.tmdb.org/t/p/original/aW6vCxkUZtwb6iH2Wf88Uq0XNVv.jpg') ON CONFLICT DO NOTHING;
INSERT INTO actors (mediaId, actorId , actorName, characterName, profilePath) VALUES(322, 1234713, 'Melissa O''Neil', 'Lucy Chen', 'https://image.tmdb.org/t/p/original/jDR0MFSeoFeqLZ4YkbN8kZj75Fu.jpg') ON CONFLICT DO NOTHING;
INSERT INTO actors (mediaId, actorId , actorName, characterName, profilePath) VALUES(322, 74409, 'Eric Winter', 'Tim Bradford', 'https://image.tmdb.org/t/p/original/5fnokeM7Bi562ubR6wZnmyNTzqg.jpg') ON CONFLICT DO NOTHING;
INSERT INTO actors (mediaId, actorId , actorName, characterName, profilePath) VALUES(322, 134180, 'Alyssa Diaz', 'Angela Lopez', 'https://image.tmdb.org/t/p/original/nUWjDdSvhcTX25CuheDFhCGEWqk.jpg') ON CONFLICT DO NOTHING;
INSERT INTO actors (mediaId, actorId , actorName, characterName, profilePath) VALUES(322, 202952, 'Mekia Cox', 'Nyla Harper', 'https://image.tmdb.org/t/p/original/r8RrebMle9U3Xiwl2hiD6pFdfSl.jpg') ON CONFLICT DO NOTHING;
INSERT INTO actors (mediaId, actorId , actorName, characterName, profilePath) VALUES(322, 55755, 'Richard T. Jones', 'Wade Grey', 'https://image.tmdb.org/t/p/original/hdko2C45Wr5G03Z8JwGjWMynP84.jpg') ON CONFLICT DO NOTHING;
INSERT INTO actors (mediaId, actorId , actorName, characterName, profilePath) VALUES(322, 2492284, 'Tru Valentino', 'Aaron Thorsen', 'https://image.tmdb.org/t/p/original/asdesapLhK2sS2nUhP6GSxFv715.jpg') ON CONFLICT DO NOTHING;
INSERT INTO actors (mediaId, actorId , actorName, characterName, profilePath) VALUES(322, 11023, 'Shawn Ashmore', 'Wesley Evers', 'https://image.tmdb.org/t/p/original/tXA1gFtsp9HWnzlQsaZSoZC8L4r.jpg') ON CONFLICT DO NOTHING;
INSERT INTO actors (mediaId, actorId , actorName, characterName, profilePath) VALUES(322, 20381, 'Jenna Dewan', 'Bailey Nune', 'https://image.tmdb.org/t/p/original/ugOR6KEjOxkYliP6gL1ShcXOO07.jpg') ON CONFLICT DO NOTHING;
INSERT INTO providers (mediaId, providerId, providerName, logoPath) VALUES( 322, 2, 'ABC', 'https://image.tmdb.org/t/p/original/2uy2ZWcplrSObIyt4x0Y9rkG6qO.png') ON CONFLICT DO NOTHING;
INSERT INTO media (mediaId, type, name, originalLanguage, adult, releaseDate, overview, backdropPath, posterPath, trailerLink, tmdbRating,  status) VALUES(323, true, 'Destined with You', 'ko', False, '2023-08-23',  'A lawyer bound by a centuries-old curse becomes entangled with a civil servant who holds the key to his freedom — igniting an unexpected romance.', 'https://image.tmdb.org/t/p/original/zYo1Mz6Wy4rS0LoypqoMAezyFTB.jpg', 'https://image.tmdb.org/t/p/original/fMiLKTIFB7YCBQSYoTJ7NCrPcD6.jpg', 'https://www.youtube.com/watch?v=BXTDH1Ropfo', 8.3, 'Ended') ON CONFLICT DO NOTHING;
INSERT INTO tv (mediaid , lastAirDate, nextEpisodeToAir, numberOfEpisodes, numberOfSeasons) VALUES( 323, '2023-10-12', NULL , 16, 1) ON CONFLICT DO NOTHING;
INSERT INTO genres (mediaId, genre) VALUES(323, 'Drama') ON CONFLICT DO NOTHING;
INSERT INTO genres (mediaId, genre) VALUES(323, 'Sci-Fi & Fantasy') ON CONFLICT DO NOTHING;
INSERT INTO genres (mediaId, genre) VALUES(323, 'Comedy') ON CONFLICT DO NOTHING;
INSERT INTO creators(mediaId, creatorId, creatorName) VALUES(323, 2029691, 'Nam Ki-hoon') ON CONFLICT DO NOTHING;
INSERT INTO creators(mediaId, creatorId, creatorName) VALUES(323, 2180634, 'Noh Ji-sul') ON CONFLICT DO NOTHING;
INSERT INTO actors (mediaId, actorId , actorName, characterName, profilePath) VALUES(323, 1613836, 'Rowoon', 'Jang Sin-yu', 'https://image.tmdb.org/t/p/original/sOTYcl8SGmtxpWq0EQKJhX8dztr.jpg') ON CONFLICT DO NOTHING;
INSERT INTO actors (mediaId, actorId , actorName, characterName, profilePath) VALUES(323, 1256349, 'Jo Bo-ah', 'Lee Hong-jo', 'https://image.tmdb.org/t/p/original/1torx99sDl20pTzMI9XHaPuVP96.jpg') ON CONFLICT DO NOTHING;
INSERT INTO actors (mediaId, actorId , actorName, characterName, profilePath) VALUES(323, 1953453, 'Ha Jun', 'Kwon Jae-kyung', 'https://image.tmdb.org/t/p/original/1UbY5XFDdNQk7tQliOfSxdtCJmf.jpg') ON CONFLICT DO NOTHING;
INSERT INTO actors (mediaId, actorId , actorName, characterName, profilePath) VALUES(323, 1547200, 'Yura', 'Yoon Na-yeon', 'https://image.tmdb.org/t/p/original/cVA40E5Pus66fLzq2mWLJDNNtNh.jpg') ON CONFLICT DO NOTHING;
INSERT INTO actors (mediaId, actorId , actorName, characterName, profilePath) VALUES(323, 1352803, 'Lee Pil-mo', 'Jang Se-heon', 'https://image.tmdb.org/t/p/original/sVnDH47xdLtTs3dyHkZu6LzWkGn.jpg') ON CONFLICT DO NOTHING;
INSERT INTO actors (mediaId, actorId , actorName, characterName, profilePath) VALUES(323, 2133921, 'Lee Bong-ryeon', 'Ma Eun-young', 'https://image.tmdb.org/t/p/original/AkpzrUGpT0JvRY9Zk6qceKm937l.jpg') ON CONFLICT DO NOTHING;
INSERT INTO actors (mediaId, actorId , actorName, characterName, profilePath) VALUES(323, 2273915, 'Hyun Bong-sik', 'Gong Seo-gu', 'https://image.tmdb.org/t/p/original/6NS02ljZ2ssoFyxEM0Jp2SpWYC5.jpg') ON CONFLICT DO NOTHING;
INSERT INTO actors (mediaId, actorId , actorName, characterName, profilePath) VALUES(323, 1654631, 'Song Young-gyu', 'Yoon Hak-young', 'https://image.tmdb.org/t/p/original/cLoLrM1RtrqZdpqOWaxaTkc01Yr.jpg') ON CONFLICT DO NOTHING;
INSERT INTO actors (mediaId, actorId , actorName, characterName, profilePath) VALUES(323, 1859758, 'Park Kyung-hye', 'Son Sae-byeol', 'https://image.tmdb.org/t/p/original/cLyqYwsA3z0O3RcZJwqmgExcVCT.jpg') ON CONFLICT DO NOTHING;
INSERT INTO actors (mediaId, actorId , actorName, characterName, profilePath) VALUES(323, 1350149, 'Lee Tae-ri', 'Kim Wook', 'https://image.tmdb.org/t/p/original/fmAWXeOk5zDXSf56Ud3zjTRHqNR.jpg') ON CONFLICT DO NOTHING;
INSERT INTO providers (mediaId, providerId, providerName, logoPath) VALUES( 323, 885, 'JTBC', 'https://image.tmdb.org/t/p/original/44I4aVlasm8Blb8WPGXTkMYuZJF.png') ON CONFLICT DO NOTHING;
INSERT INTO media (mediaId, type, name, originalLanguage, adult, releaseDate, overview, backdropPath, posterPath, trailerLink, tmdbRating,  status) VALUES(324, true, 'Neighbours', 'en', False, '1985-03-18',  'Neighbours is an Australian television soap opera.  The show''s storylines concern the domestic and professional lives of the people who live and work in Erinsborough, a fictional suburb of Melbourne, Victoria. The series primarily centres around the residents of Ramsay Street, a short cul-de-sac, and its neighbouring areas, the Lassiters complex, which includes a bar, hotel, cafe, news office and park. Neighbours began with three families created by Watson – the Ramsays, the Robinsons and the Clarkes. Watson said that he wanted to show three families who are friends living in a small street. The Robinsons and the Ramsays had a long history and were involved in an ongoing rivalry.', 'https://image.tmdb.org/t/p/original/5khu4KsMY7glFIeKY3jFnI3x6PX.jpg', 'https://image.tmdb.org/t/p/original/bXY78bQsKCIiD17Sr6yO4wLIXqS.jpg', 'None', 6.7, 'Returning Series') ON CONFLICT DO NOTHING;
INSERT INTO tv (mediaid , lastAirDate, nextEpisodeToAir, numberOfEpisodes, numberOfSeasons) VALUES( 324, '2023-10-17', '2023-10-18' , 8929, 39) ON CONFLICT DO NOTHING;
INSERT INTO genres (mediaId, genre) VALUES(324, 'Soap') ON CONFLICT DO NOTHING;
INSERT INTO creators(mediaId, creatorId, creatorName) VALUES(324, 1225093, 'Reg Watson') ON CONFLICT DO NOTHING;
INSERT INTO actors (mediaId, actorId , actorName, characterName, profilePath) VALUES(324, 131535, 'Stefan Dennis', 'Paul Robinson', 'https://image.tmdb.org/t/p/original/evhZtRzsz4uptNZrVnG7S0NhbK9.jpg') ON CONFLICT DO NOTHING;
INSERT INTO actors (mediaId, actorId , actorName, characterName, profilePath) VALUES(324, 1230274, 'Ian Smith', 'Harold Bishop', 'https://image.tmdb.org/t/p/original/8rBd8tDFtQp8IKCja3q13PC14Yl.jpg') ON CONFLICT DO NOTHING;
INSERT INTO actors (mediaId, actorId , actorName, characterName, profilePath) VALUES(324, 1225088, 'Jackie Woodburne', 'Susan Kennedy', 'https://image.tmdb.org/t/p/original/sXwN6Wc3ieNijeV8A0KYwu7hPAS.jpg') ON CONFLICT DO NOTHING;
INSERT INTO actors (mediaId, actorId , actorName, characterName, profilePath) VALUES(324, 1233048, 'Annie Jones', 'Jane Harris', 'https://image.tmdb.org/t/p/original/iwP1D1VLag7Z0H9p2Yy8KvIabcg.jpg') ON CONFLICT DO NOTHING;
INSERT INTO actors (mediaId, actorId , actorName, characterName, profilePath) VALUES(324, 529, 'Guy Pearce', 'Mike Young', 'https://image.tmdb.org/t/p/original/vTqk6Nh3WgqPubkS23eOlMAwmwa.jpg') ON CONFLICT DO NOTHING;
INSERT INTO actors (mediaId, actorId , actorName, characterName, profilePath) VALUES(324, 1428396, 'Sara West', 'Cara', 'https://image.tmdb.org/t/p/original/vnhiPCLJTLfyk0auOm3WOww7zRJ.jpg') ON CONFLICT DO NOTHING;
INSERT INTO actors (mediaId, actorId , actorName, characterName, profilePath) VALUES(324, 2532119, 'Naomi Rukavina', 'Dr Remi', 'https://image.tmdb.org/t/p/original/x7uck5TSF1osIomwBdn6jzzmJu.jpg') ON CONFLICT DO NOTHING;
INSERT INTO actors (mediaId, actorId , actorName, characterName, profilePath) VALUES(324, 3357162, 'Marley Williams', 'Dex', 'https://image.tmdb.org/t/p/original/syAbX292ei2rfWhlVRbWsPrvNnq.jpg') ON CONFLICT DO NOTHING;
INSERT INTO actors (mediaId, actorId , actorName, characterName, profilePath) VALUES(324, 4194337, 'Riley Bryant', 'JJ', 'https://image.tmdb.org/t/p/original/4JqaWRi5yhnaEqGKAYd1jxKdLpt.jpg') ON CONFLICT DO NOTHING;
INSERT INTO actors (mediaId, actorId , actorName, characterName, profilePath) VALUES(324, 80279, 'Alan Fletcher', 'Dr Karl Kennedy', 'https://image.tmdb.org/t/p/original/kf9FBxFKFBsrDT9DZL5YHaDCb8s.jpg') ON CONFLICT DO NOTHING;
INSERT INTO providers (mediaId, providerId, providerName, logoPath) VALUES( 324, 38, 'Network Ten', 'https://image.tmdb.org/t/p/original/gHAm9zYjSX8IAJWuy2s4Du6onuo.png') ON CONFLICT DO NOTHING;
INSERT INTO providers (mediaId, providerId, providerName, logoPath) VALUES( 324, 118, 'Seven Network', 'https://image.tmdb.org/t/p/original/83L2wF8tM76nUQHzOBOBAGlPQVP.png') ON CONFLICT DO NOTHING;
INSERT INTO providers (mediaId, providerId, providerName, logoPath) VALUES( 324, 288, 'Eleven', 'https://image.tmdb.org/t/p/original/aWWP8dpuGhK3W6NduSkGlo3JbPn.png') ON CONFLICT DO NOTHING;
INSERT INTO providers (mediaId, providerId, providerName, logoPath) VALUES( 324, 6355, '10 Peach', 'https://image.tmdb.org/t/p/original/oIn9ri2KU1H2F7azdbXRApeHDaG.png') ON CONFLICT DO NOTHING;
INSERT INTO media (mediaId, type, name, originalLanguage, adult, releaseDate, overview, backdropPath, posterPath, trailerLink, tmdbRating,  status) VALUES(325, true, 'Fear the Walking Dead', 'en', False, '2015-08-23',  'What did the world look like as it was transforming into the horrifying apocalypse depicted in "The Walking Dead"? This spin-off set in Los Angeles, following new characters as they face the beginning of the end of the world, will answer that question.', 'https://image.tmdb.org/t/p/original/kw206oLJuaQefF8vm1TJQ2tR7eV.jpg', 'https://image.tmdb.org/t/p/original/l7N9aS6VyYvjelKoCB2eZge0Qky.jpg', 'https://www.youtube.com/watch?v=WDxew5SguVw', 7.7, 'Returning Series') ON CONFLICT DO NOTHING;
INSERT INTO tv (mediaid , lastAirDate, nextEpisodeToAir, numberOfEpisodes, numberOfSeasons) VALUES( 325, '2023-06-18', '2023-10-22' , 113, 8) ON CONFLICT DO NOTHING;
INSERT INTO genres (mediaId, genre) VALUES(325, 'Action & Adventure') ON CONFLICT DO NOTHING;
INSERT INTO genres (mediaId, genre) VALUES(325, 'Drama') ON CONFLICT DO NOTHING;
INSERT INTO creators(mediaId, creatorId, creatorName) VALUES(325, 63554, 'Dave Erickson') ON CONFLICT DO NOTHING;
INSERT INTO creators(mediaId, creatorId, creatorName) VALUES(325, 1223867, 'Robert Kirkman') ON CONFLICT DO NOTHING;
INSERT INTO actors (mediaId, actorId , actorName, characterName, profilePath) VALUES(325, 21165, 'Kim Dickens', 'Madison Clark', 'https://image.tmdb.org/t/p/original/bYIQGHeSIt4G2tLrLt61FJ2CD7h.jpg') ON CONFLICT DO NOTHING;
INSERT INTO actors (mediaId, actorId , actorName, characterName, profilePath) VALUES(325, 1120, 'Lennie James', 'Morgan Jones', 'https://image.tmdb.org/t/p/original/hfZrdEkBHxYYbMoGHAaVomlgMi.jpg') ON CONFLICT DO NOTHING;
INSERT INTO actors (mediaId, actorId , actorName, characterName, profilePath) VALUES(325, 2049, 'Rubén Blades', 'Daniel Salazar', 'https://image.tmdb.org/t/p/original/kOgVo3qDJ9jXgIZJRJI3I1bm6sA.jpg') ON CONFLICT DO NOTHING;
INSERT INTO actors (mediaId, actorId , actorName, characterName, profilePath) VALUES(325, 91671, 'Colman Domingo', 'Victor Strand', 'https://image.tmdb.org/t/p/original/2tu6T9ugnf82qIMGVKWSb0dvvq5.jpg') ON CONFLICT DO NOTHING;
INSERT INTO actors (mediaId, actorId , actorName, characterName, profilePath) VALUES(325, 1225996, 'Danay García', 'Luciana Galvez', 'https://image.tmdb.org/t/p/original/iS4vwXHoPhOdwUQS7J9kplitvlh.jpg') ON CONFLICT DO NOTHING;
INSERT INTO actors (mediaId, actorId , actorName, characterName, profilePath) VALUES(325, 1552436, 'Austin Amelio', 'Dwight', 'https://image.tmdb.org/t/p/original/y4QTXuSSmD99n8dinMiTRBkUnAp.jpg') ON CONFLICT DO NOTHING;
INSERT INTO actors (mediaId, actorId , actorName, characterName, profilePath) VALUES(325, 79124, 'Karen David', 'Grace Mukherjee', 'https://image.tmdb.org/t/p/original/mVEkM2LFiB2cmMHDYFFTE7wkHtY.jpg') ON CONFLICT DO NOTHING;
INSERT INTO actors (mediaId, actorId , actorName, characterName, profilePath) VALUES(325, 208160, 'Christine Evangelista', 'Sherry', 'https://image.tmdb.org/t/p/original/9k52zlDn28wmAcCbXwnr5L5A5JF.jpg') ON CONFLICT DO NOTHING;
INSERT INTO actors (mediaId, actorId , actorName, characterName, profilePath) VALUES(325, 40279, 'Jenna Elfman', 'June', 'https://image.tmdb.org/t/p/original/AsXlf2XtVF3tyx0GrUPRq72NLIa.jpg') ON CONFLICT DO NOTHING;
INSERT INTO providers (mediaId, providerId, providerName, logoPath) VALUES( 325, 174, 'AMC', 'https://image.tmdb.org/t/p/original/alqLicR1ZMHMaZGP3xRQxn9sq7p.png') ON CONFLICT DO NOTHING;
INSERT INTO media (mediaId, type, name, originalLanguage, adult, releaseDate, overview, backdropPath, posterPath, trailerLink, tmdbRating,  status) VALUES(326, true, 'Bleach', 'ja', False, '2004-10-05',  'For as long as he can remember, Ichigo Kurosaki has been able to see ghosts. But when he meets Rukia, a Soul Reaper who battles evil spirits known as Hollows, he finds his life is changed forever. Now, with a newfound wealth of spiritual energy, Ichigo discovers his true calling: to protect the living and the dead from evil.', 'https://image.tmdb.org/t/p/original/qtfMr08KQsWXnCHY0a96N8NpQ2l.jpg', 'https://image.tmdb.org/t/p/original/2EewmxXe72ogD0EaWM8gqa0ccIw.jpg', 'https://www.youtube.com/watch?v=0c4IoCA5fY0', 8.4, 'Returning Series') ON CONFLICT DO NOTHING;
INSERT INTO tv (mediaid , lastAirDate, nextEpisodeToAir, numberOfEpisodes, numberOfSeasons) VALUES( 326, '2023-09-30', NULL , 392, 2) ON CONFLICT DO NOTHING;
INSERT INTO genres (mediaId, genre) VALUES(326, 'Action & Adventure') ON CONFLICT DO NOTHING;
INSERT INTO genres (mediaId, genre) VALUES(326, 'Animation') ON CONFLICT DO NOTHING;
INSERT INTO genres (mediaId, genre) VALUES(326, 'Sci-Fi & Fantasy') ON CONFLICT DO NOTHING;
INSERT INTO actors (mediaId, actorId , actorName, characterName, profilePath) VALUES(326, 78402, 'Masakazu Morita', 'Ichigo Kurosaki (voice)', 'https://image.tmdb.org/t/p/original/2INsHYbx9gEhhzXPHdqBDdvHjFt.jpg') ON CONFLICT DO NOTHING;
INSERT INTO actors (mediaId, actorId , actorName, characterName, profilePath) VALUES(326, 23988, 'Fumiko Orikasa', 'Rukia Kuchiki (voice)', 'https://image.tmdb.org/t/p/original/e7yC3GzPli4uHO1flPUozlXXIue.jpg') ON CONFLICT DO NOTHING;
INSERT INTO actors (mediaId, actorId , actorName, characterName, profilePath) VALUES(326, 216448, 'Hiroki Yasumoto', 'Yasutora Sado (voice)', 'https://image.tmdb.org/t/p/original/vNIGLl0wFmdhdnulMssQ1qyNeBs.jpg') ON CONFLICT DO NOTHING;
INSERT INTO actors (mediaId, actorId , actorName, characterName, profilePath) VALUES(326, 70099, 'Yuki Matsuoka', 'Orihime Inoue (voice)', 'https://image.tmdb.org/t/p/original/e8rNkMM9O7ULA1RJtLbvkN9789v.jpg') ON CONFLICT DO NOTHING;
INSERT INTO actors (mediaId, actorId , actorName, characterName, profilePath) VALUES(326, 82056, 'Noriaki Sugiyama', 'Uryu Ishida (voice)', 'https://image.tmdb.org/t/p/original/szqqQ8T0gzuSxjU2rnWcthsaSJT.jpg') ON CONFLICT DO NOTHING;
INSERT INTO providers (mediaId, providerId, providerName, logoPath) VALUES( 326, 98, 'TV Tokyo', 'https://image.tmdb.org/t/p/original/1oTje9uOhRcuLSAc8ERn0cnG51i.png') ON CONFLICT DO NOTHING;
INSERT INTO providers (mediaId, providerId, providerName, logoPath) VALUES( 326, 3471, 'BS TV Tokyo', 'https://image.tmdb.org/t/p/original/lUEv1JU8b5UcZJ1XoJkAq8o6UVd.png') ON CONFLICT DO NOTHING;
INSERT INTO media (mediaId, type, name, originalLanguage, adult, releaseDate, overview, backdropPath, posterPath, trailerLink, tmdbRating,  status) VALUES(327, true, 'The Kingdoms of Ruin', 'ja', False, '2023-10-07',  'Witches were once respected for the wisdom and magic they gifted to humans. But with the rise of the Gear Expansion era, the new science community deemed them as enemies who hindered the progress of society. Thus began the slaughter of all witches, including one who had mentored a human boy named Adonis. After witnessing her death, Adonis vows to bring bloodshed and terror to the human race.', 'https://image.tmdb.org/t/p/original/kcCVMHdKj3mujbBJ0RdqZ32av65.jpg', 'https://image.tmdb.org/t/p/original/uHSFGSZFR1VH3nG5x48gImWePeL.jpg', 'https://www.youtube.com/watch?v=INM9nR2yVXA', 8.8, 'Returning Series') ON CONFLICT DO NOTHING;
INSERT INTO tv (mediaid , lastAirDate, nextEpisodeToAir, numberOfEpisodes, numberOfSeasons) VALUES( 327, '2023-10-14', '2023-10-21' , 12, 1) ON CONFLICT DO NOTHING;
INSERT INTO genres (mediaId, genre) VALUES(327, 'Animation') ON CONFLICT DO NOTHING;
INSERT INTO genres (mediaId, genre) VALUES(327, 'Action & Adventure') ON CONFLICT DO NOTHING;
INSERT INTO genres (mediaId, genre) VALUES(327, 'Sci-Fi & Fantasy') ON CONFLICT DO NOTHING;
INSERT INTO actors (mediaId, actorId , actorName, characterName, profilePath) VALUES(327, 1324666, 'Kaito Ishikawa', 'Adonis (voice)', 'https://image.tmdb.org/t/p/original/fzjIkotjUHHs3wgftM9tqdsG8ph.jpg') ON CONFLICT DO NOTHING;
INSERT INTO actors (mediaId, actorId , actorName, characterName, profilePath) VALUES(327, 1647634, 'Azumi Waki', 'Doroka (voice)', 'https://image.tmdb.org/t/p/original/nxm4DLWv0BOcK2owvAz5yafSAXj.jpg') ON CONFLICT DO NOTHING;
INSERT INTO actors (mediaId, actorId , actorName, characterName, profilePath) VALUES(327, 230472, 'Ryoko Shiraishi', 'Chloe (voice)', 'https://image.tmdb.org/t/p/original/9HiasuMo5zn0nOGLcFJGQ5VvjWy.jpg') ON CONFLICT DO NOTHING;
INSERT INTO actors (mediaId, actorId , actorName, characterName, profilePath) VALUES(327, 4235646, 'Satoshi Hino', 'Yamato (voice)', 'None') ON CONFLICT DO NOTHING;
INSERT INTO actors (mediaId, actorId , actorName, characterName, profilePath) VALUES(327, 4235654, 'Hikaru Tohno', 'Yuki (voice)', 'None') ON CONFLICT DO NOTHING;
INSERT INTO actors (mediaId, actorId , actorName, characterName, profilePath) VALUES(327, 553959, 'Kisho Taniyama', 'Shiro Usagi (voice)', 'https://image.tmdb.org/t/p/original/9lOnUF6C6xEhZ0FQmYNzNZhcUpd.jpg') ON CONFLICT DO NOTHING;
INSERT INTO providers (mediaId, providerId, providerName, logoPath) VALUES( 327, 94, 'MBS', 'https://image.tmdb.org/t/p/original/7RNXnyiMbjgqtPAjja13wchcrGI.png') ON CONFLICT DO NOTHING;
INSERT INTO providers (mediaId, providerId, providerName, logoPath) VALUES( 327, 160, 'TBS', 'https://image.tmdb.org/t/p/original/lUACMATs6jcscXIrzNCQzbvNVN5.png') ON CONFLICT DO NOTHING;
INSERT INTO media (mediaId, type, name, originalLanguage, adult, releaseDate, overview, backdropPath, posterPath, trailerLink, tmdbRating,  status) VALUES(328, true, 'Arrow', 'en', False, '2012-10-10',  'Spoiled billionaire playboy Oliver Queen is missing and presumed dead when his yacht is lost at sea. He returns five years later a changed man, determined to clean up the city as a hooded vigilante armed with a bow.', 'https://image.tmdb.org/t/p/original/vNnLAKmoczRlNarxyGrrw0KSOeX.jpg', 'https://image.tmdb.org/t/p/original/gKG5QGz5Ngf8fgWpBsWtlg5L2SF.jpg', 'https://www.youtube.com/watch?v=hTv13EjlLNg', 6.8, 'Ended') ON CONFLICT DO NOTHING;
INSERT INTO tv (mediaid , lastAirDate, nextEpisodeToAir, numberOfEpisodes, numberOfSeasons) VALUES( 328, '2020-01-28', NULL , 170, 8) ON CONFLICT DO NOTHING;
INSERT INTO genres (mediaId, genre) VALUES(328, 'Crime') ON CONFLICT DO NOTHING;
INSERT INTO genres (mediaId, genre) VALUES(328, 'Drama') ON CONFLICT DO NOTHING;
INSERT INTO genres (mediaId, genre) VALUES(328, 'Mystery') ON CONFLICT DO NOTHING;
INSERT INTO genres (mediaId, genre) VALUES(328, 'Action & Adventure') ON CONFLICT DO NOTHING;
INSERT INTO creators(mediaId, creatorId, creatorName) VALUES(328, 88967, 'Greg Berlanti') ON CONFLICT DO NOTHING;
INSERT INTO creators(mediaId, creatorId, creatorName) VALUES(328, 171830, 'Marc Guggenheim') ON CONFLICT DO NOTHING;
INSERT INTO creators(mediaId, creatorId, creatorName) VALUES(328, 1216615, 'Andrew Kreisberg') ON CONFLICT DO NOTHING;
INSERT INTO actors (mediaId, actorId , actorName, characterName, profilePath) VALUES(328, 76110, 'Stephen Amell', 'Oliver Queen / Green Arrow', 'https://image.tmdb.org/t/p/original/cWbiif8Ett0PEj54sTjG9K70Drm.jpg') ON CONFLICT DO NOTHING;
INSERT INTO actors (mediaId, actorId , actorName, characterName, profilePath) VALUES(328, 116774, 'David Ramsey', 'John Diggle / Spartan', 'https://image.tmdb.org/t/p/original/bZWO7WfBYI8iojTFozzqN2X3RWL.jpg') ON CONFLICT DO NOTHING;
INSERT INTO actors (mediaId, actorId , actorName, characterName, profilePath) VALUES(328, 55775, 'Katie Cassidy', 'Laurel Lance / Black Canary', 'https://image.tmdb.org/t/p/original/v7cs7RFcfoiL8W1YRkZK5lBc57H.jpg') ON CONFLICT DO NOTHING;
INSERT INTO actors (mediaId, actorId , actorName, characterName, profilePath) VALUES(328, 53184, 'Rick Gonzalez', 'Rene Ramirez / Wild Dog', 'https://image.tmdb.org/t/p/original/pVHDPq1a2oCZktgI3VumMRzGBd3.jpg') ON CONFLICT DO NOTHING;
INSERT INTO actors (mediaId, actorId , actorName, characterName, profilePath) VALUES(328, 968006, 'Katherine McNamara', 'Mia Smoak / Blackstar', 'https://image.tmdb.org/t/p/original/cuGVMcnpi6HjobaGADo1xtaDglR.jpg') ON CONFLICT DO NOTHING;
INSERT INTO actors (mediaId, actorId , actorName, characterName, profilePath) VALUES(328, 576474, 'Juliana Harkavy', 'Dinah Drake / Black Canary', 'https://image.tmdb.org/t/p/original/mO8gTYhjrVO2N2dtjwWt1PEYjoo.jpg') ON CONFLICT DO NOTHING;
INSERT INTO actors (mediaId, actorId , actorName, characterName, profilePath) VALUES(328, 1581190, 'Joseph David-Jones', 'Connor Hawke', 'https://image.tmdb.org/t/p/original/qwX7ciIV8jwssmIqHv1eyzzqEvh.jpg') ON CONFLICT DO NOTHING;
INSERT INTO actors (mediaId, actorId , actorName, characterName, profilePath) VALUES(328, 33702, 'Ben Lewis', 'Adult William Clayton', 'https://image.tmdb.org/t/p/original/BRpbnTNVO5ZA2dyIaQXPXFAARg.jpg') ON CONFLICT DO NOTHING;
INSERT INTO providers (mediaId, providerId, providerName, logoPath) VALUES( 328, 71, 'The CW', 'https://image.tmdb.org/t/p/original/ge9hzeaU7nMtQ4PjkFlc68dGAJ9.png') ON CONFLICT DO NOTHING;
INSERT INTO media (mediaId, type, name, originalLanguage, adult, releaseDate, overview, backdropPath, posterPath, trailerLink, tmdbRating,  status) VALUES(329, true, 'Overflow', 'ja', False, '2020-01-06',  'Male college student Kazushi Sudou and his childhood friends, the Shirakawa sisters, end up bathing together.', 'https://image.tmdb.org/t/p/original/bzlZwirOq5SDC0bCWAXGBx4XDg9.jpg', 'https://image.tmdb.org/t/p/original/8RtwL5gxUvh9YViqjhNlVRvJpum.jpg', 'None', 7.5, 'Ended') ON CONFLICT DO NOTHING;
INSERT INTO tv (mediaid , lastAirDate, nextEpisodeToAir, numberOfEpisodes, numberOfSeasons) VALUES( 329, '2020-02-24', NULL , 8, 1) ON CONFLICT DO NOTHING;
INSERT INTO genres (mediaId, genre) VALUES(329, 'Animation') ON CONFLICT DO NOTHING;
INSERT INTO genres (mediaId, genre) VALUES(329, 'Comedy') ON CONFLICT DO NOTHING;
INSERT INTO actors (mediaId, actorId , actorName, characterName, profilePath) VALUES(329, 2468983, 'Mitsu Anzu', 'Kotone Shirakawa (voice)', 'https://image.tmdb.org/t/p/original/2zFJ4jNjsqGpIxdg3Y38JcNLBss.jpg') ON CONFLICT DO NOTHING;
INSERT INTO actors (mediaId, actorId , actorName, characterName, profilePath) VALUES(329, 1681375, 'Tomoe Tamiyasu', 'Ayane Shirakawa (voice)', 'https://image.tmdb.org/t/p/original/4lkieQjPiDnzNCPxLpOVz7OdVSX.jpg') ON CONFLICT DO NOTHING;
INSERT INTO actors (mediaId, actorId , actorName, characterName, profilePath) VALUES(329, 2995046, 'Sada Naohiro', 'Kazushi Sudou (voice)', 'https://image.tmdb.org/t/p/original/hWGD8d1llQFJbjyWOVL44FNyliy.jpg') ON CONFLICT DO NOTHING;
INSERT INTO providers (mediaId, providerId, providerName, logoPath) VALUES( 329, 614, 'Tokyo MX', 'https://image.tmdb.org/t/p/original/hSdroyVthq3CynxTIIY7lnS8w1.png') ON CONFLICT DO NOTHING;
INSERT INTO media (mediaId, type, name, originalLanguage, adult, releaseDate, overview, backdropPath, posterPath, trailerLink, tmdbRating,  status) VALUES(330, true, '9-1-1', 'en', False, '2018-01-03',  'Explore the high-pressure experiences of police officers, paramedics and firefighters who are thrust into the most frightening, shocking and heart-stopping situations. These emergency responders must try to balance saving those who are at their most vulnerable with solving the problems in their own lives.', 'https://image.tmdb.org/t/p/original/w6H16UchlNJ4Okiu1Qasa0btOAk.jpg', 'https://image.tmdb.org/t/p/original/89ZV0IBrNa1EFmivRN6jl0sti1n.jpg', 'https://www.youtube.com/watch?v=_8MHJfUMqPA', 8.2, 'Returning Series') ON CONFLICT DO NOTHING;
INSERT INTO tv (mediaid , lastAirDate, nextEpisodeToAir, numberOfEpisodes, numberOfSeasons) VALUES( 330, '2023-05-15', NULL , 96, 6) ON CONFLICT DO NOTHING;
INSERT INTO genres (mediaId, genre) VALUES(330, 'Drama') ON CONFLICT DO NOTHING;
INSERT INTO genres (mediaId, genre) VALUES(330, 'Crime') ON CONFLICT DO NOTHING;
INSERT INTO genres (mediaId, genre) VALUES(330, 'Action & Adventure') ON CONFLICT DO NOTHING;
INSERT INTO creators(mediaId, creatorId, creatorName) VALUES(330, 52779, 'Ryan Murphy') ON CONFLICT DO NOTHING;
INSERT INTO creators(mediaId, creatorId, creatorName) VALUES(330, 1224030, 'Brad Falchuk') ON CONFLICT DO NOTHING;
INSERT INTO actors (mediaId, actorId , actorName, characterName, profilePath) VALUES(330, 9780, 'Angela Bassett', 'Athena Grant', 'https://image.tmdb.org/t/p/original/oe6mXi0K68LWsGwGy6gwfnOu74z.jpg') ON CONFLICT DO NOTHING;
INSERT INTO actors (mediaId, actorId , actorName, characterName, profilePath) VALUES(330, 23119, 'Peter Krause', 'Robert “Bobby” Nash', 'https://image.tmdb.org/t/p/original/4p42emuJrU8fFxbBuOhYFFdzmN6.jpg') ON CONFLICT DO NOTHING;
INSERT INTO actors (mediaId, actorId , actorName, characterName, profilePath) VALUES(330, 33259, 'Jennifer Love Hewitt', 'Maddie Buckley', 'https://image.tmdb.org/t/p/original/gEDepjLEFGokSaexd1FzmtH1hlq.jpg') ON CONFLICT DO NOTHING;
INSERT INTO actors (mediaId, actorId , actorName, characterName, profilePath) VALUES(330, 1283871, 'Oliver Stark', 'Evan “Buck” Buckley', 'https://image.tmdb.org/t/p/original/5XrJkxXtqoy1fnur95MTDPY8K3p.jpg') ON CONFLICT DO NOTHING;
INSERT INTO actors (mediaId, actorId , actorName, characterName, profilePath) VALUES(330, 1192492, 'Aisha Hinds', 'Henrietta “Hen” Wilson', 'https://image.tmdb.org/t/p/original/zk59cqqDmJMFjnjYSC2xOqwp91r.jpg') ON CONFLICT DO NOTHING;
INSERT INTO actors (mediaId, actorId , actorName, characterName, profilePath) VALUES(330, 41561, 'Kenneth Choi', 'Howard “Chimney” Han', 'https://image.tmdb.org/t/p/original/ycHOQV42jsYXoWMaobKTzGXy9g4.jpg') ON CONFLICT DO NOTHING;
INSERT INTO actors (mediaId, actorId , actorName, characterName, profilePath) VALUES(330, 932091, 'Ryan Guzman', 'Edmundo “Eddie” Diaz', 'https://image.tmdb.org/t/p/original/87saYOHLNaijt4P1nsZYDBt0kOD.jpg') ON CONFLICT DO NOTHING;
INSERT INTO actors (mediaId, actorId , actorName, characterName, profilePath) VALUES(330, 1483334, 'Corinne Massiah', 'May Grant', 'https://image.tmdb.org/t/p/original/yDBd0WK5mpbPQvGSl8ElAGCrh47.jpg') ON CONFLICT DO NOTHING;
INSERT INTO actors (mediaId, actorId , actorName, characterName, profilePath) VALUES(330, 2405583, 'Gavin McHugh', 'Christopher “Chris” Diaz', 'https://image.tmdb.org/t/p/original/dOM9GuMmhjze9WZDiBnSx6Zh74U.jpg') ON CONFLICT DO NOTHING;
INSERT INTO providers (mediaId, providerId, providerName, logoPath) VALUES( 330, 19, 'FOX', 'https://image.tmdb.org/t/p/original/1DSpHrWyOORkL9N2QHX7Adt31mQ.png') ON CONFLICT DO NOTHING;
INSERT INTO media (mediaId, type, name, originalLanguage, adult, releaseDate, overview, backdropPath, posterPath, trailerLink, tmdbRating,  status) VALUES(331, true, 'Nothing', 'es', False, '2023-10-11',  'An iconic bon vivant, who barely has enough resources to maintain his affluent lifestyle, hires a young woman from Paraguay to replace the recently deceased maid who took care of him for more than 40 years.', 'https://image.tmdb.org/t/p/original/p3iKi7aaD2bbpftrZpSshGEvajr.jpg', 'https://image.tmdb.org/t/p/original/bUxZlbn2AUtspEYLVaRPNJYEcDI.jpg', 'https://www.youtube.com/watch?v=hZrLgihGz3Q', 6.7, 'Returning Series') ON CONFLICT DO NOTHING;
INSERT INTO tv (mediaid , lastAirDate, nextEpisodeToAir, numberOfEpisodes, numberOfSeasons) VALUES( 331, '2023-10-11', NULL , 5, 1) ON CONFLICT DO NOTHING;
INSERT INTO genres (mediaId, genre) VALUES(331, 'Comedy') ON CONFLICT DO NOTHING;
INSERT INTO genres (mediaId, genre) VALUES(331, 'Drama') ON CONFLICT DO NOTHING;
INSERT INTO creators(mediaId, creatorId, creatorName) VALUES(331, 584191, 'Gastón Duprat') ON CONFLICT DO NOTHING;
INSERT INTO creators(mediaId, creatorId, creatorName) VALUES(331, 584193, 'Mariano Cohn') ON CONFLICT DO NOTHING;
INSERT INTO actors (mediaId, actorId , actorName, characterName, profilePath) VALUES(331, 380, 'Robert De Niro', 'Vincent', 'https://image.tmdb.org/t/p/original/cT8htcckIuyI1Lqwt1CvD02ynTh.jpg') ON CONFLICT DO NOTHING;
INSERT INTO actors (mediaId, actorId , actorName, characterName, profilePath) VALUES(331, 74896, 'Luis Brandoni', 'Manuel', 'https://image.tmdb.org/t/p/original/r20lS8Kxagg8d1LomPzpmCYTNDy.jpg') ON CONFLICT DO NOTHING;
INSERT INTO actors (mediaId, actorId , actorName, characterName, profilePath) VALUES(331, 933618, 'Silvia Kutika', 'Grace', 'https://image.tmdb.org/t/p/original/2HJbFgOyftUUnOhbs0XVUsWEYba.jpg') ON CONFLICT DO NOTHING;
INSERT INTO actors (mediaId, actorId , actorName, characterName, profilePath) VALUES(331, 56247, 'Enrique Piñeyro', 'Ignacio', 'https://image.tmdb.org/t/p/original/eSYqFxQjDamnT8HcMCcBf7BXNHR.jpg') ON CONFLICT DO NOTHING;
INSERT INTO actors (mediaId, actorId , actorName, characterName, profilePath) VALUES(331, 1506341, 'Gastón Cocchiarale', 'Luciano', 'https://image.tmdb.org/t/p/original/4YMV9Cc6l7EBPemWgRAmQVgp10d.jpg') ON CONFLICT DO NOTHING;
INSERT INTO actors (mediaId, actorId , actorName, characterName, profilePath) VALUES(331, 1321264, 'María Rosa Fugazot', 'Celsa', 'https://image.tmdb.org/t/p/original/dT63SDQEC3rs3ORRNl875nDFJkn.jpg') ON CONFLICT DO NOTHING;
INSERT INTO actors (mediaId, actorId , actorName, characterName, profilePath) VALUES(331, 1181214, 'Belén Chavanne', 'Paloma', 'https://image.tmdb.org/t/p/original/6HLEuXABpPYGVdgfrptIb5y4FAF.jpg') ON CONFLICT DO NOTHING;
INSERT INTO actors (mediaId, actorId , actorName, characterName, profilePath) VALUES(331, 1698066, 'Ariadna Asturzzi', 'Marina', 'https://image.tmdb.org/t/p/original/bl4Yz7BKlaXEonM30no7ftDrrVt.jpg') ON CONFLICT DO NOTHING;
INSERT INTO actors (mediaId, actorId , actorName, characterName, profilePath) VALUES(331, 93650, 'Guillermo Francella', 'Barsamián', 'https://image.tmdb.org/t/p/original/tqHvc1MaEzZHp52EeOagmBzaTn8.jpg') ON CONFLICT DO NOTHING;
INSERT INTO providers (mediaId, providerId, providerName, logoPath) VALUES( 331, 4697, 'STAR+', 'https://image.tmdb.org/t/p/original/s8kZw4nGzlGPiL8qghKWQhGIjq4.png') ON CONFLICT DO NOTHING;
INSERT INTO media (mediaId, type, name, originalLanguage, adult, releaseDate, overview, backdropPath, posterPath, trailerLink, tmdbRating,  status) VALUES(332, true, 'Miraculous: Tales of Ladybug & Cat Noir', 'fr', False, '2015-10-19',  'Normal high school kids by day, protectors of Paris by night! Miraculous follows the heroic adventures of Marinette and Adrien as they transform into Ladybug and Cat Noir and set out to capture akumas, creatures responsible for turning the people of Paris into villains. But neither hero knows the other’s true identity – or that they’re classmates!', 'https://image.tmdb.org/t/p/original/ogMd4e3A0uSNwZADzgC23zCByoi.jpg', 'https://image.tmdb.org/t/p/original/psDcRgUX38cIeGeADwLRPyO7SYC.jpg', 'https://www.youtube.com/watch?v=04mqq9T6y_c', 8, 'Returning Series') ON CONFLICT DO NOTHING;
INSERT INTO tv (mediaid , lastAirDate, nextEpisodeToAir, numberOfEpisodes, numberOfSeasons) VALUES( 332, '2023-05-14', '2023-10-23' , 129, 6) ON CONFLICT DO NOTHING;
INSERT INTO genres (mediaId, genre) VALUES(332, 'Action & Adventure') ON CONFLICT DO NOTHING;
INSERT INTO genres (mediaId, genre) VALUES(332, 'Animation') ON CONFLICT DO NOTHING;
INSERT INTO genres (mediaId, genre) VALUES(332, 'Kids') ON CONFLICT DO NOTHING;
INSERT INTO creators(mediaId, creatorId, creatorName) VALUES(332, 1565301, 'Thomas Astruc') ON CONFLICT DO NOTHING;
INSERT INTO actors (mediaId, actorId , actorName, characterName, profilePath) VALUES(332, 1762588, 'Annouck Hautbois', 'Marinette Dupain-Cheng / Ladybug (voice)', 'https://image.tmdb.org/t/p/original/5D66aDzc8QrkNtdeFb0nsFku6Zh.jpg') ON CONFLICT DO NOTHING;
INSERT INTO actors (mediaId, actorId , actorName, characterName, profilePath) VALUES(332, 1558832, 'Benjamin Bollen', 'Adrien Agreste / Chat Noir (voice)', 'https://image.tmdb.org/t/p/original/qAvG7VqmZp6s2XE3KZooEfYDfW9.jpg') ON CONFLICT DO NOTHING;
INSERT INTO actors (mediaId, actorId , actorName, characterName, profilePath) VALUES(332, 1758915, 'Antoine Tomé', 'Gabriel Agreste / Papillon (voice)', 'https://image.tmdb.org/t/p/original/4tKFiEb0yJnM6I4AjzeJzy6QS7Z.jpg') ON CONFLICT DO NOTHING;
INSERT INTO providers (mediaId, providerId, providerName, logoPath) VALUES( 332, 290, 'TF1', 'https://image.tmdb.org/t/p/original/fqsd09CrijoGu6qfoNIdgUQmVGO.png') ON CONFLICT DO NOTHING;
INSERT INTO media (mediaId, type, name, originalLanguage, adult, releaseDate, overview, backdropPath, posterPath, trailerLink, tmdbRating,  status) VALUES(333, true, 'The Eminence in Shadow', 'ja', False, '2022-10-05',  'Shadowbrokers are those who go unnoticed, posing as unremarkable people, when in truth, they control everything from behind the scenes. Sid wants to be someone just like that more than anything, and something as insignificant as boring reality isn’t going to get in his way! He trains in secret every single night, preparing for his eventual rise to power—only to denied his destiny by a run-of-the-mill (yet deadly) traffic accident. But when he wakes up in a another world and suddenly finds himself at the head of an actual secret organization doing battle with evil in the shadows, he’ll finally get a chance to act out all of his delusional fantasies!', 'https://image.tmdb.org/t/p/original/htD5SJpPOvkmAowU80KrWnN59WO.jpg', 'https://image.tmdb.org/t/p/original/7JKYmtLydAwo9ZsEmAknZiO4U8g.jpg', 'https://www.youtube.com/watch?v=tnKGAfu4Uzo', 7.9, 'Returning Series') ON CONFLICT DO NOTHING;
INSERT INTO tv (mediaid , lastAirDate, nextEpisodeToAir, numberOfEpisodes, numberOfSeasons) VALUES( 333, '2023-10-11', '2023-10-18' , 32, 2) ON CONFLICT DO NOTHING;
INSERT INTO genres (mediaId, genre) VALUES(333, 'Animation') ON CONFLICT DO NOTHING;
INSERT INTO genres (mediaId, genre) VALUES(333, 'Comedy') ON CONFLICT DO NOTHING;
INSERT INTO genres (mediaId, genre) VALUES(333, 'Sci-Fi & Fantasy') ON CONFLICT DO NOTHING;
INSERT INTO genres (mediaId, genre) VALUES(333, 'Action & Adventure') ON CONFLICT DO NOTHING;
INSERT INTO actors (mediaId, actorId , actorName, characterName, profilePath) VALUES(333, 1732278, 'Seiichiro Yamashita', 'Cid Kagenou / Shadow (voice)', 'https://image.tmdb.org/t/p/original/zym6WY3rxL4FdbHoLzG2CnqnR7.jpg') ON CONFLICT DO NOTHING;
INSERT INTO providers (mediaId, providerId, providerName, logoPath) VALUES( 333, 173, 'AT-X', 'https://image.tmdb.org/t/p/original/fERjndErEpveJmQZccJbJDi93rj.png') ON CONFLICT DO NOTHING;
INSERT INTO media (mediaId, type, name, originalLanguage, adult, releaseDate, overview, backdropPath, posterPath, trailerLink, tmdbRating,  status) VALUES(334, true, 'CSI: Crime Scene Investigation', 'en', False, '2000-10-06',  'A Las Vegas team of forensic investigators are trained to solve criminal cases by scouring the crime scene, collecting irrefutable evidence and finding the missing pieces that solve the mystery.', 'https://image.tmdb.org/t/p/original/63XwyHYjIHIm4F8Vg6wyBfDQprc.jpg', 'https://image.tmdb.org/t/p/original/jBybUiienGpfLoDkbS5nvY4i40A.jpg', 'None', 7.7, 'Ended') ON CONFLICT DO NOTHING;
INSERT INTO tv (mediaid , lastAirDate, nextEpisodeToAir, numberOfEpisodes, numberOfSeasons) VALUES( 334, '2015-02-15', NULL , 335, 15) ON CONFLICT DO NOTHING;
INSERT INTO genres (mediaId, genre) VALUES(334, 'Crime') ON CONFLICT DO NOTHING;
INSERT INTO genres (mediaId, genre) VALUES(334, 'Drama') ON CONFLICT DO NOTHING;
INSERT INTO genres (mediaId, genre) VALUES(334, 'Mystery') ON CONFLICT DO NOTHING;
INSERT INTO creators(mediaId, creatorId, creatorName) VALUES(334, 1039314, 'Anthony Zuiker') ON CONFLICT DO NOTHING;
INSERT INTO creators(mediaId, creatorId, creatorName) VALUES(334, 1214544, 'Ann Donahue') ON CONFLICT DO NOTHING;
INSERT INTO actors (mediaId, actorId , actorName, characterName, profilePath) VALUES(334, 12836, 'Ted Danson', 'D.B. Russell', 'https://image.tmdb.org/t/p/original/2QUEYVhrKbOkRKeFEUnc5sJby6a.jpg') ON CONFLICT DO NOTHING;
INSERT INTO actors (mediaId, actorId , actorName, characterName, profilePath) VALUES(334, 117484, 'George Eads', 'Nick Stokes', 'https://image.tmdb.org/t/p/original/fBvMhnzAJTdqRVXlrOCL9sXJLbo.jpg') ON CONFLICT DO NOTHING;
INSERT INTO actors (mediaId, actorId , actorName, characterName, profilePath) VALUES(334, 536, 'Jorja Fox', 'Sara Sidle', 'https://image.tmdb.org/t/p/original/hCRdbNzZjkhYyVoZPmhYF5OqpaX.jpg') ON CONFLICT DO NOTHING;
INSERT INTO actors (mediaId, actorId , actorName, characterName, profilePath) VALUES(334, 173849, 'Eric Szmanda', 'Greg Sanders', 'https://image.tmdb.org/t/p/original/tsPKC1I4mZx2cFmMozVL0E185Dm.jpg') ON CONFLICT DO NOTHING;
INSERT INTO actors (mediaId, actorId , actorName, characterName, profilePath) VALUES(334, 1217657, 'Robert David Hall', 'Al Robbins', 'https://image.tmdb.org/t/p/original/myVVloDAXZgmSXI0dxAPg8RN0JF.jpg') ON CONFLICT DO NOTHING;
INSERT INTO actors (mediaId, actorId , actorName, characterName, profilePath) VALUES(334, 17421, 'Wallace Langham', 'David Hodges', 'https://image.tmdb.org/t/p/original/pjc9iFeNMAAHI3zOsiP1anZ0wis.jpg') ON CONFLICT DO NOTHING;
INSERT INTO actors (mediaId, actorId , actorName, characterName, profilePath) VALUES(334, 1219224, 'Jon Wellner', 'Henry Andrews', 'https://image.tmdb.org/t/p/original/kIX1mef4re6MJs8nX0BHdRZyvXg.jpg') ON CONFLICT DO NOTHING;
INSERT INTO actors (mediaId, actorId , actorName, characterName, profilePath) VALUES(334, 78197, 'Elisabeth Harnois', 'Morgan Brody', 'https://image.tmdb.org/t/p/original/yq9H8T5urAGhzvEBxbw4gBjvDN2.jpg') ON CONFLICT DO NOTHING;
INSERT INTO actors (mediaId, actorId , actorName, characterName, profilePath) VALUES(334, 1951, 'Elisabeth Shue', 'Julie Finlay', 'https://image.tmdb.org/t/p/original/1pmjDSLvOuqKW1P2KRPlpFMeUFe.jpg') ON CONFLICT DO NOTHING;
INSERT INTO actors (mediaId, actorId , actorName, characterName, profilePath) VALUES(334, 1224393, 'David Berman', 'David Phillips', 'https://image.tmdb.org/t/p/original/5nLITn9pJtO3kTchHieHo8VZ4a5.jpg') ON CONFLICT DO NOTHING;
INSERT INTO providers (mediaId, providerId, providerName, logoPath) VALUES( 334, 16, 'CBS', 'https://image.tmdb.org/t/p/original/wju8KhOUsR5y4bH9p3Jc50hhaLO.png') ON CONFLICT DO NOTHING;
INSERT INTO media (mediaId, type, name, originalLanguage, adult, releaseDate, overview, backdropPath, posterPath, trailerLink, tmdbRating,  status) VALUES(335, true, 'Coronation Street', 'en', False, '1960-12-09',  'The residents of Coronation Street are ordinary, working-class people, and the show follows them through regular social and family interactions at home, in the workplace, and in their local pub, the Rovers Return Inn. Britain''s longest-running soap.', 'https://image.tmdb.org/t/p/original/5APjn4LnV5wWk5DXq7ZewT6zzP1.jpg', 'https://image.tmdb.org/t/p/original/xe6y8SJU0NyGEECu2LV9cXoY81g.jpg', 'None', 5.2, 'Returning Series') ON CONFLICT DO NOTHING;
INSERT INTO tv (mediaid , lastAirDate, nextEpisodeToAir, numberOfEpisodes, numberOfSeasons) VALUES( 335, '2023-10-17', '2023-10-19' , 3346, 64) ON CONFLICT DO NOTHING;
INSERT INTO genres (mediaId, genre) VALUES(335, 'Soap') ON CONFLICT DO NOTHING;
INSERT INTO creators(mediaId, creatorId, creatorName) VALUES(335, 1215244, 'Tony Warren') ON CONFLICT DO NOTHING;
INSERT INTO actors (mediaId, actorId , actorName, characterName, profilePath) VALUES(335, 1215177, 'William Roache', 'Ken Barlow', 'https://image.tmdb.org/t/p/original/8CqTsBo58YI6SxE2iiuSRRLl8Jz.jpg') ON CONFLICT DO NOTHING;
INSERT INTO providers (mediaId, providerId, providerName, logoPath) VALUES( 335, 9, 'ITV1', 'https://image.tmdb.org/t/p/original/oz9pjTHnBUmlju8OkaTymhKbh6C.png') ON CONFLICT DO NOTHING;
INSERT INTO media (mediaId, type, name, originalLanguage, adult, releaseDate, overview, backdropPath, posterPath, trailerLink, tmdbRating,  status) VALUES(336, true, 'Pablo Escobar: The Drug Lord', 'es', False, '2012-05-28',  'Pablo is a man with a natural ability for business. Early in his life, Pablo is introduced to the business of cocaine and the power it yields. A young life of crime lands Pablo in and out of jail as he builds is criminal empire. Pablo expands his power through politics but it is not long before his conflicts as a Congressman and a drug lord collide. Pablo has his enemies executed, but not before the United States activates its own war on the Medellin cartel.', 'https://image.tmdb.org/t/p/original/wN0HIzrVJle9v4bLug0wuinCMhP.jpg', 'https://image.tmdb.org/t/p/original/5u02bo70uzUFpEV9Pd0lFkLA9Es.jpg', 'https://www.youtube.com/watch?v=TLszT9sAktQ', 7.6, 'Ended') ON CONFLICT DO NOTHING;
INSERT INTO tv (mediaid , lastAirDate, nextEpisodeToAir, numberOfEpisodes, numberOfSeasons) VALUES( 336, '2012-11-19', NULL , 113, 1) ON CONFLICT DO NOTHING;
INSERT INTO genres (mediaId, genre) VALUES(336, 'Crime') ON CONFLICT DO NOTHING;
INSERT INTO genres (mediaId, genre) VALUES(336, 'Drama') ON CONFLICT DO NOTHING;
INSERT INTO actors (mediaId, actorId , actorName, characterName, profilePath) VALUES(336, 71200, 'Andrés Parra', 'Pablo Emilio Escobar Gaviria', 'https://image.tmdb.org/t/p/original/z105wf0tuBN8Ul5jLAhGpHKHEPf.jpg') ON CONFLICT DO NOTHING;
INSERT INTO actors (mediaId, actorId , actorName, characterName, profilePath) VALUES(336, 120557, 'Angie Cepeda', 'Regina Parejo', 'https://image.tmdb.org/t/p/original/57OE4acJypRTey5OQlQjkpv14pQ.jpg') ON CONFLICT DO NOTHING;
INSERT INTO actors (mediaId, actorId , actorName, characterName, profilePath) VALUES(336, 61743, 'Vicky Hernández', 'Doña Enelia de Escobar', 'https://image.tmdb.org/t/p/original/hfpqmFSspFXGEsJmRWNGLmS4gzT.jpg') ON CONFLICT DO NOTHING;
INSERT INTO actors (mediaId, actorId , actorName, characterName, profilePath) VALUES(336, 1255920, 'Nicolás Montero', 'Luis Carlos Galán Sarmiento', 'https://image.tmdb.org/t/p/original/owlBtK9By29SgtqWXUMBAK7QVaM.jpg') ON CONFLICT DO NOTHING;
INSERT INTO actors (mediaId, actorId , actorName, characterName, profilePath) VALUES(336, 1255921, 'Marcela Gallego', 'Gloria Pachón de Galán', 'https://image.tmdb.org/t/p/original/wK8gcCGHqGs0NbtTLY2iv55vo6d.jpg') ON CONFLICT DO NOTHING;
INSERT INTO actors (mediaId, actorId , actorName, characterName, profilePath) VALUES(336, 1255922, 'Ernesto Benjumea', 'Rodrigo Lara Bonilla', 'https://image.tmdb.org/t/p/original/k2FT8Rj6YnRvI5asZ0Lwasdb4b4.jpg') ON CONFLICT DO NOTHING;
INSERT INTO actors (mediaId, actorId , actorName, characterName, profilePath) VALUES(336, 1255923, 'Christian Tappán', 'Gonzalo Gaviria', 'https://image.tmdb.org/t/p/original/nxZfEjscDlc24ETnRmkPnNasSY.jpg') ON CONFLICT DO NOTHING;
INSERT INTO actors (mediaId, actorId , actorName, characterName, profilePath) VALUES(336, 1255924, 'Cecilia Navia', 'Paty de Escobar', 'https://image.tmdb.org/t/p/original/lpulWZp3ipBVhBUe6ZzizfuW2gH.jpg') ON CONFLICT DO NOTHING;
INSERT INTO actors (mediaId, actorId , actorName, characterName, profilePath) VALUES(336, 1255925, 'Eileen Moreno', 'Paty (Joven)', 'None') ON CONFLICT DO NOTHING;
INSERT INTO actors (mediaId, actorId , actorName, characterName, profilePath) VALUES(336, 1255926, 'Germán Quintero', 'Guillermo Cano Isaza', 'https://image.tmdb.org/t/p/original/qcul62js0fj4LsB3wgNAzM68pVn.jpg') ON CONFLICT DO NOTHING;
INSERT INTO providers (mediaId, providerId, providerName, logoPath) VALUES( 336, 500, 'Caracol TV', 'https://image.tmdb.org/t/p/original/6lbu3Xq8ZsTMrS0AnPfMtPhjxQk.png') ON CONFLICT DO NOTHING;
INSERT INTO media (mediaId, type, name, originalLanguage, adult, releaseDate, overview, backdropPath, posterPath, trailerLink, tmdbRating,  status) VALUES(337, true, 'PAW Patrol', 'en', False, '2013-08-12',  'PAW Patrol is a CG action-adventure for old children and preschool series starring a pack of six heroic puppies led by a tech-savvy 10-year-old boy named Ryder.', 'https://image.tmdb.org/t/p/original/7OrV2aAH5Yp7hA9zCCvUloLvZtl.jpg', 'https://image.tmdb.org/t/p/original/8HXkgUBO5OF8ZK9XbY69RM4S5rv.jpg', 'None', 7, 'Returning Series') ON CONFLICT DO NOTHING;
INSERT INTO tv (mediaid , lastAirDate, nextEpisodeToAir, numberOfEpisodes, numberOfSeasons) VALUES( 337, '2023-07-31', NULL , 444, 10) ON CONFLICT DO NOTHING;
INSERT INTO genres (mediaId, genre) VALUES(337, 'Animation') ON CONFLICT DO NOTHING;
INSERT INTO genres (mediaId, genre) VALUES(337, 'Kids') ON CONFLICT DO NOTHING;
INSERT INTO creators(mediaId, creatorId, creatorName) VALUES(337, 1242988, 'Keith Chapman') ON CONFLICT DO NOTHING;
INSERT INTO providers (mediaId, providerId, providerName, logoPath) VALUES( 337, 13, 'Nickelodeon', 'https://image.tmdb.org/t/p/original/l4BrSc3cgnkMjfh3VIHFQHrLQuK.png') ON CONFLICT DO NOTHING;
INSERT INTO media (mediaId, type, name, originalLanguage, adult, releaseDate, overview, backdropPath, posterPath, trailerLink, tmdbRating,  status) VALUES(338, true, 'Seinfeld', 'en', False, '1989-07-05',  'A stand-up comedian and his three offbeat friends weather the pitfalls and payoffs of life in New York City in the ''90s. It''s a show about nothing.', 'https://image.tmdb.org/t/p/original/mlAzs3tyl5253roHi6eIRbeuONN.jpg', 'https://image.tmdb.org/t/p/original/aCw8ONfyz3AhngVQa1E2Ss4KSUQ.jpg', 'https://www.youtube.com/watch?v=hQXKyIG_NS4', 8.3, 'Ended') ON CONFLICT DO NOTHING;
INSERT INTO tv (mediaid , lastAirDate, nextEpisodeToAir, numberOfEpisodes, numberOfSeasons) VALUES( 338, '1998-05-14', NULL , 180, 9) ON CONFLICT DO NOTHING;
INSERT INTO genres (mediaId, genre) VALUES(338, 'Comedy') ON CONFLICT DO NOTHING;
INSERT INTO creators(mediaId, creatorId, creatorName) VALUES(338, 16377, 'Jerry Seinfeld') ON CONFLICT DO NOTHING;
INSERT INTO creators(mediaId, creatorId, creatorName) VALUES(338, 16376, 'Larry David') ON CONFLICT DO NOTHING;
INSERT INTO actors (mediaId, actorId , actorName, characterName, profilePath) VALUES(338, 16377, 'Jerry Seinfeld', 'Jerry Seinfeld', 'https://image.tmdb.org/t/p/original/9OSptNQPVCUKZs1J3tqKcwtaB2v.jpg') ON CONFLICT DO NOTHING;
INSERT INTO actors (mediaId, actorId , actorName, characterName, profilePath) VALUES(338, 1206, 'Jason Alexander', 'George Costanza', 'https://image.tmdb.org/t/p/original/67pvqalQz6zCkMrcm6dk4lRneaC.jpg') ON CONFLICT DO NOTHING;
INSERT INTO actors (mediaId, actorId , actorName, characterName, profilePath) VALUES(338, 50807, 'Michael Richards', 'Cosmo Kramer', 'https://image.tmdb.org/t/p/original/dQjaFrplC9zBLWEOPZElt8VADqD.jpg') ON CONFLICT DO NOTHING;
INSERT INTO actors (mediaId, actorId , actorName, characterName, profilePath) VALUES(338, 15886, 'Julia Louis-Dreyfus', 'Elaine Benes', 'https://image.tmdb.org/t/p/original/pDzlVQhjxKQBpb9NcQ3hR20kz3z.jpg') ON CONFLICT DO NOTHING;
INSERT INTO providers (mediaId, providerId, providerName, logoPath) VALUES( 338, 6, 'NBC', 'https://image.tmdb.org/t/p/original/cm111bsDVlYaC1foL0itvEI4yLG.png') ON CONFLICT DO NOTHING;
INSERT INTO media (mediaId, type, name, originalLanguage, adult, releaseDate, overview, backdropPath, posterPath, trailerLink, tmdbRating,  status) VALUES(339, true, 'Charmed', 'en', False, '1998-10-07',  'Three sisters (Prue, Piper and Phoebe) reunite and unlock their powers to become the Charmed Ones, the most powerful good witches of all time, whose prophesied destiny is to protect innocent lives from evil beings such as demons and warlocks. Each sister possesses unique magical powers that grow and evolve, while they attempt to maintain normal lives in modern day San Francisco. ', 'https://image.tmdb.org/t/p/original/ueZFcwAUvkjyAB9beaiqJyg0M8H.jpg', 'https://image.tmdb.org/t/p/original/z4bPJ1BWU2EtV69NII2GVvsugQ2.jpg', 'None', 8.2, 'Ended') ON CONFLICT DO NOTHING;
INSERT INTO tv (mediaid , lastAirDate, nextEpisodeToAir, numberOfEpisodes, numberOfSeasons) VALUES( 339, '2006-05-21', NULL , 178, 8) ON CONFLICT DO NOTHING;
INSERT INTO genres (mediaId, genre) VALUES(339, 'Comedy') ON CONFLICT DO NOTHING;
INSERT INTO genres (mediaId, genre) VALUES(339, 'Drama') ON CONFLICT DO NOTHING;
INSERT INTO genres (mediaId, genre) VALUES(339, 'Mystery') ON CONFLICT DO NOTHING;
INSERT INTO genres (mediaId, genre) VALUES(339, 'Sci-Fi & Fantasy') ON CONFLICT DO NOTHING;
INSERT INTO creators(mediaId, creatorId, creatorName) VALUES(339, 1213587, 'Constance M. Burge') ON CONFLICT DO NOTHING;
INSERT INTO actors (mediaId, actorId , actorName, characterName, profilePath) VALUES(339, 26469, 'Holly Marie Combs', 'Piper Halliwell', 'https://image.tmdb.org/t/p/original/smZy91UWhB8bZib6A28kTQ8w9sT.jpg') ON CONFLICT DO NOTHING;
INSERT INTO actors (mediaId, actorId , actorName, characterName, profilePath) VALUES(339, 24967, 'Alyssa Milano', 'Phoebe Halliwell', 'https://image.tmdb.org/t/p/original/q5RAaX57dLvlpigAhbX3lCb2dkZ.jpg') ON CONFLICT DO NOTHING;
INSERT INTO actors (mediaId, actorId , actorName, characterName, profilePath) VALUES(339, 69405, 'Brian Krause', 'Leo Wyatt', 'https://image.tmdb.org/t/p/original/jW2vwTvcJAGxbiWMXD3p065Lhs1.jpg') ON CONFLICT DO NOTHING;
INSERT INTO actors (mediaId, actorId , actorName, characterName, profilePath) VALUES(339, 16850, 'Rose McGowan', 'Paige Matthews', 'https://image.tmdb.org/t/p/original/38zwwYnEWfATlVTSZ2tOSHtCd3k.jpg') ON CONFLICT DO NOTHING;
INSERT INTO actors (mediaId, actorId , actorName, characterName, profilePath) VALUES(339, 53862, 'Kaley Cuoco', 'Billie Jenkins', 'https://image.tmdb.org/t/p/original/c01Ma8Jrr2OJ6uoikPwDK34Y8eK.jpg') ON CONFLICT DO NOTHING;
INSERT INTO providers (mediaId, providerId, providerName, logoPath) VALUES( 339, 21, 'The WB', 'https://image.tmdb.org/t/p/original/9GlDHjQj9c2dkfARCR3zlH87R66.png') ON CONFLICT DO NOTHING;
INSERT INTO media (mediaId, type, name, originalLanguage, adult, releaseDate, overview, backdropPath, posterPath, trailerLink, tmdbRating,  status) VALUES(340, true, 'Strong Girl Nam-soon', 'ko', False, '2023-10-07',  'Gifted with superhuman strength, a young woman returns to Korea to find her birth family — only to be entangled in a drug case that could test her power.', 'https://image.tmdb.org/t/p/original/bTXAIAWU4ez027VZJMbBZToOp2r.jpg', 'https://image.tmdb.org/t/p/original/rjkHORZvB5bnz7kH1PufFCKsX4I.jpg', 'https://www.youtube.com/watch?v=xN2BPRuVj8U', 8, 'Returning Series') ON CONFLICT DO NOTHING;
INSERT INTO tv (mediaid , lastAirDate, nextEpisodeToAir, numberOfEpisodes, numberOfSeasons) VALUES( 340, '2023-10-15', '2023-10-21' , 16, 1) ON CONFLICT DO NOTHING;
INSERT INTO genres (mediaId, genre) VALUES(340, 'Comedy') ON CONFLICT DO NOTHING;
INSERT INTO genres (mediaId, genre) VALUES(340, 'Drama') ON CONFLICT DO NOTHING;
INSERT INTO genres (mediaId, genre) VALUES(340, 'Sci-Fi & Fantasy') ON CONFLICT DO NOTHING;
INSERT INTO genres (mediaId, genre) VALUES(340, 'Crime') ON CONFLICT DO NOTHING;
INSERT INTO creators(mediaId, creatorId, creatorName) VALUES(340, 1769578, 'Baek Mi-kyung') ON CONFLICT DO NOTHING;
INSERT INTO creators(mediaId, creatorId, creatorName) VALUES(340, 2790898, 'Kim Jung-sik') ON CONFLICT DO NOTHING;
INSERT INTO creators(mediaId, creatorId, creatorName) VALUES(340, 4147401, 'Lee Kyung-shik') ON CONFLICT DO NOTHING;
INSERT INTO actors (mediaId, actorId , actorName, characterName, profilePath) VALUES(340, 1985557, 'Lee You-mi', 'Kang Nam-soon', 'https://image.tmdb.org/t/p/original/jZgjJqr6pGEegyziY10b4SklqbD.jpg') ON CONFLICT DO NOTHING;
INSERT INTO actors (mediaId, actorId , actorName, characterName, profilePath) VALUES(340, 83123, 'Kim Jung-eun', 'Hwang Geum-joo', 'https://image.tmdb.org/t/p/original/nwIBuWmUOgY4Y2Z9IcUeX1JdeVL.jpg') ON CONFLICT DO NOTHING;
INSERT INTO actors (mediaId, actorId , actorName, characterName, profilePath) VALUES(340, 93252, 'Kim Hae-sook', 'Gil Joong-gan', 'https://image.tmdb.org/t/p/original/gbWb5gXuhGCnTSogCrmMPD65F8w.jpg') ON CONFLICT DO NOTHING;
INSERT INTO actors (mediaId, actorId , actorName, characterName, profilePath) VALUES(340, 1988291, 'Ong Seong Wu', 'Kang Hee-shik', 'https://image.tmdb.org/t/p/original/4g1G3l9AmQlntojYnebc7MUOaQe.jpg') ON CONFLICT DO NOTHING;
INSERT INTO actors (mediaId, actorId , actorName, characterName, profilePath) VALUES(340, 2117890, 'Byeon Woo Seok', 'Ryu Shi-oh', 'https://image.tmdb.org/t/p/original/zncWneej0zzw340EimyM39EWVvj.jpg') ON CONFLICT DO NOTHING;
INSERT INTO actors (mediaId, actorId , actorName, characterName, profilePath) VALUES(340, 1113060, 'Lee Seung-joon', 'Kang Bong-go', 'https://image.tmdb.org/t/p/original/7224SLHjbn2dMWKyGySazWIOAPG.jpg') ON CONFLICT DO NOTHING;
INSERT INTO actors (mediaId, actorId , actorName, characterName, profilePath) VALUES(340, 2150704, 'Kim Ki-doo', 'Hwang Geum-dong', 'https://image.tmdb.org/t/p/original/fmTh73oW5YKc39o0zHNIhiHS9p5.jpg') ON CONFLICT DO NOTHING;
INSERT INTO actors (mediaId, actorId , actorName, characterName, profilePath) VALUES(340, 2616321, 'Han Sang-jo', 'Kang Nam-in', 'https://image.tmdb.org/t/p/original/zeLvK4yUa0Q6sK0jeFQZfQMN2QX.jpg') ON CONFLICT DO NOTHING;
INSERT INTO actors (mediaId, actorId , actorName, characterName, profilePath) VALUES(340, 3312967, 'Oh Jung-yeon', 'Jung Na-young', 'https://image.tmdb.org/t/p/original/rrOgRT65znMDbLyZdZsNRMRIaSq.jpg') ON CONFLICT DO NOTHING;
INSERT INTO actors (mediaId, actorId , actorName, characterName, profilePath) VALUES(340, 2160328, 'Joo Woo Jae', 'Ji Hyun-soo', 'https://image.tmdb.org/t/p/original/dxNy8IBSaq5FqUMuAP1Pr7uskNl.jpg') ON CONFLICT DO NOTHING;
INSERT INTO providers (mediaId, providerId, providerName, logoPath) VALUES( 340, 885, 'JTBC', 'https://image.tmdb.org/t/p/original/44I4aVlasm8Blb8WPGXTkMYuZJF.png') ON CONFLICT DO NOTHING;
INSERT INTO media (mediaId, type, name, originalLanguage, adult, releaseDate, overview, backdropPath, posterPath, trailerLink, tmdbRating,  status) VALUES(341, true, 'Goede Tijden, Slechte Tijden', 'nl', False, '1990-10-01',  'Goede tijden, slechte tijden, also known as GTST, is the longest-running Dutch soap opera,  revolving around the lives of the families Alberts, Sanders, De Jong, Van Houten and Bouwhuis. It all takes place in the fictional town of Meerdijk.', 'https://image.tmdb.org/t/p/original/mzgxjQFLYPk73bCYeGFWOAmKqV0.jpg', 'https://image.tmdb.org/t/p/original/eQj2e8Nok6LCDO1dJXqNUkVcNby.jpg', 'None', 4, 'Returning Series') ON CONFLICT DO NOTHING;
INSERT INTO tv (mediaid , lastAirDate, nextEpisodeToAir, numberOfEpisodes, numberOfSeasons) VALUES( 341, '2023-09-28', NULL , 5817, 34) ON CONFLICT DO NOTHING;
INSERT INTO genres (mediaId, genre) VALUES(341, 'Soap') ON CONFLICT DO NOTHING;
INSERT INTO creators(mediaId, creatorId, creatorName) VALUES(341, 1225093, 'Reg Watson') ON CONFLICT DO NOTHING;
INSERT INTO providers (mediaId, providerId, providerName, logoPath) VALUES( 341, 1334, 'Videoland', 'https://image.tmdb.org/t/p/original/Ov29JztLk1yyMVe1FeuknzDYbL.png') ON CONFLICT DO NOTHING;
INSERT INTO providers (mediaId, providerId, providerName, logoPath) VALUES( 341, 274, 'RTL 4', 'https://image.tmdb.org/t/p/original/llVa87a3nemOfjSTp8yTR4xQCUa.png') ON CONFLICT DO NOTHING;
INSERT INTO media (mediaId, type, name, originalLanguage, adult, releaseDate, overview, backdropPath, posterPath, trailerLink, tmdbRating,  status) VALUES(342, true, 'Captain Tsubasa', 'ja', False, '2018-04-03',  'The passionate story of an elementary school student whose thoughts and dreams revolve almost entirely around the love of soccer. 11-year-old Tsubasa Oozora started playing football at a very young age, and while it was mostly just a recreational sport for his friends, for him, it developed into something of an obsession.  In order to pursue his dream to the best of his elementary school abilities, Tsubasa moves with his mother to Nankatsu city, which is well-known for its excellent elementary school soccer teams. But although he was easily the best in his old town, Nankatsu has a lot more competition, and he will need all of his skill and talent in order to stand out from this new crowd.', 'https://image.tmdb.org/t/p/original/dSvRkislUYBu8jWpqRpUsfNFNcr.jpg', 'https://image.tmdb.org/t/p/original/zHgc9nTXiP77qoy14BO7WUFTwkp.jpg', 'https://www.youtube.com/watch?v=E5FRxUIA8AA', 8.2, 'Returning Series') ON CONFLICT DO NOTHING;
INSERT INTO tv (mediaid , lastAirDate, nextEpisodeToAir, numberOfEpisodes, numberOfSeasons) VALUES( 342, '2023-10-15', '2023-10-22' , 64, 2) ON CONFLICT DO NOTHING;
INSERT INTO genres (mediaId, genre) VALUES(342, 'Animation') ON CONFLICT DO NOTHING;
INSERT INTO genres (mediaId, genre) VALUES(342, 'Comedy') ON CONFLICT DO NOTHING;
INSERT INTO genres (mediaId, genre) VALUES(342, 'Drama') ON CONFLICT DO NOTHING;
INSERT INTO actors (mediaId, actorId , actorName, characterName, profilePath) VALUES(342, 1201637, 'Yuko Sanpei', 'Tsubasa Oozora (voice)', 'https://image.tmdb.org/t/p/original/gms4G7ZRIQYXI9zsorkQr8aHnOU.jpg') ON CONFLICT DO NOTHING;
INSERT INTO actors (mediaId, actorId , actorName, characterName, profilePath) VALUES(342, 9726, 'Kenichi Suzumura', 'Genzou Wakabayashi (voice)', 'https://image.tmdb.org/t/p/original/vFqjmIjxfgBkh3ZmUin7QETV0sy.jpg') ON CONFLICT DO NOTHING;
INSERT INTO actors (mediaId, actorId , actorName, characterName, profilePath) VALUES(342, 1491332, 'Ayaka Fukuhara', 'Taro Misaki (voice)', 'https://image.tmdb.org/t/p/original/9o9NY3rTZdU3Tthyyez9hBL0LBF.jpg') ON CONFLICT DO NOTHING;
INSERT INTO actors (mediaId, actorId , actorName, characterName, profilePath) VALUES(342, 1253972, 'Mutsumi Tamura', 'Ryo Ishizaki (voice)', 'https://image.tmdb.org/t/p/original/uvbBIRiBK6GDLEESiYSFWOVlaE4.jpg') ON CONFLICT DO NOTHING;
INSERT INTO actors (mediaId, actorId , actorName, characterName, profilePath) VALUES(342, 1253431, 'Takuya Sato', 'Kojirou Hyuga (voice)', 'https://image.tmdb.org/t/p/original/wVzBJ6Qj1aURhnfkjP6nLfVwQqz.jpg') ON CONFLICT DO NOTHING;
INSERT INTO providers (mediaId, providerId, providerName, logoPath) VALUES( 342, 98, 'TV Tokyo', 'https://image.tmdb.org/t/p/original/1oTje9uOhRcuLSAc8ERn0cnG51i.png') ON CONFLICT DO NOTHING;
INSERT INTO media (mediaId, type, name, originalLanguage, adult, releaseDate, overview, backdropPath, posterPath, trailerLink, tmdbRating,  status) VALUES(343, true, 'Futurama', 'en', False, '1999-03-28',  'The adventures of a late-20th-century New York City pizza delivery boy, Philip J. Fry, who, after being unwittingly cryogenically frozen for one thousand years, finds employment at Planet Express, an interplanetary delivery company in the retro-futuristic 31st century.', 'https://image.tmdb.org/t/p/original/pMCvRynXABgLBMKHYa2UXjTBMsU.jpg', 'https://image.tmdb.org/t/p/original/7RRHbCUtAsVmKI6FEMzZB6Re88P.jpg', 'https://www.youtube.com/watch?v=dUHzt5md1x0', 8.4, 'Returning Series') ON CONFLICT DO NOTHING;
INSERT INTO tv (mediaid , lastAirDate, nextEpisodeToAir, numberOfEpisodes, numberOfSeasons) VALUES( 343, '2023-09-25', NULL , 134, 8) ON CONFLICT DO NOTHING;
INSERT INTO genres (mediaId, genre) VALUES(343, 'Animation') ON CONFLICT DO NOTHING;
INSERT INTO genres (mediaId, genre) VALUES(343, 'Comedy') ON CONFLICT DO NOTHING;
INSERT INTO genres (mediaId, genre) VALUES(343, 'Sci-Fi & Fantasy') ON CONFLICT DO NOTHING;
INSERT INTO creators(mediaId, creatorId, creatorName) VALUES(343, 5741, 'Matt Groening') ON CONFLICT DO NOTHING;
INSERT INTO actors (mediaId, actorId , actorName, characterName, profilePath) VALUES(343, 18980, 'Katey Sagal', 'Leela (voice)', 'https://image.tmdb.org/t/p/original/jdnBWdXlQG2Q2F6v9MPJkaWQ9Vd.jpg') ON CONFLICT DO NOTHING;
INSERT INTO actors (mediaId, actorId , actorName, characterName, profilePath) VALUES(343, 31531, 'John DiMaggio', 'Bender (voice)', 'https://image.tmdb.org/t/p/original/awmyFwU6ErFJbGFFzhBYZ9AQn8m.jpg') ON CONFLICT DO NOTHING;
INSERT INTO actors (mediaId, actorId , actorName, characterName, profilePath) VALUES(343, 23679, 'Billy West', 'Fry / Professor Farnsworth / Zoidberg / Zapp Brannigan (voice)', 'https://image.tmdb.org/t/p/original/iNQtBsgV4wr3z5CEEFhR5U4Yedk.jpg') ON CONFLICT DO NOTHING;
INSERT INTO actors (mediaId, actorId , actorName, characterName, profilePath) VALUES(343, 34983, 'Tress MacNeille', 'Mom (voice)', 'https://image.tmdb.org/t/p/original/gI2LsgByvSffQY34vabVnPmrHzw.jpg') ON CONFLICT DO NOTHING;
INSERT INTO actors (mediaId, actorId , actorName, characterName, profilePath) VALUES(343, 34521, 'Maurice LaMarche', 'Morbo / Kif Kroker (voice)', 'https://image.tmdb.org/t/p/original/qCiL3EYAhLcNo0rNj5pczWo9MwG.jpg') ON CONFLICT DO NOTHING;
INSERT INTO actors (mediaId, actorId , actorName, characterName, profilePath) VALUES(343, 15100, 'Lauren Tom', 'Amy Wong (Voice)', 'https://image.tmdb.org/t/p/original/fTKFspRRQ275AkzvtPERLZnXe0n.jpg') ON CONFLICT DO NOTHING;
INSERT INTO actors (mediaId, actorId , actorName, characterName, profilePath) VALUES(343, 31549, 'Phil LaMarr', 'Hermes Conrad (voice)', 'https://image.tmdb.org/t/p/original/l5w0qABfsFBxjfWNnpFiaXnh4Nm.jpg') ON CONFLICT DO NOTHING;
INSERT INTO actors (mediaId, actorId , actorName, characterName, profilePath) VALUES(343, 52794, 'David Herman', 'Scruffy (voice)', 'https://image.tmdb.org/t/p/original/eyRiQv1bFFGgIWESLFy7w5cyvBe.jpg') ON CONFLICT DO NOTHING;
INSERT INTO providers (mediaId, providerId, providerName, logoPath) VALUES( 343, 19, 'FOX', 'https://image.tmdb.org/t/p/original/1DSpHrWyOORkL9N2QHX7Adt31mQ.png') ON CONFLICT DO NOTHING;
INSERT INTO providers (mediaId, providerId, providerName, logoPath) VALUES( 343, 47, 'Comedy Central', 'https://image.tmdb.org/t/p/original/6ooPjtXufjsoskdJqj6pxuvHEno.png') ON CONFLICT DO NOTHING;
INSERT INTO providers (mediaId, providerId, providerName, logoPath) VALUES( 343, 453, 'Hulu', 'https://image.tmdb.org/t/p/original/pqUTCleNUiTLAVlelGxUgWn1ELh.png') ON CONFLICT DO NOTHING;
INSERT INTO media (mediaId, type, name, originalLanguage, adult, releaseDate, overview, backdropPath, posterPath, trailerLink, tmdbRating,  status) VALUES(344, true, 'From', 'en', False, '2022-02-20',  'Unravel the mystery of a nightmarish town in middle America that traps all those who enter. As the unwilling residents fight to keep a sense of normalcy and search for a way out, they must also survive the threats of the surrounding forest – including the terrifying creatures that come out when the sun goes down.', 'https://image.tmdb.org/t/p/original/hR2pFXMxVihldEk5WoSrV7Yq2ra.jpg', 'https://image.tmdb.org/t/p/original/pnrv8tfOcWxu4CrB8N7xK0jYJsR.jpg', 'https://www.youtube.com/watch?v=QYwb-Vk4FlA', 8.2, 'Returning Series') ON CONFLICT DO NOTHING;
INSERT INTO tv (mediaid , lastAirDate, nextEpisodeToAir, numberOfEpisodes, numberOfSeasons) VALUES( 344, '2023-06-25', NULL , 20, 2) ON CONFLICT DO NOTHING;
INSERT INTO genres (mediaId, genre) VALUES(344, 'Mystery') ON CONFLICT DO NOTHING;
INSERT INTO genres (mediaId, genre) VALUES(344, 'Drama') ON CONFLICT DO NOTHING;
INSERT INTO genres (mediaId, genre) VALUES(344, 'Sci-Fi & Fantasy') ON CONFLICT DO NOTHING;
INSERT INTO creators(mediaId, creatorId, creatorName) VALUES(344, 2347147, 'John Griffin') ON CONFLICT DO NOTHING;
INSERT INTO actors (mediaId, actorId , actorName, characterName, profilePath) VALUES(344, 6195, 'Harold Perrineau', 'Boyd Stevens', 'https://image.tmdb.org/t/p/original/t7zLcryF0UTn2HZuk1RN7y9Abgu.jpg') ON CONFLICT DO NOTHING;
INSERT INTO actors (mediaId, actorId , actorName, characterName, profilePath) VALUES(344, 5887, 'Catalina Sandino Moreno', 'Tabitha Matthews', 'https://image.tmdb.org/t/p/original/78V4H40NXJ6dzqFZaEe1fBelw56.jpg') ON CONFLICT DO NOTHING;
INSERT INTO actors (mediaId, actorId , actorName, characterName, profilePath) VALUES(344, 7498, 'Eion Bailey', 'Jim Matthews', 'https://image.tmdb.org/t/p/original/3DW13W47cKk4LQZwS4EvRaNBoVu.jpg') ON CONFLICT DO NOTHING;
INSERT INTO actors (mediaId, actorId , actorName, characterName, profilePath) VALUES(344, 1562430, 'Hannah Cheramy', 'Julie Matthews', 'https://image.tmdb.org/t/p/original/7IzmZPgIpWazmvAWJKfISL2Wtnu.jpg') ON CONFLICT DO NOTHING;
INSERT INTO actors (mediaId, actorId , actorName, characterName, profilePath) VALUES(344, 3437121, 'Pegah Ghafoori', 'Fatima', 'https://image.tmdb.org/t/p/original/88btGY5LWHRcHgS2GPq5SxJesQe.jpg') ON CONFLICT DO NOTHING;
INSERT INTO actors (mediaId, actorId , actorName, characterName, profilePath) VALUES(344, 3118207, 'Simon Webster', 'Ethan Matthews', 'https://image.tmdb.org/t/p/original/dU4EECKoDEPL2OoSWbwQyvUEtny.jpg') ON CONFLICT DO NOTHING;
INSERT INTO providers (mediaId, providerId, providerName, logoPath) VALUES( 344, 922, 'Epix', 'https://image.tmdb.org/t/p/original/9aH86hGHVQfvhAqrDRv1EINoxua.png') ON CONFLICT DO NOTHING;
INSERT INTO providers (mediaId, providerId, providerName, logoPath) VALUES( 344, 6219, 'MGM+', 'https://image.tmdb.org/t/p/original/89TXvQzvoKvyqD9EEogohzMJ8D6.png') ON CONFLICT DO NOTHING;
INSERT INTO media (mediaId, type, name, originalLanguage, adult, releaseDate, overview, backdropPath, posterPath, trailerLink, tmdbRating,  status) VALUES(345, true, 'Smallville', 'en', False, '2001-10-16',  'The origins of the world’s greatest hero–from Krypton refugee Kal-el’s arrival on Earth through his tumultuous teen years to Clark Kent’s final steps toward embracing his destiny as the Man of Steel.', 'https://image.tmdb.org/t/p/original/9g3x5BSoBWKhzKRNuvm4xm0sExU.jpg', 'https://image.tmdb.org/t/p/original/pUhJGETy2sec4vEkiqJ9eGeIywc.jpg', 'https://www.youtube.com/watch?v=70Y32si4yb8', 8.2, 'Ended') ON CONFLICT DO NOTHING;
INSERT INTO tv (mediaid , lastAirDate, nextEpisodeToAir, numberOfEpisodes, numberOfSeasons) VALUES( 345, '2011-05-13', NULL , 216, 10) ON CONFLICT DO NOTHING;
INSERT INTO genres (mediaId, genre) VALUES(345, 'Sci-Fi & Fantasy') ON CONFLICT DO NOTHING;
INSERT INTO genres (mediaId, genre) VALUES(345, 'Action & Adventure') ON CONFLICT DO NOTHING;
INSERT INTO genres (mediaId, genre) VALUES(345, 'Drama') ON CONFLICT DO NOTHING;
INSERT INTO creators(mediaId, creatorId, creatorName) VALUES(345, 18923, 'Miles Millar') ON CONFLICT DO NOTHING;
INSERT INTO creators(mediaId, creatorId, creatorName) VALUES(345, 18924, 'Alfred Gough') ON CONFLICT DO NOTHING;
INSERT INTO actors (mediaId, actorId , actorName, characterName, profilePath) VALUES(345, 11824, 'Tom Welling', 'Clark Kent', 'https://image.tmdb.org/t/p/original/iLyXgCimAWNHSjkTXb7e5KgcMWh.jpg') ON CONFLICT DO NOTHING;
INSERT INTO actors (mediaId, actorId , actorName, characterName, profilePath) VALUES(345, 46897, 'Erica Durance', 'Lois Lane', 'https://image.tmdb.org/t/p/original/kshDl70fwwTHOvog60VFqMjCFUL.jpg') ON CONFLICT DO NOTHING;
INSERT INTO actors (mediaId, actorId , actorName, characterName, profilePath) VALUES(345, 138770, 'Cassidy Freeman', 'Tess Mercer', 'https://image.tmdb.org/t/p/original/6QooKF97oaUoIrW2lbx36aYYGZH.jpg') ON CONFLICT DO NOTHING;
INSERT INTO actors (mediaId, actorId , actorName, characterName, profilePath) VALUES(345, 1222596, 'Justin Hartley', 'Oliver Queen', 'https://image.tmdb.org/t/p/original/oo7vqWz30pA1tY6quUOnS6O0AgB.jpg') ON CONFLICT DO NOTHING;
INSERT INTO providers (mediaId, providerId, providerName, logoPath) VALUES( 345, 21, 'The WB', 'https://image.tmdb.org/t/p/original/9GlDHjQj9c2dkfARCR3zlH87R66.png') ON CONFLICT DO NOTHING;
INSERT INTO providers (mediaId, providerId, providerName, logoPath) VALUES( 345, 71, 'The CW', 'https://image.tmdb.org/t/p/original/ge9hzeaU7nMtQ4PjkFlc68dGAJ9.png') ON CONFLICT DO NOTHING;
INSERT INTO media (mediaId, type, name, originalLanguage, adult, releaseDate, overview, backdropPath, posterPath, trailerLink, tmdbRating,  status) VALUES(346, true, 'Chicago P.D.', 'en', False, '2014-01-08',  'A riveting police drama about the men and women of the Chicago Police Department''s District 21 who put it all on the line to serve and protect their community. District 21 is made up of two distinctly different groups: the uniformed cops who patrol the beat and go head-to-head with the city''s street crimes and the Intelligence Unit that combats the city''s major offenses - organized crime, drug trafficking, high profile murders and beyond.', 'https://image.tmdb.org/t/p/original/qSrSg6dZeZy6uJ6SfSKbEAwk3Wo.jpg', 'https://image.tmdb.org/t/p/original/7gtp4lusk685hdmuEXMbYrmSQoY.jpg', 'https://www.youtube.com/watch?v=Wji_GTTjPLM', 8.5, 'Returning Series') ON CONFLICT DO NOTHING;
INSERT INTO tv (mediaid , lastAirDate, nextEpisodeToAir, numberOfEpisodes, numberOfSeasons) VALUES( 346, '2023-05-24', NULL , 208, 10) ON CONFLICT DO NOTHING;
INSERT INTO genres (mediaId, genre) VALUES(346, 'Crime') ON CONFLICT DO NOTHING;
INSERT INTO genres (mediaId, genre) VALUES(346, 'Drama') ON CONFLICT DO NOTHING;
INSERT INTO creators(mediaId, creatorId, creatorName) VALUES(346, 117443, 'Dick Wolf') ON CONFLICT DO NOTHING;
INSERT INTO creators(mediaId, creatorId, creatorName) VALUES(346, 1214477, 'Matt Olmstead') ON CONFLICT DO NOTHING;
INSERT INTO actors (mediaId, actorId , actorName, characterName, profilePath) VALUES(346, 37203, 'Jason Beghe', 'Hank Voight', 'https://image.tmdb.org/t/p/original/hrTwOPWek7nkPJgFhh6inFu7vSS.jpg') ON CONFLICT DO NOTHING;
INSERT INTO actors (mediaId, actorId , actorName, characterName, profilePath) VALUES(346, 208678, 'Tracy Spiridakos', 'Hailey Upton', 'https://image.tmdb.org/t/p/original/nXJhr36n6THjGa1JFEoXxW3ezRg.jpg') ON CONFLICT DO NOTHING;
INSERT INTO actors (mediaId, actorId , actorName, characterName, profilePath) VALUES(346, 1100549, 'Marina Squerciati', 'Kim Burgess', 'https://image.tmdb.org/t/p/original/j8OI9j2HUnKCIWgu8DBn7Mm3ryl.jpg') ON CONFLICT DO NOTHING;
INSERT INTO actors (mediaId, actorId , actorName, characterName, profilePath) VALUES(346, 115730, 'Patrick John Flueger', 'Adam Ruzek', 'https://image.tmdb.org/t/p/original/gfUmEGjAUwXJOJs0YekWx8aV2ZP.jpg') ON CONFLICT DO NOTHING;
INSERT INTO actors (mediaId, actorId , actorName, characterName, profilePath) VALUES(346, 1261395, 'LaRoyce Hawkins', 'Kevin Atwater', 'https://image.tmdb.org/t/p/original/vdBrE8uJNo8u0HZKudnctQ6gdOx.jpg') ON CONFLICT DO NOTHING;
INSERT INTO actors (mediaId, actorId , actorName, characterName, profilePath) VALUES(346, 1848255, 'Benjamin Levy Aguilar', 'Dante Torres', 'https://image.tmdb.org/t/p/original/gD36ZUV6enndS1MvWlApmSsFT7z.jpg') ON CONFLICT DO NOTHING;
INSERT INTO actors (mediaId, actorId , actorName, characterName, profilePath) VALUES(346, 26930, 'Amy Morton', 'Trudy Platt', 'https://image.tmdb.org/t/p/original/2qLHQpxvFMlMKf7qeBKGRTsJF4S.jpg') ON CONFLICT DO NOTHING;
INSERT INTO providers (mediaId, providerId, providerName, logoPath) VALUES( 346, 6, 'NBC', 'https://image.tmdb.org/t/p/original/cm111bsDVlYaC1foL0itvEI4yLG.png') ON CONFLICT DO NOTHING;
INSERT INTO media (mediaId, type, name, originalLanguage, adult, releaseDate, overview, backdropPath, posterPath, trailerLink, tmdbRating,  status) VALUES(347, true, 'De Slimste Mens ter Wereld', 'nl', False, '2003-09-01',  '', 'https://image.tmdb.org/t/p/original/355jd1XQ9Ng7o2rbcqQ6aDWCHSz.jpg', 'https://image.tmdb.org/t/p/original/fvCDqUX0cpiS35CtsBlyL49R8UQ.jpg', 'None', 7.7, 'Returning Series') ON CONFLICT DO NOTHING;
INSERT INTO tv (mediaid , lastAirDate, nextEpisodeToAir, numberOfEpisodes, numberOfSeasons) VALUES( 347, '2023-10-17', '2023-10-18' , 751, 21) ON CONFLICT DO NOTHING;
INSERT INTO genres (mediaId, genre) VALUES(347, 'Family') ON CONFLICT DO NOTHING;
INSERT INTO actors (mediaId, actorId , actorName, characterName, profilePath) VALUES(347, 82418, 'Erik Van Looy', 'Self - Host', 'https://image.tmdb.org/t/p/original/j77gE9eOYxax7Ae83Z906n4BWQ1.jpg') ON CONFLICT DO NOTHING;
INSERT INTO actors (mediaId, actorId , actorName, characterName, profilePath) VALUES(347, 3181906, 'Annelien Coorevits', 'Self', 'https://image.tmdb.org/t/p/original/jG42YJYAuWMTCCcUp78dlBHmFgZ.jpg') ON CONFLICT DO NOTHING;
INSERT INTO actors (mediaId, actorId , actorName, characterName, profilePath) VALUES(347, 3729263, 'Jade Mintjens', 'Self', 'https://image.tmdb.org/t/p/original/6Y3NrdHJ3AhFlQcTgSmPMcWDC32.jpg') ON CONFLICT DO NOTHING;
INSERT INTO actors (mediaId, actorId , actorName, characterName, profilePath) VALUES(347, 94307, 'Alex Agnew', 'Self', 'https://image.tmdb.org/t/p/original/AkaJVZardp5PHjVBLoCkgAeKkzv.jpg') ON CONFLICT DO NOTHING;
INSERT INTO actors (mediaId, actorId , actorName, characterName, profilePath) VALUES(347, 1489560, 'Robin Pront', 'Self', 'https://image.tmdb.org/t/p/original/s2dQVf2ncIDYgLgEH4io2Gi0JwW.jpg') ON CONFLICT DO NOTHING;
INSERT INTO actors (mediaId, actorId , actorName, characterName, profilePath) VALUES(347, 1937116, 'Jennifer Heylen', 'Self - Judge', 'https://image.tmdb.org/t/p/original/3fHBkxGIF8Ws2uq57KEtn5lMSLd.jpg') ON CONFLICT DO NOTHING;
INSERT INTO actors (mediaId, actorId , actorName, characterName, profilePath) VALUES(347, 3819619, 'Elisabeth Lucie Baeten', 'Self', 'https://image.tmdb.org/t/p/original/A7vvhkSyxjm5F3qezRFOdfWc0xV.jpg') ON CONFLICT DO NOTHING;
INSERT INTO actors (mediaId, actorId , actorName, characterName, profilePath) VALUES(347, 4290371, 'Toby Alderweireld', 'Self', 'None') ON CONFLICT DO NOTHING;
INSERT INTO actors (mediaId, actorId , actorName, characterName, profilePath) VALUES(347, 1287319, 'Ella Leyers', 'Self - Judge', 'https://image.tmdb.org/t/p/original/6ie0tfJNfKnumCb6JyGZ5osejS8.jpg') ON CONFLICT DO NOTHING;
INSERT INTO actors (mediaId, actorId , actorName, characterName, profilePath) VALUES(347, 1125597, 'Jeroom Snelders', 'Self - Judge', 'https://image.tmdb.org/t/p/original/hBD7PIKTcCEqfGAW7aicRgTRvdl.jpg') ON CONFLICT DO NOTHING;
INSERT INTO providers (mediaId, providerId, providerName, logoPath) VALUES( 347, 1028, 'VRT 1', 'https://image.tmdb.org/t/p/original/nlcRu8gGckTe83evTTtwbM3SCYz.png') ON CONFLICT DO NOTHING;
INSERT INTO providers (mediaId, providerId, providerName, logoPath) VALUES( 347, 1039, 'Play4', 'https://image.tmdb.org/t/p/original/3s8D7fjKyxmctqTvMziqtOZ5Bq2.png') ON CONFLICT DO NOTHING;
INSERT INTO media (mediaId, type, name, originalLanguage, adult, releaseDate, overview, backdropPath, posterPath, trailerLink, tmdbRating,  status) VALUES(348, true, 'King the Land', 'ko', False, '2023-06-17',  'Amid a tense inheritance fight, a charming heir clashes with his hardworking employee who''s known for her irresistible smile — which he cannot stand.', 'https://image.tmdb.org/t/p/original/rHiz6GHA2bUPEtTDZvhbTmzlNm6.jpg', 'https://image.tmdb.org/t/p/original/oqpzn6xcqqZpk3DB3z3sT6UFkZp.jpg', 'https://www.youtube.com/watch?v=AGF16szMOmo', 7.6, 'Ended') ON CONFLICT DO NOTHING;
INSERT INTO tv (mediaid , lastAirDate, nextEpisodeToAir, numberOfEpisodes, numberOfSeasons) VALUES( 348, '2023-08-06', NULL , 16, 1) ON CONFLICT DO NOTHING;
INSERT INTO genres (mediaId, genre) VALUES(348, 'Drama') ON CONFLICT DO NOTHING;
INSERT INTO genres (mediaId, genre) VALUES(348, 'Comedy') ON CONFLICT DO NOTHING;
INSERT INTO creators(mediaId, creatorId, creatorName) VALUES(348, 1108065, 'Chun Sung-il') ON CONFLICT DO NOTHING;
INSERT INTO actors (mediaId, actorId , actorName, characterName, profilePath) VALUES(348, 1320503, 'Lee Jun-ho', 'Gu Won', 'https://image.tmdb.org/t/p/original/DJYwG0eWdCoxvqWhLsnJNKQlMR.jpg') ON CONFLICT DO NOTHING;
INSERT INTO actors (mediaId, actorId , actorName, characterName, profilePath) VALUES(348, 1252045, 'Yoona', 'Cheon Sa-rang', 'https://image.tmdb.org/t/p/original/bYsSlDKTRL4uZwiHDjVJUrCQhMd.jpg') ON CONFLICT DO NOTHING;
INSERT INTO actors (mediaId, actorId , actorName, characterName, profilePath) VALUES(348, 1496155, 'Go Won-hee', 'Oh Pyeong-hwa', 'https://image.tmdb.org/t/p/original/iHGHhIe4keVyxzUKNB0skR1wfGW.jpg') ON CONFLICT DO NOTHING;
INSERT INTO actors (mediaId, actorId , actorName, characterName, profilePath) VALUES(348, 1311205, 'Kim Ga-eun', 'Kang Da-eul', 'https://image.tmdb.org/t/p/original/t2haTBmIk1ru5gBj9lnVzWXIyAK.jpg') ON CONFLICT DO NOTHING;
INSERT INTO actors (mediaId, actorId , actorName, characterName, profilePath) VALUES(348, 1676565, 'Ahn Se-ha', 'Roh Sang-shik', 'https://image.tmdb.org/t/p/original/ah6E27lc3UJrLPLArSEsgY4GXCu.jpg') ON CONFLICT DO NOTHING;
INSERT INTO actors (mediaId, actorId , actorName, characterName, profilePath) VALUES(348, 3244773, 'Kim Jae-won', 'Lee Ro-woon', 'https://image.tmdb.org/t/p/original/mbTnqW6VHjsRJFufLQrxnNGpUHf.jpg') ON CONFLICT DO NOTHING;
INSERT INTO actors (mediaId, actorId , actorName, characterName, profilePath) VALUES(348, 42799, 'Son Byung-ho', 'Gu Il-hoon', 'https://image.tmdb.org/t/p/original/m1LTEGcOSnaDJfWP3jZtANMS8qG.jpg') ON CONFLICT DO NOTHING;
INSERT INTO actors (mediaId, actorId , actorName, characterName, profilePath) VALUES(348, 4114503, 'Kim Sun-young', 'Gu Hwa-ran', 'https://image.tmdb.org/t/p/original/jkmEKqdgWL9Mf8rfM10rloWP37f.jpg') ON CONFLICT DO NOTHING;
INSERT INTO actors (mediaId, actorId , actorName, characterName, profilePath) VALUES(348, 141153, 'Kim Young-ok', 'Cha Soon-hee', 'https://image.tmdb.org/t/p/original/vBk5QGcAFl8rlbkOoV898pa5GAi.jpg') ON CONFLICT DO NOTHING;
INSERT INTO actors (mediaId, actorId , actorName, characterName, profilePath) VALUES(348, 1541780, 'Kong Ye-ji', 'Kim Soo-mi', 'https://image.tmdb.org/t/p/original/xdvvQI3FFDbZWlYnSfGi0WiiG3P.jpg') ON CONFLICT DO NOTHING;
INSERT INTO providers (mediaId, providerId, providerName, logoPath) VALUES( 348, 885, 'JTBC', 'https://image.tmdb.org/t/p/original/44I4aVlasm8Blb8WPGXTkMYuZJF.png') ON CONFLICT DO NOTHING;
INSERT INTO media (mediaId, type, name, originalLanguage, adult, releaseDate, overview, backdropPath, posterPath, trailerLink, tmdbRating,  status) VALUES(349, true, 'The Demon Sword Master of Excalibur Academy', 'ja', False, '2023-10-03',  'Awakening from magical stasis after a thousand years, the Dark Lord Leonis suddenly finds himself in the body of a ten-year-old boy! He quickly meets Riselia, a girl confronting the Voids, creatures that have nearly exterminated humanity. Determined to uncover the mysteries of this strange new era, Leonis enrolls in Excalibur Academy, a school that trains students to fight back against these enigmatic monsters. Could the Voids hold some connection to Leonis''s past?', 'https://image.tmdb.org/t/p/original/bZHjzQEFcGUBVUy4K8Kdcam7mbx.jpg', 'https://image.tmdb.org/t/p/original/h4OUGWuxjBlvsbgi62g26deXclc.jpg', 'None', 6, 'Returning Series') ON CONFLICT DO NOTHING;
INSERT INTO tv (mediaid , lastAirDate, nextEpisodeToAir, numberOfEpisodes, numberOfSeasons) VALUES( 349, '2023-10-17', '2023-10-24' , 12, 1) ON CONFLICT DO NOTHING;
INSERT INTO genres (mediaId, genre) VALUES(349, 'Animation') ON CONFLICT DO NOTHING;
INSERT INTO genres (mediaId, genre) VALUES(349, 'Comedy') ON CONFLICT DO NOTHING;
INSERT INTO genres (mediaId, genre) VALUES(349, 'Action & Adventure') ON CONFLICT DO NOTHING;
INSERT INTO genres (mediaId, genre) VALUES(349, 'Sci-Fi & Fantasy') ON CONFLICT DO NOTHING;
INSERT INTO actors (mediaId, actorId , actorName, characterName, profilePath) VALUES(349, 90135, 'Marina Inoue', 'Leonis (voice)', 'https://image.tmdb.org/t/p/original/nQ7a3krkbea6ukw9KGvvTpMma96.jpg') ON CONFLICT DO NOTHING;
INSERT INTO actors (mediaId, actorId , actorName, characterName, profilePath) VALUES(349, 1224288, 'Yui Ishikawa', 'Riselia (voice)', 'https://image.tmdb.org/t/p/original/zptGIN1iklKJL1xrfHKOpxR2qJ9.jpg') ON CONFLICT DO NOTHING;
INSERT INTO actors (mediaId, actorId , actorName, characterName, profilePath) VALUES(349, 1258548, 'Aya Suzaki', 'Regina (voice)', 'https://image.tmdb.org/t/p/original/5WseHNh19237dDQqzsoqzTjmdQz.jpg') ON CONFLICT DO NOTHING;
INSERT INTO actors (mediaId, actorId , actorName, characterName, profilePath) VALUES(349, 1255652, 'Hiromi Igarashi', 'Elfiné (voice)', 'https://image.tmdb.org/t/p/original/gVekFBqULH89fNfSOMi7oyPG27f.jpg') ON CONFLICT DO NOTHING;
INSERT INTO actors (mediaId, actorId , actorName, characterName, profilePath) VALUES(349, 1814182, 'Honoka Kuroki', 'Sakuya (voice)', 'https://image.tmdb.org/t/p/original/8DpcbNpSuE5IMHjztmj1YfO6nMn.jpg') ON CONFLICT DO NOTHING;
INSERT INTO actors (mediaId, actorId , actorName, characterName, profilePath) VALUES(349, 1899460, 'Arisa Nakada', 'Shary (voice)', 'https://image.tmdb.org/t/p/original/kpbsua0TFmbEJVGu7yDRy9pPyZj.jpg') ON CONFLICT DO NOTHING;
INSERT INTO actors (mediaId, actorId , actorName, characterName, profilePath) VALUES(349, 3579155, 'Tomofumi Ikezoe', 'Blackas Shadow Prince (voice)', 'https://image.tmdb.org/t/p/original/cDwtP5JVoG0Al45jqy82drkI0r9.jpg') ON CONFLICT DO NOTHING;
INSERT INTO actors (mediaId, actorId , actorName, characterName, profilePath) VALUES(349, 1324646, 'Ai Kakuma', 'Roselia (voice)', 'https://image.tmdb.org/t/p/original/bu03S2xA7cbKtcvaJWAuMKSZifh.jpg') ON CONFLICT DO NOTHING;
INSERT INTO actors (mediaId, actorId , actorName, characterName, profilePath) VALUES(349, 1096528, 'Daisuke Hirakawa', 'Demon Lord Leonis (voice)', 'https://image.tmdb.org/t/p/original/b7FddQn3GktZ1CkA1HOpwWRjEew.jpg') ON CONFLICT DO NOTHING;
INSERT INTO providers (mediaId, providerId, providerName, logoPath) VALUES( 349, 98, 'TV Tokyo', 'https://image.tmdb.org/t/p/original/1oTje9uOhRcuLSAc8ERn0cnG51i.png') ON CONFLICT DO NOTHING;
INSERT INTO media (mediaId, type, name, originalLanguage, adult, releaseDate, overview, backdropPath, posterPath, trailerLink, tmdbRating,  status) VALUES(350, true, 'Magnum P.I.', 'en', False, '2018-09-24',  'Thomas Magnum, a decorated former Navy SEAL who, upon returning home from Afghanistan, repurposes his military skills to become a private investigator in Hawaii taking jobs no one else will with the help of fellow vets T.C. Calvin and Rick Wright, and the former MI:6 agent Higgins.', 'https://image.tmdb.org/t/p/original/o0HhgNdfBQBTnONkAYGl2UNbniR.jpg', 'https://image.tmdb.org/t/p/original/hN7DKusbmKPqSZnMG5hemioMAiE.jpg', 'https://www.youtube.com/watch?v=qMmv9JFOEB0', 7.6, 'Returning Series') ON CONFLICT DO NOTHING;
INSERT INTO tv (mediaid , lastAirDate, nextEpisodeToAir, numberOfEpisodes, numberOfSeasons) VALUES( 350, '2023-10-11', '2023-10-18' , 96, 5) ON CONFLICT DO NOTHING;
INSERT INTO genres (mediaId, genre) VALUES(350, 'Action & Adventure') ON CONFLICT DO NOTHING;
INSERT INTO creators(mediaId, creatorId, creatorName) VALUES(350, 58839, 'Peter M. Lenkov') ON CONFLICT DO NOTHING;
INSERT INTO creators(mediaId, creatorId, creatorName) VALUES(350, 84340, 'Eric Guggenheim') ON CONFLICT DO NOTHING;
INSERT INTO actors (mediaId, actorId , actorName, characterName, profilePath) VALUES(350, 19487, 'Jay Hernandez', 'Thomas Magnum', 'https://image.tmdb.org/t/p/original/4UYLC0mEosMmOJ3civAGHgjZIah.jpg') ON CONFLICT DO NOTHING;
INSERT INTO actors (mediaId, actorId , actorName, characterName, profilePath) VALUES(350, 207549, 'Perdita Weeks', 'Juliet Higgins', 'https://image.tmdb.org/t/p/original/2XHfEagkwU9DowhDtG0vi5kagMp.jpg') ON CONFLICT DO NOTHING;
INSERT INTO actors (mediaId, actorId , actorName, characterName, profilePath) VALUES(350, 54834, 'Zachary Knighton', 'Orville “Rick” Wright', 'https://image.tmdb.org/t/p/original/dtpt1IvPKHaEQmakARofIGhrJOL.jpg') ON CONFLICT DO NOTHING;
INSERT INTO actors (mediaId, actorId , actorName, characterName, profilePath) VALUES(350, 1418811, 'Stephen Hill', 'Theodore “T.C.” Calvin', 'https://image.tmdb.org/t/p/original/fPvSPcKG6lzcWzWccp89L2dN17t.jpg') ON CONFLICT DO NOTHING;
INSERT INTO actors (mediaId, actorId , actorName, characterName, profilePath) VALUES(350, 52947, 'Tim Kang', 'Det. Gordon Katsumoto', 'https://image.tmdb.org/t/p/original/Ae7qMN6fJTut145qpeSn1NOu8yx.jpg') ON CONFLICT DO NOTHING;
INSERT INTO actors (mediaId, actorId , actorName, characterName, profilePath) VALUES(350, 59401, 'Amy Hill', 'Teuila "Kumu" Tuileta', 'https://image.tmdb.org/t/p/original/x5vR2MXZiWGHkppRXlXYj7y7611.jpg') ON CONFLICT DO NOTHING;
INSERT INTO providers (mediaId, providerId, providerName, logoPath) VALUES( 350, 6, 'NBC', 'https://image.tmdb.org/t/p/original/cm111bsDVlYaC1foL0itvEI4yLG.png') ON CONFLICT DO NOTHING;
INSERT INTO providers (mediaId, providerId, providerName, logoPath) VALUES( 350, 16, 'CBS', 'https://image.tmdb.org/t/p/original/wju8KhOUsR5y4bH9p3Jc50hhaLO.png') ON CONFLICT DO NOTHING;
INSERT INTO media (mediaId, type, name, originalLanguage, adult, releaseDate, overview, backdropPath, posterPath, trailerLink, tmdbRating,  status) VALUES(351, true, 'Gourmet in Tang Dynasty Season 2', 'zh', False, '2023-10-02',  'After the previous season''s plot ended, Yuan Wan''er, who traveled to the Tang Dynasty, tried hard to return to her original world - but when she traveled again, she only traveled five years later! This time, Wan''er became a student at the Great Eastern Academy. She was originally a college student, but Yuan Wan''er didn''t know anything other than cooking! Wan''er''s best friend, Lin Yu, mistakenly believed that her disorder was due to her infatuation with foreign student Silla Prince Jin Decheng, so he devised a confession plan for her. As a result, Wan''er became a thorn in the side of her classmate Fang Qingcheng - the plump Fang Qingcheng was recognized as a beauty. She also liked Jin Decheng and kept teasing and harassing Wan''er. Wan''er couldn''t bear it. and agreed to the debate competition proposed by Fang Qingcheng', 'https://image.tmdb.org/t/p/original/awWv2QyA0Yiq3ImIMAnx88JoC2p.jpg', 'https://image.tmdb.org/t/p/original/cy7mHAgx9EF4OOkBlTAB8aej0eM.jpg', 'None', 0, 'Returning Series') ON CONFLICT DO NOTHING;
INSERT INTO tv (mediaid , lastAirDate, nextEpisodeToAir, numberOfEpisodes, numberOfSeasons) VALUES( 351, '2023-10-17', '2023-10-18' , 42, 1) ON CONFLICT DO NOTHING;
INSERT INTO media (mediaId, type, name, originalLanguage, adult, releaseDate, overview, backdropPath, posterPath, trailerLink, tmdbRating,  status) VALUES(352, true, 'Plus belle la vie', 'fr', False, '2004-08-30',  'The daily lives of the inhabitants of "le Mistral", an imaginary neighbourhood in the Mediterranean port city of Marseille, where wealthy families cross paths with the less than rich.', 'https://image.tmdb.org/t/p/original/5rAkDWDtMqkZBAyNCeSiXkAoubJ.jpg', 'https://image.tmdb.org/t/p/original/jmU8HlTDn87xmRqXagcL2swDr8I.jpg', 'None', 4.3, 'Ended') ON CONFLICT DO NOTHING;
INSERT INTO tv (mediaid , lastAirDate, nextEpisodeToAir, numberOfEpisodes, numberOfSeasons) VALUES( 352, '2022-11-18', NULL , 4667, 18) ON CONFLICT DO NOTHING;
INSERT INTO genres (mediaId, genre) VALUES(352, 'Drama') ON CONFLICT DO NOTHING;
INSERT INTO genres (mediaId, genre) VALUES(352, 'Comedy') ON CONFLICT DO NOTHING;
INSERT INTO creators(mediaId, creatorId, creatorName) VALUES(352, 979621, 'Magaly Richard-Serrano') ON CONFLICT DO NOTHING;
INSERT INTO creators(mediaId, creatorId, creatorName) VALUES(352, 1241310, 'Bénedicte Achard') ON CONFLICT DO NOTHING;
INSERT INTO creators(mediaId, creatorId, creatorName) VALUES(352, 1241311, 'Georges Desmouceaux') ON CONFLICT DO NOTHING;
INSERT INTO creators(mediaId, creatorId, creatorName) VALUES(352, 1241312, 'Olivier Szulzynger') ON CONFLICT DO NOTHING;
INSERT INTO actors (mediaId, actorId , actorName, characterName, profilePath) VALUES(352, 579259, 'Michel Cordes', 'Roland Marci', 'https://image.tmdb.org/t/p/original/bjZCeUoijC5WKVtOXLJybbxHe9D.jpg') ON CONFLICT DO NOTHING;
INSERT INTO actors (mediaId, actorId , actorName, characterName, profilePath) VALUES(352, 2540637, 'Laurent Kerusoré', 'Thomas Marci', 'https://image.tmdb.org/t/p/original/j5TrKscirrGlDCgKfCVvUi7GhFH.jpg') ON CONFLICT DO NOTHING;
INSERT INTO actors (mediaId, actorId , actorName, characterName, profilePath) VALUES(352, 3626077, 'Éléonore Sarrazin', 'Sabrina Gocelin', 'https://image.tmdb.org/t/p/original/rAhGVKidwE1ZfmXE9MoxH4vGYaG.jpg') ON CONFLICT DO NOTHING;
INSERT INTO actors (mediaId, actorId , actorName, characterName, profilePath) VALUES(352, 1720648, 'Cécilia Hornus', 'Blanche Marci', 'https://image.tmdb.org/t/p/original/bbaFaqPoywxRGmypJJEFliLx7QB.jpg') ON CONFLICT DO NOTHING;
INSERT INTO actors (mediaId, actorId , actorName, characterName, profilePath) VALUES(352, 144916, 'Rebecca Hampton', 'Céline Frémont', 'https://image.tmdb.org/t/p/original/4jlGAkNfly8wrm3af6vIjpBgizt.jpg') ON CONFLICT DO NOTHING;
INSERT INTO actors (mediaId, actorId , actorName, characterName, profilePath) VALUES(352, 2198192, 'Anne Décis', 'Luna Torres', 'https://image.tmdb.org/t/p/original/eMjwJnXLwOzP3gFEySdoeCwwalu.jpg') ON CONFLICT DO NOTHING;
INSERT INTO actors (mediaId, actorId , actorName, characterName, profilePath) VALUES(352, 35531, 'Serge Dupire', 'Vincent Chaumette', 'https://image.tmdb.org/t/p/original/cKlLYOJlTuvaGJ5L9lCiWv9IxMx.jpg') ON CONFLICT DO NOTHING;
INSERT INTO actors (mediaId, actorId , actorName, characterName, profilePath) VALUES(352, 1389470, 'Sylvie Flepp', 'Mirta Torres', 'None') ON CONFLICT DO NOTHING;
INSERT INTO actors (mediaId, actorId , actorName, characterName, profilePath) VALUES(352, 231436, 'Lisa Cipriani', 'Camille Rimez', 'https://image.tmdb.org/t/p/original/vuKCQ6Wdl2GPHdqepBUKUjbnlRQ.jpg') ON CONFLICT DO NOTHING;
INSERT INTO actors (mediaId, actorId , actorName, characterName, profilePath) VALUES(352, 2845438, 'Pauline Bression', 'Emma Rimez', 'None') ON CONFLICT DO NOTHING;
INSERT INTO providers (mediaId, providerId, providerName, logoPath) VALUES( 352, 249, 'France 3', 'https://image.tmdb.org/t/p/original/1ePfTUHHvBlVQxa0Fltx5kWhIs5.png') ON CONFLICT DO NOTHING;
INSERT INTO media (mediaId, type, name, originalLanguage, adult, releaseDate, overview, backdropPath, posterPath, trailerLink, tmdbRating,  status) VALUES(353, true, 'Prison Break', 'en', False, '2005-08-29',  'Due to a political conspiracy, an innocent man is sent to death row and his only hope is his brother, who makes it his mission to deliberately get himself sent to the same prison in order to break the both of them out, from the inside out.', 'https://image.tmdb.org/t/p/original/6Y821aMRymfb737VBaCY1gsTWW.jpg', 'https://image.tmdb.org/t/p/original/5E1BhkCgjLBlqx557Z5yzcN0i88.jpg', 'https://www.youtube.com/watch?v=AL9zLctDJaU', 8.1, 'Ended') ON CONFLICT DO NOTHING;
INSERT INTO tv (mediaid , lastAirDate, nextEpisodeToAir, numberOfEpisodes, numberOfSeasons) VALUES( 353, '2017-05-30', NULL , 88, 5) ON CONFLICT DO NOTHING;
INSERT INTO genres (mediaId, genre) VALUES(353, 'Action & Adventure') ON CONFLICT DO NOTHING;
INSERT INTO genres (mediaId, genre) VALUES(353, 'Crime') ON CONFLICT DO NOTHING;
INSERT INTO genres (mediaId, genre) VALUES(353, 'Drama') ON CONFLICT DO NOTHING;
INSERT INTO creators(mediaId, creatorId, creatorName) VALUES(353, 54869, 'Paul T. Scheuring') ON CONFLICT DO NOTHING;
INSERT INTO actors (mediaId, actorId , actorName, characterName, profilePath) VALUES(353, 3972, 'Wentworth Miller', 'Michael Scofield', 'https://image.tmdb.org/t/p/original/js09M98qo6rEyyIlTbRMI6XiZJH.jpg') ON CONFLICT DO NOTHING;
INSERT INTO actors (mediaId, actorId , actorName, characterName, profilePath) VALUES(353, 10862, 'Dominic Purcell', 'Lincoln Burrows', 'https://image.tmdb.org/t/p/original/30giDZ53c8f72pPbXCLK9xMSAnw.jpg') ON CONFLICT DO NOTHING;
INSERT INTO actors (mediaId, actorId , actorName, characterName, profilePath) VALUES(353, 86468, 'Sarah Wayne Callies', 'Sara Tancredi', 'https://image.tmdb.org/t/p/original/8XY5IzV1sK2exuyYL5VULQnBERG.jpg') ON CONFLICT DO NOTHING;
INSERT INTO actors (mediaId, actorId , actorName, characterName, profilePath) VALUES(353, 17342, 'Paul Adelstein', 'Paul Kellerman', 'https://image.tmdb.org/t/p/original/9qkGnEWPzGayZg9gaB4xbP8UL4g.jpg') ON CONFLICT DO NOTHING;
INSERT INTO actors (mediaId, actorId , actorName, characterName, profilePath) VALUES(353, 17345, 'Rockmond Dunbar', 'Benjamin "C-Note" Franklin', 'https://image.tmdb.org/t/p/original/gim7zIrYkbKWsp2Kod7fp74fWyI.jpg') ON CONFLICT DO NOTHING;
INSERT INTO actors (mediaId, actorId , actorName, characterName, profilePath) VALUES(353, 17343, 'Robert Knepper', 'Theodore "T-Bag" Bagwell', 'https://image.tmdb.org/t/p/original/w40AttR4OPQvjYyTVanq5Rm5iOb.jpg') ON CONFLICT DO NOTHING;
INSERT INTO actors (mediaId, actorId , actorName, characterName, profilePath) VALUES(353, 17341, 'Amaury Nolasco', 'Fernando Sucre', 'https://image.tmdb.org/t/p/original/djcol6Qn1opxkj5oebTMtOnbOnc.jpg') ON CONFLICT DO NOTHING;
INSERT INTO actors (mediaId, actorId , actorName, characterName, profilePath) VALUES(353, 211596, 'Inbar Lavi', 'Sheba', 'https://image.tmdb.org/t/p/original/sqFiHX6niOU3U7QT5FXGEarvZ1R.jpg') ON CONFLICT DO NOTHING;
INSERT INTO actors (mediaId, actorId , actorName, characterName, profilePath) VALUES(353, 3309, 'Augustus Prew', 'David "Whip" Martin', 'https://image.tmdb.org/t/p/original/37cPl9BaiCY24eMMMOxlZuTkGo7.jpg') ON CONFLICT DO NOTHING;
INSERT INTO actors (mediaId, actorId , actorName, characterName, profilePath) VALUES(353, 11365, 'Mark Feuerstein', 'Jacob Ness', 'https://image.tmdb.org/t/p/original/1XsbDSx7hqhaY9Sjjx86iTp43S0.jpg') ON CONFLICT DO NOTHING;
INSERT INTO providers (mediaId, providerId, providerName, logoPath) VALUES( 353, 19, 'FOX', 'https://image.tmdb.org/t/p/original/1DSpHrWyOORkL9N2QHX7Adt31mQ.png') ON CONFLICT DO NOTHING;
INSERT INTO media (mediaId, type, name, originalLanguage, adult, releaseDate, overview, backdropPath, posterPath, trailerLink, tmdbRating,  status) VALUES(354, true, 'Unbreak My Heart', 'tl', False, '2023-05-29',  'Romance blossoms between a young man and a woman who is searching for her estranged daughter in Europe. After their relationship failed, a twist of fate brings him and her daughter together.', 'https://image.tmdb.org/t/p/original/qiDQd833gSIKkLDihRFR2VVVaHm.jpg', 'https://image.tmdb.org/t/p/original/wfO9G3tSQ3FZgI5adbJeAmM8uoG.jpg', 'https://www.youtube.com/watch?v=I5wlQfEhclQ', 0, 'Returning Series') ON CONFLICT DO NOTHING;
INSERT INTO tv (mediaid , lastAirDate, nextEpisodeToAir, numberOfEpisodes, numberOfSeasons) VALUES( 354, '2023-10-17', '2023-10-18' , 104, 2) ON CONFLICT DO NOTHING;
INSERT INTO genres (mediaId, genre) VALUES(354, 'Drama') ON CONFLICT DO NOTHING;
INSERT INTO actors (mediaId, actorId , actorName, characterName, profilePath) VALUES(354, 225446, 'Jodi Sta. Maria', 'Rose Jacinto-Zhang', 'https://image.tmdb.org/t/p/original/knAcC6d1uDPtIbjvsYE9EbjZtyr.jpg') ON CONFLICT DO NOTHING;
INSERT INTO actors (mediaId, actorId , actorName, characterName, profilePath) VALUES(354, 1949603, 'Gabbi Garcia', 'Alexandra Jacinto-Zhang / Alex / Xandra', 'https://image.tmdb.org/t/p/original/ymGQhMZaNoCyXY4rNb2vDl4mKNT.jpg') ON CONFLICT DO NOTHING;
INSERT INTO actors (mediaId, actorId , actorName, characterName, profilePath) VALUES(354, 1193529, 'Richard Yap', 'Matteo Zhang / Matt', 'None') ON CONFLICT DO NOTHING;
INSERT INTO actors (mediaId, actorId , actorName, characterName, profilePath) VALUES(354, 1495822, 'Joshua Garcia', 'Lorenzo Isidro / Renz', 'https://image.tmdb.org/t/p/original/eLKpAquVOKrikYCszkj7QQPEACi.jpg') ON CONFLICT DO NOTHING;
INSERT INTO actors (mediaId, actorId , actorName, characterName, profilePath) VALUES(354, 1090822, 'Maey Bautista', 'Elsie', 'None') ON CONFLICT DO NOTHING;
INSERT INTO actors (mediaId, actorId , actorName, characterName, profilePath) VALUES(354, 3886817, 'Will Ashley', 'Jerry Keller', 'None') ON CONFLICT DO NOTHING;
INSERT INTO actors (mediaId, actorId , actorName, characterName, profilePath) VALUES(354, 3259314, 'Bianca de Vera', 'Gwen Sarmiento', 'None') ON CONFLICT DO NOTHING;
INSERT INTO actors (mediaId, actorId , actorName, characterName, profilePath) VALUES(354, 113256, 'Nikki Valdez', 'Luz Keller', 'https://image.tmdb.org/t/p/original/9fhsEQhAWnu4hinf7egOyQvSUEX.jpg') ON CONFLICT DO NOTHING;
INSERT INTO actors (mediaId, actorId , actorName, characterName, profilePath) VALUES(354, 1020800, 'Eula Valdez', 'Vangie Isidro', 'https://image.tmdb.org/t/p/original/6IgkQugnfjqkUFM64xCqQNgJcnw.jpg') ON CONFLICT DO NOTHING;
INSERT INTO actors (mediaId, actorId , actorName, characterName, profilePath) VALUES(354, 108689, 'Laurice Guillen', 'Lily Tansengco-Zhang', 'https://image.tmdb.org/t/p/original/x1oPreyFQQRihEBQMu3VDmjeByP.jpg') ON CONFLICT DO NOTHING;
INSERT INTO providers (mediaId, providerId, providerName, logoPath) VALUES( 354, 50, 'GMA Network', 'https://image.tmdb.org/t/p/original/ftB1h0NyMIeu1H1AtZ8BXtsYIiA.png') ON CONFLICT DO NOTHING;
INSERT INTO media (mediaId, type, name, originalLanguage, adult, releaseDate, overview, backdropPath, posterPath, trailerLink, tmdbRating,  status) VALUES(355, true, 'Teen Wolf', 'en', False, '2011-06-05',  'Scott McCall, a high school student living in the town of Beacon Hills has his life drastically changed when he''s bitten by a werewolf, becoming one himself. He must henceforth learn to balance his problematic new identity with his day-to-day teenage life. The following characters are instrumental to his struggle: Stiles, his best friend; Allison, his love interest who comes from a family of werewolf hunters; and Derek, a mysterious werewolf with a dark past. Throughout the series, he strives to keep his loved ones safe while maintaining normal relationships with them.', 'https://image.tmdb.org/t/p/original/1F2RnXLc0fmRt7iWfBK4mNVsjno.jpg', 'https://image.tmdb.org/t/p/original/fmlMmxSBgPEunHS5gjokIej048g.jpg', 'None', 8.6, 'Ended') ON CONFLICT DO NOTHING;
INSERT INTO tv (mediaid , lastAirDate, nextEpisodeToAir, numberOfEpisodes, numberOfSeasons) VALUES( 355, '2017-09-24', NULL , 100, 6) ON CONFLICT DO NOTHING;
INSERT INTO genres (mediaId, genre) VALUES(355, 'Sci-Fi & Fantasy') ON CONFLICT DO NOTHING;
INSERT INTO genres (mediaId, genre) VALUES(355, 'Drama') ON CONFLICT DO NOTHING;
INSERT INTO creators(mediaId, creatorId, creatorName) VALUES(355, 1235310, 'Jeff Davis') ON CONFLICT DO NOTHING;
INSERT INTO actors (mediaId, actorId , actorName, characterName, profilePath) VALUES(355, 53280, 'Tyler Posey', 'Scott McCall', 'https://image.tmdb.org/t/p/original/eXeus5vixCYfehHFUA0zgQfiqN6.jpg') ON CONFLICT DO NOTHING;
INSERT INTO actors (mediaId, actorId , actorName, characterName, profilePath) VALUES(355, 527393, 'Dylan O''Brien', 'Stiles Stilinski', 'https://image.tmdb.org/t/p/original/7jaI9lweFXON62ykSgF2tIgoRCj.jpg') ON CONFLICT DO NOTHING;
INSERT INTO actors (mediaId, actorId , actorName, characterName, profilePath) VALUES(355, 208782, 'Holland Roden', 'Lydia Martin', 'https://image.tmdb.org/t/p/original/hwifrZI0xNTfMt6PzY6kabi8lNB.jpg') ON CONFLICT DO NOTHING;
INSERT INTO actors (mediaId, actorId , actorName, characterName, profilePath) VALUES(355, 444211, 'Shelley Hennig', 'Malia Tate', 'https://image.tmdb.org/t/p/original/gvyjQPlglQuN2X1h0KGEZOo7Ggc.jpg') ON CONFLICT DO NOTHING;
INSERT INTO actors (mediaId, actorId , actorName, characterName, profilePath) VALUES(355, 236302, 'Dylan Sprayberry', 'Liam Dunbar', 'https://image.tmdb.org/t/p/original/buzNvV8K6PpCsGg0bVfbW82wHmq.jpg') ON CONFLICT DO NOTHING;
INSERT INTO actors (mediaId, actorId , actorName, characterName, profilePath) VALUES(355, 57251, 'Linden Ashby', 'Noah Stilinski', 'https://image.tmdb.org/t/p/original/nflhvj2uJAr2S9aWvnbQWCUXC9a.jpg') ON CONFLICT DO NOTHING;
INSERT INTO actors (mediaId, actorId , actorName, characterName, profilePath) VALUES(355, 168658, 'Melissa Ponzio', 'Melissa McCall', 'https://image.tmdb.org/t/p/original/eeVIHZE0Y7A0TGiL3DITdXU4JT.jpg') ON CONFLICT DO NOTHING;
INSERT INTO actors (mediaId, actorId , actorName, characterName, profilePath) VALUES(355, 62911, 'JR Bourne', 'Chris Argent', 'https://image.tmdb.org/t/p/original/ytic06VRha6addRGF7BSXXj9OkG.jpg') ON CONFLICT DO NOTHING;
INSERT INTO providers (mediaId, providerId, providerName, logoPath) VALUES( 355, 33, 'MTV', 'https://image.tmdb.org/t/p/original/w4qtv7xBkSVsbOQdSzjUjlyOuSr.png') ON CONFLICT DO NOTHING;
INSERT INTO media (mediaId, type, name, originalLanguage, adult, releaseDate, overview, backdropPath, posterPath, trailerLink, tmdbRating,  status) VALUES(356, true, 'Doctor Who', 'en', False, '2005-03-26',  'The Doctor is a Time Lord: a 900 year old alien with 2 hearts, part of a gifted civilization who mastered time travel. The Doctor saves planets for a living—more of a hobby actually, and the Doctor''s very, very good at it.', 'https://image.tmdb.org/t/p/original/6zOBSCDhXp6BN8RYgjfT91dnzej.jpg', 'https://image.tmdb.org/t/p/original/sz4zF5z9zyFh8Z6g5IQPNq91cI7.jpg', 'https://www.youtube.com/watch?v=xDUvFdGu6JE', 7.4, 'Returning Series') ON CONFLICT DO NOTHING;
INSERT INTO tv (mediaid , lastAirDate, nextEpisodeToAir, numberOfEpisodes, numberOfSeasons) VALUES( 356, '2021-12-05', NULL , 153, 13) ON CONFLICT DO NOTHING;
INSERT INTO genres (mediaId, genre) VALUES(356, 'Action & Adventure') ON CONFLICT DO NOTHING;
INSERT INTO genres (mediaId, genre) VALUES(356, 'Drama') ON CONFLICT DO NOTHING;
INSERT INTO genres (mediaId, genre) VALUES(356, 'Sci-Fi & Fantasy') ON CONFLICT DO NOTHING;
INSERT INTO creators(mediaId, creatorId, creatorName) VALUES(356, 57293, 'Sydney Newman') ON CONFLICT DO NOTHING;
INSERT INTO creators(mediaId, creatorId, creatorName) VALUES(356, 1213433, 'Donald Wilson') ON CONFLICT DO NOTHING;
INSERT INTO creators(mediaId, creatorId, creatorName) VALUES(356, 1213434, 'C. E. Webber') ON CONFLICT DO NOTHING;
INSERT INTO actors (mediaId, actorId , actorName, characterName, profilePath) VALUES(356, 66431, 'Jodie Whittaker', 'The Doctor', 'https://image.tmdb.org/t/p/original/zS6EO1GsfOiuyaa66YqmUPWDX78.jpg') ON CONFLICT DO NOTHING;
INSERT INTO actors (mediaId, actorId , actorName, characterName, profilePath) VALUES(356, 1752554, 'Mandip Gill', 'Yasmin ''Yaz'' Khan', 'https://image.tmdb.org/t/p/original/fwfeVJ0oTZv9kuIR8Pohqq1R7RU.jpg') ON CONFLICT DO NOTHING;
INSERT INTO actors (mediaId, actorId , actorName, characterName, profilePath) VALUES(356, 216049, 'John Bishop', 'Dan Lewis', 'https://image.tmdb.org/t/p/original/tooZmoOa6YLZTyak8gbbYXFeile.jpg') ON CONFLICT DO NOTHING;
INSERT INTO providers (mediaId, providerId, providerName, logoPath) VALUES( 356, 4, 'BBC One', 'https://image.tmdb.org/t/p/original/mVn7xESaTNmjBUyUtGNvDQd3CT1.png') ON CONFLICT DO NOTHING;
INSERT INTO media (mediaId, type, name, originalLanguage, adult, releaseDate, overview, backdropPath, posterPath, trailerLink, tmdbRating,  status) VALUES(357, true, 'Euphoria', 'en', False, '2019-06-16',  'A group of high school students navigate love and friendships in a world of drugs, sex, trauma, and social media.', 'https://image.tmdb.org/t/p/original/oKt4J3TFjWirVwBqoHyIvv5IImd.jpg', 'https://image.tmdb.org/t/p/original/3Q0hd3heuWwDWpwcDkhQOA6TYWI.jpg', 'https://www.youtube.com/watch?v=UR4Pxgnm-GA', 8.4, 'Returning Series') ON CONFLICT DO NOTHING;
INSERT INTO tv (mediaid , lastAirDate, nextEpisodeToAir, numberOfEpisodes, numberOfSeasons) VALUES( 357, '2022-02-27', NULL , 16, 2) ON CONFLICT DO NOTHING;
INSERT INTO genres (mediaId, genre) VALUES(357, 'Drama') ON CONFLICT DO NOTHING;
INSERT INTO genres (mediaId, genre) VALUES(357, 'Crime') ON CONFLICT DO NOTHING;
INSERT INTO creators(mediaId, creatorId, creatorName) VALUES(357, 96172, 'Sam Levinson') ON CONFLICT DO NOTHING;
INSERT INTO actors (mediaId, actorId , actorName, characterName, profilePath) VALUES(357, 505710, 'Zendaya', 'Rue Bennett', 'https://image.tmdb.org/t/p/original/m0KWqPwuJDJqpQQDtQrM9lqGURJ.jpg') ON CONFLICT DO NOTHING;
INSERT INTO actors (mediaId, actorId , actorName, characterName, profilePath) VALUES(357, 2340180, 'Hunter Schafer', 'Jules Vaughn', 'https://image.tmdb.org/t/p/original/pgRG7BU9hc79UYCHzrVoHpQAKGB.jpg') ON CONFLICT DO NOTHING;
INSERT INTO actors (mediaId, actorId , actorName, characterName, profilePath) VALUES(357, 115440, 'Sydney Sweeney', 'Cassie Howard', 'https://image.tmdb.org/t/p/original/afr2eoktU4lFYtmtfKo05EbQdXo.jpg') ON CONFLICT DO NOTHING;
INSERT INTO actors (mediaId, actorId , actorName, characterName, profilePath) VALUES(357, 1497557, 'Alexa Demie', 'Maddy Perez', 'https://image.tmdb.org/t/p/original/zba2qXMNRnD7uXOYzXfcnstv17V.jpg') ON CONFLICT DO NOTHING;
INSERT INTO actors (mediaId, actorId , actorName, characterName, profilePath) VALUES(357, 2352372, 'Angus Cloud', 'Fezco O’Neill', 'https://image.tmdb.org/t/p/original/cN3n9UBBtRASNLSibS8WUZD1d1A.jpg') ON CONFLICT DO NOTHING;
INSERT INTO actors (mediaId, actorId , actorName, characterName, profilePath) VALUES(357, 2532098, 'Javon Walton', 'Ashtray', 'https://image.tmdb.org/t/p/original/50yQRa8dXASgkVVjDNJUQ5YqUin.jpg') ON CONFLICT DO NOTHING;
INSERT INTO actors (mediaId, actorId , actorName, characterName, profilePath) VALUES(357, 2340185, 'Barbie Ferreira', 'Kat Hernandez', 'https://image.tmdb.org/t/p/original/kl59GoAbazPffmmZtSLZmUQCK6S.jpg') ON CONFLICT DO NOTHING;
INSERT INTO actors (mediaId, actorId , actorName, characterName, profilePath) VALUES(357, 41090, 'Maude Apatow', 'Lexi Howard', 'https://image.tmdb.org/t/p/original/xWj49QAsGlC92YcguaEEYvoMEsg.jpg') ON CONFLICT DO NOTHING;
INSERT INTO actors (mediaId, actorId , actorName, characterName, profilePath) VALUES(357, 2711299, 'Dominic Fike', 'Elliot', 'https://image.tmdb.org/t/p/original/vtuRZff8c3QNKiShMo25z5M5guD.jpg') ON CONFLICT DO NOTHING;
INSERT INTO actors (mediaId, actorId , actorName, characterName, profilePath) VALUES(357, 1344344, 'Storm Reid', 'Gia Bennett', 'https://image.tmdb.org/t/p/original/wA8cntFil1AuwusEZXLH9o898m1.jpg') ON CONFLICT DO NOTHING;
INSERT INTO providers (mediaId, providerId, providerName, logoPath) VALUES( 357, 49, 'HBO', 'https://image.tmdb.org/t/p/original/tuomPhY2UtuPTqqFnKMVHvSb724.png') ON CONFLICT DO NOTHING;
INSERT INTO media (mediaId, type, name, originalLanguage, adult, releaseDate, overview, backdropPath, posterPath, trailerLink, tmdbRating,  status) VALUES(358, true, 'Alle mot alle', 'no', False, '2020-08-31',  '', 'https://image.tmdb.org/t/p/original/9Gj33rlZRbBkuPUTrjPJbmtlEBa.jpg', 'https://image.tmdb.org/t/p/original/qmOYqF2ezHT1leCE91Mdm6tu3Vl.jpg', 'None', 8, 'Returning Series') ON CONFLICT DO NOTHING;
INSERT INTO tv (mediaid , lastAirDate, nextEpisodeToAir, numberOfEpisodes, numberOfSeasons) VALUES( 358, '2023-10-17', '2023-10-18' , 282, 7) ON CONFLICT DO NOTHING;
INSERT INTO genres (mediaId, genre) VALUES(358, 'Reality') ON CONFLICT DO NOTHING;
INSERT INTO actors (mediaId, actorId , actorName, characterName, profilePath) VALUES(358, 1247582, 'Jon Almaas', 'Programleder', 'https://image.tmdb.org/t/p/original/dGfP8gXK4ZboUS3kAXnyj9mj7Fz.jpg') ON CONFLICT DO NOTHING;
INSERT INTO providers (mediaId, providerId, providerName, logoPath) VALUES( 358, 157, 'TVNorge', 'https://image.tmdb.org/t/p/original/v25T1fvtINzeQMC1AdwFPwOL1no.png') ON CONFLICT DO NOTHING;
INSERT INTO providers (mediaId, providerId, providerName, logoPath) VALUES( 358, 4784, 'discovery+', 'https://image.tmdb.org/t/p/original/ref0ZuHyD70R1i0cd3EJG2oBAK0.png') ON CONFLICT DO NOTHING;
INSERT INTO media (mediaId, type, name, originalLanguage, adult, releaseDate, overview, backdropPath, posterPath, trailerLink, tmdbRating,  status) VALUES(359, true, 'Dragon Ball Z', 'ja', False, '1989-04-26',  'The adventures of Earth''s martial arts defender, Son Goku, continue with a new family and the revelation of his alien origins. Now Goku and his allies must defend the planet from an onslaught of new extraterrestrial enemies.', 'https://image.tmdb.org/t/p/original/urj6noDW3OlROu34oy6BCmiQEWQ.jpg', 'https://image.tmdb.org/t/p/original/dBsDWUcdfbuZwglgyeeQ9ChRoS4.jpg', 'None', 8.3, 'Ended') ON CONFLICT DO NOTHING;
INSERT INTO tv (mediaid , lastAirDate, nextEpisodeToAir, numberOfEpisodes, numberOfSeasons) VALUES( 359, '1996-01-31', NULL , 291, 9) ON CONFLICT DO NOTHING;
INSERT INTO genres (mediaId, genre) VALUES(359, 'Animation') ON CONFLICT DO NOTHING;
INSERT INTO genres (mediaId, genre) VALUES(359, 'Sci-Fi & Fantasy') ON CONFLICT DO NOTHING;
INSERT INTO genres (mediaId, genre) VALUES(359, 'Action & Adventure') ON CONFLICT DO NOTHING;
INSERT INTO creators(mediaId, creatorId, creatorName) VALUES(359, 78322, 'Akira Toriyama') ON CONFLICT DO NOTHING;
INSERT INTO actors (mediaId, actorId , actorName, characterName, profilePath) VALUES(359, 90496, 'Masako Nozawa', 'Goku / Gohan / Gotten', 'https://image.tmdb.org/t/p/original/jxbXdejmPoiKnNoQz7Dkb80qC26.jpg') ON CONFLICT DO NOTHING;
INSERT INTO actors (mediaId, actorId , actorName, characterName, profilePath) VALUES(359, 122501, 'Ryou Horikawa', 'Vegeta', 'https://image.tmdb.org/t/p/original/1fiJvPrzz8Fqsjr5DVQclGojxO5.jpg') ON CONFLICT DO NOTHING;
INSERT INTO actors (mediaId, actorId , actorName, characterName, profilePath) VALUES(359, 85286, 'Toshio Furukawa', 'Piccolo', 'https://image.tmdb.org/t/p/original/zZjO0NxIbEhYW3507gXVnvWeRkG.jpg') ON CONFLICT DO NOTHING;
INSERT INTO actors (mediaId, actorId , actorName, characterName, profilePath) VALUES(359, 65510, 'Mayumi Tanaka', 'Krillin', 'https://image.tmdb.org/t/p/original/dWh2Y3bQkSjPv3c7kyy5P6M3PLS.jpg') ON CONFLICT DO NOTHING;
INSERT INTO actors (mediaId, actorId , actorName, characterName, profilePath) VALUES(359, 122193, 'Hiromi Tsuru', 'Bulma / Bulla', 'https://image.tmdb.org/t/p/original/oFU9CCNLUhklLhEuLutM0FyTUbt.jpg') ON CONFLICT DO NOTHING;
INSERT INTO actors (mediaId, actorId , actorName, characterName, profilePath) VALUES(359, 122373, 'Naoki Tatsuta', 'Oolong', 'https://image.tmdb.org/t/p/original/iYGYNGRoQv0yRwKhisqfk5ARVTE.jpg') ON CONFLICT DO NOTHING;
INSERT INTO actors (mediaId, actorId , actorName, characterName, profilePath) VALUES(359, 115305, 'Ryusei Nakao', 'Freeza', 'https://image.tmdb.org/t/p/original/mStyRuTHrJlvPbWamnJHLwRmSOG.jpg') ON CONFLICT DO NOTHING;
INSERT INTO actors (mediaId, actorId , actorName, characterName, profilePath) VALUES(359, 619, 'Joji Yanami', 'Dr. Briefs', 'https://image.tmdb.org/t/p/original/khkGvegnYvx50pAEF1lms7ZKBqy.jpg') ON CONFLICT DO NOTHING;
INSERT INTO actors (mediaId, actorId , actorName, characterName, profilePath) VALUES(359, 90569, 'Yuko Minaguchi', 'Videl', 'https://image.tmdb.org/t/p/original/bEv0ho89VNgWkCCmT2GdNjMAuvZ.jpg') ON CONFLICT DO NOTHING;
INSERT INTO actors (mediaId, actorId , actorName, characterName, profilePath) VALUES(359, 122192, 'Naoko Watanabe', 'Puar', 'https://image.tmdb.org/t/p/original/vTd7ZEnuDiS9GyD1PfWG931YeLn.jpg') ON CONFLICT DO NOTHING;
INSERT INTO providers (mediaId, providerId, providerName, logoPath) VALUES( 359, 1, 'Fuji TV', 'https://image.tmdb.org/t/p/original/yS5UJjsSdZXML0YikWTYYHLPKhQ.png') ON CONFLICT DO NOTHING;
INSERT INTO media (mediaId, type, name, originalLanguage, adult, releaseDate, overview, backdropPath, posterPath, trailerLink, tmdbRating,  status) VALUES(360, true, 'Desperate Housewives', 'en', False, '2004-10-03',  'Looking down on her friends and family isn''t a way of life for Mary Alice Young... it''s a way of death. One day, in her perfect house, in the loveliest of suburbs, Mary Alice ended it all. Now she''s taking us into the lives of her family, friends and neighbors, commenting from her elevated P.O.V.', 'https://image.tmdb.org/t/p/original/vbz8B3pIrGjWKY6Y3OhUDVugHz8.jpg', 'https://image.tmdb.org/t/p/original/mmL7HMdGOEaA8tR58s1PrpFsSmY.jpg', 'None', 7.9, 'Ended') ON CONFLICT DO NOTHING;
INSERT INTO tv (mediaid , lastAirDate, nextEpisodeToAir, numberOfEpisodes, numberOfSeasons) VALUES( 360, '2012-05-13', NULL , 179, 8) ON CONFLICT DO NOTHING;
INSERT INTO genres (mediaId, genre) VALUES(360, 'Mystery') ON CONFLICT DO NOTHING;
INSERT INTO genres (mediaId, genre) VALUES(360, 'Drama') ON CONFLICT DO NOTHING;
INSERT INTO genres (mediaId, genre) VALUES(360, 'Comedy') ON CONFLICT DO NOTHING;
INSERT INTO creators(mediaId, creatorId, creatorName) VALUES(360, 1218666, 'Marc Cherry') ON CONFLICT DO NOTHING;
INSERT INTO actors (mediaId, actorId , actorName, characterName, profilePath) VALUES(360, 10742, 'Teri Hatcher', 'Susan Mayer', 'https://image.tmdb.org/t/p/original/ySmnfZm8ZGabcwp4UwaMDeSzXqx.jpg') ON CONFLICT DO NOTHING;
INSERT INTO actors (mediaId, actorId , actorName, characterName, profilePath) VALUES(360, 7427, 'Felicity Huffman', 'Lynette Scavo', 'https://image.tmdb.org/t/p/original/tr2qJ2yM7fuq4IRetHlQcERmLlX.jpg') ON CONFLICT DO NOTHING;
INSERT INTO actors (mediaId, actorId , actorName, characterName, profilePath) VALUES(360, 127171, 'Marcia Cross', 'Bree Van de Kamp', 'https://image.tmdb.org/t/p/original/3oHmZ7aoW2uQPcdLbi0i9BhKssI.jpg') ON CONFLICT DO NOTHING;
INSERT INTO actors (mediaId, actorId , actorName, characterName, profilePath) VALUES(360, 52605, 'Eva Longoria', 'Gabrielle Solis', 'https://image.tmdb.org/t/p/original/1u26GLWK1DE7gBugyI9P3OMFq4A.jpg') ON CONFLICT DO NOTHING;
INSERT INTO actors (mediaId, actorId , actorName, characterName, profilePath) VALUES(360, 80967, 'Ricardo Chavira', 'Carlos Solis', 'https://image.tmdb.org/t/p/original/lgFzss4nrwhf4dpOM71wQZoxA4X.jpg') ON CONFLICT DO NOTHING;
INSERT INTO actors (mediaId, actorId , actorName, characterName, profilePath) VALUES(360, 14737, 'Doug Savant', 'Tom Scavo', 'https://image.tmdb.org/t/p/original/yJ9UjfZ3PcULd0OPZhZ4vv23KMG.jpg') ON CONFLICT DO NOTHING;
INSERT INTO actors (mediaId, actorId , actorName, characterName, profilePath) VALUES(360, 11153, 'James Denton', 'Mike Delfino', 'https://image.tmdb.org/t/p/original/41Es4qDy5HQjG5XZ4A85Db4vcIG.jpg') ON CONFLICT DO NOTHING;
INSERT INTO actors (mediaId, actorId , actorName, characterName, profilePath) VALUES(360, 101396, 'Brenda Strong', 'Mary Alice Young', 'https://image.tmdb.org/t/p/original/jMfkFmQT2zgTojkcmn67Fju3HU.jpg') ON CONFLICT DO NOTHING;
INSERT INTO actors (mediaId, actorId , actorName, characterName, profilePath) VALUES(360, 206926, 'Darcy Rose Byrnes', 'Penny Scavo', 'https://image.tmdb.org/t/p/original/hR5Jk5VEiPAwKdphtsUhjQnI3A0.jpg') ON CONFLICT DO NOTHING;
INSERT INTO actors (mediaId, actorId , actorName, characterName, profilePath) VALUES(360, 27011, 'Vanessa Williams', 'Renee Perry', 'https://image.tmdb.org/t/p/original/30O1Af0wy6UBt8EpVRuq28tTGoT.jpg') ON CONFLICT DO NOTHING;
INSERT INTO providers (mediaId, providerId, providerName, logoPath) VALUES( 360, 2, 'ABC', 'https://image.tmdb.org/t/p/original/2uy2ZWcplrSObIyt4x0Y9rkG6qO.png') ON CONFLICT DO NOTHING;
INSERT INTO media (mediaId, type, name, originalLanguage, adult, releaseDate, overview, backdropPath, posterPath, trailerLink, tmdbRating,  status) VALUES(361, true, 'Modern Family', 'en', False, '2009-09-23',  'The Pritchett-Dunphy-Tucker clan is a wonderfully large and blended family. They give us an honest and often hilarious look into the sometimes warm, sometimes twisted, embrace of the modern family.', 'https://image.tmdb.org/t/p/original/x4lxFIhhrDI4nWtV8osnYwbGESV.jpg', 'https://image.tmdb.org/t/p/original/gLAcu4VPCAb90oJvJ4nUJc5ZBQi.jpg', 'None', 7.8, 'Ended') ON CONFLICT DO NOTHING;
INSERT INTO tv (mediaid , lastAirDate, nextEpisodeToAir, numberOfEpisodes, numberOfSeasons) VALUES( 361, '2020-04-08', NULL , 250, 11) ON CONFLICT DO NOTHING;
INSERT INTO genres (mediaId, genre) VALUES(361, 'Comedy') ON CONFLICT DO NOTHING;
INSERT INTO creators(mediaId, creatorId, creatorName) VALUES(361, 1205496, 'Christopher Lloyd') ON CONFLICT DO NOTHING;
INSERT INTO creators(mediaId, creatorId, creatorName) VALUES(361, 1215785, 'Steven Levitan') ON CONFLICT DO NOTHING;
INSERT INTO actors (mediaId, actorId , actorName, characterName, profilePath) VALUES(361, 18977, 'Ed O''Neill', 'Jay Pritchett', 'https://image.tmdb.org/t/p/original/4RrxSno3UEtGWuMm4yJoaFzckpL.jpg') ON CONFLICT DO NOTHING;
INSERT INTO actors (mediaId, actorId , actorName, characterName, profilePath) VALUES(361, 63522, 'Sofía Vergara', 'Gloria Delgado-Pritchett', 'https://image.tmdb.org/t/p/original/kLkzvEwCUHwqBu4SXBo3pd7si7P.jpg') ON CONFLICT DO NOTHING;
INSERT INTO actors (mediaId, actorId , actorName, characterName, profilePath) VALUES(361, 31171, 'Julie Bowen', 'Claire Dunphy', 'https://image.tmdb.org/t/p/original/5ewqnbPAY0EzZObGHIKU4VsCanD.jpg') ON CONFLICT DO NOTHING;
INSERT INTO actors (mediaId, actorId , actorName, characterName, profilePath) VALUES(361, 15232, 'Ty Burrell', 'Phil Dunphy', 'https://image.tmdb.org/t/p/original/zXrrbvW2ZKHYHbhujDj8aBlO4yx.jpg') ON CONFLICT DO NOTHING;
INSERT INTO actors (mediaId, actorId , actorName, characterName, profilePath) VALUES(361, 204815, 'Jesse Tyler Ferguson', 'Mitchell Pritchett', 'https://image.tmdb.org/t/p/original/zeWJZZrCtzUZqyOxOQB4xzuSup1.jpg') ON CONFLICT DO NOTHING;
INSERT INTO actors (mediaId, actorId , actorName, characterName, profilePath) VALUES(361, 156962, 'Eric Stonestreet', 'Cameron Tucker', 'https://image.tmdb.org/t/p/original/lz0m88IjLZ8OcEHU2jhPvubcr7k.jpg') ON CONFLICT DO NOTHING;
INSERT INTO actors (mediaId, actorId , actorName, characterName, profilePath) VALUES(361, 91351, 'Sarah Hyland', 'Haley Dunphy', 'https://image.tmdb.org/t/p/original/iJBshYABkUfkfFZTFo4gM00HauA.jpg') ON CONFLICT DO NOTHING;
INSERT INTO actors (mediaId, actorId , actorName, characterName, profilePath) VALUES(361, 42160, 'Ariel Winter', 'Alex Dunphy', 'https://image.tmdb.org/t/p/original/1h0XaXnieP5CdTAeRGuALBJmD4R.jpg') ON CONFLICT DO NOTHING;
INSERT INTO actors (mediaId, actorId , actorName, characterName, profilePath) VALUES(361, 147710, 'Nolan Gould', 'Luke Dunphy', 'https://image.tmdb.org/t/p/original/rnGYwEUairpCPmGIJcIwD86K9rI.jpg') ON CONFLICT DO NOTHING;
INSERT INTO actors (mediaId, actorId , actorName, characterName, profilePath) VALUES(361, 206737, 'Rico Rodriguez', 'Manny Delgado', 'https://image.tmdb.org/t/p/original/xOGdQKCFaIQXTTAPxXlVkQzzDYs.jpg') ON CONFLICT DO NOTHING;
INSERT INTO providers (mediaId, providerId, providerName, logoPath) VALUES( 361, 2, 'ABC', 'https://image.tmdb.org/t/p/original/2uy2ZWcplrSObIyt4x0Y9rkG6qO.png') ON CONFLICT DO NOTHING;
INSERT INTO media (mediaId, type, name, originalLanguage, adult, releaseDate, overview, backdropPath, posterPath, trailerLink, tmdbRating,  status) VALUES(362, true, 'Na Wspólnej', 'pl', False, '2003-01-27',  'Na Wspólnej is a Polish soap opera. It has been running since 2003 on the TVN channel as its flagship primetime weekday soap opera. It is loosely based on the German production Unter Uns and it follows the lives of the inhabitants of an apartment block in Wspólna Street, Warsaw. Episodes tend to last around 20 minutes. It is a Polish version of the Hungarian "Barátok közt".
The series is shot almost entirely in Warsaw and produced by the Polish branch of Freemantle Media. On 9 September 2008 it celebrated its 1000th episode; "Na Wspólnej" was the fourth Polish television series ever to achieve such status. A special episode was broadcast in which characters from some other of TVN''s most popular shows visited Wspólna Street.', 'https://image.tmdb.org/t/p/original/pmB8uYJF1WKQCZnJjhnAx2IJjhk.jpg', 'https://image.tmdb.org/t/p/original/uksRhdaOn64bO5d33d7rcTbrhJI.jpg', 'None', 3.3, 'Returning Series') ON CONFLICT DO NOTHING;
INSERT INTO tv (mediaid , lastAirDate, nextEpisodeToAir, numberOfEpisodes, numberOfSeasons) VALUES( 362, '2023-10-17', '2023-10-18' , 3356, 23) ON CONFLICT DO NOTHING;
INSERT INTO genres (mediaId, genre) VALUES(362, 'Soap') ON CONFLICT DO NOTHING;
INSERT INTO creators(mediaId, creatorId, creatorName) VALUES(362, 1244218, 'Dorota Chamczyk') ON CONFLICT DO NOTHING;
INSERT INTO actors (mediaId, actorId , actorName, characterName, profilePath) VALUES(362, 2226430, 'Sylwia Gliwa', 'Monika Cieślik', 'https://image.tmdb.org/t/p/original/qTnD8ioVGVh62mCaPJy66devcB2.jpg') ON CONFLICT DO NOTHING;
INSERT INTO actors (mediaId, actorId , actorName, characterName, profilePath) VALUES(362, 7111, 'Bożena Dykiel', 'Maria Zięba', 'https://image.tmdb.org/t/p/original/5S8sFrudBvlnMH39MOWqYwQgxny.jpg') ON CONFLICT DO NOTHING;
INSERT INTO actors (mediaId, actorId , actorName, characterName, profilePath) VALUES(362, 1245429, 'Mieczysław Hryniewicz', 'Włodzimierz Zięba', 'https://image.tmdb.org/t/p/original/onIMvkQDzRsTr62ZWUrqciDjJ0t.jpg') ON CONFLICT DO NOTHING;
INSERT INTO actors (mediaId, actorId , actorName, characterName, profilePath) VALUES(362, 1083396, 'Anna Korcz', 'Izabela Dudek', 'https://image.tmdb.org/t/p/original/yrlMckEpaXovpWbJKxoGtaTTG1u.jpg') ON CONFLICT DO NOTHING;
INSERT INTO actors (mediaId, actorId , actorName, characterName, profilePath) VALUES(362, 1245433, 'Robert Kudelski', 'Michał Brzozowski', 'https://image.tmdb.org/t/p/original/j4yY0Q6BEwXG4qQc5SpBpY8tDnA.jpg') ON CONFLICT DO NOTHING;
INSERT INTO actors (mediaId, actorId , actorName, characterName, profilePath) VALUES(362, 1138542, 'Grażyna Wolszczak', 'Barbara Brzozowska-Smolna', 'https://image.tmdb.org/t/p/original/7qklZBv80CWwoTfyOnGrj8eOec4.jpg') ON CONFLICT DO NOTHING;
INSERT INTO actors (mediaId, actorId , actorName, characterName, profilePath) VALUES(362, 1245438, 'Michał Tomala', 'Daniel Brzozowski', 'https://image.tmdb.org/t/p/original/zh8EF4VJBrBguydeFr5efyYvNSU.jpg') ON CONFLICT DO NOTHING;
INSERT INTO actors (mediaId, actorId , actorName, characterName, profilePath) VALUES(362, 146067, 'Waldemar Obłoza', 'Roman Hoffer', 'https://image.tmdb.org/t/p/original/poagM87B2fv1EsnE3AruBHZKQyh.jpg') ON CONFLICT DO NOTHING;
INSERT INTO actors (mediaId, actorId , actorName, characterName, profilePath) VALUES(362, 136726, 'Kazimierz Mazur', 'Kamil Hoffer', 'https://image.tmdb.org/t/p/original/3XLhpnVfPSnK2P2ZI9ss0jXft7f.jpg') ON CONFLICT DO NOTHING;
INSERT INTO actors (mediaId, actorId , actorName, characterName, profilePath) VALUES(362, 1118735, 'Joanna Jabłczyńska', 'Marta Konarska', 'https://image.tmdb.org/t/p/original/fUWSpf6LkN8XMikK2cbRUDCsmtV.jpg') ON CONFLICT DO NOTHING;
INSERT INTO providers (mediaId, providerId, providerName, logoPath) VALUES( 362, 504, 'TVN', 'https://image.tmdb.org/t/p/original/cvpDEjkTD4zar67EKtkHc3jzE4F.png') ON CONFLICT DO NOTHING;
INSERT INTO media (mediaId, type, name, originalLanguage, adult, releaseDate, overview, backdropPath, posterPath, trailerLink, tmdbRating,  status) VALUES(363, true, 'Mushoku Tensei: Jobless Reincarnation', 'ja', False, '2021-01-11',  'A 34-year-old hikikomori is kicked out of his home by his family after the death of his parents. After his eviction, he saves a group of teenagers from being killed by a speeding truck, but loses his life in the process. When he comes to, he realizes he has been reborn as Rudeus Greyrat, in a world of swords and sorcery.', 'https://image.tmdb.org/t/p/original/j9fRIimor0AMFJR9kjZubXcABzZ.jpg', 'https://image.tmdb.org/t/p/original/z4rvmhoqQiGMnwuBHY1QcH3OqUo.jpg', 'https://www.youtube.com/watch?v=k5VxfJpzy1Q', 8.6, 'Returning Series') ON CONFLICT DO NOTHING;
INSERT INTO tv (mediaid , lastAirDate, nextEpisodeToAir, numberOfEpisodes, numberOfSeasons) VALUES( 363, '2023-09-25', NULL , 35, 2) ON CONFLICT DO NOTHING;
INSERT INTO genres (mediaId, genre) VALUES(363, 'Animation') ON CONFLICT DO NOTHING;
INSERT INTO genres (mediaId, genre) VALUES(363, 'Action & Adventure') ON CONFLICT DO NOTHING;
INSERT INTO genres (mediaId, genre) VALUES(363, 'Sci-Fi & Fantasy') ON CONFLICT DO NOTHING;
INSERT INTO actors (mediaId, actorId , actorName, characterName, profilePath) VALUES(363, 1321070, 'Yumi Uchiyama', 'Rudeus Greyrat (voice)', 'https://image.tmdb.org/t/p/original/JvavoF3YOLCf4LHfl4XvYobANE.jpg') ON CONFLICT DO NOTHING;
INSERT INTO actors (mediaId, actorId , actorName, characterName, profilePath) VALUES(363, 144655, 'Tomokazu Sugita', 'Rudeus Greyrat''s former self (voice)', 'https://image.tmdb.org/t/p/original/cv5zuPZySNsHXu24pjKLYCRzJ2J.jpg') ON CONFLICT DO NOTHING;
INSERT INTO actors (mediaId, actorId , actorName, characterName, profilePath) VALUES(363, 1123401, 'Yu Kobayashi', 'Suzanne (voice)', 'https://image.tmdb.org/t/p/original/q98lvBNhHvxGYfIvfB3YRczsTeE.jpg') ON CONFLICT DO NOTHING;
INSERT INTO actors (mediaId, actorId , actorName, characterName, profilePath) VALUES(363, 1124536, 'Haruka Shiraishi', 'Sara (voice)', 'https://image.tmdb.org/t/p/original/9yEZfOzXJUGyb8Z6pmBf6UdkaLO.jpg') ON CONFLICT DO NOTHING;
INSERT INTO actors (mediaId, actorId , actorName, characterName, profilePath) VALUES(363, 2019159, 'Chiharu Sawashiro', 'Mimir (voice)', 'https://image.tmdb.org/t/p/original/wL1PyJoFw5TqS1EqP5jhXAohzHL.jpg') ON CONFLICT DO NOTHING;
INSERT INTO actors (mediaId, actorId , actorName, characterName, profilePath) VALUES(363, 1647737, 'Itaru Yamamoto', 'Patrice (voice)', 'None') ON CONFLICT DO NOTHING;
INSERT INTO actors (mediaId, actorId , actorName, characterName, profilePath) VALUES(363, 221772, 'Wataru Hatano', 'Timothy (voice)', 'https://image.tmdb.org/t/p/original/i1meHlOXLP2ubJZkmyGJONrxikQ.jpg') ON CONFLICT DO NOTHING;
INSERT INTO actors (mediaId, actorId , actorName, characterName, profilePath) VALUES(363, 122647, 'Kohsuke Toriumi', 'Soldat Heckler (voice)', 'https://image.tmdb.org/t/p/original/vlRQ77taCCKh7itCZn3IWJUiYQr.jpg') ON CONFLICT DO NOTHING;
INSERT INTO actors (mediaId, actorId , actorName, characterName, profilePath) VALUES(363, 1254671, 'Ai Kayano', 'Fitz (voice)', 'https://image.tmdb.org/t/p/original/l8ywp387rfdAS7mOExe3cEZnsk0.jpg') ON CONFLICT DO NOTHING;
INSERT INTO actors (mediaId, actorId , actorName, characterName, profilePath) VALUES(363, 1452028, 'Reina Ueda', 'Ariel Anemoi Asura (voice)', 'https://image.tmdb.org/t/p/original/hlzrvBzeSYejeaTSZDvEWE44Qjj.jpg') ON CONFLICT DO NOTHING;
INSERT INTO providers (mediaId, providerId, providerName, logoPath) VALUES( 363, 614, 'Tokyo MX', 'https://image.tmdb.org/t/p/original/hSdroyVthq3CynxTIIY7lnS8w1.png') ON CONFLICT DO NOTHING;
INSERT INTO providers (mediaId, providerId, providerName, logoPath) VALUES( 363, 861, 'BS11', 'https://image.tmdb.org/t/p/original/JQ5bx6n7Qmdmyqz6sqjo5Fz2iR.png') ON CONFLICT DO NOTHING;
INSERT INTO providers (mediaId, providerId, providerName, logoPath) VALUES( 363, 1137, 'KBS Kyoto', 'https://image.tmdb.org/t/p/original/j12pSWPsDBxE1mmIpB7M8VRzk78.png') ON CONFLICT DO NOTHING;
INSERT INTO media (mediaId, type, name, originalLanguage, adult, releaseDate, overview, backdropPath, posterPath, trailerLink, tmdbRating,  status) VALUES(364, true, 'General Hospital', 'en', False, '1963-04-01',  'Families, friends, enemies and lovers experience life-changing events in the large upstate New York city of Port Charles, which has a busy hospital, upscale hotel, cozy diner and dangerous waterfront frequented by the criminal underworld.', 'https://image.tmdb.org/t/p/original/ljS3auI8tPDYyLw6CnNpLcr2kjT.jpg', 'https://image.tmdb.org/t/p/original/gS5iORCJHwP5moEXSF9b6ZcsZ1w.jpg', 'None', 5.7, 'Returning Series') ON CONFLICT DO NOTHING;
INSERT INTO tv (mediaid , lastAirDate, nextEpisodeToAir, numberOfEpisodes, numberOfSeasons) VALUES( 364, '2023-10-17', '2023-10-18' , 3312, 33) ON CONFLICT DO NOTHING;
INSERT INTO genres (mediaId, genre) VALUES(364, 'Soap') ON CONFLICT DO NOTHING;
INSERT INTO creators(mediaId, creatorId, creatorName) VALUES(364, 1653792, 'Frank Hursley') ON CONFLICT DO NOTHING;
INSERT INTO creators(mediaId, creatorId, creatorName) VALUES(364, 1653793, 'Doris Hursley') ON CONFLICT DO NOTHING;
INSERT INTO providers (mediaId, providerId, providerName, logoPath) VALUES( 364, 2, 'ABC', 'https://image.tmdb.org/t/p/original/2uy2ZWcplrSObIyt4x0Y9rkG6qO.png') ON CONFLICT DO NOTHING;
INSERT INTO media (mediaId, type, name, originalLanguage, adult, releaseDate, overview, backdropPath, posterPath, trailerLink, tmdbRating,  status) VALUES(365, true, 'S.W.A.T.', 'en', False, '2017-11-02',  'A locally born and bred S.W.A.T. lieutenant is torn between loyalty to the streets and duty to his fellow officers when he''s tasked to run a highly-trained unit that''s the last stop for solving crimes in Los Angeles.', 'https://image.tmdb.org/t/p/original/psImsio70fZGLmt6TfyV4N62Ro.jpg', 'https://image.tmdb.org/t/p/original/7Bttz4hEspKlpU0Me57dkHNR3nf.jpg', 'https://www.youtube.com/watch?v=Zopy34r5lTY', 8.1, 'Returning Series') ON CONFLICT DO NOTHING;
INSERT INTO tv (mediaid , lastAirDate, nextEpisodeToAir, numberOfEpisodes, numberOfSeasons) VALUES( 365, '2023-05-19', NULL , 128, 6) ON CONFLICT DO NOTHING;
INSERT INTO genres (mediaId, genre) VALUES(365, 'Crime') ON CONFLICT DO NOTHING;
INSERT INTO genres (mediaId, genre) VALUES(365, 'Action & Adventure') ON CONFLICT DO NOTHING;
INSERT INTO genres (mediaId, genre) VALUES(365, 'Drama') ON CONFLICT DO NOTHING;
INSERT INTO creators(mediaId, creatorId, creatorName) VALUES(365, 1193190, 'Aaron Rahsaan Thomas') ON CONFLICT DO NOTHING;
INSERT INTO creators(mediaId, creatorId, creatorName) VALUES(365, 1216733, 'Shawn Ryan') ON CONFLICT DO NOTHING;
INSERT INTO actors (mediaId, actorId , actorName, characterName, profilePath) VALUES(365, 50266, 'Shemar Moore', 'Daniel ''Hondo'' Harrelson', 'https://image.tmdb.org/t/p/original/epkv0UiwrPfCK3c0sHemSMi2jeh.jpg') ON CONFLICT DO NOTHING;
INSERT INTO actors (mediaId, actorId , actorName, characterName, profilePath) VALUES(365, 108889, 'Jay Harrington', 'David ''Deacon'' Kay', 'https://image.tmdb.org/t/p/original/aLIVOcm0ylX4DMGVvzebNyiLmeW.jpg') ON CONFLICT DO NOTHING;
INSERT INTO actors (mediaId, actorId , actorName, characterName, profilePath) VALUES(365, 558466, 'Alex Russell', 'Jim Street', 'https://image.tmdb.org/t/p/original/6ICuiVBMCCY2phrHXpXftoKHqM2.jpg') ON CONFLICT DO NOTHING;
INSERT INTO actors (mediaId, actorId , actorName, characterName, profilePath) VALUES(365, 1353288, 'David Lim', 'Victor Tan', 'https://image.tmdb.org/t/p/original/sTDggvTKtNIIl5zj4Zd4BbYI3lt.jpg') ON CONFLICT DO NOTHING;
INSERT INTO actors (mediaId, actorId , actorName, characterName, profilePath) VALUES(365, 42191, 'Kenny Johnson', 'Dominique Luca', 'https://image.tmdb.org/t/p/original/oFjEvGUEync0f2uiyGxMbinQkEl.jpg') ON CONFLICT DO NOTHING;
INSERT INTO actors (mediaId, actorId , actorName, characterName, profilePath) VALUES(365, 117437, 'Patrick St. Esprit', 'Robert ''Bob'' Hicks', 'https://image.tmdb.org/t/p/original/lgHbDLjzl6GHXlE1QqV6LwXojuD.jpg') ON CONFLICT DO NOTHING;
INSERT INTO actors (mediaId, actorId , actorName, characterName, profilePath) VALUES(365, 80760, 'Rochelle Aytes', 'Nichelle Carmichael', 'https://image.tmdb.org/t/p/original/9njTma1gJ4RNoT1P1QkCeI7Mcdr.jpg') ON CONFLICT DO NOTHING;
INSERT INTO providers (mediaId, providerId, providerName, logoPath) VALUES( 365, 16, 'CBS', 'https://image.tmdb.org/t/p/original/wju8KhOUsR5y4bH9p3Jc50hhaLO.png') ON CONFLICT DO NOTHING;
INSERT INTO media (mediaId, type, name, originalLanguage, adult, releaseDate, overview, backdropPath, posterPath, trailerLink, tmdbRating,  status) VALUES(366, true, 'El Señor de los Cielos: Sus Comienzos', 'es', False, '2023-09-13',  '', 'https://image.tmdb.org/t/p/original/ko2b7SCfh0lp8asRzfpKOAqhnp.jpg', 'https://image.tmdb.org/t/p/original/xHZoRguXWBA7ObQGG37KAg0h2Ds.jpg', 'None', 8.1, 'Returning Series') ON CONFLICT DO NOTHING;
INSERT INTO tv (mediaid , lastAirDate, nextEpisodeToAir, numberOfEpisodes, numberOfSeasons) VALUES( 366, '2023-09-15', NULL , 3, 1) ON CONFLICT DO NOTHING;
INSERT INTO genres (mediaId, genre) VALUES(366, 'Action & Adventure') ON CONFLICT DO NOTHING;
INSERT INTO genres (mediaId, genre) VALUES(366, 'Drama') ON CONFLICT DO NOTHING;
INSERT INTO actors (mediaId, actorId , actorName, characterName, profilePath) VALUES(366, 3868416, 'Luigi Cerrada', 'Aurelio Casillas', 'None') ON CONFLICT DO NOTHING;
INSERT INTO actors (mediaId, actorId , actorName, characterName, profilePath) VALUES(366, 1317776, 'Carmen Aub', 'Rutila Casillas', 'https://image.tmdb.org/t/p/original/ciH48S91xQBycxdiFBK4KO4U0pl.jpg') ON CONFLICT DO NOTHING;
INSERT INTO actors (mediaId, actorId , actorName, characterName, profilePath) VALUES(366, 969247, 'Iván Arana', 'Ismael Casillas', 'https://image.tmdb.org/t/p/original/xbhtsnfZKZpXneRYbGxlzJWusY2.jpg') ON CONFLICT DO NOTHING;
INSERT INTO actors (mediaId, actorId , actorName, characterName, profilePath) VALUES(366, 1254327, 'Isabella Castillo', 'Diana Ahumada', 'https://image.tmdb.org/t/p/original/n3JZ5gvCyzG48yRNVIJ4s0DHm2M.jpg') ON CONFLICT DO NOTHING;
INSERT INTO actors (mediaId, actorId , actorName, characterName, profilePath) VALUES(366, 2362052, 'Alejandro López', 'Súper Javi', 'https://image.tmdb.org/t/p/original/f3ZhmvMFYCio2HE0PNxz4MUNKd7.jpg') ON CONFLICT DO NOTHING;
INSERT INTO actors (mediaId, actorId , actorName, characterName, profilePath) VALUES(366, 1013200, 'Robinson Díaz', 'El Cabo', 'https://image.tmdb.org/t/p/original/t8zVLbZScOwv1Dt6LDVdXgGQIuw.jpg') ON CONFLICT DO NOTHING;
INSERT INTO actors (mediaId, actorId , actorName, characterName, profilePath) VALUES(366, 3834170, 'Renata Manterola', 'Luzma', 'None') ON CONFLICT DO NOTHING;
INSERT INTO actors (mediaId, actorId , actorName, characterName, profilePath) VALUES(366, 2745741, 'Maricela González', 'La Felina', 'None') ON CONFLICT DO NOTHING;
INSERT INTO actors (mediaId, actorId , actorName, characterName, profilePath) VALUES(366, 3244850, 'Carla Carrillo', 'Corina Saldaña', 'None') ON CONFLICT DO NOTHING;
INSERT INTO actors (mediaId, actorId , actorName, characterName, profilePath) VALUES(366, 1608074, 'Thalí García', 'Bere Ahumada', 'https://image.tmdb.org/t/p/original/jvukDRq8Xd1Sqlo4VzA8TVWXYMs.jpg') ON CONFLICT DO NOTHING;
INSERT INTO media (mediaId, type, name, originalLanguage, adult, releaseDate, overview, backdropPath, posterPath, trailerLink, tmdbRating,  status) VALUES(367, true, 'Lessons in Chemistry', 'en', False, '2023-10-12',  'In the 1950s, Elizabeth Zott’s dream of being a scientist is challenged by a society that says women belong in the domestic sphere. She accepts a job on a TV cooking show and sets out to teach a nation of overlooked housewives way more than recipes.', 'https://image.tmdb.org/t/p/original/cuG3f2l51KdvP9IzBHlol2jR2FC.jpg', 'https://image.tmdb.org/t/p/original/tCPIf5f6jUIr8KDMWsfaXwXW0kl.jpg', 'https://www.youtube.com/watch?v=-1PuK8mxASE', 7.7, 'Returning Series') ON CONFLICT DO NOTHING;
INSERT INTO tv (mediaid , lastAirDate, nextEpisodeToAir, numberOfEpisodes, numberOfSeasons) VALUES( 367, '2023-10-12', '2023-10-19' , 8, 1) ON CONFLICT DO NOTHING;
INSERT INTO genres (mediaId, genre) VALUES(367, 'Drama') ON CONFLICT DO NOTHING;
INSERT INTO creators(mediaId, creatorId, creatorName) VALUES(367, 84417, 'Lee Eisenberg') ON CONFLICT DO NOTHING;
INSERT INTO actors (mediaId, actorId , actorName, characterName, profilePath) VALUES(367, 60073, 'Brie Larson', 'Elizabeth Zott', 'https://image.tmdb.org/t/p/original/fadH8VTR6yEoUyU7IiEAYimxxtK.jpg') ON CONFLICT DO NOTHING;
INSERT INTO actors (mediaId, actorId , actorName, characterName, profilePath) VALUES(367, 1700685, 'Lewis Pullman', 'Dr. Calvin Evans', 'https://image.tmdb.org/t/p/original/bar5VvioWtciX9MOfK88H4WDh2g.jpg') ON CONFLICT DO NOTHING;
INSERT INTO actors (mediaId, actorId , actorName, characterName, profilePath) VALUES(367, 1120699, 'Aja Naomi King', 'Harriet Sloane', 'https://image.tmdb.org/t/p/original/lEfJ1a07YneGe954GfjL5v8J9hp.jpg') ON CONFLICT DO NOTHING;
INSERT INTO actors (mediaId, actorId , actorName, characterName, profilePath) VALUES(367, 1395056, 'Stephanie Koenig', 'Fran Frask', 'https://image.tmdb.org/t/p/original/8NI5Xhgzxr4SSpN4frWDH2yMWod.jpg') ON CONFLICT DO NOTHING;
INSERT INTO actors (mediaId, actorId , actorName, characterName, profilePath) VALUES(367, 1635137, 'Patrick R. Walker', 'Wakely', 'https://image.tmdb.org/t/p/original/y1LK2wczhWC0S8lfWoSLfmezhp5.jpg') ON CONFLICT DO NOTHING;
INSERT INTO providers (mediaId, providerId, providerName, logoPath) VALUES( 367, 2552, 'Apple TV+', 'https://image.tmdb.org/t/p/original/4KAy34EHvRM25Ih8wb82AuGU7zJ.png') ON CONFLICT DO NOTHING;
INSERT INTO media (mediaId, type, name, originalLanguage, adult, releaseDate, overview, backdropPath, posterPath, trailerLink, tmdbRating,  status) VALUES(368, true, 'FBI', 'en', False, '2018-09-25',  'The New York office of the FBI brings to bear all their talents, intellect and technical expertise on major cases in order to keep their city and the country safe.', 'https://image.tmdb.org/t/p/original/stD2BtJHwc8xolJVtglrETEjD57.jpg', 'https://image.tmdb.org/t/p/original/cGLQRv3MLWGrHMhRGn1zsSa9n2i.jpg', 'None', 8, 'Returning Series') ON CONFLICT DO NOTHING;
INSERT INTO tv (mediaid , lastAirDate, nextEpisodeToAir, numberOfEpisodes, numberOfSeasons) VALUES( 368, '2023-05-23', NULL , 100, 5) ON CONFLICT DO NOTHING;
INSERT INTO genres (mediaId, genre) VALUES(368, 'Crime') ON CONFLICT DO NOTHING;
INSERT INTO genres (mediaId, genre) VALUES(368, 'Action & Adventure') ON CONFLICT DO NOTHING;
INSERT INTO genres (mediaId, genre) VALUES(368, 'Drama') ON CONFLICT DO NOTHING;
INSERT INTO creators(mediaId, creatorId, creatorName) VALUES(368, 117443, 'Dick Wolf') ON CONFLICT DO NOTHING;
INSERT INTO creators(mediaId, creatorId, creatorName) VALUES(368, 1631017, 'Craig Turk') ON CONFLICT DO NOTHING;
INSERT INTO actors (mediaId, actorId , actorName, characterName, profilePath) VALUES(368, 34434, 'Missy Peregrym', 'Maggie Bell', 'https://image.tmdb.org/t/p/original/sqlkqlUgrQkU4AKbX3NCt4oNtbb.jpg') ON CONFLICT DO NOTHING;
INSERT INTO actors (mediaId, actorId , actorName, characterName, profilePath) VALUES(368, 1370998, 'Zeeko Zaki', 'Omar Adom ''OA'' Zidan', 'https://image.tmdb.org/t/p/original/r38igYNkkjIYnuZQhFtGV5t8ZLs.jpg') ON CONFLICT DO NOTHING;
INSERT INTO actors (mediaId, actorId , actorName, characterName, profilePath) VALUES(368, 58621, 'John Boyd', 'Stuart Scola', 'https://image.tmdb.org/t/p/original/oHgkm4VtuG1kFNqRCqPd5pKKMd0.jpg') ON CONFLICT DO NOTHING;
INSERT INTO actors (mediaId, actorId , actorName, characterName, profilePath) VALUES(368, 2824347, 'Katherine Renee Kane', 'Tiffany Wallace', 'https://image.tmdb.org/t/p/original/j3kpjIhqKzq1FeHXd0IqBHvFvPL.jpg') ON CONFLICT DO NOTHING;
INSERT INTO actors (mediaId, actorId , actorName, characterName, profilePath) VALUES(368, 23958, 'Jeremy Sisto', 'Jubal Valentine', 'https://image.tmdb.org/t/p/original/1XfuASLjBhGOhJ4os7juRJot2we.jpg') ON CONFLICT DO NOTHING;
INSERT INTO actors (mediaId, actorId , actorName, characterName, profilePath) VALUES(368, 1218281, 'Alana de la Garza', 'Isobel Castille', 'https://image.tmdb.org/t/p/original/fxeNagDxAeHt7QIcCKesEmjTE5K.jpg') ON CONFLICT DO NOTHING;
INSERT INTO providers (mediaId, providerId, providerName, logoPath) VALUES( 368, 16, 'CBS', 'https://image.tmdb.org/t/p/original/wju8KhOUsR5y4bH9p3Jc50hhaLO.png') ON CONFLICT DO NOTHING;
INSERT INTO media (mediaId, type, name, originalLanguage, adult, releaseDate, overview, backdropPath, posterPath, trailerLink, tmdbRating,  status) VALUES(369, true, 'South Park', 'en', False, '1997-08-13',  'Follows the misadventures of four irreverent grade-schoolers in the quiet, dysfunctional town of South Park, Colorado.', 'https://image.tmdb.org/t/p/original/41neXsH222hV2zrsTyw8h7javon.jpg', 'https://image.tmdb.org/t/p/original/iiCY2QIGSnmtVkIdjkKAfwDs0KF.jpg', 'https://www.youtube.com/watch?v=uLrlLDLJpMo', 8.4, 'Returning Series') ON CONFLICT DO NOTHING;
INSERT INTO tv (mediaid , lastAirDate, nextEpisodeToAir, numberOfEpisodes, numberOfSeasons) VALUES( 369, '2023-03-29', NULL , 321, 26) ON CONFLICT DO NOTHING;
INSERT INTO genres (mediaId, genre) VALUES(369, 'Animation') ON CONFLICT DO NOTHING;
INSERT INTO genres (mediaId, genre) VALUES(369, 'Comedy') ON CONFLICT DO NOTHING;
INSERT INTO creators(mediaId, creatorId, creatorName) VALUES(369, 34517, 'Trey Parker') ON CONFLICT DO NOTHING;
INSERT INTO creators(mediaId, creatorId, creatorName) VALUES(369, 34518, 'Matt Stone') ON CONFLICT DO NOTHING;
INSERT INTO actors (mediaId, actorId , actorName, characterName, profilePath) VALUES(369, 34517, 'Trey Parker', 'Eric Cartman / Stan Marsh (voice)', 'https://image.tmdb.org/t/p/original/pVEfyxGOBoKoirRZtmSsJ7PX91V.jpg') ON CONFLICT DO NOTHING;
INSERT INTO actors (mediaId, actorId , actorName, characterName, profilePath) VALUES(369, 34518, 'Matt Stone', 'Kyle Broflovski / Kenny McCormick (voice)', 'https://image.tmdb.org/t/p/original/ActhebxBVSeRtwwVPSPGTmLSUuP.jpg') ON CONFLICT DO NOTHING;
INSERT INTO actors (mediaId, actorId , actorName, characterName, profilePath) VALUES(369, 111466, 'Mona Marshall', 'Sheila Broflovski (voice)', 'https://image.tmdb.org/t/p/original/A2RCAt0Xmm3jLBKZogQAJX6eD9n.jpg') ON CONFLICT DO NOTHING;
INSERT INTO providers (mediaId, providerId, providerName, logoPath) VALUES( 369, 47, 'Comedy Central', 'https://image.tmdb.org/t/p/original/6ooPjtXufjsoskdJqj6pxuvHEno.png') ON CONFLICT DO NOTHING;
INSERT INTO media (mediaId, type, name, originalLanguage, adult, releaseDate, overview, backdropPath, posterPath, trailerLink, tmdbRating,  status) VALUES(370, true, 'Special Ops: Lioness', 'en', False, '2023-07-23',  'Cruz Manuelos, a rough-around-the-edges but passionate young Marine, is recruited to join the CIA’s Lioness Engagement Team to help bring down a terrorist organization from within. Joe, the station chief of the Lioness program, is tasked with training, managing and leading her female undercover operatives.', 'https://image.tmdb.org/t/p/original/sa9vB0xb3OMU6iSMkig8RBbdESq.jpg', 'https://image.tmdb.org/t/p/original/rXCzevakJoAN1qnZY0nAQPSLVRv.jpg', 'https://www.youtube.com/watch?v=Y11p6YzdKHw', 8.3, 'Returning Series') ON CONFLICT DO NOTHING;
INSERT INTO tv (mediaid , lastAirDate, nextEpisodeToAir, numberOfEpisodes, numberOfSeasons) VALUES( 370, '2023-09-03', NULL , 8, 1) ON CONFLICT DO NOTHING;
INSERT INTO genres (mediaId, genre) VALUES(370, 'Drama') ON CONFLICT DO NOTHING;
INSERT INTO creators(mediaId, creatorId, creatorName) VALUES(370, 1215399, 'Taylor Sheridan') ON CONFLICT DO NOTHING;
INSERT INTO actors (mediaId, actorId , actorName, characterName, profilePath) VALUES(370, 8691, 'Zoe Saldaña', 'Joe', 'https://image.tmdb.org/t/p/original/snQ1rfO9Bb2LRG9MAOQnn3JXVHy.jpg') ON CONFLICT DO NOTHING;
INSERT INTO actors (mediaId, actorId , actorName, characterName, profilePath) VALUES(370, 2034922, 'Laysla De Oliveira', 'Cruz Manuelos', 'https://image.tmdb.org/t/p/original/3hWOSY5ZXoyzp94OzGaooURK9hn.jpg') ON CONFLICT DO NOTHING;
INSERT INTO actors (mediaId, actorId , actorName, characterName, profilePath) VALUES(370, 176653, 'Dave Annable', 'Neal McNamara', 'https://image.tmdb.org/t/p/original/5DXu9ZiB4dfqNmHIOGnhXMBouPP.jpg') ON CONFLICT DO NOTHING;
INSERT INTO actors (mediaId, actorId , actorName, characterName, profilePath) VALUES(370, 82943, 'Jill Wagner', 'Bobby', 'https://image.tmdb.org/t/p/original/j6gv8Ua7JnQp6vBicpbX2JN7ajD.jpg') ON CONFLICT DO NOTHING;
INSERT INTO actors (mediaId, actorId , actorName, characterName, profilePath) VALUES(370, 1094385, 'LaMonica Garrett', 'Tucker', 'https://image.tmdb.org/t/p/original/yE5TBZ2qC5LAPDduBQAERo7EF3r.jpg') ON CONFLICT DO NOTHING;
INSERT INTO actors (mediaId, actorId , actorName, characterName, profilePath) VALUES(370, 1224342, 'James Jordan', 'Two Cups', 'https://image.tmdb.org/t/p/original/5Bs7uPG7j1AHxdKnFIXJvCOQQ2j.jpg') ON CONFLICT DO NOTHING;
INSERT INTO actors (mediaId, actorId , actorName, characterName, profilePath) VALUES(370, 1367847, 'Austin Hébert', 'Randy', 'https://image.tmdb.org/t/p/original/vOuRMtOtPVd8vuNCCxxavQSdGIC.jpg') ON CONFLICT DO NOTHING;
INSERT INTO actors (mediaId, actorId , actorName, characterName, profilePath) VALUES(370, 1315619, 'Jonah Wharton', 'Tex', 'https://image.tmdb.org/t/p/original/4wisMOLFgPPQxm7gQO9wSI72O08.jpg') ON CONFLICT DO NOTHING;
INSERT INTO actors (mediaId, actorId , actorName, characterName, profilePath) VALUES(370, 2275144, 'Stephanie Nur', 'Aaliyah Amrohi', 'https://image.tmdb.org/t/p/original/kpYEaUMYU60Cu8sZLWwDo4GZkVR.jpg') ON CONFLICT DO NOTHING;
INSERT INTO actors (mediaId, actorId , actorName, characterName, profilePath) VALUES(370, 3647727, 'Hannah Love Lanier', 'Kate McNamara', 'https://image.tmdb.org/t/p/original/9Jwa7ko0GoMi1TPRgwmrPUXWRuO.jpg') ON CONFLICT DO NOTHING;
INSERT INTO providers (mediaId, providerId, providerName, logoPath) VALUES( 370, 4330, 'Paramount+', 'https://image.tmdb.org/t/p/original/fi83B1oztoS47xxcemFdPMhIzK.png') ON CONFLICT DO NOTHING;
INSERT INTO media (mediaId, type, name, originalLanguage, adult, releaseDate, overview, backdropPath, posterPath, trailerLink, tmdbRating,  status) VALUES(371, true, 'Columbo', 'en', False, '1971-09-15',  'Columbo is a friendly, verbose, disheveled-looking police detective who is consistently underestimated by his suspects. Despite his unprepossessing appearance and apparent absentmindedness, he shrewdly solves all of his cases and secures all evidence needed for indictment. His formidable eye for detail and meticulously dedicated approach often become clear to the killer only late in the storyline.', 'https://image.tmdb.org/t/p/original/qdkP0KAjW0xhQW2xYLL7bUF7unG.jpg', 'https://image.tmdb.org/t/p/original/ypIU92ah9ytKWhDyJJCFoZitbOJ.jpg', 'https://www.youtube.com/watch?v=8ZOHmz3bfAI', 8.1, 'Ended') ON CONFLICT DO NOTHING;
INSERT INTO tv (mediaid , lastAirDate, nextEpisodeToAir, numberOfEpisodes, numberOfSeasons) VALUES( 371, '2003-01-30', NULL , 67, 10) ON CONFLICT DO NOTHING;
INSERT INTO genres (mediaId, genre) VALUES(371, 'Crime') ON CONFLICT DO NOTHING;
INSERT INTO genres (mediaId, genre) VALUES(371, 'Drama') ON CONFLICT DO NOTHING;
INSERT INTO genres (mediaId, genre) VALUES(371, 'Mystery') ON CONFLICT DO NOTHING;
INSERT INTO creators(mediaId, creatorId, creatorName) VALUES(371, 42057, 'Richard Levinson') ON CONFLICT DO NOTHING;
INSERT INTO creators(mediaId, creatorId, creatorName) VALUES(371, 42058, 'William Link') ON CONFLICT DO NOTHING;
INSERT INTO actors (mediaId, actorId , actorName, characterName, profilePath) VALUES(371, 2314, 'Peter Falk', 'Columbo', 'https://image.tmdb.org/t/p/original/5HhzU8ErKK5tUSRMUAE8P4n26C0.jpg') ON CONFLICT DO NOTHING;
INSERT INTO providers (mediaId, providerId, providerName, logoPath) VALUES( 371, 2, 'ABC', 'https://image.tmdb.org/t/p/original/2uy2ZWcplrSObIyt4x0Y9rkG6qO.png') ON CONFLICT DO NOTHING;
INSERT INTO providers (mediaId, providerId, providerName, logoPath) VALUES( 371, 6, 'NBC', 'https://image.tmdb.org/t/p/original/cm111bsDVlYaC1foL0itvEI4yLG.png') ON CONFLICT DO NOTHING;
INSERT INTO media (mediaId, type, name, originalLanguage, adult, releaseDate, overview, backdropPath, posterPath, trailerLink, tmdbRating,  status) VALUES(372, true, 'The Masked Singer', 'en', False, '2019-01-02',  'Celebrities compete in a singing competition with one major twist: each singer is shrouded from head to toe in an elaborate costume, complete with full face mask to conceal his or her identity. One singer will be eliminated each week, ultimately revealing his or her true identity.', 'https://image.tmdb.org/t/p/original/fg6M0aWG5OR0EQGx6hxisnnCMZe.jpg', 'https://image.tmdb.org/t/p/original/g2y2duCEYzCsfG4vbnTKKhUST5w.jpg', 'None', 8.2, 'Returning Series') ON CONFLICT DO NOTHING;
INSERT INTO tv (mediaid , lastAirDate, nextEpisodeToAir, numberOfEpisodes, numberOfSeasons) VALUES( 372, '2023-10-11', '2023-10-18' , 128, 10) ON CONFLICT DO NOTHING;
INSERT INTO genres (mediaId, genre) VALUES(372, 'Reality') ON CONFLICT DO NOTHING;
INSERT INTO creators(mediaId, creatorId, creatorName) VALUES(372, 1258897, 'Craig Plestis') ON CONFLICT DO NOTHING;
INSERT INTO actors (mediaId, actorId , actorName, characterName, profilePath) VALUES(372, 36811, 'Nick Cannon', 'Self - Host', 'https://image.tmdb.org/t/p/original/2bl5CYhHKuPi58hChOj3mcDltyJ.jpg') ON CONFLICT DO NOTHING;
INSERT INTO actors (mediaId, actorId , actorName, characterName, profilePath) VALUES(372, 175493, 'Robin Thicke', 'Self - Panelist', 'https://image.tmdb.org/t/p/original/jOUBUrUFq16pknCkMUTTJ6CdFAY.jpg') ON CONFLICT DO NOTHING;
INSERT INTO actors (mediaId, actorId , actorName, characterName, profilePath) VALUES(372, 35597, 'Jenny McCarthy-Wahlberg', 'Self - Panelist', 'https://image.tmdb.org/t/p/original/3TLU4bjzAW3Q85ELPqhPsyXC5DR.jpg') ON CONFLICT DO NOTHING;
INSERT INTO actors (mediaId, actorId , actorName, characterName, profilePath) VALUES(372, 83586, 'Ken Jeong', 'Self - Panelist', 'https://image.tmdb.org/t/p/original/9OAUwY25yPxItnkcnnJdtpNwMSp.jpg') ON CONFLICT DO NOTHING;
INSERT INTO actors (mediaId, actorId , actorName, characterName, profilePath) VALUES(372, 151246, 'Nicole Scherzinger', 'Self - Panelist', 'https://image.tmdb.org/t/p/original/aZl3mez5x2kS8Cem3utWyRbgqph.jpg') ON CONFLICT DO NOTHING;
INSERT INTO providers (mediaId, providerId, providerName, logoPath) VALUES( 372, 19, 'FOX', 'https://image.tmdb.org/t/p/original/1DSpHrWyOORkL9N2QHX7Adt31mQ.png') ON CONFLICT DO NOTHING;
INSERT INTO media (mediaId, type, name, originalLanguage, adult, releaseDate, overview, backdropPath, posterPath, trailerLink, tmdbRating,  status) VALUES(373, true, 'Senda prohibida', 'es', False, '2023-06-23',  'A girl leaves her town with the goal of succeeding in life. Upon arriving in Mexico City, thanks to her beauty and her good manners, she gets a job in an office where she falls in love with her boss.', 'https://image.tmdb.org/t/p/original/5rbr6ajg6hk2bes97ROPV3VvnYe.jpg', 'https://image.tmdb.org/t/p/original/dUn7V8q6nS76k9d4MsJjOdi94ZD.jpg', 'None', 7.7, 'Returning Series') ON CONFLICT DO NOTHING;
INSERT INTO tv (mediaid , lastAirDate, nextEpisodeToAir, numberOfEpisodes, numberOfSeasons) VALUES( 373, '2023-09-15', NULL , 21, 3) ON CONFLICT DO NOTHING;
INSERT INTO genres (mediaId, genre) VALUES(373, 'Drama') ON CONFLICT DO NOTHING;
INSERT INTO creators(mediaId, creatorId, creatorName) VALUES(373, 1795264, 'Leticia López Margalli') ON CONFLICT DO NOTHING;
INSERT INTO providers (mediaId, providerId, providerName, logoPath) VALUES( 373, 6041, 'ViX', 'https://image.tmdb.org/t/p/original/osAelnShU5bBUCd2Od0L6ExSuv4.png') ON CONFLICT DO NOTHING;
INSERT INTO media (mediaId, type, name, originalLanguage, adult, releaseDate, overview, backdropPath, posterPath, trailerLink, tmdbRating,  status) VALUES(374, true, 'Better Than Us', 'ru', False, '2018-11-23',  'Moscow in a not so distant future where human beings share their daily lives with robots. Georgy, a forensic who has a robot assistant, suddenly finds himself caught up in the first murder committed by a new kind of experimental humanoid.', 'https://image.tmdb.org/t/p/original/sgKWm5B1SjlhxQJpsJpT1IEwUtR.jpg', 'https://image.tmdb.org/t/p/original/dUigUEoz7IlImY4uJLtqnLRYEU3.jpg', 'https://www.youtube.com/watch?v=8DoDCeQrexU', 7.4, 'Ended') ON CONFLICT DO NOTHING;
INSERT INTO tv (mediaid , lastAirDate, nextEpisodeToAir, numberOfEpisodes, numberOfSeasons) VALUES( 374, '2019-03-01', NULL , 16, 1) ON CONFLICT DO NOTHING;
INSERT INTO genres (mediaId, genre) VALUES(374, 'Sci-Fi & Fantasy') ON CONFLICT DO NOTHING;
INSERT INTO genres (mediaId, genre) VALUES(374, 'Drama') ON CONFLICT DO NOTHING;
INSERT INTO actors (mediaId, actorId , actorName, characterName, profilePath) VALUES(374, 1545647, 'Paulina Andreeva', 'Arisa', 'https://image.tmdb.org/t/p/original/dyD2NcVXAA88Gxhatnvh2dpDKne.jpg') ON CONFLICT DO NOTHING;
INSERT INTO actors (mediaId, actorId , actorName, characterName, profilePath) VALUES(374, 137635, 'Kirill Käro', 'Georgy Safronov', 'https://image.tmdb.org/t/p/original/nCEUkXgx3ts7Zq7hYgO4LmN4rjT.jpg') ON CONFLICT DO NOTHING;
INSERT INTO actors (mediaId, actorId , actorName, characterName, profilePath) VALUES(374, 1491799, 'Olga Lomonosova', 'Alla Safronova', 'https://image.tmdb.org/t/p/original/jhsDwnFlyQ4NMk0y2rhxerUIBO9.jpg') ON CONFLICT DO NOTHING;
INSERT INTO actors (mediaId, actorId , actorName, characterName, profilePath) VALUES(374, 2007637, 'Vitaliya Kornienko', 'Sonya Safronova', 'https://image.tmdb.org/t/p/original/4C87fJityzFxR2ERBjUqARECKDp.jpg') ON CONFLICT DO NOTHING;
INSERT INTO actors (mediaId, actorId , actorName, characterName, profilePath) VALUES(374, 1608671, 'Eldar Kalimulin', 'Egor Safronov', 'https://image.tmdb.org/t/p/original/iT4pFvyJJHsWuw86TS9NKtmjxRI.jpg') ON CONFLICT DO NOTHING;
INSERT INTO actors (mediaId, actorId , actorName, characterName, profilePath) VALUES(374, 2185475, 'Vera Kincheva', 'Zhanna Barseneva', 'https://image.tmdb.org/t/p/original/xfHPLNo2yzmEfpegnJZfawhR2hV.jpg') ON CONFLICT DO NOTHING;
INSERT INTO actors (mediaId, actorId , actorName, characterName, profilePath) VALUES(374, 1986576, 'Aleksandr Kuznetsov', 'Bars', 'https://image.tmdb.org/t/p/original/ejfeqNpYh2tOt2KkyBTluLyHjx2.jpg') ON CONFLICT DO NOTHING;
INSERT INTO actors (mediaId, actorId , actorName, characterName, profilePath) VALUES(374, 2008930, 'Irina Tarannik', 'Svetlana Toropova', 'https://image.tmdb.org/t/p/original/joHQR0kXJ8e5iE2RpIsjE6NFOIs.jpg') ON CONFLICT DO NOTHING;
INSERT INTO actors (mediaId, actorId , actorName, characterName, profilePath) VALUES(374, 2438919, 'Arseniy Sidorov', 'Boris Toropov', 'https://image.tmdb.org/t/p/original/6MpO3eZfTHIZ1KxK9FPyhFYWO9A.jpg') ON CONFLICT DO NOTHING;
INSERT INTO actors (mediaId, actorId , actorName, characterName, profilePath) VALUES(374, 227674, 'Fyodor Lavrov', 'Gleb', 'https://image.tmdb.org/t/p/original/zbKwDexqKKWRrcECiZ9hCVwMfSe.jpg') ON CONFLICT DO NOTHING;
INSERT INTO providers (mediaId, providerId, providerName, logoPath) VALUES( 374, 213, 'Netflix', 'https://image.tmdb.org/t/p/original/wwemzKWzjKYJFfCeiB57q3r4Bcm.png') ON CONFLICT DO NOTHING;
INSERT INTO providers (mediaId, providerId, providerName, logoPath) VALUES( 374, 558, 'Channel One', 'https://image.tmdb.org/t/p/original/f8exyCoSdsESrCrlMgvETOnLgf8.png') ON CONFLICT DO NOTHING;
INSERT INTO media (mediaId, type, name, originalLanguage, adult, releaseDate, overview, backdropPath, posterPath, trailerLink, tmdbRating,  status) VALUES(375, true, 'Naked News', 'en', False, '2005-11-20',  'A real television newscast, the show is prepared in Toronto and runs daily, with 25-minute episodes 6 days per week. The female anchors read the news fully nude or strip as they present their news segments.', 'https://image.tmdb.org/t/p/original/wg7K98aSLLF3V8ve7uIqE93QnE0.jpg', 'https://image.tmdb.org/t/p/original/kZZl47H5zlM8z1Rqe39h46NC17K.jpg', 'None', 6, 'Returning Series') ON CONFLICT DO NOTHING;
INSERT INTO tv (mediaid , lastAirDate, nextEpisodeToAir, numberOfEpisodes, numberOfSeasons) VALUES( 375, '2023-10-17', '2023-10-18' , 1558, 19) ON CONFLICT DO NOTHING;
INSERT INTO genres (mediaId, genre) VALUES(375, 'Comedy') ON CONFLICT DO NOTHING;
INSERT INTO genres (mediaId, genre) VALUES(375, 'News') ON CONFLICT DO NOTHING;
INSERT INTO providers (mediaId, providerId, providerName, logoPath) VALUES( 375, 225, 'Playboy TV', 'https://image.tmdb.org/t/p/original/eO5aasMR3jdIE6wtaPdHSyn5R2i.png') ON CONFLICT DO NOTHING;
INSERT INTO media (mediaId, type, name, originalLanguage, adult, releaseDate, overview, backdropPath, posterPath, trailerLink, tmdbRating,  status) VALUES(376, true, 'Chicago Med', 'en', False, '2015-11-17',  'An emotional thrill ride through the day-to-day chaos of the city''s most explosive hospital and the courageous team of doctors who hold it together. They will tackle unique new cases inspired by topical events, forging fiery relationships in the pulse-pounding pandemonium of the emergency room.', 'https://image.tmdb.org/t/p/original/q18TcyP7w8yS44Sp6jW7kc3Buvm.jpg', 'https://image.tmdb.org/t/p/original/gHP1tbA9XZ8rQTwgNpNKP8p3H9Z.jpg', 'https://www.youtube.com/watch?v=U2NZ7G02e40', 8.3, 'Returning Series') ON CONFLICT DO NOTHING;
INSERT INTO tv (mediaid , lastAirDate, nextEpisodeToAir, numberOfEpisodes, numberOfSeasons) VALUES( 376, '2023-05-24', NULL , 163, 8) ON CONFLICT DO NOTHING;
INSERT INTO genres (mediaId, genre) VALUES(376, 'Drama') ON CONFLICT DO NOTHING;
INSERT INTO creators(mediaId, creatorId, creatorName) VALUES(376, 117443, 'Dick Wolf') ON CONFLICT DO NOTHING;
INSERT INTO creators(mediaId, creatorId, creatorName) VALUES(376, 1214477, 'Matt Olmstead') ON CONFLICT DO NOTHING;
INSERT INTO actors (mediaId, actorId , actorName, characterName, profilePath) VALUES(376, 979639, 'Nick Gehlfuss', 'Dr. Will Halstead', 'https://image.tmdb.org/t/p/original/sQfil37zlgH1bm1Hvy7IfFiW3Bw.jpg') ON CONFLICT DO NOTHING;
INSERT INTO actors (mediaId, actorId , actorName, characterName, profilePath) VALUES(376, 146411, 'Dominic Rains', 'Dr. Crockett Marcel', 'https://image.tmdb.org/t/p/original/fOTgkYQWryERySm6nX4wkfjRx1H.jpg') ON CONFLICT DO NOTHING;
INSERT INTO actors (mediaId, actorId , actorName, characterName, profilePath) VALUES(376, 26974, 'Jessy Schram', 'Dr. Hannah Asher', 'https://image.tmdb.org/t/p/original/Anmaj81jPmMyCHbCCdeKbho4gjy.jpg') ON CONFLICT DO NOTHING;
INSERT INTO actors (mediaId, actorId , actorName, characterName, profilePath) VALUES(376, 1232555, 'Marlyne Barrett', 'Maggie Lockwood', 'https://image.tmdb.org/t/p/original/q9v56UDT9vh5LXCCjIHvvI5h89O.jpg') ON CONFLICT DO NOTHING;
INSERT INTO actors (mediaId, actorId , actorName, characterName, profilePath) VALUES(376, 17485, 'Oliver Platt', 'Dr. Daniel Charles', 'https://image.tmdb.org/t/p/original/toAVx1NyoVbFkxh0ydRsD1fP6pV.jpg') ON CONFLICT DO NOTHING;
INSERT INTO actors (mediaId, actorId , actorName, characterName, profilePath) VALUES(376, 3978, 'S. Epatha Merkerson', 'Sharon Goodwin', 'https://image.tmdb.org/t/p/original/5zhYul0uNO3XPACmKBW5pwlhr7e.jpg') ON CONFLICT DO NOTHING;
INSERT INTO providers (mediaId, providerId, providerName, logoPath) VALUES( 376, 6, 'NBC', 'https://image.tmdb.org/t/p/original/cm111bsDVlYaC1foL0itvEI4yLG.png') ON CONFLICT DO NOTHING;
INSERT INTO media (mediaId, type, name, originalLanguage, adult, releaseDate, overview, backdropPath, posterPath, trailerLink, tmdbRating,  status) VALUES(377, true, 'The Worst of Evil', 'ko', False, '2023-09-27',  'Set in the 1980s, a husband and wife, both detectives, infiltrate a massive criminal organization responsible for the illegal drug trade between Korea, China, and Japan.', 'https://image.tmdb.org/t/p/original/pHpHEsBGqdRLsevBw90YNsRVAKp.jpg', 'https://image.tmdb.org/t/p/original/uZJGMFgE1Q9xpncVAu1G3Vce4nP.jpg', 'https://www.youtube.com/watch?v=L5qtpG1kqfI', 8.5, 'Returning Series') ON CONFLICT DO NOTHING;
INSERT INTO tv (mediaid , lastAirDate, nextEpisodeToAir, numberOfEpisodes, numberOfSeasons) VALUES( 377, '2023-10-11', '2023-10-18' , 12, 1) ON CONFLICT DO NOTHING;
INSERT INTO genres (mediaId, genre) VALUES(377, 'Crime') ON CONFLICT DO NOTHING;
INSERT INTO genres (mediaId, genre) VALUES(377, 'Action & Adventure') ON CONFLICT DO NOTHING;
INSERT INTO genres (mediaId, genre) VALUES(377, 'Drama') ON CONFLICT DO NOTHING;
INSERT INTO creators(mediaId, creatorId, creatorName) VALUES(377, 138546, 'Jang Min-seok') ON CONFLICT DO NOTHING;
INSERT INTO creators(mediaId, creatorId, creatorName) VALUES(377, 1299279, 'Han Dong-wook') ON CONFLICT DO NOTHING;
INSERT INTO actors (mediaId, actorId , actorName, characterName, profilePath) VALUES(377, 1253391, 'Ji Chang-wook', '朴俊默', 'https://image.tmdb.org/t/p/original/nlReEkp65LAhIVVNcxdIfSco0kn.jpg') ON CONFLICT DO NOTHING;
INSERT INTO actors (mediaId, actorId , actorName, characterName, profilePath) VALUES(377, 1557181, 'Wi Ha-jun', '郑企铁', 'https://image.tmdb.org/t/p/original/tEZuIaMESdBw4LfNq3vshGR4VlP.jpg') ON CONFLICT DO NOTHING;
INSERT INTO actors (mediaId, actorId , actorName, characterName, profilePath) VALUES(377, 1108037, 'Lim Se-mi', '刘宜贞', 'https://image.tmdb.org/t/p/original/hmDpdTlTj1KX9AlgmBouNWcg09F.jpg') ON CONFLICT DO NOTHING;
INSERT INTO actors (mediaId, actorId , actorName, characterName, profilePath) VALUES(377, 2240033, 'Im Sung-jae', '演员', 'https://image.tmdb.org/t/p/original/ggrfTvymOhQNxTqR63KXajQ1GIT.jpg') ON CONFLICT DO NOTHING;
INSERT INTO actors (mediaId, actorId , actorName, characterName, profilePath) VALUES(377, 2431098, 'Geum Gwang-san', '演员', 'https://image.tmdb.org/t/p/original/tReNO2hAgI6UVp9iSCL1dLjq4tw.jpg') ON CONFLICT DO NOTHING;
INSERT INTO actors (mediaId, actorId , actorName, characterName, profilePath) VALUES(377, 2313835, 'Cha Rae-hyung', '演员', 'https://image.tmdb.org/t/p/original/3koNoWCrkTzxClRfUqsDnduJgKK.jpg') ON CONFLICT DO NOTHING;
INSERT INTO actors (mediaId, actorId , actorName, characterName, profilePath) VALUES(377, 1299279, 'Han Dong-wook', '导演', 'https://image.tmdb.org/t/p/original/jU4fcYDOOgyjpijnwMmrBoP5GHb.jpg') ON CONFLICT DO NOTHING;
INSERT INTO providers (mediaId, providerId, providerName, logoPath) VALUES( 377, 2739, 'Disney+', 'https://image.tmdb.org/t/p/original/uzKjVDmQ1WRMvGBb7UNRE0wTn1H.png') ON CONFLICT DO NOTHING;
INSERT INTO media (mediaId, type, name, originalLanguage, adult, releaseDate, overview, backdropPath, posterPath, trailerLink, tmdbRating,  status) VALUES(378, true, 'The Elegant Empire', 'ko', False, '2023-08-07',  'A man and a woman take revenge desperately yet elegantly after being trampled on by enormous power.', 'https://image.tmdb.org/t/p/original/kdBRryHXLiuk2mDx92udHsY3LCE.jpg', 'https://image.tmdb.org/t/p/original/w4HHWY2sZrwPvvA9qy4dpYPSVPp.jpg', 'None', 8.5, 'Returning Series') ON CONFLICT DO NOTHING;
INSERT INTO tv (mediaid , lastAirDate, nextEpisodeToAir, numberOfEpisodes, numberOfSeasons) VALUES( 378, '2023-10-17', '2023-10-18' , 50, 1) ON CONFLICT DO NOTHING;
INSERT INTO genres (mediaId, genre) VALUES(378, 'Drama') ON CONFLICT DO NOTHING;
INSERT INTO genres (mediaId, genre) VALUES(378, 'Mystery') ON CONFLICT DO NOTHING;
INSERT INTO actors (mediaId, actorId , actorName, characterName, profilePath) VALUES(378, 1829402, 'Kim Jin-woo', 'Jang Ki-yoon', 'https://image.tmdb.org/t/p/original/cADoWqXNyPRtReYxiMVFjBMbld0.jpg') ON CONFLICT DO NOTHING;
INSERT INTO actors (mediaId, actorId , actorName, characterName, profilePath) VALUES(378, 3100786, 'Han Ji-Wan', 'Shin Ju-kyung / Seo Hee-jae', 'https://image.tmdb.org/t/p/original/a3pX1coouFNQKNAknrAKI2QsXN3.jpg') ON CONFLICT DO NOTHING;
INSERT INTO actors (mediaId, actorId , actorName, characterName, profilePath) VALUES(378, 1989399, 'Kang Yul', 'Jung Woo-hyuk', 'https://image.tmdb.org/t/p/original/8ixYgBhjRVoLPzZZD74L5vZa2fo.jpg') ON CONFLICT DO NOTHING;
INSERT INTO actors (mediaId, actorId , actorName, characterName, profilePath) VALUES(378, 2146262, 'Son Sung-yoon', 'Jacqueline Taylor (Choi Min-ha)', 'https://image.tmdb.org/t/p/original/wSWVkdxu4VNJkCgpehs7T85WNzu.jpg') ON CONFLICT DO NOTHING;
INSERT INTO actors (mediaId, actorId , actorName, characterName, profilePath) VALUES(378, 2807907, 'Lee Sang-bo', 'Na Seung-phil', 'https://image.tmdb.org/t/p/original/hNzuih9xZ3e0SaImVuHbH7o8rmm.jpg') ON CONFLICT DO NOTHING;
INSERT INTO actors (mediaId, actorId , actorName, characterName, profilePath) VALUES(378, 1045484, 'Nam Kyung-eup', 'Jang Chang-sung', 'https://image.tmdb.org/t/p/original/nRtczBC0z29d5k4VQBvpv6E6drH.jpg') ON CONFLICT DO NOTHING;
INSERT INTO actors (mediaId, actorId , actorName, characterName, profilePath) VALUES(378, 1721768, 'Kim Seo-ra', 'Hong Hye-rim', 'https://image.tmdb.org/t/p/original/oBE0kRb4Szztsp0UWql3iouTlc4.jpg') ON CONFLICT DO NOTHING;
INSERT INTO actors (mediaId, actorId , actorName, characterName, profilePath) VALUES(378, 3640642, 'Yoon Chae-na', 'Jang Soo-ah', 'https://image.tmdb.org/t/p/original/tPEOimh1TC7OICtGix6DP8xciDu.jpg') ON CONFLICT DO NOTHING;
INSERT INTO actors (mediaId, actorId , actorName, characterName, profilePath) VALUES(378, 4192935, 'Kim Mi-ra', 'Jung Joon-hee', 'https://image.tmdb.org/t/p/original/micPyJbZLF9pA3dEn6JTVgmvh7U.jpg') ON CONFLICT DO NOTHING;
INSERT INTO actors (mediaId, actorId , actorName, characterName, profilePath) VALUES(378, 1806424, 'Lee Mi-young', 'Woo Young-ran', 'https://image.tmdb.org/t/p/original/8gXWwWdPXHIldL7quv6Ps3RYNrX.jpg') ON CONFLICT DO NOTHING;
INSERT INTO providers (mediaId, providerId, providerName, logoPath) VALUES( 378, 342, 'KBS2', 'https://image.tmdb.org/t/p/original/nFmWwUAf2D3iAtizUcmkxufaM0q.png') ON CONFLICT DO NOTHING;
INSERT INTO media (mediaId, type, name, originalLanguage, adult, releaseDate, overview, backdropPath, posterPath, trailerLink, tmdbRating,  status) VALUES(379, true, 'Blossom with Love', 'ko', False, '2023-10-05',  '"Blossom with Love" is a "first love" reality program that shows the process of sharing feelings that may be love between a boy and a girl who are awkward because it is their first time and face more exciting and vivid moments because they are clumsy.', 'https://image.tmdb.org/t/p/original/odih0m409jmv8cGq5lwOKcZNDa.jpg', 'https://image.tmdb.org/t/p/original/bmQ6NPures2ICc1DFov8ssH5MN8.jpg', 'None', 10, 'Returning Series') ON CONFLICT DO NOTHING;
INSERT INTO tv (mediaid , lastAirDate, nextEpisodeToAir, numberOfEpisodes, numberOfSeasons) VALUES( 379, '2023-10-12', '2023-10-19' , 4, 1) ON CONFLICT DO NOTHING;
INSERT INTO actors (mediaId, actorId , actorName, characterName, profilePath) VALUES(379, 2923756, 'Lee Eun-jae', 'Panelist', 'https://image.tmdb.org/t/p/original/f88OQwPg42DdJrS41lolpSrwo5h.jpg') ON CONFLICT DO NOTHING;
INSERT INTO actors (mediaId, actorId , actorName, characterName, profilePath) VALUES(379, 3214029, 'Moon Sang-hoon', 'Panelist', 'https://image.tmdb.org/t/p/original/t0bqsFpDdW6rQgecC8QoQKr6DkV.jpg') ON CONFLICT DO NOTHING;
INSERT INTO actors (mediaId, actorId , actorName, characterName, profilePath) VALUES(379, 2450607, 'Kwon Jeong-yeol', 'Panelist', 'https://image.tmdb.org/t/p/original/8bcNqtWLiBtW68GOl01BtherIJ5.jpg') ON CONFLICT DO NOTHING;
INSERT INTO actors (mediaId, actorId , actorName, characterName, profilePath) VALUES(379, 1739090, 'Choi Yoo-jung', 'Panelist', 'https://image.tmdb.org/t/p/original/txr5L7ZEPA1z1N8wDPV6MP1CDSe.jpg') ON CONFLICT DO NOTHING;
INSERT INTO actors (mediaId, actorId , actorName, characterName, profilePath) VALUES(379, 2410659, 'Kim Ji-woo', 'Panelist', 'https://image.tmdb.org/t/p/original/seiNHNh6pyL4at0QCqENtm232cv.jpg') ON CONFLICT DO NOTHING;
INSERT INTO providers (mediaId, providerId, providerName, logoPath) VALUES( 379, 3897, 'TVING', 'https://image.tmdb.org/t/p/original/cfMtt9sNl2bDyHuoPSZouEqDB9N.png') ON CONFLICT DO NOTHING;
INSERT INTO media (mediaId, type, name, originalLanguage, adult, releaseDate, overview, backdropPath, posterPath, trailerLink, tmdbRating,  status) VALUES(380, true, 'If It''s With You', 'ja', False, '2023-10-05',  'Thanks to a past trauma, Amane, a high school student, has given up on the idea of seriously loving anyone.  On the first day of his new life in Enoshima, he met Ryuuji, a boy his age. Ryuuji happened to be Amane''s type and he''d also like to hang out with him more. But what started out with light feelings is now beginning to change into something unexpected...', 'https://image.tmdb.org/t/p/original/r8V4NRLdXBuT7lee3gjo9wPvuyl.jpg', 'https://image.tmdb.org/t/p/original/9YOehWUvIjsjdWfT3ZI8Se2FerZ.jpg', 'https://www.youtube.com/watch?v=Gz4LWx0DG3c', 10, 'Returning Series') ON CONFLICT DO NOTHING;
INSERT INTO tv (mediaid , lastAirDate, nextEpisodeToAir, numberOfEpisodes, numberOfSeasons) VALUES( 380, '2023-10-12', '2023-10-19' , 8, 1) ON CONFLICT DO NOTHING;
INSERT INTO genres (mediaId, genre) VALUES(380, 'Drama') ON CONFLICT DO NOTHING;
INSERT INTO creators(mediaId, creatorId, creatorName) VALUES(380, 1285657, 'Hana Matsumoto') ON CONFLICT DO NOTHING;
INSERT INTO creators(mediaId, creatorId, creatorName) VALUES(380, 4279353, 'Kubota Maru') ON CONFLICT DO NOTHING;
INSERT INTO creators(mediaId, creatorId, creatorName) VALUES(380, 4303228, 'Morino Mash') ON CONFLICT DO NOTHING;
INSERT INTO actors (mediaId, actorId , actorName, characterName, profilePath) VALUES(380, 2732366, 'Wataru Hyuga', 'Yamasuge Ryuji', 'https://image.tmdb.org/t/p/original/uHtQmz7zA3bhYwbMqnU0IMNzmpr.jpg') ON CONFLICT DO NOTHING;
INSERT INTO actors (mediaId, actorId , actorName, characterName, profilePath) VALUES(380, 4119534, 'Takato Okura', 'Kaido Amane', 'https://image.tmdb.org/t/p/original/zNuSkqRjiQ5OPwk8XHYb3kMGBM5.jpg') ON CONFLICT DO NOTHING;
INSERT INTO actors (mediaId, actorId , actorName, characterName, profilePath) VALUES(380, 3271320, 'Ryota Aoyama', '', 'https://image.tmdb.org/t/p/original/wYYgfj8QximiHy5TsqSM6szS4em.jpg') ON CONFLICT DO NOTHING;
INSERT INTO actors (mediaId, actorId , actorName, characterName, profilePath) VALUES(380, 1528803, 'Shinsuke Kato', '', 'https://image.tmdb.org/t/p/original/2xFpp9BvXrDbmWvizu5h5hPl16f.jpg') ON CONFLICT DO NOTHING;
INSERT INTO actors (mediaId, actorId , actorName, characterName, profilePath) VALUES(380, 227615, 'Mika Hijii', '', 'https://image.tmdb.org/t/p/original/m0Rq3NGbsjJwId36r7SMxeNA1YY.jpg') ON CONFLICT DO NOTHING;
INSERT INTO actors (mediaId, actorId , actorName, characterName, profilePath) VALUES(380, 4203157, 'Nana Uchida', '', 'None') ON CONFLICT DO NOTHING;
INSERT INTO actors (mediaId, actorId , actorName, characterName, profilePath) VALUES(380, 4279355, 'Minami Ruwa', 'Ishiyama Ken', 'None') ON CONFLICT DO NOTHING;
INSERT INTO actors (mediaId, actorId , actorName, characterName, profilePath) VALUES(380, 4279356, 'Sakimoto Sae', 'Watanabe Miku', 'None') ON CONFLICT DO NOTHING;
INSERT INTO actors (mediaId, actorId , actorName, characterName, profilePath) VALUES(380, 4279357, 'Kaito Sora', 'Seto Masaya', 'None') ON CONFLICT DO NOTHING;
INSERT INTO providers (mediaId, providerId, providerName, logoPath) VALUES( 380, 94, 'MBS', 'https://image.tmdb.org/t/p/original/7RNXnyiMbjgqtPAjja13wchcrGI.png') ON CONFLICT DO NOTHING;
INSERT INTO providers (mediaId, providerId, providerName, logoPath) VALUES( 380, 3266, 'GagaOOLala', 'https://image.tmdb.org/t/p/original/jjBOc1pIUvupNUDYCd9ApDOGyE.png') ON CONFLICT DO NOTHING;
INSERT INTO media (mediaId, type, name, originalLanguage, adult, releaseDate, overview, backdropPath, posterPath, trailerLink, tmdbRating,  status) VALUES(381, true, 'Billions', 'en', False, '2016-01-17',  'A complex drama about power politics in the world of New York high finance. 
Shrewd, savvy U.S. Attorney Chuck Rhoades and the brilliant, ambitious hedge fund king Bobby "Axe" Axelrod are on an explosive collision course, with each using all of his considerable smarts, power and influence to outmaneuver the other. The stakes are in the billions in this timely, provocative series.', 'https://image.tmdb.org/t/p/original/51Hw58fMwJQKYJ6XYJIRQBP9EPA.jpg', 'https://image.tmdb.org/t/p/original/edwYPQdZE998d748AdwWLsfy0rl.jpg', 'https://www.youtube.com/watch?v=_raEUMLL-ZI', 7.7, 'Returning Series') ON CONFLICT DO NOTHING;
INSERT INTO tv (mediaid , lastAirDate, nextEpisodeToAir, numberOfEpisodes, numberOfSeasons) VALUES( 381, '2023-10-15', '2023-10-22' , 84, 7) ON CONFLICT DO NOTHING;
INSERT INTO genres (mediaId, genre) VALUES(381, 'Drama') ON CONFLICT DO NOTHING;
INSERT INTO creators(mediaId, creatorId, creatorName) VALUES(381, 16304, 'Brian Koppelman') ON CONFLICT DO NOTHING;
INSERT INTO creators(mediaId, creatorId, creatorName) VALUES(381, 16305, 'David Levien') ON CONFLICT DO NOTHING;
INSERT INTO creators(mediaId, creatorId, creatorName) VALUES(381, 1466531, 'Andrew Ross Sorkin') ON CONFLICT DO NOTHING;
INSERT INTO actors (mediaId, actorId , actorName, characterName, profilePath) VALUES(381, 13242, 'Paul Giamatti', 'Charles ''Chuck'' Rhoades Jr.', 'https://image.tmdb.org/t/p/original/wbrVVJRr5TwhDZuvijBgOorzcAb.jpg') ON CONFLICT DO NOTHING;
INSERT INTO actors (mediaId, actorId , actorName, characterName, profilePath) VALUES(381, 74537, 'Maggie Siff', 'Wendy Rhoades', 'https://image.tmdb.org/t/p/original/ufiWZMq4z5yra0At3NlYvyZ72ws.jpg') ON CONFLICT DO NOTHING;
INSERT INTO actors (mediaId, actorId , actorName, characterName, profilePath) VALUES(381, 82167, 'David Costabile', 'Michael ''Wags'' Wagner', 'https://image.tmdb.org/t/p/original/nLlPiOgJuyONZBlbuqxzJNUpgo7.jpg') ON CONFLICT DO NOTHING;
INSERT INTO actors (mediaId, actorId , actorName, characterName, profilePath) VALUES(381, 1046141, 'Condola Rashad', 'Kate Sacker', 'https://image.tmdb.org/t/p/original/tRG8AEfQczExg4cjLMfMdWKxUaq.jpg') ON CONFLICT DO NOTHING;
INSERT INTO actors (mediaId, actorId , actorName, characterName, profilePath) VALUES(381, 1776040, 'Asia Kate Dillon', 'Taylor Mason', 'https://image.tmdb.org/t/p/original/fboxFMgGUoPHHhfaFgb0WTXDYYs.jpg') ON CONFLICT DO NOTHING;
INSERT INTO actors (mediaId, actorId , actorName, characterName, profilePath) VALUES(381, 74541, 'Corey Stoll', 'Mike Prince', 'https://image.tmdb.org/t/p/original/etqmosIyf1xePKpi3i6rHJCm9GE.jpg') ON CONFLICT DO NOTHING;
INSERT INTO providers (mediaId, providerId, providerName, logoPath) VALUES( 381, 67, 'Showtime', 'https://image.tmdb.org/t/p/original/Allse9kbjiP6ExaQrnSpIhkurEi.png') ON CONFLICT DO NOTHING;
INSERT INTO media (mediaId, type, name, originalLanguage, adult, releaseDate, overview, backdropPath, posterPath, trailerLink, tmdbRating,  status) VALUES(382, true, 'Hunter x Hunter', 'ja', False, '2011-10-02',  'Twelve-year-old Gon Freecss one day discovers that the father he had always been told was dead was alive. His Father, Ging, is a Hunter — a member of society''s elite with a license to go anywhere or do almost anything. Gon, determined to follow in his father''s footsteps, decides to take the Hunter Examination and eventually find his father to prove himself as a Hunter in his own right. But on the way, he learns that there is more to becoming a Hunter than previously thought, and the challenges that he must face are considered the toughest in the world.', 'https://image.tmdb.org/t/p/original/bFKKyCI89Xq98Gul8cGox8K3sZa.jpg', 'https://image.tmdb.org/t/p/original/ucpgmUR1h5Te1BYegKItoPjOeF7.jpg', 'https://www.youtube.com/watch?v=d6kBeJjTGnY', 8.6, 'Ended') ON CONFLICT DO NOTHING;
INSERT INTO tv (mediaid , lastAirDate, nextEpisodeToAir, numberOfEpisodes, numberOfSeasons) VALUES( 382, '2014-09-23', NULL , 148, 3) ON CONFLICT DO NOTHING;
INSERT INTO genres (mediaId, genre) VALUES(382, 'Animation') ON CONFLICT DO NOTHING;
INSERT INTO genres (mediaId, genre) VALUES(382, 'Action & Adventure') ON CONFLICT DO NOTHING;
INSERT INTO genres (mediaId, genre) VALUES(382, 'Sci-Fi & Fantasy') ON CONFLICT DO NOTHING;
INSERT INTO actors (mediaId, actorId , actorName, characterName, profilePath) VALUES(382, 1164931, 'Megumi Han', 'Gon (voice)', 'https://image.tmdb.org/t/p/original/52XQZeQRl8GkNZtqUHl17zWuZpD.jpg') ON CONFLICT DO NOTHING;
INSERT INTO actors (mediaId, actorId , actorName, characterName, profilePath) VALUES(382, 1250465, 'Mariya Ise', 'Killua (voice)', 'https://image.tmdb.org/t/p/original/tQWlgrlQ70biWdg7x9E75CtwsuD.jpg') ON CONFLICT DO NOTHING;
INSERT INTO actors (mediaId, actorId , actorName, characterName, profilePath) VALUES(382, 551981, 'Issei Futamata', 'Narrator (voice)', 'https://image.tmdb.org/t/p/original/cZoRqxuTrEDwmMmgbFtgdRO27pQ.jpg') ON CONFLICT DO NOTHING;
INSERT INTO providers (mediaId, providerId, providerName, logoPath) VALUES( 382, 57, 'Nippon TV', 'https://image.tmdb.org/t/p/original/uxaXSoT8K0S2NE5PWsBpHUl3GGU.png') ON CONFLICT DO NOTHING;
INSERT INTO media (mediaId, type, name, originalLanguage, adult, releaseDate, overview, backdropPath, posterPath, trailerLink, tmdbRating,  status) VALUES(383, true, 'Rebelde', 'es', False, '2004-10-04',  'Six teenagers with different lives and personalities attend a prominent private school with only one thing in common: their vocation and passion for music.', 'https://image.tmdb.org/t/p/original/coHgKyLRwhbMktEWr6dwSYUg2BH.jpg', 'https://image.tmdb.org/t/p/original/lp6axxFFvuZWzbezTxJN5Xbs2Em.jpg', 'None', 8.4, 'Ended') ON CONFLICT DO NOTHING;
INSERT INTO tv (mediaid , lastAirDate, nextEpisodeToAir, numberOfEpisodes, numberOfSeasons) VALUES( 383, '2006-06-09', NULL , 441, 3) ON CONFLICT DO NOTHING;
INSERT INTO genres (mediaId, genre) VALUES(383, 'Comedy') ON CONFLICT DO NOTHING;
INSERT INTO genres (mediaId, genre) VALUES(383, 'Soap') ON CONFLICT DO NOTHING;
INSERT INTO genres (mediaId, genre) VALUES(383, 'Drama') ON CONFLICT DO NOTHING;
INSERT INTO creators(mediaId, creatorId, creatorName) VALUES(383, 1222861, 'Cris Morena') ON CONFLICT DO NOTHING;
INSERT INTO actors (mediaId, actorId , actorName, characterName, profilePath) VALUES(383, 1234164, 'Anahí', 'Mia Colucci', 'https://image.tmdb.org/t/p/original/lUf6WeBHo6cCl1FRqtVVQGgCj4E.jpg') ON CONFLICT DO NOTHING;
INSERT INTO actors (mediaId, actorId , actorName, characterName, profilePath) VALUES(383, 220496, 'Alfonso Herrera', 'Miguel Arango', 'https://image.tmdb.org/t/p/original/28kfERRhnHg9l0bjXNSOv1PIJgp.jpg') ON CONFLICT DO NOTHING;
INSERT INTO actors (mediaId, actorId , actorName, characterName, profilePath) VALUES(383, 1234166, 'Dulce María', 'Roberta Pardo Rey', 'https://image.tmdb.org/t/p/original/8et1lAF9BNh72wIoGilnGwUFqC2.jpg') ON CONFLICT DO NOTHING;
INSERT INTO actors (mediaId, actorId , actorName, characterName, profilePath) VALUES(383, 1234169, 'Christopher Von Uckermann', 'Diego Bustamante', 'https://image.tmdb.org/t/p/original/7VSPcejVdZc18DGhgBkyostCzOm.jpg') ON CONFLICT DO NOTHING;
INSERT INTO actors (mediaId, actorId , actorName, characterName, profilePath) VALUES(383, 970753, 'Maite Perroni', 'Guadalupe "Lupita" Fernandez', 'https://image.tmdb.org/t/p/original/ghbXlNZ4qEqVleKGGQ6mxanXr7x.jpg') ON CONFLICT DO NOTHING;
INSERT INTO actors (mediaId, actorId , actorName, characterName, profilePath) VALUES(383, 1234163, 'Christian Chávez', 'Juan "Giovanni" Méndez López', 'https://image.tmdb.org/t/p/original/i0uN7fkb3AgxxV5KfMelLBmhoDg.jpg') ON CONFLICT DO NOTHING;
INSERT INTO actors (mediaId, actorId , actorName, characterName, profilePath) VALUES(383, 1244197, 'Angelique Boyer', 'Victoria ''Vico'' Paz', 'https://image.tmdb.org/t/p/original/1jFWvoO4NHzPD7m4S5bD6h7xO0f.jpg') ON CONFLICT DO NOTHING;
INSERT INTO actors (mediaId, actorId , actorName, characterName, profilePath) VALUES(383, 935201, 'Diego Boneta', 'Rocco Bezauri', 'https://image.tmdb.org/t/p/original/hgEcC28oljaPBYi7ONMToQYMHMA.jpg') ON CONFLICT DO NOTHING;
INSERT INTO actors (mediaId, actorId , actorName, characterName, profilePath) VALUES(383, 1400977, 'Estefanía Villarreal', 'Celina Ferrer', 'https://image.tmdb.org/t/p/original/hyM4BeVv8WcnVFog9CntQZnMAv8.jpg') ON CONFLICT DO NOTHING;
INSERT INTO actors (mediaId, actorId , actorName, characterName, profilePath) VALUES(383, 1873288, 'Karla Cossío', 'Pilar Gandía Rosalez', 'None') ON CONFLICT DO NOTHING;
INSERT INTO providers (mediaId, providerId, providerName, logoPath) VALUES( 383, 28, 'Univision', 'https://image.tmdb.org/t/p/original/8JwhJGdxpSsiuPiFDGslBH1cr7t.png') ON CONFLICT DO NOTHING;
INSERT INTO providers (mediaId, providerId, providerName, logoPath) VALUES( 383, 487, 'Las Estrellas', 'https://image.tmdb.org/t/p/original/6ROTTOqsZo3XefxZAYowukFdJ6w.png') ON CONFLICT DO NOTHING;
INSERT INTO media (mediaId, type, name, originalLanguage, adult, releaseDate, overview, backdropPath, posterPath, trailerLink, tmdbRating,  status) VALUES(384, true, 'Survivor', 'en', False, '2000-05-31',  'A reality show contest where sixteen or more castaways split between two or more “Tribes” are taken to a remote isolated location and are forced to live off the land with meager supplies for roughly 39 days. Frequent physical challenges are used to pit the tribes against each other for rewards, such as food or luxuries, or for “Immunity”, forcing the other tribe to attend “Tribal Council”, where they must vote off one of their players.', 'https://image.tmdb.org/t/p/original/1EiA9HLBIfYEddB0oCZbPG7GgQR.jpg', 'https://image.tmdb.org/t/p/original/k2mLNjLFrmMXdXq4d5pn8qRd3bU.jpg', 'https://www.youtube.com/watch?v=BhKQBTJME5o', 7.4, 'Returning Series') ON CONFLICT DO NOTHING;
INSERT INTO tv (mediaid , lastAirDate, nextEpisodeToAir, numberOfEpisodes, numberOfSeasons) VALUES( 384, '2023-10-11', '2023-10-18' , 658, 45) ON CONFLICT DO NOTHING;
INSERT INTO genres (mediaId, genre) VALUES(384, 'Reality') ON CONFLICT DO NOTHING;
INSERT INTO creators(mediaId, creatorId, creatorName) VALUES(384, 942904, 'Mark Burnett') ON CONFLICT DO NOTHING;
INSERT INTO creators(mediaId, creatorId, creatorName) VALUES(384, 1241179, 'Charlie Parsons') ON CONFLICT DO NOTHING;
INSERT INTO actors (mediaId, actorId , actorName, characterName, profilePath) VALUES(384, 43896, 'Jeff Probst', 'Self - Host', 'https://image.tmdb.org/t/p/original/cRLlAf860Ixacnb1sW4cYFvrZeB.jpg') ON CONFLICT DO NOTHING;
INSERT INTO providers (mediaId, providerId, providerName, logoPath) VALUES( 384, 16, 'CBS', 'https://image.tmdb.org/t/p/original/wju8KhOUsR5y4bH9p3Jc50hhaLO.png') ON CONFLICT DO NOTHING;
INSERT INTO media (mediaId, type, name, originalLanguage, adult, releaseDate, overview, backdropPath, posterPath, trailerLink, tmdbRating,  status) VALUES(385, true, 'House of the Dragon', 'en', False, '2022-08-21',  'The Targaryen dynasty is at the absolute apex of its power, with more than 15 dragons under their yoke. Most empires crumble from such heights. In the case of the Targaryens, their slow fall begins when King Viserys breaks with a century of tradition by naming his daughter Rhaenyra heir to the Iron Throne. But when Viserys later fathers a son, the court is shocked when Rhaenyra retains her status as his heir, and seeds of division sow friction across the realm.', 'https://image.tmdb.org/t/p/original/Aa9TLpNpBMyRkD8sPJ7ACKLjt0l.jpg', 'https://image.tmdb.org/t/p/original/1X4h40fcB4WWUmIBK0auT4zRBAV.jpg', 'https://www.youtube.com/watch?v=DotnJ7tTA34', 8.4, 'Returning Series') ON CONFLICT DO NOTHING;
INSERT INTO tv (mediaid , lastAirDate, nextEpisodeToAir, numberOfEpisodes, numberOfSeasons) VALUES( 385, '2022-10-23', NULL , 10, 1) ON CONFLICT DO NOTHING;
INSERT INTO genres (mediaId, genre) VALUES(385, 'Sci-Fi & Fantasy') ON CONFLICT DO NOTHING;
INSERT INTO genres (mediaId, genre) VALUES(385, 'Drama') ON CONFLICT DO NOTHING;
INSERT INTO genres (mediaId, genre) VALUES(385, 'Action & Adventure') ON CONFLICT DO NOTHING;
INSERT INTO creators(mediaId, creatorId, creatorName) VALUES(385, 237053, 'George R. R. Martin') ON CONFLICT DO NOTHING;
INSERT INTO creators(mediaId, creatorId, creatorName) VALUES(385, 1167458, 'Ryan Condal') ON CONFLICT DO NOTHING;
INSERT INTO actors (mediaId, actorId , actorName, characterName, profilePath) VALUES(385, 2121005, 'Emma D''Arcy', 'Princess Rhaenyra Targaryen', 'https://image.tmdb.org/t/p/original/9ri4JqVHIls0dgg8ssVGzOHZt6E.jpg') ON CONFLICT DO NOTHING;
INSERT INTO actors (mediaId, actorId , actorName, characterName, profilePath) VALUES(385, 1173984, 'Olivia Cooke', 'Alicent Hightower', 'https://image.tmdb.org/t/p/original/yZNcUEqmvDJQQ7avMfJfCh7sVk9.jpg') ON CONFLICT DO NOTHING;
INSERT INTO actors (mediaId, actorId , actorName, characterName, profilePath) VALUES(385, 14887, 'Paddy Considine', 'King Viserys I Targaryen', 'https://image.tmdb.org/t/p/original/uIKOm4w2wtUegxratSHj2KPFF7i.jpg') ON CONFLICT DO NOTHING;
INSERT INTO actors (mediaId, actorId , actorName, characterName, profilePath) VALUES(385, 136532, 'Matt Smith', 'Prince Daemon Targaryen', 'https://image.tmdb.org/t/p/original/xr2GSp8Pm6fT5VGm0I9tsWVcZ8q.jpg') ON CONFLICT DO NOTHING;
INSERT INTO actors (mediaId, actorId , actorName, characterName, profilePath) VALUES(385, 7026, 'Rhys Ifans', 'Ser Otto Hightower', 'https://image.tmdb.org/t/p/original/g8EUs8r1ECh9plKtrxBparsxlZ1.jpg') ON CONFLICT DO NOTHING;
INSERT INTO providers (mediaId, providerId, providerName, logoPath) VALUES( 385, 49, 'HBO', 'https://image.tmdb.org/t/p/original/tuomPhY2UtuPTqqFnKMVHvSb724.png') ON CONFLICT DO NOTHING;
INSERT INTO media (mediaId, type, name, originalLanguage, adult, releaseDate, overview, backdropPath, posterPath, trailerLink, tmdbRating,  status) VALUES(386, true, 'The Office', 'en', False, '2005-03-24',  'The everyday lives of office employees in the Scranton, Pennsylvania branch of the fictional Dunder Mifflin Paper Company.', 'https://image.tmdb.org/t/p/original/slVhck5n2GwlgPFWKJGfqiYyzCd.jpg', 'https://image.tmdb.org/t/p/original/dg9e5fPRRId8PoBE0F6jl5y85Eu.jpg', 'https://www.youtube.com/watch?v=LHOtME2DL4g', 8.6, 'Ended') ON CONFLICT DO NOTHING;
INSERT INTO tv (mediaid , lastAirDate, nextEpisodeToAir, numberOfEpisodes, numberOfSeasons) VALUES( 386, '2013-05-16', NULL , 186, 9) ON CONFLICT DO NOTHING;
INSERT INTO genres (mediaId, genre) VALUES(386, 'Comedy') ON CONFLICT DO NOTHING;
INSERT INTO creators(mediaId, creatorId, creatorName) VALUES(386, 17835, 'Ricky Gervais') ON CONFLICT DO NOTHING;
INSERT INTO creators(mediaId, creatorId, creatorName) VALUES(386, 39189, 'Stephen Merchant') ON CONFLICT DO NOTHING;
INSERT INTO creators(mediaId, creatorId, creatorName) VALUES(386, 1216630, 'Greg Daniels') ON CONFLICT DO NOTHING;
INSERT INTO actors (mediaId, actorId , actorName, characterName, profilePath) VALUES(386, 11678, 'Rainn Wilson', 'Dwight Schrute', 'https://image.tmdb.org/t/p/original/rEDRAFYX5n2JKJh9EKILX42klA5.jpg') ON CONFLICT DO NOTHING;
INSERT INTO actors (mediaId, actorId , actorName, characterName, profilePath) VALUES(386, 17697, 'John Krasinski', 'Jim Halpert', 'https://image.tmdb.org/t/p/original/pmVGDb6Yl6OyFcHVGbu1EYNfyFK.jpg') ON CONFLICT DO NOTHING;
INSERT INTO actors (mediaId, actorId , actorName, characterName, profilePath) VALUES(386, 51856, 'Jenna Fischer', 'Pam Beesly', 'https://image.tmdb.org/t/p/original/r2MdRel1LI3DKcqHQvl8KKakqKe.jpg') ON CONFLICT DO NOTHING;
INSERT INTO actors (mediaId, actorId , actorName, characterName, profilePath) VALUES(386, 27105, 'Ed Helms', 'Andy Bernard', 'https://image.tmdb.org/t/p/original/gPZ8tZaNQGAc3KZRIPp9rgGbEnN.jpg') ON CONFLICT DO NOTHING;
INSERT INTO providers (mediaId, providerId, providerName, logoPath) VALUES( 386, 6, 'NBC', 'https://image.tmdb.org/t/p/original/cm111bsDVlYaC1foL0itvEI4yLG.png') ON CONFLICT DO NOTHING;
INSERT INTO media (mediaId, type, name, originalLanguage, adult, releaseDate, overview, backdropPath, posterPath, trailerLink, tmdbRating,  status) VALUES(387, true, 'The Witcher', 'en', False, '2019-12-20',  'Geralt of Rivia, a mutated monster-hunter for hire, journeys toward his destiny in a turbulent world where people often prove more wicked than beasts.', 'https://image.tmdb.org/t/p/original/foGkPxpw9h8zln81j63mix5B7m8.jpg', 'https://image.tmdb.org/t/p/original/cZ0d3rtvXPVvuiX22sP79K3Hmjz.jpg', 'https://www.youtube.com/watch?v=eb90gqGYP9c', 8.1, 'Returning Series') ON CONFLICT DO NOTHING;
INSERT INTO tv (mediaid , lastAirDate, nextEpisodeToAir, numberOfEpisodes, numberOfSeasons) VALUES( 387, '2023-07-27', NULL , 24, 3) ON CONFLICT DO NOTHING;
INSERT INTO genres (mediaId, genre) VALUES(387, 'Drama') ON CONFLICT DO NOTHING;
INSERT INTO genres (mediaId, genre) VALUES(387, 'Action & Adventure') ON CONFLICT DO NOTHING;
INSERT INTO genres (mediaId, genre) VALUES(387, 'Sci-Fi & Fantasy') ON CONFLICT DO NOTHING;
INSERT INTO creators(mediaId, creatorId, creatorName) VALUES(387, 1219517, 'Lauren Schmidt Hissrich') ON CONFLICT DO NOTHING;
INSERT INTO actors (mediaId, actorId , actorName, characterName, profilePath) VALUES(387, 73968, 'Henry Cavill', 'Geralt of Rivia', 'https://image.tmdb.org/t/p/original/iWdKjMry5Pt7vmxU7bmOQsIUyHa.jpg') ON CONFLICT DO NOTHING;
INSERT INTO actors (mediaId, actorId , actorName, characterName, profilePath) VALUES(387, 2146944, 'Anya Chalotra', 'Yennefer of Vengerberg', 'https://image.tmdb.org/t/p/original/1hoW6bOu7BSCzjE2nzuU5jn03pK.jpg') ON CONFLICT DO NOTHING;
INSERT INTO actors (mediaId, actorId , actorName, characterName, profilePath) VALUES(387, 2146942, 'Freya Allan', 'Princess Cirilla of Cintra', 'https://image.tmdb.org/t/p/original/cjsSdfv9U8PboNG1SNfnvd5558T.jpg') ON CONFLICT DO NOTHING;
INSERT INTO actors (mediaId, actorId , actorName, characterName, profilePath) VALUES(387, 1503072, 'Mimî M. Khayisa', 'Fringilla Vigo', 'https://image.tmdb.org/t/p/original/kfwWaxcovzkahqDDhhJwPrGbnny.jpg') ON CONFLICT DO NOTHING;
INSERT INTO actors (mediaId, actorId , actorName, characterName, profilePath) VALUES(387, 234929, 'Anna Shaffer', 'Triss Merigold', 'https://image.tmdb.org/t/p/original/exFFZev9XwyyPlJmHDma4fUSeFy.jpg') ON CONFLICT DO NOTHING;
INSERT INTO actors (mediaId, actorId , actorName, characterName, profilePath) VALUES(387, 1353920, 'Joey Batey', 'Jaskier', 'https://image.tmdb.org/t/p/original/4uo4JPaK6KpdN7v8C1pbwKpNVJU.jpg') ON CONFLICT DO NOTHING;
INSERT INTO actors (mediaId, actorId , actorName, characterName, profilePath) VALUES(387, 57578, 'MyAnna Buring', 'Tissaia de Vries', 'https://image.tmdb.org/t/p/original/boC5LKewKpz8zhtUmPScHfkSAlV.jpg') ON CONFLICT DO NOTHING;
INSERT INTO actors (mediaId, actorId , actorName, characterName, profilePath) VALUES(387, 1949684, 'Mecia Simson', 'Francesca Findabair', 'https://image.tmdb.org/t/p/original/s6Sw1MjfQb0ElsHOFxZHJDZnCVx.jpg') ON CONFLICT DO NOTHING;
INSERT INTO actors (mediaId, actorId , actorName, characterName, profilePath) VALUES(387, 110425, 'Eamon Farren', 'Cahir', 'https://image.tmdb.org/t/p/original/80VSnsS2HRVeJR62QtSwrHvtzjx.jpg') ON CONFLICT DO NOTHING;
INSERT INTO actors (mediaId, actorId , actorName, characterName, profilePath) VALUES(387, 1386458, 'Mahesh Jadu', 'Vilgefortz of Roggeveen', 'https://image.tmdb.org/t/p/original/o8m6Z0U1tV9TMgSvvsAvclWtiXu.jpg') ON CONFLICT DO NOTHING;
INSERT INTO providers (mediaId, providerId, providerName, logoPath) VALUES( 387, 213, 'Netflix', 'https://image.tmdb.org/t/p/original/wwemzKWzjKYJFfCeiB57q3r4Bcm.png') ON CONFLICT DO NOTHING;
INSERT INTO media (mediaId, type, name, originalLanguage, adult, releaseDate, overview, backdropPath, posterPath, trailerLink, tmdbRating,  status) VALUES(388, true, 'MF GHOST', 'ja', False, '2023-10-02',  'Japan adopts self-driving electric automobiles and renders most gas engines obsolete by 202X. The fastest cars find new life in the MFG, a racing circuit held on Japanese motorways. Drivers from around the world race for a shot at the title. Kanata Rivington returns from Britain to Japan for the MFG—and to find his father. Can he win the title and find answers? Buckle up and push it to the limit!', 'https://image.tmdb.org/t/p/original/2sh98etOyZR4bEwFuwAjQm6RINx.jpg', 'https://image.tmdb.org/t/p/original/63cDEEjJw1x7RXPi3DxKdQ2Q7oK.jpg', 'https://www.youtube.com/watch?v=evM8AAQVLZ8', 7.8, 'Returning Series') ON CONFLICT DO NOTHING;
INSERT INTO tv (mediaid , lastAirDate, nextEpisodeToAir, numberOfEpisodes, numberOfSeasons) VALUES( 388, '2023-10-16', '2023-10-23' , 12, 1) ON CONFLICT DO NOTHING;
INSERT INTO genres (mediaId, genre) VALUES(388, 'Animation') ON CONFLICT DO NOTHING;
INSERT INTO genres (mediaId, genre) VALUES(388, 'Action & Adventure') ON CONFLICT DO NOTHING;
INSERT INTO actors (mediaId, actorId , actorName, characterName, profilePath) VALUES(388, 1492992, 'Yuma Uchida', 'Kanata Rivington (Kanata Katagiri) (voice)', 'https://image.tmdb.org/t/p/original/k5yOai4JnkjpTVzSwIFzXxQ2LBP.jpg') ON CONFLICT DO NOTHING;
INSERT INTO actors (mediaId, actorId , actorName, characterName, profilePath) VALUES(388, 992869, 'Ayane Sakura', 'Ren Saionji / Seven (voice)', 'https://image.tmdb.org/t/p/original/yPbTmntASE9psPIMhNGU5oo6vIH.jpg') ON CONFLICT DO NOTHING;
INSERT INTO providers (mediaId, providerId, providerName, logoPath) VALUES( 388, 614, 'Tokyo MX', 'https://image.tmdb.org/t/p/original/hSdroyVthq3CynxTIIY7lnS8w1.png') ON CONFLICT DO NOTHING;
INSERT INTO providers (mediaId, providerId, providerName, logoPath) VALUES( 388, 861, 'BS11', 'https://image.tmdb.org/t/p/original/JQ5bx6n7Qmdmyqz6sqjo5Fz2iR.png') ON CONFLICT DO NOTHING;
INSERT INTO media (mediaId, type, name, originalLanguage, adult, releaseDate, overview, backdropPath, posterPath, trailerLink, tmdbRating,  status) VALUES(389, true, 'CBS Evening News', 'en', False, '1941-07-01',  'The CBS Evening News is the flagship daily evening television news program of CBS News, the news division of the CBS television network in the United States. The network has broadcast the program since 1948, and has used the CBS Evening News title since 1963.', 'https://image.tmdb.org/t/p/original/bUvjG6y10ITnLPwzWfSDKH9ZntK.jpg', 'https://image.tmdb.org/t/p/original/4DKEF5JgfR6o8In2e5cLFcYUPXw.jpg', 'None', 4.6, 'Returning Series') ON CONFLICT DO NOTHING;
INSERT INTO tv (mediaid , lastAirDate, nextEpisodeToAir, numberOfEpisodes, numberOfSeasons) VALUES( 389, '2023-10-17', '2023-10-18' , 515, 61) ON CONFLICT DO NOTHING;
INSERT INTO genres (mediaId, genre) VALUES(389, 'News') ON CONFLICT DO NOTHING;
INSERT INTO actors (mediaId, actorId , actorName, characterName, profilePath) VALUES(389, 1232737, 'Norah O''Donnell', 'Self - Anchor', 'https://image.tmdb.org/t/p/original/wAZ9PQ4fQddyCfjaFZ2wrt5cEUQ.jpg') ON CONFLICT DO NOTHING;
INSERT INTO providers (mediaId, providerId, providerName, logoPath) VALUES( 389, 16, 'CBS', 'https://image.tmdb.org/t/p/original/wju8KhOUsR5y4bH9p3Jc50hhaLO.png') ON CONFLICT DO NOTHING;
INSERT INTO media (mediaId, type, name, originalLanguage, adult, releaseDate, overview, backdropPath, posterPath, trailerLink, tmdbRating,  status) VALUES(390, true, 'Diepe Waters', 'af', False, '2022-10-03',  'A South African, Afrikaans-language telenovela which takes place in and around a competitive swimming club, Die Swartmarlyne.', 'https://image.tmdb.org/t/p/original/jTVDEcBYy5AFzDICpz0gmo7DyQi.jpg', 'https://image.tmdb.org/t/p/original/9YpV8H6E0gxp946jPox0Oa53jp6.jpg', 'None', 9, 'Returning Series') ON CONFLICT DO NOTHING;
INSERT INTO tv (mediaid , lastAirDate, nextEpisodeToAir, numberOfEpisodes, numberOfSeasons) VALUES( 390, '2023-10-17', '2023-10-18' , 226, 2) ON CONFLICT DO NOTHING;
INSERT INTO genres (mediaId, genre) VALUES(390, 'Soap') ON CONFLICT DO NOTHING;
INSERT INTO creators(mediaId, creatorId, creatorName) VALUES(390, 4196551, 'Neil McCarthy') ON CONFLICT DO NOTHING;
INSERT INTO actors (mediaId, actorId , actorName, characterName, profilePath) VALUES(390, 1264617, 'Justin Strydom', 'Gys Swarts', 'https://image.tmdb.org/t/p/original/eSsrFy98hyeAvzTIAxNp8iSdX0h.jpg') ON CONFLICT DO NOTHING;
INSERT INTO actors (mediaId, actorId , actorName, characterName, profilePath) VALUES(390, 102020, 'Sandi Schultz', 'Zelda Joubert', 'https://image.tmdb.org/t/p/original/4ovfpEUckU9uFI3LQDGN4N320Ek.jpg') ON CONFLICT DO NOTHING;
INSERT INTO actors (mediaId, actorId , actorName, characterName, profilePath) VALUES(390, 2391264, 'Nadia Valvekens', 'Sanet Swarts', 'https://image.tmdb.org/t/p/original/hDGdbf3x7emYiYezHWeiycOY4vj.jpg') ON CONFLICT DO NOTHING;
INSERT INTO actors (mediaId, actorId , actorName, characterName, profilePath) VALUES(390, 543164, 'Altus Theart', 'Rossouw Swarts', 'None') ON CONFLICT DO NOTHING;
INSERT INTO actors (mediaId, actorId , actorName, characterName, profilePath) VALUES(390, 4196565, 'Reandi Grey', 'Anja Botha', 'None') ON CONFLICT DO NOTHING;
INSERT INTO actors (mediaId, actorId , actorName, characterName, profilePath) VALUES(390, 2985694, 'Lea Vivier', 'Meghan Swarts', 'https://image.tmdb.org/t/p/original/20GHsomQ3P8koYtiMA30HISiVo8.jpg') ON CONFLICT DO NOTHING;
INSERT INTO actors (mediaId, actorId , actorName, characterName, profilePath) VALUES(390, 1150836, 'Werner Coetser', 'Jacques Swarts', 'None') ON CONFLICT DO NOTHING;
INSERT INTO actors (mediaId, actorId , actorName, characterName, profilePath) VALUES(390, 86102, 'Lizz Meiring', 'Bybie Bekker', 'None') ON CONFLICT DO NOTHING;
INSERT INTO actors (mediaId, actorId , actorName, characterName, profilePath) VALUES(390, 559641, 'Neels Van Jaarsveld', 'Wim de Wet', 'https://image.tmdb.org/t/p/original/eLRJih5UHIGTTtN0u7ZjcDY5F2t.jpg') ON CONFLICT DO NOTHING;
INSERT INTO actors (mediaId, actorId , actorName, characterName, profilePath) VALUES(390, 1047343, 'Eloise Cupido', 'Rose de Wet', 'None') ON CONFLICT DO NOTHING;
INSERT INTO providers (mediaId, providerId, providerName, logoPath) VALUES( 390, 1826, 'kykNET', 'https://image.tmdb.org/t/p/original/2tNeujuBe8MR40hoUE4FLYA7Knl.png') ON CONFLICT DO NOTHING;
INSERT INTO media (mediaId, type, name, originalLanguage, adult, releaseDate, overview, backdropPath, posterPath, trailerLink, tmdbRating,  status) VALUES(391, true, 'Stranger Things', 'en', False, '2016-07-15',  'When a young boy vanishes, a small town uncovers a mystery involving secret experiments, terrifying supernatural forces, and one strange little girl.', 'https://image.tmdb.org/t/p/original/56v2KjBlU4XaOv9rVYEQypROD7P.jpg', 'https://image.tmdb.org/t/p/original/49WJfeN0moxb9IPfGn8AIqMGskD.jpg', 'https://www.youtube.com/watch?v=mnd7sFt5c3A', 8.6, 'Returning Series') ON CONFLICT DO NOTHING;
INSERT INTO tv (mediaid , lastAirDate, nextEpisodeToAir, numberOfEpisodes, numberOfSeasons) VALUES( 391, '2022-07-01', NULL , 34, 4) ON CONFLICT DO NOTHING;
INSERT INTO genres (mediaId, genre) VALUES(391, 'Drama') ON CONFLICT DO NOTHING;
INSERT INTO genres (mediaId, genre) VALUES(391, 'Sci-Fi & Fantasy') ON CONFLICT DO NOTHING;
INSERT INTO genres (mediaId, genre) VALUES(391, 'Mystery') ON CONFLICT DO NOTHING;
INSERT INTO creators(mediaId, creatorId, creatorName) VALUES(391, 1179419, 'Matt Duffer') ON CONFLICT DO NOTHING;
INSERT INTO creators(mediaId, creatorId, creatorName) VALUES(391, 1179422, 'Ross Duffer') ON CONFLICT DO NOTHING;
INSERT INTO actors (mediaId, actorId , actorName, characterName, profilePath) VALUES(391, 1356210, 'Millie Bobby Brown', 'Jane “Eleven” Hopper', 'https://image.tmdb.org/t/p/original/v30xviO4bvD9ex6CNdfB2XtVgRb.jpg') ON CONFLICT DO NOTHING;
INSERT INTO actors (mediaId, actorId , actorName, characterName, profilePath) VALUES(391, 35029, 'David Harbour', 'Jim Hopper', 'https://image.tmdb.org/t/p/original/chPekukMF5SNnW6b22NbYPqAStr.jpg') ON CONFLICT DO NOTHING;
INSERT INTO actors (mediaId, actorId , actorName, characterName, profilePath) VALUES(391, 1467219, 'Joe Keery', 'Steve Harrington', 'https://image.tmdb.org/t/p/original/ayIAVLMfZGEGIFwAo3pPnY7p59.jpg') ON CONFLICT DO NOTHING;
INSERT INTO actors (mediaId, actorId , actorName, characterName, profilePath) VALUES(391, 1920, 'Winona Ryder', 'Joyce Byers', 'https://image.tmdb.org/t/p/original/uZaGuCvf18wKhaYL0IfYJv48yhE.jpg') ON CONFLICT DO NOTHING;
INSERT INTO actors (mediaId, actorId , actorName, characterName, profilePath) VALUES(391, 1442069, 'Finn Wolfhard', 'Mike Wheeler', 'https://image.tmdb.org/t/p/original/x7B4U4sRMBH1HHwB34K7Jtmxjnw.jpg') ON CONFLICT DO NOTHING;
INSERT INTO actors (mediaId, actorId , actorName, characterName, profilePath) VALUES(391, 1653291, 'Gaten Matarazzo', 'Dustin Henderson', 'https://image.tmdb.org/t/p/original/yanRypHyaFRgTn31fwq8xzcfSHg.jpg') ON CONFLICT DO NOTHING;
INSERT INTO actors (mediaId, actorId , actorName, characterName, profilePath) VALUES(391, 1474123, 'Caleb McLaughlin', 'Lucas Sinclair', 'https://image.tmdb.org/t/p/original/xKXJtSOcgGmzSXExU6kz2FXAysC.jpg') ON CONFLICT DO NOTHING;
INSERT INTO actors (mediaId, actorId , actorName, characterName, profilePath) VALUES(391, 1393177, 'Noah Schnapp', 'Will Byers', 'https://image.tmdb.org/t/p/original/3GSWWrqQjio6G8L42ugGBGNks37.jpg') ON CONFLICT DO NOTHING;
INSERT INTO actors (mediaId, actorId , actorName, characterName, profilePath) VALUES(391, 1039011, 'Natalia Dyer', 'Nancy Wheeler', 'https://image.tmdb.org/t/p/original/cQaa3XEiUTgJxp85VeFYFyblJIH.jpg') ON CONFLICT DO NOTHING;
INSERT INTO actors (mediaId, actorId , actorName, characterName, profilePath) VALUES(391, 8654, 'Matthew Modine', 'Martin Brenner', 'https://image.tmdb.org/t/p/original/z974QEHL12qUvLyk6hlWGAmDgom.jpg') ON CONFLICT DO NOTHING;
INSERT INTO providers (mediaId, providerId, providerName, logoPath) VALUES( 391, 213, 'Netflix', 'https://image.tmdb.org/t/p/original/wwemzKWzjKYJFfCeiB57q3r4Bcm.png') ON CONFLICT DO NOTHING;
INSERT INTO media (mediaId, type, name, originalLanguage, adult, releaseDate, overview, backdropPath, posterPath, trailerLink, tmdbRating,  status) VALUES(392, true, 'Blue Bloods', 'en', False, '2010-09-24',  'A drama about a multi-generational family of cops dedicated to New York City law enforcement. Frank Reagan is the New York Police Commissioner and heads both the police force and the Reagan brood. He runs his department as diplomatically as he runs his family, even when dealing with the politics that plagued his unapologetically bold father, Henry, during his stint as Chief.', 'https://image.tmdb.org/t/p/original/3a5k2ZuLMNhpMEZIq9hf3lCSOS.jpg', 'https://image.tmdb.org/t/p/original/ceqomvL0e1jGkJAPVWFlq2hGl7i.jpg', 'None', 7.7, 'Returning Series') ON CONFLICT DO NOTHING;
INSERT INTO tv (mediaid , lastAirDate, nextEpisodeToAir, numberOfEpisodes, numberOfSeasons) VALUES( 392, '2023-05-19', NULL , 275, 13) ON CONFLICT DO NOTHING;
INSERT INTO genres (mediaId, genre) VALUES(392, 'Drama') ON CONFLICT DO NOTHING;
INSERT INTO genres (mediaId, genre) VALUES(392, 'Crime') ON CONFLICT DO NOTHING;
INSERT INTO creators(mediaId, creatorId, creatorName) VALUES(392, 1215436, 'Robin Green') ON CONFLICT DO NOTHING;
INSERT INTO creators(mediaId, creatorId, creatorName) VALUES(392, 1215437, 'Mitchell Burgess') ON CONFLICT DO NOTHING;
INSERT INTO actors (mediaId, actorId , actorName, characterName, profilePath) VALUES(392, 15112, 'Tom Selleck', 'Frank Reagan', 'https://image.tmdb.org/t/p/original/uhrK7HBzIVPFTNgp08KHuihadMS.jpg') ON CONFLICT DO NOTHING;
INSERT INTO actors (mediaId, actorId , actorName, characterName, profilePath) VALUES(392, 2680, 'Donnie Wahlberg', 'Danny Reagan', 'https://image.tmdb.org/t/p/original/8OQTlgl7eGAFlKTF2o8rZZT0MoF.jpg') ON CONFLICT DO NOTHING;
INSERT INTO actors (mediaId, actorId , actorName, characterName, profilePath) VALUES(392, 18354, 'Bridget Moynahan', 'Erin Reagan-Boyle', 'https://image.tmdb.org/t/p/original/5y5CRPu9aw5Wx3EwyX1A2RpuLQP.jpg') ON CONFLICT DO NOTHING;
INSERT INTO actors (mediaId, actorId , actorName, characterName, profilePath) VALUES(392, 32363, 'Will Estes', 'Jamie Reagan', 'https://image.tmdb.org/t/p/original/9sJtkRHgpTxqEBJyb10HZEq6wc4.jpg') ON CONFLICT DO NOTHING;
INSERT INTO actors (mediaId, actorId , actorName, characterName, profilePath) VALUES(392, 41247, 'Len Cariou', 'Henry Reagan', 'https://image.tmdb.org/t/p/original/9VJeCcxHkPkN4xH4izmwYHXRMy2.jpg') ON CONFLICT DO NOTHING;
INSERT INTO actors (mediaId, actorId , actorName, characterName, profilePath) VALUES(392, 485005, 'Vanessa Ray', 'Eddie Reagan', 'https://image.tmdb.org/t/p/original/iBpwnKvYExz24k5kmtE7IDfMc41.jpg') ON CONFLICT DO NOTHING;
INSERT INTO actors (mediaId, actorId , actorName, characterName, profilePath) VALUES(392, 970255, 'Andrew Terraciano', 'Sean Reagan', 'https://image.tmdb.org/t/p/original/wD8RKncEPL5iTx514uUMgTofsDl.jpg') ON CONFLICT DO NOTHING;
INSERT INTO actors (mediaId, actorId , actorName, characterName, profilePath) VALUES(392, 24360, 'Gregory Jbara', 'Garrett Moore', 'https://image.tmdb.org/t/p/original/nYkdyh9E0iNuue8k4437gCWD70G.jpg') ON CONFLICT DO NOTHING;
INSERT INTO actors (mediaId, actorId , actorName, characterName, profilePath) VALUES(392, 2256, 'Robert Clohessy', 'Sid Gormley', 'https://image.tmdb.org/t/p/original/lhNUk6PF0mNhgbvTDxXfIy4uhRe.jpg') ON CONFLICT DO NOTHING;
INSERT INTO actors (mediaId, actorId , actorName, characterName, profilePath) VALUES(392, 1232548, 'Abigail Hawk', 'Abigail Baker', 'https://image.tmdb.org/t/p/original/q6luEpJdlh0U1t6EQXvfthKK58g.jpg') ON CONFLICT DO NOTHING;
INSERT INTO providers (mediaId, providerId, providerName, logoPath) VALUES( 392, 16, 'CBS', 'https://image.tmdb.org/t/p/original/wju8KhOUsR5y4bH9p3Jc50hhaLO.png') ON CONFLICT DO NOTHING;
INSERT INTO media (mediaId, type, name, originalLanguage, adult, releaseDate, overview, backdropPath, posterPath, trailerLink, tmdbRating,  status) VALUES(393, true, 'The Sopranos', 'en', False, '1999-01-10',  'The story of New Jersey-based Italian-American mobster Tony Soprano and the difficulties he faces as he tries to balance the conflicting requirements of his home life and the criminal organization he heads. Those difficulties are often highlighted through his ongoing professional relationship with psychiatrist Jennifer Melfi. The show features Tony''s family members and Mafia associates in prominent roles and story arcs, most notably his wife Carmela and his cousin and protégé Christopher Moltisanti.', 'https://image.tmdb.org/t/p/original/lNpkvX2s8LGB0mjGODMT4o6Up7j.jpg', 'https://image.tmdb.org/t/p/original/xjORbljyMZ8mgYlnftYOVujHoAi.jpg', 'https://www.youtube.com/watch?v=KMx4iFcozK0', 8.6, 'Ended') ON CONFLICT DO NOTHING;
INSERT INTO tv (mediaid , lastAirDate, nextEpisodeToAir, numberOfEpisodes, numberOfSeasons) VALUES( 393, '2007-06-10', NULL , 86, 6) ON CONFLICT DO NOTHING;
INSERT INTO genres (mediaId, genre) VALUES(393, 'Drama') ON CONFLICT DO NOTHING;
INSERT INTO creators(mediaId, creatorId, creatorName) VALUES(393, 99898, 'David Chase') ON CONFLICT DO NOTHING;
INSERT INTO actors (mediaId, actorId , actorName, characterName, profilePath) VALUES(393, 4691, 'James Gandolfini', 'Tony Soprano', 'https://image.tmdb.org/t/p/original/vhtsFJZcfHdeDkFBoWMDzOS6xrP.jpg') ON CONFLICT DO NOTHING;
INSERT INTO actors (mediaId, actorId , actorName, characterName, profilePath) VALUES(393, 36190, 'Edie Falco', 'Carmela Soprano', 'https://image.tmdb.org/t/p/original/jS2Hnr5OmntpX0J7EpH70zAG0mz.jpg') ON CONFLICT DO NOTHING;
INSERT INTO actors (mediaId, actorId , actorName, characterName, profilePath) VALUES(393, 99241, 'Jamie-Lynn Sigler', 'Meadow Soprano', 'https://image.tmdb.org/t/p/original/gzlpJeYY1ByXOGb6mksEzuvetTN.jpg') ON CONFLICT DO NOTHING;
INSERT INTO actors (mediaId, actorId , actorName, characterName, profilePath) VALUES(393, 1218240, 'Robert Iler', 'A.J. Soprano', 'https://image.tmdb.org/t/p/original/vfTbVoV1Bp2fcDVHaGOIiQppk3J.jpg') ON CONFLICT DO NOTHING;
INSERT INTO actors (mediaId, actorId , actorName, characterName, profilePath) VALUES(393, 11478, 'Lorraine Bracco', 'Jennifer Melfi', 'https://image.tmdb.org/t/p/original/1lQiN8yggIJ8aGYLp4Nul3ALdXC.jpg') ON CONFLICT DO NOTHING;
INSERT INTO actors (mediaId, actorId , actorName, characterName, profilePath) VALUES(393, 11486, 'Michael Imperioli', 'Christopher Moltisanti', 'https://image.tmdb.org/t/p/original/jfoEHR6BRMg8emtujXdM3G4JHIm.jpg') ON CONFLICT DO NOTHING;
INSERT INTO actors (mediaId, actorId , actorName, characterName, profilePath) VALUES(393, 107622, 'Steven Van Zandt', 'Silvio Dante', 'https://image.tmdb.org/t/p/original/tU5JVcTRc8MGpJMGfhtLApFh0kA.jpg') ON CONFLICT DO NOTHING;
INSERT INTO actors (mediaId, actorId , actorName, characterName, profilePath) VALUES(393, 21385, 'Tony Sirico', 'Paulie Gualtieri', 'https://image.tmdb.org/t/p/original/yiTvFhaPlVIWETNObwqB72hgNeI.jpg') ON CONFLICT DO NOTHING;
INSERT INTO actors (mediaId, actorId , actorName, characterName, profilePath) VALUES(393, 68186, 'Dominic Chianese', 'Junior Soprano', 'https://image.tmdb.org/t/p/original/wJIybLAbVv6VEPFpZtpxRW26aq2.jpg') ON CONFLICT DO NOTHING;
INSERT INTO actors (mediaId, actorId , actorName, characterName, profilePath) VALUES(393, 106791, 'Aida Turturro', 'Janice Soprano', 'https://image.tmdb.org/t/p/original/xr5lWiB11Kzi2s6NNraW4De23ZI.jpg') ON CONFLICT DO NOTHING;
INSERT INTO providers (mediaId, providerId, providerName, logoPath) VALUES( 393, 49, 'HBO', 'https://image.tmdb.org/t/p/original/tuomPhY2UtuPTqqFnKMVHvSb724.png') ON CONFLICT DO NOTHING;
INSERT INTO media (mediaId, type, name, originalLanguage, adult, releaseDate, overview, backdropPath, posterPath, trailerLink, tmdbRating,  status) VALUES(394, true, 'Anderson Cooper 360°', 'en', False, '2003-09-08',  'Anderson Cooper goes beyond the headlines to tell stories from many points of view, so you can make up your own mind about the news.', 'https://image.tmdb.org/t/p/original/9T7Lmtn3zEyUEGuhYMDH17FBrq0.jpg', 'https://image.tmdb.org/t/p/original/iJWL5hPb0YBZEdH3nPQBHPEkLvx.jpg', 'None', 5, 'Returning Series') ON CONFLICT DO NOTHING;
INSERT INTO tv (mediaid , lastAirDate, nextEpisodeToAir, numberOfEpisodes, numberOfSeasons) VALUES( 394, '2023-03-10', NULL , 1506, 21) ON CONFLICT DO NOTHING;
INSERT INTO genres (mediaId, genre) VALUES(394, 'News') ON CONFLICT DO NOTHING;
INSERT INTO actors (mediaId, actorId , actorName, characterName, profilePath) VALUES(394, 1217309, 'Anderson Cooper', 'Host - Self', 'https://image.tmdb.org/t/p/original/p2p0b6NSJb37DdCZSRtatva1Ob9.jpg') ON CONFLICT DO NOTHING;
INSERT INTO providers (mediaId, providerId, providerName, logoPath) VALUES( 394, 59, 'CNN', 'https://image.tmdb.org/t/p/original/2EIKV6SomKx8L52HoSViKyJO87m.png') ON CONFLICT DO NOTHING;
INSERT INTO media (mediaId, type, name, originalLanguage, adult, releaseDate, overview, backdropPath, posterPath, trailerLink, tmdbRating,  status) VALUES(395, true, 'Natural Born Narco', 'en', False, '2022-07-08',  'Chronicles the origins of notorious real-life drug lord Amado Carrillo Fuentes, inspired in the acclaimed telenovela.', 'https://image.tmdb.org/t/p/original/zpRPHuQO7pT30ksxfGl1tARdST6.jpg', 'https://image.tmdb.org/t/p/original/41SuDGFgbSUS9if8cvYtgnsEVXi.jpg', 'https://www.youtube.com/watch?v=QKFliikApL8', 8, 'Returning Series') ON CONFLICT DO NOTHING;
INSERT INTO tv (mediaid , lastAirDate, nextEpisodeToAir, numberOfEpisodes, numberOfSeasons) VALUES( 395, '2022-07-08', NULL , 15, 1) ON CONFLICT DO NOTHING;
INSERT INTO genres (mediaId, genre) VALUES(395, 'Crime') ON CONFLICT DO NOTHING;
INSERT INTO genres (mediaId, genre) VALUES(395, 'Drama') ON CONFLICT DO NOTHING;
INSERT INTO creators(mediaId, creatorId, creatorName) VALUES(395, 1455854, 'Luis Zelkowicz') ON CONFLICT DO NOTHING;
INSERT INTO actors (mediaId, actorId , actorName, characterName, profilePath) VALUES(395, 112210, 'Luis Felipe Tovar', 'Don Cleto', 'https://image.tmdb.org/t/p/original/mU3SBAT94zK3czhbyEYf3l94ib.jpg') ON CONFLICT DO NOTHING;
INSERT INTO actors (mediaId, actorId , actorName, characterName, profilePath) VALUES(395, 1257797, 'África Zavala', 'Angelica', 'https://image.tmdb.org/t/p/original/qKZFILWvHt9jG0yywSIPKYP628Q.jpg') ON CONFLICT DO NOTHING;
INSERT INTO actors (mediaId, actorId , actorName, characterName, profilePath) VALUES(395, 1413394, 'Adrián Vázquez', 'Capitan Jimenez', 'None') ON CONFLICT DO NOTHING;
INSERT INTO actors (mediaId, actorId , actorName, characterName, profilePath) VALUES(395, 3868416, 'Luigi Cerrada', 'Aurelio', 'None') ON CONFLICT DO NOTHING;
INSERT INTO actors (mediaId, actorId , actorName, characterName, profilePath) VALUES(395, 967838, 'Mauricio Isaac', 'Heriberto', 'https://image.tmdb.org/t/p/original/uFNrLnDv5eo20SwBeN8tFdsEKls.jpg') ON CONFLICT DO NOTHING;
INSERT INTO actors (mediaId, actorId , actorName, characterName, profilePath) VALUES(395, 76857, 'Joaquín Cosío', 'Taladro', 'https://image.tmdb.org/t/p/original/ijMo3fMyY4VL1xyIj6ytiJrzaw9.jpg') ON CONFLICT DO NOTHING;
INSERT INTO providers (mediaId, providerId, providerName, logoPath) VALUES( 395, 4692, 'The Roku Channel', 'https://image.tmdb.org/t/p/original/lD9lCk9tUsMZbzfydCHEVhhfIJd.png') ON CONFLICT DO NOTHING;
INSERT INTO media (mediaId, type, name, originalLanguage, adult, releaseDate, overview, backdropPath, posterPath, trailerLink, tmdbRating,  status) VALUES(396, true, 'Family Feud Canada', 'en', False, '2019-12-16',  'We asked 100 game show-loving Canadians: Name the only iconic TV show featuring two Canadian families competing to guess popular answers to fun survey questions. Top answer on the board? Survey says...get ready for Family Feud Canada!', 'https://image.tmdb.org/t/p/original/vK8tSeOh7WTkPqLu3kK34U8zmiE.jpg', 'https://image.tmdb.org/t/p/original/ohlgnAbNTZYZ0PhsM57HPTJ0pg7.jpg', 'https://www.youtube.com/watch?v=T5q7sejOcLE', 5.6, 'Returning Series') ON CONFLICT DO NOTHING;
INSERT INTO tv (mediaid , lastAirDate, nextEpisodeToAir, numberOfEpisodes, numberOfSeasons) VALUES( 396, '2023-10-17', '2023-10-18' , 274, 5) ON CONFLICT DO NOTHING;
INSERT INTO genres (mediaId, genre) VALUES(396, 'Family') ON CONFLICT DO NOTHING;
INSERT INTO genres (mediaId, genre) VALUES(396, 'Reality') ON CONFLICT DO NOTHING;
INSERT INTO creators(mediaId, creatorId, creatorName) VALUES(396, 1211893, 'Mark Goodson') ON CONFLICT DO NOTHING;
INSERT INTO providers (mediaId, providerId, providerName, logoPath) VALUES( 396, 23, 'CBC Television', 'https://image.tmdb.org/t/p/original/cw5WW6cc9UANam4A6o1BDua9njN.png') ON CONFLICT DO NOTHING;
INSERT INTO media (mediaId, type, name, originalLanguage, adult, releaseDate, overview, backdropPath, posterPath, trailerLink, tmdbRating,  status) VALUES(397, true, 'Invasion', 'en', False, '2021-10-21',  'Earth is visited by an alien species that threatens humanity’s existence. Events unfold in real time through the eyes of five ordinary people across the globe as they struggle to make sense of the chaos unraveling around them.', 'https://image.tmdb.org/t/p/original/iMUp44Tr7QrGidu1ldHF0NuG0h2.jpg', 'https://image.tmdb.org/t/p/original/wWFs3pl9gWHYvDElQVB4CB809m9.jpg', 'https://www.youtube.com/watch?v=DlaHxL3mHAU', 7.3, 'Returning Series') ON CONFLICT DO NOTHING;
INSERT INTO tv (mediaid , lastAirDate, nextEpisodeToAir, numberOfEpisodes, numberOfSeasons) VALUES( 397, '2023-10-17', '2023-10-24' , 20, 2) ON CONFLICT DO NOTHING;
INSERT INTO genres (mediaId, genre) VALUES(397, 'Sci-Fi & Fantasy') ON CONFLICT DO NOTHING;
INSERT INTO genres (mediaId, genre) VALUES(397, 'Drama') ON CONFLICT DO NOTHING;
INSERT INTO creators(mediaId, creatorId, creatorName) VALUES(397, 11092, 'Simon Kinberg') ON CONFLICT DO NOTHING;
INSERT INTO creators(mediaId, creatorId, creatorName) VALUES(397, 1424719, 'David Weil') ON CONFLICT DO NOTHING;
INSERT INTO actors (mediaId, actorId , actorName, characterName, profilePath) VALUES(397, 229932, 'Golshifteh Farahani', 'Aneesha Malik', 'https://image.tmdb.org/t/p/original/lbsd2lAIQq4egOUXDIfjhte12vv.jpg') ON CONFLICT DO NOTHING;
INSERT INTO actors (mediaId, actorId , actorName, characterName, profilePath) VALUES(397, 230660, 'Shioli Kutsuna', 'Mitsuki Yamato', 'https://image.tmdb.org/t/p/original/5EdMbcRIemzLszjEr36Ic0Obmdb.jpg') ON CONFLICT DO NOTHING;
INSERT INTO actors (mediaId, actorId , actorName, characterName, profilePath) VALUES(397, 1080969, 'Shamier Anderson', 'Trevante Cole', 'https://image.tmdb.org/t/p/original/vUlPZ1owT67BOQwpIn96ZFjBxg2.jpg') ON CONFLICT DO NOTHING;
INSERT INTO actors (mediaId, actorId , actorName, characterName, profilePath) VALUES(397, 1672505, 'India Brown', 'Jamila Huston', 'https://image.tmdb.org/t/p/original/hqOxRR0DBJ8Z2IKFYThCV7xcsqv.jpg') ON CONFLICT DO NOTHING;
INSERT INTO actors (mediaId, actorId , actorName, characterName, profilePath) VALUES(397, 1840063, 'Billy Barratt', 'Caspar Morrow', 'https://image.tmdb.org/t/p/original/x31FxgBQVj45eB5VV5f59lcfyxo.jpg') ON CONFLICT DO NOTHING;
INSERT INTO actors (mediaId, actorId , actorName, characterName, profilePath) VALUES(397, 1939366, 'Azhy Robertson', 'Luke Malik', 'https://image.tmdb.org/t/p/original/6RoaHJAdnQPioROie1JKAgCwqjm.jpg') ON CONFLICT DO NOTHING;
INSERT INTO actors (mediaId, actorId , actorName, characterName, profilePath) VALUES(397, 2153643, 'Paddy Holland', 'Monty', 'https://image.tmdb.org/t/p/original/bDLNSooFlZgrducjJhcdo1O98Dt.jpg') ON CONFLICT DO NOTHING;
INSERT INTO actors (mediaId, actorId , actorName, characterName, profilePath) VALUES(397, 3243843, 'Tara Moayedi', 'Sarah Malik', 'https://image.tmdb.org/t/p/original/3xURXhXoqZX3eFDEgQ8bmSU8x33.jpg') ON CONFLICT DO NOTHING;
INSERT INTO actors (mediaId, actorId , actorName, characterName, profilePath) VALUES(397, 1224022, 'Enver Gjokaj', 'Clark Evans', 'https://image.tmdb.org/t/p/original/1M3ISdFIaf4p1N3ZZTK7KnZwj9p.jpg') ON CONFLICT DO NOTHING;
INSERT INTO actors (mediaId, actorId , actorName, characterName, profilePath) VALUES(397, 1545208, 'Nedra Marie Taylor', 'Rose Callaway', 'https://image.tmdb.org/t/p/original/xn8Zvc3e5UVgvy4YzM9Vi4Gfjhi.jpg') ON CONFLICT DO NOTHING;
INSERT INTO providers (mediaId, providerId, providerName, logoPath) VALUES( 397, 2552, 'Apple TV+', 'https://image.tmdb.org/t/p/original/4KAy34EHvRM25Ih8wb82AuGU7zJ.png') ON CONFLICT DO NOTHING;
INSERT INTO media (mediaId, type, name, originalLanguage, adult, releaseDate, overview, backdropPath, posterPath, trailerLink, tmdbRating,  status) VALUES(398, true, 'Daddy''s Daughters. New', 'ru', False, '2023-09-18',  'The curse of the Vasnetsovs overtakes the already grown-up daughters of a family psychotherapist. On the eve of the next wedding anniversary, Dasha runs away from home, leaving the workaholic Veniamin a farewell letter, an engagement ring and four daughters. Now Veniamin, just like his father-in-law once, is forced to become father, mother, and friend for his children. And the resilient Vasnetsov family will help him in this.', 'https://image.tmdb.org/t/p/original/t9Duh265XwxNDUvYqepVMtfME4.jpg', 'https://image.tmdb.org/t/p/original/4HY5r2zmUMbmmbDdKg9eruqZioW.jpg', 'None', 8, 'Returning Series') ON CONFLICT DO NOTHING;
INSERT INTO tv (mediaid , lastAirDate, nextEpisodeToAir, numberOfEpisodes, numberOfSeasons) VALUES( 398, '2023-10-17', '2023-10-18' , 20, 1) ON CONFLICT DO NOTHING;
INSERT INTO genres (mediaId, genre) VALUES(398, 'Comedy') ON CONFLICT DO NOTHING;
INSERT INTO genres (mediaId, genre) VALUES(398, 'Family') ON CONFLICT DO NOTHING;
INSERT INTO creators(mediaId, creatorId, creatorName) VALUES(398, 1578691, 'Aleksandr Zhigalkin') ON CONFLICT DO NOTHING;
INSERT INTO actors (mediaId, actorId , actorName, characterName, profilePath) VALUES(398, 128817, 'Filipp Blednyy', 'Веник', 'https://image.tmdb.org/t/p/original/zOpmwy9u4y2uymhb8oLuf5liHqc.jpg') ON CONFLICT DO NOTHING;
INSERT INTO actors (mediaId, actorId , actorName, characterName, profilePath) VALUES(398, 4258355, 'Полина Денисова', 'Соня', 'None') ON CONFLICT DO NOTHING;
INSERT INTO actors (mediaId, actorId , actorName, characterName, profilePath) VALUES(398, 4258356, 'Полина Айнутдинова', 'Арина', 'None') ON CONFLICT DO NOTHING;
INSERT INTO actors (mediaId, actorId , actorName, characterName, profilePath) VALUES(398, 2007637, 'Vitaliya Kornienko', 'Лиза', 'https://image.tmdb.org/t/p/original/4C87fJityzFxR2ERBjUqARECKDp.jpg') ON CONFLICT DO NOTHING;
INSERT INTO actors (mediaId, actorId , actorName, characterName, profilePath) VALUES(398, 2678522, 'Eva Smirnova', 'Диана', 'https://image.tmdb.org/t/p/original/qlLPygfiAPAJFyoWPZujSW2aPS9.jpg') ON CONFLICT DO NOTHING;
INSERT INTO actors (mediaId, actorId , actorName, characterName, profilePath) VALUES(398, 143664, 'Elizaveta Arzamasova', 'Галина Сергеевна', 'https://image.tmdb.org/t/p/original/2Ccbrd41XBcJknz3H9BNodTVhCK.jpg') ON CONFLICT DO NOTHING;
INSERT INTO actors (mediaId, actorId , actorName, characterName, profilePath) VALUES(398, 932512, 'Andrey Leonov', 'Сергей Васнецов', 'https://image.tmdb.org/t/p/original/ybTgFuYs14mAmvE2qbTDZD0I9ho.jpg') ON CONFLICT DO NOTHING;
INSERT INTO actors (mediaId, actorId , actorName, characterName, profilePath) VALUES(398, 143746, 'Miroslava Karpovich', 'Маша Васнецова', 'https://image.tmdb.org/t/p/original/g0t2lzo1f1rI31cVJWtRWYu0YYE.jpg') ON CONFLICT DO NOTHING;
INSERT INTO actors (mediaId, actorId , actorName, characterName, profilePath) VALUES(398, 4258357, 'Vlad Feldman', 'Саша Васнецов', 'https://image.tmdb.org/t/p/original/A4ItXRiWOVzafAfAilcvBo1yWJY.jpg') ON CONFLICT DO NOTHING;
INSERT INTO actors (mediaId, actorId , actorName, characterName, profilePath) VALUES(398, 1150896, 'Darya Melnikova', 'Женя Васнецова', 'https://image.tmdb.org/t/p/original/kWRssA2pymUJ3SrocrBeUIuUFsH.jpg') ON CONFLICT DO NOTHING;
INSERT INTO media (mediaId, type, name, originalLanguage, adult, releaseDate, overview, backdropPath, posterPath, trailerLink, tmdbRating,  status) VALUES(399, true, 'Regular Show', 'en', False, '2010-09-06',  'Two bored groundskeepers, Mordecai (a six-foot-tall blue jay) and Rigby (a hyperactive raccoon) are best friends who spend their days trying to entertain themselves by any means necessary, much to the displeasure of their boss. Their everyday pursuits often lead to things spiraling out of control and into the surreal.', 'https://image.tmdb.org/t/p/original/2vbE9ajftJ7dkqUAyxDS0WFILx8.jpg', 'https://image.tmdb.org/t/p/original/mS5SLxMYcKfUxA0utBSR5MOAWWr.jpg', 'None', 8.7, 'Ended') ON CONFLICT DO NOTHING;
INSERT INTO tv (mediaid , lastAirDate, nextEpisodeToAir, numberOfEpisodes, numberOfSeasons) VALUES( 399, '2017-01-16', NULL , 257, 8) ON CONFLICT DO NOTHING;
INSERT INTO genres (mediaId, genre) VALUES(399, 'Animation') ON CONFLICT DO NOTHING;
INSERT INTO genres (mediaId, genre) VALUES(399, 'Comedy') ON CONFLICT DO NOTHING;
INSERT INTO creators(mediaId, creatorId, creatorName) VALUES(399, 222169, 'J.G. Quintel') ON CONFLICT DO NOTHING;
INSERT INTO actors (mediaId, actorId , actorName, characterName, profilePath) VALUES(399, 222169, 'J.G. Quintel', 'Mordecai / Hi Five Ghost (voice)', 'https://image.tmdb.org/t/p/original/iVrY1k1ggfYUy8o9eY8XHAhu6f1.jpg') ON CONFLICT DO NOTHING;
INSERT INTO actors (mediaId, actorId , actorName, characterName, profilePath) VALUES(399, 1215264, 'William Salyers', 'Rigby (voice)', 'https://image.tmdb.org/t/p/original/lB1R4NwWAlBnWkYCJdOrVDq92H2.jpg') ON CONFLICT DO NOTHING;
INSERT INTO actors (mediaId, actorId , actorName, characterName, profilePath) VALUES(399, 2, 'Mark Hamill', 'Skips (voice)', 'https://image.tmdb.org/t/p/original/2ZulC2Ccq1yv3pemusks6Zlfy2s.jpg') ON CONFLICT DO NOTHING;
INSERT INTO actors (mediaId, actorId , actorName, characterName, profilePath) VALUES(399, 1251102, 'Sam Marin', 'Benson / Pops / Muscle Man (voice)', 'https://image.tmdb.org/t/p/original/7ga9UBGfoHMTXzYiyZLA9T2DiH8.jpg') ON CONFLICT DO NOTHING;
INSERT INTO actors (mediaId, actorId , actorName, characterName, profilePath) VALUES(399, 1251087, 'Minty Lewis', 'Eileen (voice)', 'None') ON CONFLICT DO NOTHING;
INSERT INTO actors (mediaId, actorId , actorName, characterName, profilePath) VALUES(399, 556275, 'Matthew Mercer', 'Chance Sureshot / Recap Robot (voice)', 'https://image.tmdb.org/t/p/original/fe1S317253vfMuNuIDjhp9vtNSs.jpg') ON CONFLICT DO NOTHING;
INSERT INTO actors (mediaId, actorId , actorName, characterName, profilePath) VALUES(399, 81663, 'Vanessa Marshall', 'Toothpick Sally (voice)', 'https://image.tmdb.org/t/p/original/yZsWfaiOxaN5MZkWIKPbxz1KKS1.jpg') ON CONFLICT DO NOTHING;
INSERT INTO providers (mediaId, providerId, providerName, logoPath) VALUES( 399, 56, 'Cartoon Network', 'https://image.tmdb.org/t/p/original/c5OC6oVCg6QP4eqzW6XIq17CQjI.png') ON CONFLICT DO NOTHING;
INSERT INTO media (mediaId, type, name, originalLanguage, adult, releaseDate, overview, backdropPath, posterPath, trailerLink, tmdbRating,  status) VALUES(400, true, 'Suidooster', 'af', False, '2015-11-16',  'Suidooster is a South African television soap opera produced by Suidooster Films which revolves around a matriarch, her family, friends and the people of Suidooster, a small shopping and business centre in the fictional Cape Town suburb of Ruiterbosch.', 'https://image.tmdb.org/t/p/original/i8iqYtAy9qcO5RSrA1f6fY1n6SN.jpg', 'https://image.tmdb.org/t/p/original/u4tPY6df9atOne5soyW7vUyRgvD.jpg', 'None', 6, 'Returning Series') ON CONFLICT DO NOTHING;
INSERT INTO tv (mediaid , lastAirDate, nextEpisodeToAir, numberOfEpisodes, numberOfSeasons) VALUES( 400, '2023-10-17', '2023-10-18' , 1942, 9) ON CONFLICT DO NOTHING;
INSERT INTO genres (mediaId, genre) VALUES(400, 'Soap') ON CONFLICT DO NOTHING;
INSERT INTO actors (mediaId, actorId , actorName, characterName, profilePath) VALUES(400, 4282682, 'Theresa Sedras', 'Mrs Jacobs', 'None') ON CONFLICT DO NOTHING;
INSERT INTO actors (mediaId, actorId , actorName, characterName, profilePath) VALUES(400, 4282683, 'Portia Joel', 'Lee-Ann Jacobs', 'None') ON CONFLICT DO NOTHING;
INSERT INTO actors (mediaId, actorId , actorName, characterName, profilePath) VALUES(400, 555271, 'Denise Newman', 'Bridgette October', 'https://image.tmdb.org/t/p/original/z4V72Mq49k0vhDL4U5vyO9zi6UR.jpg') ON CONFLICT DO NOTHING;
INSERT INTO actors (mediaId, actorId , actorName, characterName, profilePath) VALUES(400, 1643266, 'Jill Levenberg', 'Mymoena Samsodien', 'None') ON CONFLICT DO NOTHING;
INSERT INTO actors (mediaId, actorId , actorName, characterName, profilePath) VALUES(400, 4282691, 'Simone Biscombe', 'Bianca Fourie', 'None') ON CONFLICT DO NOTHING;
INSERT INTO actors (mediaId, actorId , actorName, characterName, profilePath) VALUES(400, 1277545, 'Irshaad Ally', 'Rhafiek Samsodien', 'https://image.tmdb.org/t/p/original/5rM75IdJTxS1fpFQHlb9Q4Gi1Kf.jpg') ON CONFLICT DO NOTHING;
INSERT INTO actors (mediaId, actorId , actorName, characterName, profilePath) VALUES(400, 1295014, 'Marco Spaumer', 'Tim du Plooy', 'https://image.tmdb.org/t/p/original/hpFLoEZQMZ7FCIdQDLVE08Wy8S7.jpg') ON CONFLICT DO NOTHING;
INSERT INTO actors (mediaId, actorId , actorName, characterName, profilePath) VALUES(400, 3277190, 'Eden Classens', 'Justin Potgieter', 'None') ON CONFLICT DO NOTHING;
INSERT INTO actors (mediaId, actorId , actorName, characterName, profilePath) VALUES(400, 1769591, 'Gantane Gwane Kusch', 'Siya Thuli', 'https://image.tmdb.org/t/p/original/eDSX3lUtJ7xqcYbgiU0P1I9GJFR.jpg') ON CONFLICT DO NOTHING;
INSERT INTO actors (mediaId, actorId , actorName, characterName, profilePath) VALUES(400, 4282770, 'Vashti Prins', 'Danielle Hendricks', 'None') ON CONFLICT DO NOTHING;
INSERT INTO providers (mediaId, providerId, providerName, logoPath) VALUES( 400, 1826, 'kykNET', 'https://image.tmdb.org/t/p/original/2tNeujuBe8MR40hoUE4FLYA7Knl.png') ON CONFLICT DO NOTHING;
INSERT INTO providers (mediaId, providerId, providerName, logoPath) VALUES( 400, 2265, 'Showmax', 'https://image.tmdb.org/t/p/original/72uE6rBXSuth2k36cGsvIYxm5sp.png') ON CONFLICT DO NOTHING;
INSERT INTO providers (mediaId, providerId, providerName, logoPath) VALUES( 400, 7099, 'kykNET & Kie', 'https://image.tmdb.org/t/p/original/mPyEYYAmrN2ucqskaSxCeY6TP0d.png') ON CONFLICT DO NOTHING;
INSERT INTO media (mediaId, type, name, originalLanguage, adult, releaseDate, overview, backdropPath, posterPath, trailerLink, tmdbRating,  status) VALUES(401, true, 'Pariah Nexus', 'en', False, '2023-09-13',  'An Imperial Shrine World in the Pariah Nexus has been invaded by the Necrons. The invaders have emerged triumphant and only a few pockets of surviving imperials remain to resist the invading Xenos.', 'https://image.tmdb.org/t/p/original/iw9vVNvoYA86Y0GFzU2vbaaVBTg.jpg', 'https://image.tmdb.org/t/p/original/6eiQEpYZpseJfDPG9wq6BN2G3aM.jpg', 'https://www.youtube.com/watch?v=CmMUJlpfl-c', 8.2, 'Ended') ON CONFLICT DO NOTHING;
INSERT INTO tv (mediaid , lastAirDate, nextEpisodeToAir, numberOfEpisodes, numberOfSeasons) VALUES( 401, '2023-10-11', NULL , 3, 1) ON CONFLICT DO NOTHING;
INSERT INTO genres (mediaId, genre) VALUES(401, 'Sci-Fi & Fantasy') ON CONFLICT DO NOTHING;
INSERT INTO genres (mediaId, genre) VALUES(401, 'Action & Adventure') ON CONFLICT DO NOTHING;
INSERT INTO genres (mediaId, genre) VALUES(401, 'Animation') ON CONFLICT DO NOTHING;
INSERT INTO providers (mediaId, providerId, providerName, logoPath) VALUES( 401, 5609, 'Warhammer TV', 'https://image.tmdb.org/t/p/original/3Y6hY6o7k8ErXZzhQFM10gJqTK4.png') ON CONFLICT DO NOTHING;
INSERT INTO media (mediaId, type, name, originalLanguage, adult, releaseDate, overview, backdropPath, posterPath, trailerLink, tmdbRating,  status) VALUES(402, true, 'Farma', 'sk', False, '2011-07-24',  'Serbian version of the reality series The Farm.', 'https://image.tmdb.org/t/p/original/n6CnWXRQlgw3mlqHjnOn5Biq7ne.jpg', 'https://image.tmdb.org/t/p/original/xuscOJcoS9vMAKFgdiaDtypFg3y.jpg', 'None', 4.9, 'Returning Series') ON CONFLICT DO NOTHING;
INSERT INTO tv (mediaid , lastAirDate, nextEpisodeToAir, numberOfEpisodes, numberOfSeasons) VALUES( 402, '2023-10-17', '2023-10-18' , 511, 8) ON CONFLICT DO NOTHING;
INSERT INTO providers (mediaId, providerId, providerName, logoPath) VALUES( 402, 550, 'Markíza', 'https://image.tmdb.org/t/p/original/e3v7L2zlVEO1GLH7pv0f1CNFIeK.png') ON CONFLICT DO NOTHING;
INSERT INTO providers (mediaId, providerId, providerName, logoPath) VALUES( 402, 5174, 'Voyo', 'https://image.tmdb.org/t/p/original/urFAfEj1atKaaI9fMyvsdaaXqfB.png') ON CONFLICT DO NOTHING;
INSERT INTO media (mediaId, type, name, originalLanguage, adult, releaseDate, overview, backdropPath, posterPath, trailerLink, tmdbRating,  status) VALUES(403, true, 'Elite', 'es', False, '2018-10-05',  'When three working class kids enroll in the most exclusive school in Spain, the clash between the wealthy and the poor students leads to tragedy.', 'https://image.tmdb.org/t/p/original/tl0mg7lOnS6tP8ngH0QwgMLQdpV.jpg', 'https://image.tmdb.org/t/p/original/3NTAbAiao4JLzFQw6YxP1YZppM8.jpg', 'https://www.youtube.com/watch?v=QNwhAdrdwp0', 8.1, 'Returning Series') ON CONFLICT DO NOTHING;
INSERT INTO tv (mediaid , lastAirDate, nextEpisodeToAir, numberOfEpisodes, numberOfSeasons) VALUES( 403, '2022-11-18', '2023-10-20' , 56, 7) ON CONFLICT DO NOTHING;
INSERT INTO genres (mediaId, genre) VALUES(403, 'Crime') ON CONFLICT DO NOTHING;
INSERT INTO genres (mediaId, genre) VALUES(403, 'Mystery') ON CONFLICT DO NOTHING;
INSERT INTO genres (mediaId, genre) VALUES(403, 'Drama') ON CONFLICT DO NOTHING;
INSERT INTO creators(mediaId, creatorId, creatorName) VALUES(403, 1263628, 'Carlos Montero') ON CONFLICT DO NOTHING;
INSERT INTO creators(mediaId, creatorId, creatorName) VALUES(403, 1456588, 'Darío Madrona') ON CONFLICT DO NOTHING;
INSERT INTO actors (mediaId, actorId , actorName, characterName, profilePath) VALUES(403, 2025254, 'Omar Ayuso', 'Omar', 'https://image.tmdb.org/t/p/original/c4bAqv3PoSVK4ov7cw076NNqg6f.jpg') ON CONFLICT DO NOTHING;
INSERT INTO actors (mediaId, actorId , actorName, characterName, profilePath) VALUES(403, 1731979, 'Valentina Zenere', 'Isadora', 'https://image.tmdb.org/t/p/original/biyzs4vdBviMYzxpsMqxIX5Uota.jpg') ON CONFLICT DO NOTHING;
INSERT INTO actors (mediaId, actorId , actorName, characterName, profilePath) VALUES(403, 2355967, 'André Lamoglia', 'Iván', 'https://image.tmdb.org/t/p/original/Av2ihxVz1TDTwHp9NjhtNFBWsV9.jpg') ON CONFLICT DO NOTHING;
INSERT INTO actors (mediaId, actorId , actorName, characterName, profilePath) VALUES(403, 2388427, 'Carmen Arrufat', '', 'https://image.tmdb.org/t/p/original/bdDe9rjM9YhzldEaNAsVUmSA3lC.jpg') ON CONFLICT DO NOTHING;
INSERT INTO actors (mediaId, actorId , actorName, characterName, profilePath) VALUES(403, 3681431, 'Alex Pastrana', '', 'https://image.tmdb.org/t/p/original/gw6KcbjHHi64uoNgDjTF0ZGLyL1.jpg') ON CONFLICT DO NOTHING;
INSERT INTO actors (mediaId, actorId , actorName, characterName, profilePath) VALUES(403, 3380892, 'Ander Puig', '', 'https://image.tmdb.org/t/p/original/4seAT5elw0hAbKIpCKlNwwfim38.jpg') ON CONFLICT DO NOTHING;
INSERT INTO actors (mediaId, actorId , actorName, characterName, profilePath) VALUES(403, 2720414, 'Álvaro de Juana', '', 'https://image.tmdb.org/t/p/original/8IlNBJRU5IvA4HICnJGohtXvJNG.jpg') ON CONFLICT DO NOTHING;
INSERT INTO actors (mediaId, actorId , actorName, characterName, profilePath) VALUES(403, 3742208, 'Ana Bokesa', '', 'https://image.tmdb.org/t/p/original/n6T6se3X8IOkTleolPUpuqZng28.jpg') ON CONFLICT DO NOTHING;
INSERT INTO actors (mediaId, actorId , actorName, characterName, profilePath) VALUES(403, 3248375, 'Nadia Al Saidi', 'Sonia', 'https://image.tmdb.org/t/p/original/rDWm5weVC0TPS1B4CAHRsF0dG3V.jpg') ON CONFLICT DO NOTHING;
INSERT INTO actors (mediaId, actorId , actorName, characterName, profilePath) VALUES(403, 3692236, 'Mirela Balic', 'Chloe', 'https://image.tmdb.org/t/p/original/xgGvzfTd7FThbehjCtGeSg4UTXP.jpg') ON CONFLICT DO NOTHING;
INSERT INTO providers (mediaId, providerId, providerName, logoPath) VALUES( 403, 213, 'Netflix', 'https://image.tmdb.org/t/p/original/wwemzKWzjKYJFfCeiB57q3r4Bcm.png') ON CONFLICT DO NOTHING;
INSERT INTO media (mediaId, type, name, originalLanguage, adult, releaseDate, overview, backdropPath, posterPath, trailerLink, tmdbRating,  status) VALUES(404, true, 'Goblin Slayer', 'ja', False, '2018-10-07',  'Goblins are known for their ferocity, cunning, and rapid reproduction, but their reputation as the lowliest of monsters causes their threat to be overlooked as adventurers turn a blind eye in favor of more rewarding assignments with larger bounties.
A young priestess has formed her first adventuring party, but almost immediately they find themselves in distress. It''s the Goblin Slayer who comes to their rescue—a man who''s dedicated his life to the extermination of all goblins, by any means necessary. As a holder of the prestigious Silver rank, the Goblin Slayer allows her to accompany him as he assists the Adventurer''s Guild in all goblin-related matters. Together with the Priestess, High Elf, Dwarf, and Lizard-man, the armored warrior will not rest until every single goblin in the frontier lands has been eradicated for good.', 'https://image.tmdb.org/t/p/original/65XyAN0PrUkkfqvGbFRLjk5x3wZ.jpg', 'https://image.tmdb.org/t/p/original/x8ZQyxAFjz9jtCGivbOMYUC4Tp3.jpg', 'https://www.youtube.com/watch?v=7qnhoB_cHSg', 8.2, 'Returning Series') ON CONFLICT DO NOTHING;
INSERT INTO tv (mediaid , lastAirDate, nextEpisodeToAir, numberOfEpisodes, numberOfSeasons) VALUES( 404, '2023-10-13', '2023-10-20' , 24, 2) ON CONFLICT DO NOTHING;
INSERT INTO genres (mediaId, genre) VALUES(404, 'Animation') ON CONFLICT DO NOTHING;
INSERT INTO genres (mediaId, genre) VALUES(404, 'Action & Adventure') ON CONFLICT DO NOTHING;
INSERT INTO genres (mediaId, genre) VALUES(404, 'Sci-Fi & Fantasy') ON CONFLICT DO NOTHING;
INSERT INTO actors (mediaId, actorId , actorName, characterName, profilePath) VALUES(404, 1483496, 'Yuuichirou Umehara', 'Goblin Slayer (voice)', 'https://image.tmdb.org/t/p/original/v28IZwmQGqrtyljNdzcKELV5t9m.jpg') ON CONFLICT DO NOTHING;
INSERT INTO actors (mediaId, actorId , actorName, characterName, profilePath) VALUES(404, 1057990, 'Yui Ogura', 'Priestess (voice)', 'https://image.tmdb.org/t/p/original/vUuyLWde2CEd5G0oqeEzzFE6qqA.jpg') ON CONFLICT DO NOTHING;
INSERT INTO actors (mediaId, actorId , actorName, characterName, profilePath) VALUES(404, 1168909, 'Nao Toyama', 'High Elf Archer (voice)', 'https://image.tmdb.org/t/p/original/1tl5iuYb2VvCfTzC9iPaBxASrXs.jpg') ON CONFLICT DO NOTHING;
INSERT INTO actors (mediaId, actorId , actorName, characterName, profilePath) VALUES(404, 1242005, 'Yuka Iguchi', 'Cow Girl (voice)', 'https://image.tmdb.org/t/p/original/wutIs24BvVy0KYGPhnS1sK2IEWn.jpg') ON CONFLICT DO NOTHING;
INSERT INTO actors (mediaId, actorId , actorName, characterName, profilePath) VALUES(404, 1296667, 'Maaya Uchida', 'Guild Girl (voice)', 'https://image.tmdb.org/t/p/original/tQAV6JsPWQ4H9u4kg1iuL5TKIif.jpg') ON CONFLICT DO NOTHING;
INSERT INTO actors (mediaId, actorId , actorName, characterName, profilePath) VALUES(404, 1221114, 'Yuichi Nakamura', 'Dwarf Shaman (voice)', 'https://image.tmdb.org/t/p/original/wb8behVKjBHX9XXrEydvNINCYwH.jpg') ON CONFLICT DO NOTHING;
INSERT INTO actors (mediaId, actorId , actorName, characterName, profilePath) VALUES(404, 144655, 'Tomokazu Sugita', 'Lizard Priest (voice)', 'https://image.tmdb.org/t/p/original/cv5zuPZySNsHXu24pjKLYCRzJ2J.jpg') ON CONFLICT DO NOTHING;
INSERT INTO actors (mediaId, actorId , actorName, characterName, profilePath) VALUES(404, 1072774, 'Yoko Hikasa', 'Witch (voice)', 'https://image.tmdb.org/t/p/original/e6I7r45YZXgvlEVSGR3L14tSl87.jpg') ON CONFLICT DO NOTHING;
INSERT INTO actors (mediaId, actorId , actorName, characterName, profilePath) VALUES(404, 233590, 'Yoshitsugu Matsuoka', 'Spearman (voice)', 'https://image.tmdb.org/t/p/original/ugDwdWEXnmv43jcbnfAi4XwiQ8C.jpg') ON CONFLICT DO NOTHING;
INSERT INTO actors (mediaId, actorId , actorName, characterName, profilePath) VALUES(404, 223687, 'Aya Endo', 'Sword Maiden (voice)', 'https://image.tmdb.org/t/p/original/s59Lip4dPC7rI3cz1pHs9vSmuvf.jpg') ON CONFLICT DO NOTHING;
INSERT INTO providers (mediaId, providerId, providerName, logoPath) VALUES( 404, 173, 'AT-X', 'https://image.tmdb.org/t/p/original/fERjndErEpveJmQZccJbJDi93rj.png') ON CONFLICT DO NOTHING;
INSERT INTO media (mediaId, type, name, originalLanguage, adult, releaseDate, overview, backdropPath, posterPath, trailerLink, tmdbRating,  status) VALUES(405, true, 'Submission', 'en', False, '2016-05-12',  'Beautiful but unfulfilled Ashley has her eyes opened to the tantalizing possibilities of BDSM when she discovers the popular erotic novel SLAVE by Nolan Keats. But her fascination with the mysterious Mr. Keats leads her into a sexy but dangerous love triangle, and tests the boundaries of her own sexual limitations.', 'https://image.tmdb.org/t/p/original/zD4qETxRCWwaSGE7uAFqfXLAJFj.jpg', 'https://image.tmdb.org/t/p/original/eDqrXy3KDRMdP5YhWwcwU2F8etQ.jpg', 'None', 6, 'Canceled') ON CONFLICT DO NOTHING;
INSERT INTO tv (mediaid , lastAirDate, nextEpisodeToAir, numberOfEpisodes, numberOfSeasons) VALUES( 405, '2016-06-16', NULL , 6, 1) ON CONFLICT DO NOTHING;
INSERT INTO genres (mediaId, genre) VALUES(405, 'Drama') ON CONFLICT DO NOTHING;
INSERT INTO genres (mediaId, genre) VALUES(405, 'Mystery') ON CONFLICT DO NOTHING;
INSERT INTO creators(mediaId, creatorId, creatorName) VALUES(405, 1266598, 'Jacky St. James') ON CONFLICT DO NOTHING;
INSERT INTO actors (mediaId, actorId , actorName, characterName, profilePath) VALUES(405, 121575, 'Ashlynn Yennie', 'Ashley', 'https://image.tmdb.org/t/p/original/8GIgCCdqxFfSeNEagpvKPBjSWDm.jpg') ON CONFLICT DO NOTHING;
INSERT INTO actors (mediaId, actorId , actorName, characterName, profilePath) VALUES(405, 1614284, 'Justin Berti', 'Elliott', 'https://image.tmdb.org/t/p/original/2mJjlTHBzixyRchmU9qM7dn8a5H.jpg') ON CONFLICT DO NOTHING;
INSERT INTO actors (mediaId, actorId , actorName, characterName, profilePath) VALUES(405, 582546, 'Skin Diamond', 'Dylan', 'https://image.tmdb.org/t/p/original/6yqxovzKQTk4UzOGvnzy6saM9A0.jpg') ON CONFLICT DO NOTHING;
INSERT INTO actors (mediaId, actorId , actorName, characterName, profilePath) VALUES(405, 1070736, 'Victoria Levine', 'Jules', 'https://image.tmdb.org/t/p/original/jhDCSxD84OtR4LzTFC08iGBwF1h.jpg') ON CONFLICT DO NOTHING;
INSERT INTO actors (mediaId, actorId , actorName, characterName, profilePath) VALUES(405, 1614285, 'Kevin Nelson', 'Raif', 'https://image.tmdb.org/t/p/original/3NjSHkQs6dlTmN9V9TA4c42kgwh.jpg') ON CONFLICT DO NOTHING;
INSERT INTO actors (mediaId, actorId , actorName, characterName, profilePath) VALUES(405, 1614286, 'Nika Khitrova', 'Scarlet', 'https://image.tmdb.org/t/p/original/4ohscXHI68g6EdaIdVsvyRct5We.jpg') ON CONFLICT DO NOTHING;
INSERT INTO actors (mediaId, actorId , actorName, characterName, profilePath) VALUES(405, 1614288, 'Brent Harvey', 'Tomas', 'https://image.tmdb.org/t/p/original/xVezuBgXBihl3PooCibP50l8X60.jpg') ON CONFLICT DO NOTHING;
INSERT INTO providers (mediaId, providerId, providerName, logoPath) VALUES( 405, 67, 'Showtime', 'https://image.tmdb.org/t/p/original/Allse9kbjiP6ExaQrnSpIhkurEi.png') ON CONFLICT DO NOTHING;
INSERT INTO media (mediaId, type, name, originalLanguage, adult, releaseDate, overview, backdropPath, posterPath, trailerLink, tmdbRating,  status) VALUES(406, true, 'NOVA', 'en', False, '1974-03-03',  'PBS'' premier science series helps viewers of all ages explore the science behind the headlines. Along the way, NOVA demystifies science and technology, and highlights the people involved in scientific pursuits.', 'https://image.tmdb.org/t/p/original/dZf3fpTAEdmLtekPb1LQb82wOyI.jpg', 'https://image.tmdb.org/t/p/original/giUBXYnDAaJgNqA6iE3BMVE2EHp.jpg', 'None', 7, 'Returning Series') ON CONFLICT DO NOTHING;
INSERT INTO tv (mediaid , lastAirDate, nextEpisodeToAir, numberOfEpisodes, numberOfSeasons) VALUES( 406, '2023-10-11', '2023-10-18' , 964, 50) ON CONFLICT DO NOTHING;
INSERT INTO genres (mediaId, genre) VALUES(406, 'Documentary') ON CONFLICT DO NOTHING;
INSERT INTO providers (mediaId, providerId, providerName, logoPath) VALUES( 406, 14, 'PBS', 'https://image.tmdb.org/t/p/original/hp2Fs7AIdsMlEjiDUC1V8Ows2jM.png') ON CONFLICT DO NOTHING;
INSERT INTO media (mediaId, type, name, originalLanguage, adult, releaseDate, overview, backdropPath, posterPath, trailerLink, tmdbRating,  status) VALUES(407, true, 'Black Mirror', 'en', False, '2011-12-04',  'Over the last ten years, technology has transformed almost every aspect of our lives before we''ve had time to stop and question it. In every home; on every desk; in every palm - a plasma screen; a monitor; a smartphone - a black mirror of our 21st Century existence.', 'https://image.tmdb.org/t/p/original/wZMY9X8jtSS5GXFue2lvhgaJkii.jpg', 'https://image.tmdb.org/t/p/original/5UaYsGZOFhjFDwQh6GuLjjA1WlF.jpg', 'https://www.youtube.com/watch?v=di6emt8_ie8', 8.3, 'Returning Series') ON CONFLICT DO NOTHING;
INSERT INTO tv (mediaid , lastAirDate, nextEpisodeToAir, numberOfEpisodes, numberOfSeasons) VALUES( 407, '2023-06-15', NULL , 26, 6) ON CONFLICT DO NOTHING;
INSERT INTO genres (mediaId, genre) VALUES(407, 'Sci-Fi & Fantasy') ON CONFLICT DO NOTHING;
INSERT INTO genres (mediaId, genre) VALUES(407, 'Drama') ON CONFLICT DO NOTHING;
INSERT INTO genres (mediaId, genre) VALUES(407, 'Mystery') ON CONFLICT DO NOTHING;
INSERT INTO creators(mediaId, creatorId, creatorName) VALUES(407, 211845, 'Charlie Brooker') ON CONFLICT DO NOTHING;
INSERT INTO providers (mediaId, providerId, providerName, logoPath) VALUES( 407, 26, 'Channel 4', 'https://image.tmdb.org/t/p/original/hbifXPpM55B1fL5wPo7t72vzN78.png') ON CONFLICT DO NOTHING;
INSERT INTO providers (mediaId, providerId, providerName, logoPath) VALUES( 407, 213, 'Netflix', 'https://image.tmdb.org/t/p/original/wwemzKWzjKYJFfCeiB57q3r4Bcm.png') ON CONFLICT DO NOTHING;
INSERT INTO media (mediaId, type, name, originalLanguage, adult, releaseDate, overview, backdropPath, posterPath, trailerLink, tmdbRating,  status) VALUES(408, true, 'Alessandro Borghese - Celebrity Chef', 'it', False, '2022-05-02',  '', 'https://image.tmdb.org/t/p/original/5rlCFzqQENsqK9BYyf73cEcXJvD.jpg', 'https://image.tmdb.org/t/p/original/4PlmioYT4SpUdqkGxNoKSDOSD08.jpg', 'None', 0, 'Returning Series') ON CONFLICT DO NOTHING;
INSERT INTO tv (mediaid , lastAirDate, nextEpisodeToAir, numberOfEpisodes, numberOfSeasons) VALUES( 408, '2023-10-17', '2023-10-18' , 103, 2) ON CONFLICT DO NOTHING;
INSERT INTO actors (mediaId, actorId , actorName, characterName, profilePath) VALUES(408, 1454216, 'Alessandro Borghese', 'Self - Host', 'https://image.tmdb.org/t/p/original/6M7Cij1FRlENLx6VsNlEArl74DT.jpg') ON CONFLICT DO NOTHING;
INSERT INTO actors (mediaId, actorId , actorName, characterName, profilePath) VALUES(408, 4025421, 'Angela Frenda', 'Self - Judge', 'None') ON CONFLICT DO NOTHING;
INSERT INTO actors (mediaId, actorId , actorName, characterName, profilePath) VALUES(408, 4025423, 'Riccardo Monco', 'Self - Judge', 'None') ON CONFLICT DO NOTHING;
INSERT INTO providers (mediaId, providerId, providerName, logoPath) VALUES( 408, 1076, 'Sky Uno', 'https://image.tmdb.org/t/p/original/zB2s05JQvSvaZRUbKUWYBzNx5iS.png') ON CONFLICT DO NOTHING;
INSERT INTO providers (mediaId, providerId, providerName, logoPath) VALUES( 408, 1367, 'TV8', 'https://image.tmdb.org/t/p/original/gE1MrJUHtCNjMwwJlmRcveb0XEU.png') ON CONFLICT DO NOTHING;
INSERT INTO media (mediaId, type, name, originalLanguage, adult, releaseDate, overview, backdropPath, posterPath, trailerLink, tmdbRating,  status) VALUES(409, true, 'GOOD NIGHT WORLD', 'ja', False, '2023-10-12',  'Four miserable members of a dysfunctional household have no idea that they''ve formed a happy family unit in an immersive VR game — with each other.', 'https://image.tmdb.org/t/p/original/45Usq8tvBj9DOU3tsZBnd19RmtT.jpg', 'https://image.tmdb.org/t/p/original/k91PSMjahbvSOIJ1oB9BxjFDDRH.jpg', 'https://www.youtube.com/watch?v=fvAthAUcKiA', 6.9, 'Returning Series') ON CONFLICT DO NOTHING;
INSERT INTO tv (mediaid , lastAirDate, nextEpisodeToAir, numberOfEpisodes, numberOfSeasons) VALUES( 409, '2023-10-12', NULL , 12, 1) ON CONFLICT DO NOTHING;
INSERT INTO genres (mediaId, genre) VALUES(409, 'Animation') ON CONFLICT DO NOTHING;
INSERT INTO genres (mediaId, genre) VALUES(409, 'Sci-Fi & Fantasy') ON CONFLICT DO NOTHING;
INSERT INTO actors (mediaId, actorId , actorName, characterName, profilePath) VALUES(409, 2317506, 'Daisuke Hirose', 'Ichi / Taichiro Arima (voice)', 'https://image.tmdb.org/t/p/original/x1nZHTfsKjTaGbY2i0NUW8BNYSK.jpg') ON CONFLICT DO NOTHING;
INSERT INTO actors (mediaId, actorId , actorName, characterName, profilePath) VALUES(409, 1210634, 'Nobunaga Shimazaki', 'AAAAA / Asuma Arima (voice)', 'https://image.tmdb.org/t/p/original/iJFlSanoNgJMP31qBGCT9HzxFbi.jpg') ON CONFLICT DO NOTHING;
INSERT INTO actors (mediaId, actorId , actorName, characterName, profilePath) VALUES(409, 40451, 'Akio Otsuka', 'Shiro / Kojiro Arima (voice)', 'https://image.tmdb.org/t/p/original/fBgebh93VAJC9lIVdB8JmFtdixL.jpg') ON CONFLICT DO NOTHING;
INSERT INTO actors (mediaId, actorId , actorName, characterName, profilePath) VALUES(409, 223687, 'Aya Endo', 'May / Miyabi Arima (voice)', 'https://image.tmdb.org/t/p/original/s59Lip4dPC7rI3cz1pHs9vSmuvf.jpg') ON CONFLICT DO NOTHING;
INSERT INTO actors (mediaId, actorId , actorName, characterName, profilePath) VALUES(409, 936275, 'Aoi Yuki', 'Pico (voice)', 'https://image.tmdb.org/t/p/original/4kHNZSUIux52UU2BD3H6b5c5ymZ.jpg') ON CONFLICT DO NOTHING;
INSERT INTO actors (mediaId, actorId , actorName, characterName, profilePath) VALUES(409, 114299, 'Ryohei Kimura', 'Leon (voice)', 'https://image.tmdb.org/t/p/original/ghw7P67LKTNIsc6g6hAixsRSIWR.jpg') ON CONFLICT DO NOTHING;
INSERT INTO actors (mediaId, actorId , actorName, characterName, profilePath) VALUES(409, 2409447, 'Hiroki Nanami', 'Sasumata (voice)', 'https://image.tmdb.org/t/p/original/elYnwJwvkVQ5iTzV0lKfWszuKZA.jpg') ON CONFLICT DO NOTHING;
INSERT INTO actors (mediaId, actorId , actorName, characterName, profilePath) VALUES(409, 135524, 'Kenjiro Tsuda', 'Shigatera (voice)', 'https://image.tmdb.org/t/p/original/yFpSPNHqYN4rdRiVpVaYmqXMkmi.jpg') ON CONFLICT DO NOTHING;
INSERT INTO actors (mediaId, actorId , actorName, characterName, profilePath) VALUES(409, 1492982, 'Rie Takahashi', 'Hana Kamuro (voice)', 'https://image.tmdb.org/t/p/original/6S7G3FZnma2vo4B8ODqAdbeRKda.jpg') ON CONFLICT DO NOTHING;
INSERT INTO actors (mediaId, actorId , actorName, characterName, profilePath) VALUES(409, 1325949, 'Inori Minase', 'Aya Arima (voice)', 'https://image.tmdb.org/t/p/original/sSXB0DOmfLy1BGsTN7q98Q9yzAf.jpg') ON CONFLICT DO NOTHING;
INSERT INTO providers (mediaId, providerId, providerName, logoPath) VALUES( 409, 213, 'Netflix', 'https://image.tmdb.org/t/p/original/wwemzKWzjKYJFfCeiB57q3r4Bcm.png') ON CONFLICT DO NOTHING;
INSERT INTO media (mediaId, type, name, originalLanguage, adult, releaseDate, overview, backdropPath, posterPath, trailerLink, tmdbRating,  status) VALUES(410, true, 'Running Man', 'ko', False, '2010-07-11',  'These days, variety entertainment is gradually disappearing. It is one of Korea''s representative variety entertainment shows that has been in charge of Sunday evenings for over 10 years. In this program, many stars and members play games and missions together. It is characterized by going around several places. In particular, this program focuses solely on laughter among the many fun elements of entertainment.
Open your eyes! Big fun enters!
Open your mouth!  A big smile enters!
Open your mind! Instructive lesson enters!', 'https://image.tmdb.org/t/p/original/4GVXeBUUkJ0UPhRVWZs1ng62Gj.jpg', 'https://image.tmdb.org/t/p/original/2Wmmu1MkqxJ48J7aySET9EKEjXz.jpg', 'None', 8.3, 'Returning Series') ON CONFLICT DO NOTHING;
INSERT INTO tv (mediaid , lastAirDate, nextEpisodeToAir, numberOfEpisodes, numberOfSeasons) VALUES( 410, '2023-10-15', '2023-10-22' , 680, 1) ON CONFLICT DO NOTHING;
INSERT INTO genres (mediaId, genre) VALUES(410, 'Comedy') ON CONFLICT DO NOTHING;
INSERT INTO genres (mediaId, genre) VALUES(410, 'Reality') ON CONFLICT DO NOTHING;
INSERT INTO creators(mediaId, creatorId, creatorName) VALUES(410, 2299803, 'Jo Hyo-jin') ON CONFLICT DO NOTHING;
INSERT INTO creators(mediaId, creatorId, creatorName) VALUES(410, 2299805, 'Kim Joo-hyung') ON CONFLICT DO NOTHING;
INSERT INTO creators(mediaId, creatorId, creatorName) VALUES(410, 3295315, 'Lim Hyung-taek') ON CONFLICT DO NOTHING;
INSERT INTO actors (mediaId, actorId , actorName, characterName, profilePath) VALUES(410, 1239240, 'Yoo Jae-suk', 'Self', 'https://image.tmdb.org/t/p/original/1uktAM7R2Hgc3dynIXvzfACOmnW.jpg') ON CONFLICT DO NOTHING;
INSERT INTO actors (mediaId, actorId , actorName, characterName, profilePath) VALUES(410, 1239238, 'Jee Seok-jin', 'Self', 'https://image.tmdb.org/t/p/original/mB3mQ3FOqFR5dIrbtyEpvckhCib.jpg') ON CONFLICT DO NOTHING;
INSERT INTO actors (mediaId, actorId , actorName, characterName, profilePath) VALUES(410, 1241035, 'Kim Jong-kook', 'Self', 'https://image.tmdb.org/t/p/original/56y9LaL65dbeaWZJt9dB7ifAUhR.jpg') ON CONFLICT DO NOTHING;
INSERT INTO actors (mediaId, actorId , actorName, characterName, profilePath) VALUES(410, 138519, 'Haha', 'Self', 'https://image.tmdb.org/t/p/original/i3vcj3GI3TCmDlnI3aLA7pWKIuN.jpg') ON CONFLICT DO NOTHING;
INSERT INTO actors (mediaId, actorId , actorName, characterName, profilePath) VALUES(410, 85174, 'Song Ji-hyo', 'Self', 'https://image.tmdb.org/t/p/original/f3QRDGEqHkeLBQZfWe3GbmHeuuX.jpg') ON CONFLICT DO NOTHING;
INSERT INTO actors (mediaId, actorId , actorName, characterName, profilePath) VALUES(410, 1703373, 'Yang Se-chan', 'Self', 'https://image.tmdb.org/t/p/original/odyq0zKjgZjX9o9OWZDImsBCDHQ.jpg') ON CONFLICT DO NOTHING;
INSERT INTO actors (mediaId, actorId , actorName, characterName, profilePath) VALUES(410, 126351, 'Jeon So-min', 'Self', 'https://image.tmdb.org/t/p/original/A5oK1GJFr9azO7VJ3QiQbEf3qzD.jpg') ON CONFLICT DO NOTHING;
INSERT INTO actors (mediaId, actorId , actorName, characterName, profilePath) VALUES(410, 1326172, 'Lee Kwang-soo', 'Self', 'https://image.tmdb.org/t/p/original/eStCnnm18x5MogLGQAqHUmXOTCF.jpg') ON CONFLICT DO NOTHING;
INSERT INTO providers (mediaId, providerId, providerName, logoPath) VALUES( 410, 156, 'SBS', 'https://image.tmdb.org/t/p/original/uHQFPvRTlpgaIFQVN8eKWEnFOll.png') ON CONFLICT DO NOTHING;
INSERT INTO media (mediaId, type, name, originalLanguage, adult, releaseDate, overview, backdropPath, posterPath, trailerLink, tmdbRating,  status) VALUES(411, true, 'Pasión de Gavilanes', 'es', False, '2003-10-21',  'The Reyes-Elizondo''s idyllic lives are shattered by a murder charge against Eric and León.', 'https://image.tmdb.org/t/p/original/qabMMIpNUUKYFqQxHEWErEEBD8G.jpg', 'https://image.tmdb.org/t/p/original/lWlsZIsrGVWHtBeoOeLxIKDd9uy.jpg', 'None', 7.6, 'Ended') ON CONFLICT DO NOTHING;
INSERT INTO tv (mediaid , lastAirDate, nextEpisodeToAir, numberOfEpisodes, numberOfSeasons) VALUES( 411, '2022-05-31', NULL , 259, 2) ON CONFLICT DO NOTHING;
INSERT INTO genres (mediaId, genre) VALUES(411, 'Drama') ON CONFLICT DO NOTHING;
INSERT INTO creators(mediaId, creatorId, creatorName) VALUES(411, 1238142, 'Julio Jiménez') ON CONFLICT DO NOTHING;
INSERT INTO actors (mediaId, actorId , actorName, characterName, profilePath) VALUES(411, 86039, 'Mario Cimarro', 'Juan Reyes', 'https://image.tmdb.org/t/p/original/ATRS6h9uF35XvBUZ2NJifXDfYI.jpg') ON CONFLICT DO NOTHING;
INSERT INTO actors (mediaId, actorId , actorName, characterName, profilePath) VALUES(411, 950564, 'Danna García', 'Norma Elizondo', 'https://image.tmdb.org/t/p/original/9fxIwr5v3Uy6iv4brRgVx85ciT.jpg') ON CONFLICT DO NOTHING;
INSERT INTO actors (mediaId, actorId , actorName, characterName, profilePath) VALUES(411, 1241666, 'Juan A. Baptista', 'Oscar Reyes', 'https://image.tmdb.org/t/p/original/nXlaqQWT7nzLYhoE08VAJBX5XJ6.jpg') ON CONFLICT DO NOTHING;
INSERT INTO actors (mediaId, actorId , actorName, characterName, profilePath) VALUES(411, 1233727, 'Paola Rey', 'Jimena Elizondo', 'https://image.tmdb.org/t/p/original/qMsKx95vJsOE0RtzzP0jIdkZpxX.jpg') ON CONFLICT DO NOTHING;
INSERT INTO actors (mediaId, actorId , actorName, characterName, profilePath) VALUES(411, 85560, 'Michel Brown', 'Franco Reyes', 'https://image.tmdb.org/t/p/original/4a4KLHBaDbB8MHDCqOsKMfBqxDR.jpg') ON CONFLICT DO NOTHING;
INSERT INTO actors (mediaId, actorId , actorName, characterName, profilePath) VALUES(411, 1233726, 'Natasha Klauss', 'Sarita Elizondo', 'https://image.tmdb.org/t/p/original/gdhHVVDdOUK9RgmWrckbUGK9SOg.jpg') ON CONFLICT DO NOTHING;
INSERT INTO actors (mediaId, actorId , actorName, characterName, profilePath) VALUES(411, 1238062, 'Kristina Lilley', 'Gabriela de Elizondo', 'https://image.tmdb.org/t/p/original/nYzCZ6JJPgwGIWgjbDOhe7DDloq.jpg') ON CONFLICT DO NOTHING;
INSERT INTO actors (mediaId, actorId , actorName, characterName, profilePath) VALUES(411, 2216981, 'Zharick León', 'Rosario Montes', 'https://image.tmdb.org/t/p/original/uGqNm3Gwq0rSYIgZOYU3dSPaAPk.jpg') ON CONFLICT DO NOTHING;
INSERT INTO actors (mediaId, actorId , actorName, characterName, profilePath) VALUES(411, 3429184, 'Sebastián Osorio', 'Erick Reyes Elizondo', 'https://image.tmdb.org/t/p/original/ih8oznWyTJy3rYfu0pJkyq4bs07.jpg') ON CONFLICT DO NOTHING;
INSERT INTO actors (mediaId, actorId , actorName, characterName, profilePath) VALUES(411, 3429185, 'Juan Manuel Restrepo', 'León Reyes Elizondo', 'https://image.tmdb.org/t/p/original/6NmtU4AC0KJjHr0YPUZvwI9Cjqm.jpg') ON CONFLICT DO NOTHING;
INSERT INTO providers (mediaId, providerId, providerName, logoPath) VALUES( 411, 193, 'Telemundo', 'https://image.tmdb.org/t/p/original/mieMBXx82qgY8nmnyaH0rY2D943.png') ON CONFLICT DO NOTHING;
INSERT INTO media (mediaId, type, name, originalLanguage, adult, releaseDate, overview, backdropPath, posterPath, trailerLink, tmdbRating,  status) VALUES(412, true, 'Riverdale', 'en', False, '2017-01-26',  'Set in the present, the series offers a bold, subversive take on Archie, Betty, Veronica and their friends, exploring the surreality of small-town life, the darkness and weirdness bubbling beneath Riverdale’s wholesome facade.', 'https://image.tmdb.org/t/p/original/soQgquPkLmUu9eKLJJzuA4KZDyi.jpg', 'https://image.tmdb.org/t/p/original/c1ROxK1Afo6YuGi3j6ClXmrNcHi.jpg', 'https://www.youtube.com/watch?v=HxtLlByaYTc', 8.5, 'Ended') ON CONFLICT DO NOTHING;
INSERT INTO tv (mediaid , lastAirDate, nextEpisodeToAir, numberOfEpisodes, numberOfSeasons) VALUES( 412, '2023-08-23', NULL , 137, 7) ON CONFLICT DO NOTHING;
INSERT INTO genres (mediaId, genre) VALUES(412, 'Crime') ON CONFLICT DO NOTHING;
INSERT INTO genres (mediaId, genre) VALUES(412, 'Drama') ON CONFLICT DO NOTHING;
INSERT INTO genres (mediaId, genre) VALUES(412, 'Mystery') ON CONFLICT DO NOTHING;
INSERT INTO creators(mediaId, creatorId, creatorName) VALUES(412, 1098032, 'Roberto Aguirre-Sacasa') ON CONFLICT DO NOTHING;
INSERT INTO actors (mediaId, actorId , actorName, characterName, profilePath) VALUES(412, 1680339, 'K.J. Apa', 'Archie Andrews', 'https://image.tmdb.org/t/p/original/idpwm8ZdFnndjeQ3mKleF20hvRo.jpg') ON CONFLICT DO NOTHING;
INSERT INTO actors (mediaId, actorId , actorName, characterName, profilePath) VALUES(412, 1136940, 'Lili Reinhart', 'Betty Cooper', 'https://image.tmdb.org/t/p/original/7q9dCds3jDkSBo9FgtNRwOwRLxr.jpg') ON CONFLICT DO NOTHING;
INSERT INTO actors (mediaId, actorId , actorName, characterName, profilePath) VALUES(412, 1721740, 'Camila Mendes', 'Veronica Lodge', 'https://image.tmdb.org/t/p/original/lXZ1iHoSOwc5REqwXm3eoiPejB3.jpg') ON CONFLICT DO NOTHING;
INSERT INTO actors (mediaId, actorId , actorName, characterName, profilePath) VALUES(412, 56730, 'Cole Sprouse', 'Jughead Jones', 'https://image.tmdb.org/t/p/original/mQAXL0rUGwX316d1FBBQmloZzHu.jpg') ON CONFLICT DO NOTHING;
INSERT INTO actors (mediaId, actorId , actorName, characterName, profilePath) VALUES(412, 1592855, 'Madelaine Petsch', 'Cheryl Blossom', 'https://image.tmdb.org/t/p/original/qjTMzTNGJNqgRynr7QbIuWGLglY.jpg') ON CONFLICT DO NOTHING;
INSERT INTO actors (mediaId, actorId , actorName, characterName, profilePath) VALUES(412, 1724690, 'Casey Cott', 'Kevin Keller', 'https://image.tmdb.org/t/p/original/bMWn0qPfgYjl7zJoMI7asvychRw.jpg') ON CONFLICT DO NOTHING;
INSERT INTO actors (mediaId, actorId , actorName, characterName, profilePath) VALUES(412, 1907002, 'Charles Melton', 'Reggie Mantle', 'https://image.tmdb.org/t/p/original/wTVbROEoe3zN7oz8EcXBIHUesn.jpg') ON CONFLICT DO NOTHING;
INSERT INTO actors (mediaId, actorId , actorName, characterName, profilePath) VALUES(412, 1475818, 'Drew Ray Tanner', 'Fangs Fogarty', 'https://image.tmdb.org/t/p/original/hEDc4uUmrx0pE93bwYoUWE6jvSB.jpg') ON CONFLICT DO NOTHING;
INSERT INTO actors (mediaId, actorId , actorName, characterName, profilePath) VALUES(412, 142113, 'Vanessa Morgan', 'Toni Topaz', 'https://image.tmdb.org/t/p/original/1hcow9vyGUtv1P6EpI7xbDIzOAs.jpg') ON CONFLICT DO NOTHING;
INSERT INTO actors (mediaId, actorId , actorName, characterName, profilePath) VALUES(412, 6714, 'Mädchen Amick', 'Alice Cooper', 'https://image.tmdb.org/t/p/original/7KBPYmCI4HQyZP1ZFXoWveGBs56.jpg') ON CONFLICT DO NOTHING;
INSERT INTO providers (mediaId, providerId, providerName, logoPath) VALUES( 412, 71, 'The CW', 'https://image.tmdb.org/t/p/original/ge9hzeaU7nMtQ4PjkFlc68dGAJ9.png') ON CONFLICT DO NOTHING;
INSERT INTO media (mediaId, type, name, originalLanguage, adult, releaseDate, overview, backdropPath, posterPath, trailerLink, tmdbRating,  status) VALUES(413, true, 'The Graham Norton Show', 'en', False, '2007-02-22',  'Each week celebrity guests join Irish comedian Graham Norton to discuss what''s being going on around the world that week. The guests poke fun and share their opinions on the main news stories. Graham is often joined by a band or artist to play the show out.', 'https://image.tmdb.org/t/p/original/2pJYis3LUEgFC3UErTQVgmUV1hN.jpg', 'https://image.tmdb.org/t/p/original/vrbqaBXB8AALynQzpWz6JdCPEJS.jpg', 'None', 7.1, 'Returning Series') ON CONFLICT DO NOTHING;
INSERT INTO tv (mediaid , lastAirDate, nextEpisodeToAir, numberOfEpisodes, numberOfSeasons) VALUES( 413, '2023-10-13', '2023-10-20' , 495, 31) ON CONFLICT DO NOTHING;
INSERT INTO genres (mediaId, genre) VALUES(413, 'Comedy') ON CONFLICT DO NOTHING;
INSERT INTO genres (mediaId, genre) VALUES(413, 'Talk') ON CONFLICT DO NOTHING;
INSERT INTO actors (mediaId, actorId , actorName, characterName, profilePath) VALUES(413, 78577, 'Graham Norton', 'Self - Host', 'https://image.tmdb.org/t/p/original/2VLkmia1Nd6r78WM5vWDgIIVsDF.jpg') ON CONFLICT DO NOTHING;
INSERT INTO providers (mediaId, providerId, providerName, logoPath) VALUES( 413, 4, 'BBC One', 'https://image.tmdb.org/t/p/original/mVn7xESaTNmjBUyUtGNvDQd3CT1.png') ON CONFLICT DO NOTHING;
INSERT INTO providers (mediaId, providerId, providerName, logoPath) VALUES( 413, 332, 'BBC Two', 'https://image.tmdb.org/t/p/original/6kl5tMuct7u3ej5myL4c9QQVSW1.png') ON CONFLICT DO NOTHING;
INSERT INTO media (mediaId, type, name, originalLanguage, adult, releaseDate, overview, backdropPath, posterPath, trailerLink, tmdbRating,  status) VALUES(414, true, 'Adventure Time: Fionna & Cake', 'en', False, '2023-08-31',  'Fionna and Cake – with the help of the former Ice King, Simon Petrikov - embark on a multiverse-hopping adventure and journey of self-discovery. All the while a powerful new antagonist determined to track them down and erase them from existence, lurks in the shadows.', 'https://image.tmdb.org/t/p/original/7BzmK4MWc0cj4hCxwWURt6TS6UR.jpg', 'https://image.tmdb.org/t/p/original/fi1b6U1kp73xheECzqwzMn8u3mX.jpg', 'https://www.youtube.com/watch?v=94gpIscW0Mc', 9.3, 'Returning Series') ON CONFLICT DO NOTHING;
INSERT INTO tv (mediaid , lastAirDate, nextEpisodeToAir, numberOfEpisodes, numberOfSeasons) VALUES( 414, '2023-09-28', NULL , 10, 1) ON CONFLICT DO NOTHING;
INSERT INTO genres (mediaId, genre) VALUES(414, 'Animation') ON CONFLICT DO NOTHING;
INSERT INTO genres (mediaId, genre) VALUES(414, 'Sci-Fi & Fantasy') ON CONFLICT DO NOTHING;
INSERT INTO genres (mediaId, genre) VALUES(414, 'Action & Adventure') ON CONFLICT DO NOTHING;
INSERT INTO genres (mediaId, genre) VALUES(414, 'Comedy') ON CONFLICT DO NOTHING;
INSERT INTO creators(mediaId, creatorId, creatorName) VALUES(414, 1245728, 'Adam Muto') ON CONFLICT DO NOTHING;
INSERT INTO actors (mediaId, actorId , actorName, characterName, profilePath) VALUES(414, 172037, 'Madeleine Martin', 'Fionna Campbell (voice)', 'https://image.tmdb.org/t/p/original/q1jRDFs569OThv5YdGMLg2akS0J.jpg') ON CONFLICT DO NOTHING;
INSERT INTO actors (mediaId, actorId , actorName, characterName, profilePath) VALUES(414, 155792, 'Roz Ryan', 'Cake (voice)', 'https://image.tmdb.org/t/p/original/ijKraX1zek1RmtKPGxLDdBKn6Fp.jpg') ON CONFLICT DO NOTHING;
INSERT INTO actors (mediaId, actorId , actorName, characterName, profilePath) VALUES(414, 78798, 'Tom Kenny', 'Simon Petrikov / Ice King (voice)', 'https://image.tmdb.org/t/p/original/kftXtExrcoTTjyeYmSXJ0Ogr3R7.jpg') ON CONFLICT DO NOTHING;
INSERT INTO providers (mediaId, providerId, providerName, logoPath) VALUES( 414, 6783, 'Max', 'https://image.tmdb.org/t/p/original/rAb4M1LjGpWASxpk6Va791A7Nkw.png') ON CONFLICT DO NOTHING;
INSERT INTO media (mediaId, type, name, originalLanguage, adult, releaseDate, overview, backdropPath, posterPath, trailerLink, tmdbRating,  status) VALUES(415, true, 'The X-Files', 'en', False, '1993-09-10',  'The exploits of FBI Special Agents Fox Mulder and Dana Scully who investigate X-Files: marginalized, unsolved cases involving paranormal phenomena. Mulder believes in the existence of aliens and the paranormal while Scully, a skeptic, is assigned to make scientific analyses of Mulder''s discoveries that debunk Mulder''s work and thus return him to mainstream cases.', 'https://image.tmdb.org/t/p/original/1vpmGGDaW4aUGKCfQTV0ygAPtBu.jpg', 'https://image.tmdb.org/t/p/original/5BD0kiTGnDxONqdrsswTewnk6WH.jpg', 'https://www.youtube.com/watch?v=_HTByz4RlqI', 8.4, 'Ended') ON CONFLICT DO NOTHING;
INSERT INTO tv (mediaid , lastAirDate, nextEpisodeToAir, numberOfEpisodes, numberOfSeasons) VALUES( 415, '2018-03-21', NULL , 218, 11) ON CONFLICT DO NOTHING;
INSERT INTO genres (mediaId, genre) VALUES(415, 'Sci-Fi & Fantasy') ON CONFLICT DO NOTHING;
INSERT INTO genres (mediaId, genre) VALUES(415, 'Mystery') ON CONFLICT DO NOTHING;
INSERT INTO genres (mediaId, genre) VALUES(415, 'Crime') ON CONFLICT DO NOTHING;
INSERT INTO creators(mediaId, creatorId, creatorName) VALUES(415, 12524, 'Chris Carter') ON CONFLICT DO NOTHING;
INSERT INTO actors (mediaId, actorId , actorName, characterName, profilePath) VALUES(415, 12640, 'David Duchovny', 'Fox Mulder', 'https://image.tmdb.org/t/p/original/rZ2pEvu9IYsnHx3ElWUy4KgK3ia.jpg') ON CONFLICT DO NOTHING;
INSERT INTO actors (mediaId, actorId , actorName, characterName, profilePath) VALUES(415, 12214, 'Gillian Anderson', 'Dana Scully', 'https://image.tmdb.org/t/p/original/t4xY4hOg8IhyESUWzEoGmlLNZbO.jpg') ON CONFLICT DO NOTHING;
INSERT INTO actors (mediaId, actorId , actorName, characterName, profilePath) VALUES(415, 12644, 'Mitch Pileggi', 'Walter Skinner', 'https://image.tmdb.org/t/p/original/d2lChEzBjdcWSDpqPY7AC15mtfY.jpg') ON CONFLICT DO NOTHING;
INSERT INTO providers (mediaId, providerId, providerName, logoPath) VALUES( 415, 19, 'FOX', 'https://image.tmdb.org/t/p/original/1DSpHrWyOORkL9N2QHX7Adt31mQ.png') ON CONFLICT DO NOTHING;
INSERT INTO media (mediaId, type, name, originalLanguage, adult, releaseDate, overview, backdropPath, posterPath, trailerLink, tmdbRating,  status) VALUES(416, true, 'Stargate SG-1', 'en', False, '1997-07-27',  'The story of Stargate SG-1 begins about a year after the events of the feature film, when the United States government learns that an ancient alien device called the Stargate can access a network of such devices on a multitude of planets. SG-1 is an elite Air Force special operations team, one of more than two dozen teams from Earth who explore the galaxy and defend against alien threats such as the Goa''uld, Replicators, and the Ori.', 'https://image.tmdb.org/t/p/original/5mXZ0sdVPfj4bSkhPSWwTX2LcM5.jpg', 'https://image.tmdb.org/t/p/original/A0hns82YaoucVlpqyF7DCEVBUsU.jpg', 'https://www.youtube.com/watch?v=wSRS7c_UqaM', 8.3, 'Ended') ON CONFLICT DO NOTHING;
INSERT INTO tv (mediaid , lastAirDate, nextEpisodeToAir, numberOfEpisodes, numberOfSeasons) VALUES( 416, '2007-06-22', NULL , 214, 10) ON CONFLICT DO NOTHING;
INSERT INTO genres (mediaId, genre) VALUES(416, 'Sci-Fi & Fantasy') ON CONFLICT DO NOTHING;
INSERT INTO genres (mediaId, genre) VALUES(416, 'Action & Adventure') ON CONFLICT DO NOTHING;
INSERT INTO genres (mediaId, genre) VALUES(416, 'Mystery') ON CONFLICT DO NOTHING;
INSERT INTO creators(mediaId, creatorId, creatorName) VALUES(416, 72082, 'Brad Wright') ON CONFLICT DO NOTHING;
INSERT INTO creators(mediaId, creatorId, creatorName) VALUES(416, 1224904, 'Jonathan Glassner') ON CONFLICT DO NOTHING;
INSERT INTO actors (mediaId, actorId , actorName, characterName, profilePath) VALUES(416, 26048, 'Ben Browder', 'Cameron Mitchell', 'https://image.tmdb.org/t/p/original/28gdcjphnh7zjpWxgWWVvv9XMA7.jpg') ON CONFLICT DO NOTHING;
INSERT INTO actors (mediaId, actorId , actorName, characterName, profilePath) VALUES(416, 26087, 'Amanda Tapping', 'Samantha Carter', 'https://image.tmdb.org/t/p/original/8ZiETPxUFtgrtWL0LgMwPP8ytuK.jpg') ON CONFLICT DO NOTHING;
INSERT INTO actors (mediaId, actorId , actorName, characterName, profilePath) VALUES(416, 26088, 'Christopher Judge', 'Teal''c', 'https://image.tmdb.org/t/p/original/hxU7NXyTmVe7hbGnKJiLU6r9uQw.jpg') ON CONFLICT DO NOTHING;
INSERT INTO actors (mediaId, actorId , actorName, characterName, profilePath) VALUES(416, 26086, 'Michael Shanks', 'Daniel Jackson', 'https://image.tmdb.org/t/p/original/4YkOrSUmfKljqTMwGIo50oviKe1.jpg') ON CONFLICT DO NOTHING;
INSERT INTO actors (mediaId, actorId , actorName, characterName, profilePath) VALUES(416, 26054, 'Claudia Black', 'Vala Mal Doran', 'https://image.tmdb.org/t/p/original/eIYn2naiftYwPnclwcYgyWkEtuA.jpg') ON CONFLICT DO NOTHING;
INSERT INTO actors (mediaId, actorId , actorName, characterName, profilePath) VALUES(416, 2222, 'Beau Bridges', 'Hank Landry', 'https://image.tmdb.org/t/p/original/Aiezvt0Uj2Ka9QVW3GvuRLkNS2V.jpg') ON CONFLICT DO NOTHING;
INSERT INTO providers (mediaId, providerId, providerName, logoPath) VALUES( 416, 67, 'Showtime', 'https://image.tmdb.org/t/p/original/Allse9kbjiP6ExaQrnSpIhkurEi.png') ON CONFLICT DO NOTHING;
INSERT INTO providers (mediaId, providerId, providerName, logoPath) VALUES( 416, 77, 'Syfy', 'https://image.tmdb.org/t/p/original/iYfrkobwDhTOFJ4AXYPSLIEeaAT.png') ON CONFLICT DO NOTHING;
INSERT INTO media (mediaId, type, name, originalLanguage, adult, releaseDate, overview, backdropPath, posterPath, trailerLink, tmdbRating,  status) VALUES(417, true, 'Brothers', 'tl', False, '2015-09-28',  'Ador is a well known and respected CIDG Police Official, with a loving family as his support. Cardo, on the other hand, loves the solitude of the mountains in the province as a SAF Trooper. Their lives take a sudden turn when Ador gets himself entangled in a syndicate by being betrayed by one of his own colleagues, resulting to his death. To conceal this fact, Cardo was ordered to pretend to be Ador and finish the mission what his brother left behind. He will also be force to pretend to his brother''s family and friends, and be re-united with his grandmother, whom he despised, for assuming she abandoned him.', 'https://image.tmdb.org/t/p/original/lt9fFOFhR6QI5oIAvfWVx4G7nt0.jpg', 'https://image.tmdb.org/t/p/original/uX5ldo2snjJuZ8P9AxOharboxJn.jpg', 'None', 6.4, 'Ended') ON CONFLICT DO NOTHING;
INSERT INTO tv (mediaid , lastAirDate, nextEpisodeToAir, numberOfEpisodes, numberOfSeasons) VALUES( 417, '2022-08-12', NULL , 2013, 9) ON CONFLICT DO NOTHING;
INSERT INTO genres (mediaId, genre) VALUES(417, 'Drama') ON CONFLICT DO NOTHING;
INSERT INTO genres (mediaId, genre) VALUES(417, 'Action & Adventure') ON CONFLICT DO NOTHING;
INSERT INTO creators(mediaId, creatorId, creatorName) VALUES(417, 1621728, 'Rondel P. Lindayag') ON CONFLICT DO NOTHING;
INSERT INTO actors (mediaId, actorId , actorName, characterName, profilePath) VALUES(417, 56256, 'Coco Martin', 'Ricardo Dalisay', 'https://image.tmdb.org/t/p/original/a1ddjv7ATsbt6cR80WlXBC5ncuA.jpg') ON CONFLICT DO NOTHING;
INSERT INTO actors (mediaId, actorId , actorName, characterName, profilePath) VALUES(417, 591999, 'Julia Montes', 'Mara', 'https://image.tmdb.org/t/p/original/jmCLtUz6Ovi9RhlU28JNPD2pRPP.jpg') ON CONFLICT DO NOTHING;
INSERT INTO actors (mediaId, actorId , actorName, characterName, profilePath) VALUES(417, 1225335, 'Susan Roces', 'Lola Flora Borja', 'https://image.tmdb.org/t/p/original/aXgTBZR1xkMniRzMsamfweLnI01.jpg') ON CONFLICT DO NOTHING;
INSERT INTO actors (mediaId, actorId , actorName, characterName, profilePath) VALUES(417, 1019176, 'Jaime Fabregas', 'General Delfin Borja', 'https://image.tmdb.org/t/p/original/qStLsemB2fj8dkaHcVKvNCHnODG.jpg') ON CONFLICT DO NOTHING;
INSERT INTO actors (mediaId, actorId , actorName, characterName, profilePath) VALUES(417, 625924, 'John Arcilla', 'Director Renato Hipolito', 'https://image.tmdb.org/t/p/original/8ZeZmLE9nMUeTxSATeaCGSjhpRD.jpg') ON CONFLICT DO NOTHING;
INSERT INTO actors (mediaId, actorId , actorName, characterName, profilePath) VALUES(417, 312722, 'Lorna Tolentino', 'Lily Ann Cortez-Hidalgo', 'https://image.tmdb.org/t/p/original/plrebrqTsx4l6rbsDm8bnvz5dcX.jpg') ON CONFLICT DO NOTHING;
INSERT INTO actors (mediaId, actorId , actorName, characterName, profilePath) VALUES(417, 565385, 'Tirso Cruz III', 'Arturo Padua', 'https://image.tmdb.org/t/p/original/fljomfEJGM1eZFk7m1v1IhRezzS.jpg') ON CONFLICT DO NOTHING;
INSERT INTO actors (mediaId, actorId , actorName, characterName, profilePath) VALUES(417, 1043186, 'Angel Aquino', 'Diana Olegario', 'https://image.tmdb.org/t/p/original/jOT6rq9xyqO97RDjFuriST0nD9K.jpg') ON CONFLICT DO NOTHING;
INSERT INTO actors (mediaId, actorId , actorName, characterName, profilePath) VALUES(417, 3206507, 'Richard Gutierrez', 'Lito Valmoria', 'None') ON CONFLICT DO NOTHING;
INSERT INTO actors (mediaId, actorId , actorName, characterName, profilePath) VALUES(417, 1279720, 'Joseph Marco', 'Lucas', 'https://image.tmdb.org/t/p/original/4skpamrX9chWEXMp1CzSNzM9hGc.jpg') ON CONFLICT DO NOTHING;
INSERT INTO providers (mediaId, providerId, providerName, logoPath) VALUES( 417, 20, 'ABS-CBN', 'https://image.tmdb.org/t/p/original/kdcvqvutGKUsIkeSVGl8pQMkc3k.png') ON CONFLICT DO NOTHING;
INSERT INTO providers (mediaId, providerId, providerName, logoPath) VALUES( 417, 42, 'TV5', 'https://image.tmdb.org/t/p/original/gVinXXdpdbLHuXTUUfx4R9PyuPB.png') ON CONFLICT DO NOTHING;
INSERT INTO providers (mediaId, providerId, providerName, logoPath) VALUES( 417, 3920, 'Kapamilya Channel', 'https://image.tmdb.org/t/p/original/eK7hBqDuNwvHqBoWtVgCdNIehsU.png') ON CONFLICT DO NOTHING;
INSERT INTO media (mediaId, type, name, originalLanguage, adult, releaseDate, overview, backdropPath, posterPath, trailerLink, tmdbRating,  status) VALUES(418, true, 'The Repair Shop', 'en', False, '2017-03-27',  'The Repair Shop is a workshop of dreams, where broken or damaged cherished family heirlooms are brought back to life. Furniture restorers, horologists, metal workers, ceramicists, upholsterers and all manner of skilled craftsmen and women have been brought together to work in one extraordinary space, restoring much-loved possessions to their former glory.', 'https://image.tmdb.org/t/p/original/lG8nieEXDVWQVbml2QWCP5mhVSc.jpg', 'https://image.tmdb.org/t/p/original/4YjXfhJmwCWWqoHWiPSNkoMPZHd.jpg', 'https://www.youtube.com/watch?v=r0tpFmcChPs', 7.2, 'Returning Series') ON CONFLICT DO NOTHING;
INSERT INTO tv (mediaid , lastAirDate, nextEpisodeToAir, numberOfEpisodes, numberOfSeasons) VALUES( 418, '2023-10-17', '2023-10-18' , 288, 12) ON CONFLICT DO NOTHING;
INSERT INTO genres (mediaId, genre) VALUES(418, 'Reality') ON CONFLICT DO NOTHING;
INSERT INTO actors (mediaId, actorId , actorName, characterName, profilePath) VALUES(418, 2290009, 'Jay Blades', 'Self', 'https://image.tmdb.org/t/p/original/msqtRiZvEbC8vdWeTqd8opAZbit.jpg') ON CONFLICT DO NOTHING;
INSERT INTO providers (mediaId, providerId, providerName, logoPath) VALUES( 418, 4, 'BBC One', 'https://image.tmdb.org/t/p/original/mVn7xESaTNmjBUyUtGNvDQd3CT1.png') ON CONFLICT DO NOTHING;
INSERT INTO providers (mediaId, providerId, providerName, logoPath) VALUES( 418, 332, 'BBC Two', 'https://image.tmdb.org/t/p/original/6kl5tMuct7u3ej5myL4c9QQVSW1.png') ON CONFLICT DO NOTHING;
INSERT INTO providers (mediaId, providerId, providerName, logoPath) VALUES( 418, 5192, 'Discovery+', 'https://image.tmdb.org/t/p/original/iKvdFk5lpbvs4g0vd6yVUcV36i3.png') ON CONFLICT DO NOTHING;
INSERT INTO media (mediaId, type, name, originalLanguage, adult, releaseDate, overview, backdropPath, posterPath, trailerLink, tmdbRating,  status) VALUES(419, true, 'How I Met Your Mother', 'en', False, '2005-09-19',  'A father recounts to his children - through a series of flashbacks - the journey he and his four best friends took leading up to him meeting their mother.', 'https://image.tmdb.org/t/p/original/5BMwFwNzSidVYArn561acqtktxv.jpg', 'https://image.tmdb.org/t/p/original/b34jPzmB0wZy7EjUZoleXOl2RRI.jpg', 'https://www.youtube.com/watch?v=cjJLEYMzpjc', 8.2, 'Ended') ON CONFLICT DO NOTHING;
INSERT INTO tv (mediaid , lastAirDate, nextEpisodeToAir, numberOfEpisodes, numberOfSeasons) VALUES( 419, '2014-03-31', NULL , 208, 9) ON CONFLICT DO NOTHING;
INSERT INTO genres (mediaId, genre) VALUES(419, 'Comedy') ON CONFLICT DO NOTHING;
INSERT INTO creators(mediaId, creatorId, creatorName) VALUES(419, 1217221, 'Carter Bays') ON CONFLICT DO NOTHING;
INSERT INTO creators(mediaId, creatorId, creatorName) VALUES(419, 1217224, 'Craig Thomas') ON CONFLICT DO NOTHING;
INSERT INTO actors (mediaId, actorId , actorName, characterName, profilePath) VALUES(419, 144009, 'Josh Radnor', 'Ted Mosby', 'https://image.tmdb.org/t/p/original/rHx4D70iRUkka5kl9064kOvmSQs.jpg') ON CONFLICT DO NOTHING;
INSERT INTO actors (mediaId, actorId , actorName, characterName, profilePath) VALUES(419, 41686, 'Neil Patrick Harris', 'Barney Stinson', 'https://image.tmdb.org/t/p/original/qZwbo23uaJU87NxE5RubbeeLTYh.jpg') ON CONFLICT DO NOTHING;
INSERT INTO actors (mediaId, actorId , actorName, characterName, profilePath) VALUES(419, 41088, 'Jason Segel', 'Marshall Eriksen', 'https://image.tmdb.org/t/p/original/aG6tVNSbl1YEjN65G3luFYnWbUM.jpg') ON CONFLICT DO NOTHING;
INSERT INTO actors (mediaId, actorId , actorName, characterName, profilePath) VALUES(419, 21595, 'Alyson Hannigan', 'Lily Aldrin', 'https://image.tmdb.org/t/p/original/bO16z8rAzZWdjCga8dcbJ2AFAh2.jpg') ON CONFLICT DO NOTHING;
INSERT INTO actors (mediaId, actorId , actorName, characterName, profilePath) VALUES(419, 71189, 'Cobie Smulders', 'Robin Scherbatsky', 'https://image.tmdb.org/t/p/original/q1OTkf7NUYVerjFmilTcPk6hBi5.jpg') ON CONFLICT DO NOTHING;
INSERT INTO actors (mediaId, actorId , actorName, characterName, profilePath) VALUES(419, 204392, 'Cristin Milioti', 'Tracy McConnell', 'https://image.tmdb.org/t/p/original/54vq2oKWfVR7YZZeoY5j47hTZxW.jpg') ON CONFLICT DO NOTHING;
INSERT INTO providers (mediaId, providerId, providerName, logoPath) VALUES( 419, 16, 'CBS', 'https://image.tmdb.org/t/p/original/wju8KhOUsR5y4bH9p3Jc50hhaLO.png') ON CONFLICT DO NOTHING;
INSERT INTO media (mediaId, type, name, originalLanguage, adult, releaseDate, overview, backdropPath, posterPath, trailerLink, tmdbRating,  status) VALUES(420, true, 'Grimm', 'en', False, '2011-10-28',  'After Portland homicide detective Nick Burkhardt discovers he''s descended from an elite line of criminal profilers known as "Grimms," he increasingly finds his responsibilities as a detective at odds with his new responsibilities as a Grimm.', 'https://image.tmdb.org/t/p/original/oS3nip9GGsx5A7vWp8A1cazqJlF.jpg', 'https://image.tmdb.org/t/p/original/iOptnt1QHi6bIHmOq6adnZTV0bU.jpg', 'https://www.youtube.com/watch?v=2rVy3RBJmNo', 8.3, 'Ended') ON CONFLICT DO NOTHING;
INSERT INTO tv (mediaid , lastAirDate, nextEpisodeToAir, numberOfEpisodes, numberOfSeasons) VALUES( 420, '2017-03-31', NULL , 122, 6) ON CONFLICT DO NOTHING;
INSERT INTO genres (mediaId, genre) VALUES(420, 'Drama') ON CONFLICT DO NOTHING;
INSERT INTO genres (mediaId, genre) VALUES(420, 'Mystery') ON CONFLICT DO NOTHING;
INSERT INTO genres (mediaId, genre) VALUES(420, 'Sci-Fi & Fantasy') ON CONFLICT DO NOTHING;
INSERT INTO creators(mediaId, creatorId, creatorName) VALUES(420, 21155, 'Jim Kouf') ON CONFLICT DO NOTHING;
INSERT INTO creators(mediaId, creatorId, creatorName) VALUES(420, 56913, 'Stephen Carpenter') ON CONFLICT DO NOTHING;
INSERT INTO creators(mediaId, creatorId, creatorName) VALUES(420, 87590, 'David Greenwalt') ON CONFLICT DO NOTHING;
INSERT INTO actors (mediaId, actorId , actorName, characterName, profilePath) VALUES(420, 206757, 'David Giuntoli', 'Nick Burkhardt', 'https://image.tmdb.org/t/p/original/xxtB8TfKLMw9Utx5v2b3Z0nu5VL.jpg') ON CONFLICT DO NOTHING;
INSERT INTO actors (mediaId, actorId , actorName, characterName, profilePath) VALUES(420, 49815, 'Silas Weir Mitchell', 'Monroe', 'https://image.tmdb.org/t/p/original/6TDZz2GdGDorb7ZGDpotMn27cOm.jpg') ON CONFLICT DO NOTHING;
INSERT INTO actors (mediaId, actorId , actorName, characterName, profilePath) VALUES(420, 62649, 'Russell Hornsby', 'Hank Griffin', 'https://image.tmdb.org/t/p/original/uUJ2TNmOsUoHRC9d9fKtaDv5nJE.jpg') ON CONFLICT DO NOTHING;
INSERT INTO actors (mediaId, actorId , actorName, characterName, profilePath) VALUES(420, 6071, 'Sasha Roiz', 'Sean Renard', 'https://image.tmdb.org/t/p/original/hneSnvFh25FFRWRzd93EhO7S11p.jpg') ON CONFLICT DO NOTHING;
INSERT INTO actors (mediaId, actorId , actorName, characterName, profilePath) VALUES(420, 22075, 'Reggie Lee', 'Drew Wu', 'https://image.tmdb.org/t/p/original/93my9HnsFT5DFq9oY1nCJ8Ttv22.jpg') ON CONFLICT DO NOTHING;
INSERT INTO actors (mediaId, actorId , actorName, characterName, profilePath) VALUES(420, 62065, 'Bree Turner', 'Rosalee Calvert', 'https://image.tmdb.org/t/p/original/a6mpCcLHQpnkyjJVBtXH6oxfPGy.jpg') ON CONFLICT DO NOTHING;
INSERT INTO actors (mediaId, actorId , actorName, characterName, profilePath) VALUES(420, 169041, 'Claire Coffee', 'Adalind Schade', 'https://image.tmdb.org/t/p/original/bSErhsBBnJnMI5UGPB8psGY4S9d.jpg') ON CONFLICT DO NOTHING;
INSERT INTO actors (mediaId, actorId , actorName, characterName, profilePath) VALUES(420, 74577, 'Elizabeth Tulloch', 'Eve', 'https://image.tmdb.org/t/p/original/trC9dIUvgXyG2dDbofG75g4aMkK.jpg') ON CONFLICT DO NOTHING;
INSERT INTO providers (mediaId, providerId, providerName, logoPath) VALUES( 420, 6, 'NBC', 'https://image.tmdb.org/t/p/original/cm111bsDVlYaC1foL0itvEI4yLG.png') ON CONFLICT DO NOTHING;
INSERT INTO media (mediaId, type, name, originalLanguage, adult, releaseDate, overview, backdropPath, posterPath, trailerLink, tmdbRating,  status) VALUES(421, true, 'The Colbert Report', 'en', False, '2005-10-17',  'The Colbert Report is an American satirical late night television program that airs Monday through Thursday on Comedy Central. It stars political humorist Stephen Colbert, a former correspondent for The Daily Show with Jon Stewart. The Colbert Report is a spin-off from and counterpart to The Daily Show that comments on politics and the media in a similar way. It satirizes conservative personality-driven political pundit programs, particularly Fox News'' The O''Reilly Factor. The show focuses on a fictional anchorman character named Stephen Colbert, played by his real-life namesake. The character, described by Colbert as a "well-intentioned, poorly informed, high-status idiot", is a caricature of televised political pundits.
The Colbert Report has been nominated for seven Primetime Emmy Awards each in 2006, 2007, 2008, 2009, 2010, 2011, and 2012, two Television Critics Association Awards Awards, and two Satellite Awards. In 2013, it won two Emmys. It has been presented as non-satirical journalism in several instances, including by the Tom DeLay Legal Defense Trust and by Robert Wexler following his interview on the program. The Report received considerable media coverage following its debut on October 17, 2005, for Colbert''s coining of the term "truthiness", which dictionary publisher Merriam-Webster named its 2006 Word of the Year.', 'https://image.tmdb.org/t/p/original/Ajku4m7jbMpCTEPr794Imv19mCA.jpg', 'https://image.tmdb.org/t/p/original/pn2CVXjOlR8kY5MgOTJjZ71IM0Q.jpg', 'None', 6.9, 'Ended') ON CONFLICT DO NOTHING;
INSERT INTO tv (mediaid , lastAirDate, nextEpisodeToAir, numberOfEpisodes, numberOfSeasons) VALUES( 421, '2014-12-18', NULL , 1447, 11) ON CONFLICT DO NOTHING;
INSERT INTO genres (mediaId, genre) VALUES(421, 'News') ON CONFLICT DO NOTHING;
INSERT INTO genres (mediaId, genre) VALUES(421, 'Comedy') ON CONFLICT DO NOTHING;
INSERT INTO creators(mediaId, creatorId, creatorName) VALUES(421, 12219, 'Jon Stewart') ON CONFLICT DO NOTHING;
INSERT INTO creators(mediaId, creatorId, creatorName) VALUES(421, 58769, 'Stephen Colbert') ON CONFLICT DO NOTHING;
INSERT INTO creators(mediaId, creatorId, creatorName) VALUES(421, 1224222, 'Ben Karlin') ON CONFLICT DO NOTHING;
INSERT INTO actors (mediaId, actorId , actorName, characterName, profilePath) VALUES(421, 58769, 'Stephen Colbert', 'Self - Host', 'https://image.tmdb.org/t/p/original/zQ6pvfqIqYiV4TB7lDoaJL52H93.jpg') ON CONFLICT DO NOTHING;
INSERT INTO providers (mediaId, providerId, providerName, logoPath) VALUES( 421, 47, 'Comedy Central', 'https://image.tmdb.org/t/p/original/6ooPjtXufjsoskdJqj6pxuvHEno.png') ON CONFLICT DO NOTHING;
INSERT INTO media (mediaId, type, name, originalLanguage, adult, releaseDate, overview, backdropPath, posterPath, trailerLink, tmdbRating,  status) VALUES(422, true, 'Golden Boy', 'tr', False, '2022-09-23',  'A young girl is forced to marry a rich groom. The groom is not only rich, but also allows himself to live without any restrictions or obligations. Will married life change his habits? And how will such a man be accepted by a good-hearted wife?', 'https://image.tmdb.org/t/p/original/vh9Rk0BeU3udQoOFUIxndmafq7s.jpg', 'https://image.tmdb.org/t/p/original/zuBQbzobXatNvjlodo6trmxOVz.jpg', 'https://www.youtube.com/watch?v=Kaa92nVCK2Y', 8.9, 'Returning Series') ON CONFLICT DO NOTHING;
INSERT INTO tv (mediaid , lastAirDate, nextEpisodeToAir, numberOfEpisodes, numberOfSeasons) VALUES( 422, '2023-10-13', NULL , 41, 2) ON CONFLICT DO NOTHING;
INSERT INTO genres (mediaId, genre) VALUES(422, 'Family') ON CONFLICT DO NOTHING;
INSERT INTO genres (mediaId, genre) VALUES(422, 'Drama') ON CONFLICT DO NOTHING;
INSERT INTO creators(mediaId, creatorId, creatorName) VALUES(422, 2105270, 'Burcu Alptekin') ON CONFLICT DO NOTHING;
INSERT INTO creators(mediaId, creatorId, creatorName) VALUES(422, 3112206, 'Gülseren Budayıcıoğlu') ON CONFLICT DO NOTHING;
INSERT INTO actors (mediaId, actorId , actorName, characterName, profilePath) VALUES(422, 1955840, 'Afra Saraçoğlu', 'Seyran Şanlı', 'https://image.tmdb.org/t/p/original/qxYuc8I8q9PyxU1LsHNLpRJBQGo.jpg') ON CONFLICT DO NOTHING;
INSERT INTO actors (mediaId, actorId , actorName, characterName, profilePath) VALUES(422, 2545917, 'Mert Ramazan Demir', 'Ferit Korhan', 'https://image.tmdb.org/t/p/original/g3GhjyfgePxLnGsLnAb142fYMIO.jpg') ON CONFLICT DO NOTHING;
INSERT INTO actors (mediaId, actorId , actorName, characterName, profilePath) VALUES(422, 150440, 'Gülçin Santırcıoğlu', 'İfakat Korhan', 'https://image.tmdb.org/t/p/original/cqyrlZS07F8fe2AglUmFn6xIttc.jpg') ON CONFLICT DO NOTHING;
INSERT INTO actors (mediaId, actorId , actorName, characterName, profilePath) VALUES(422, 935157, 'Emre Altuğ', 'Orhan Korhan', 'https://image.tmdb.org/t/p/original/5Ql2o4SzrltZeGqQ3ixUXc29w9T.jpg') ON CONFLICT DO NOTHING;
INSERT INTO actors (mediaId, actorId , actorName, characterName, profilePath) VALUES(422, 3101815, 'Beril Pozam', 'Suna Şanlı', 'https://image.tmdb.org/t/p/original/q4uZsgaiSl5TttXD6yZm5B51gZL.jpg') ON CONFLICT DO NOTHING;
INSERT INTO actors (mediaId, actorId , actorName, characterName, profilePath) VALUES(422, 1248249, 'Gözde Kansu', 'Gülgün Korhan', 'https://image.tmdb.org/t/p/original/owCXaIpNyT1dkthoWMeKeON3gv8.jpg') ON CONFLICT DO NOTHING;
INSERT INTO actors (mediaId, actorId , actorName, characterName, profilePath) VALUES(422, 1577495, 'Diren Polatoğulları', 'Kazım Şanlı', 'https://image.tmdb.org/t/p/original/5N03u0pXdJVZTrHAwEIpvFsy3Kl.jpg') ON CONFLICT DO NOTHING;
INSERT INTO actors (mediaId, actorId , actorName, characterName, profilePath) VALUES(422, 1948899, 'Ersin Arıcı', 'Abidin', 'https://image.tmdb.org/t/p/original/5NOZpOapbhcGHPO3GhwTaQIuYc0.jpg') ON CONFLICT DO NOTHING;
INSERT INTO actors (mediaId, actorId , actorName, characterName, profilePath) VALUES(422, 145424, 'Irem Altug', 'Sultan', 'https://image.tmdb.org/t/p/original/iAmNfN0NEFwdLvIGeCHMwV3Pb9T.jpg') ON CONFLICT DO NOTHING;
INSERT INTO actors (mediaId, actorId , actorName, characterName, profilePath) VALUES(422, 2417314, 'Sezin Bozacı', 'Esme Şanlı', 'https://image.tmdb.org/t/p/original/5j4u5dFct1GRM0kKhZZur41qlMu.jpg') ON CONFLICT DO NOTHING;
INSERT INTO providers (mediaId, providerId, providerName, logoPath) VALUES( 422, 778, 'Star TV', 'https://image.tmdb.org/t/p/original/qWvC2SCqIGhm7hPGtqaPjL4tPvx.png') ON CONFLICT DO NOTHING;
INSERT INTO media (mediaId, type, name, originalLanguage, adult, releaseDate, overview, backdropPath, posterPath, trailerLink, tmdbRating,  status) VALUES(423, true, 'Sin senos sí hay paraíso', 'es', False, '2016-07-19',  'A young woman born in a mafia-controlled town seeks revenge on those who wrongfully harmed and imprisoned her family.', 'https://image.tmdb.org/t/p/original/oAkpvVvoyZWMo9cpNk3aQoVKsjM.jpg', 'https://image.tmdb.org/t/p/original/7lBJ6lOS0uQqsH13U9iMTikawQS.jpg', 'https://www.youtube.com/watch?v=4la3R5i57u4', 7.5, 'Ended') ON CONFLICT DO NOTHING;
INSERT INTO tv (mediaid , lastAirDate, nextEpisodeToAir, numberOfEpisodes, numberOfSeasons) VALUES( 423, '2020-12-03', NULL , 340, 4) ON CONFLICT DO NOTHING;
INSERT INTO genres (mediaId, genre) VALUES(423, 'Action & Adventure') ON CONFLICT DO NOTHING;
INSERT INTO genres (mediaId, genre) VALUES(423, 'Crime') ON CONFLICT DO NOTHING;
INSERT INTO genres (mediaId, genre) VALUES(423, 'Drama') ON CONFLICT DO NOTHING;
INSERT INTO genres (mediaId, genre) VALUES(423, 'Mystery') ON CONFLICT DO NOTHING;
INSERT INTO creators(mediaId, creatorId, creatorName) VALUES(423, 1238343, 'Gustavo Bolívar') ON CONFLICT DO NOTHING;
INSERT INTO actors (mediaId, actorId , actorName, characterName, profilePath) VALUES(423, 1418219, 'Carmen Villalobos', 'Catalina Santana', 'https://image.tmdb.org/t/p/original/i2VvCZH6hswYXI6mRtw4AYCkK5r.jpg') ON CONFLICT DO NOTHING;
INSERT INTO actors (mediaId, actorId , actorName, characterName, profilePath) VALUES(423, 1489764, 'Carolina Gaitán', 'Catalina Marín', 'https://image.tmdb.org/t/p/original/c7UPkmhIXYWmlqaQK250L8GTsPQ.jpg') ON CONFLICT DO NOTHING;
INSERT INTO actors (mediaId, actorId , actorName, characterName, profilePath) VALUES(423, 2982047, 'Stephania Duque', 'Mariana Sanín Santana', 'None') ON CONFLICT DO NOTHING;
INSERT INTO actors (mediaId, actorId , actorName, characterName, profilePath) VALUES(423, 1222609, 'Catherine Siachoque', 'Hilda Santana', 'https://image.tmdb.org/t/p/original/cMMlna6LChMAOttFCdRWkj9rz1C.jpg') ON CONFLICT DO NOTHING;
INSERT INTO actors (mediaId, actorId , actorName, characterName, profilePath) VALUES(423, 1252026, 'Fabián Ríos', 'Albeiro Marín', 'https://image.tmdb.org/t/p/original/jvIGKqqoDcAEbRBVCVoLsfhNCy3.jpg') ON CONFLICT DO NOTHING;
INSERT INTO actors (mediaId, actorId , actorName, characterName, profilePath) VALUES(423, 1524508, 'Gregorio Pernía', 'Aurelio Jaramillo "El Titi"', 'None') ON CONFLICT DO NOTHING;
INSERT INTO actors (mediaId, actorId , actorName, characterName, profilePath) VALUES(423, 1869543, 'Kimberly Reyes', 'Yésica Beltrán "La Diabla" / Valeria Montes ​/ Karla Maldonado', 'None') ON CONFLICT DO NOTHING;
INSERT INTO actors (mediaId, actorId , actorName, characterName, profilePath) VALUES(423, 1919397, 'Juan Pablo Urrego', 'Hernán Darío Bayona "Nacho"', 'https://image.tmdb.org/t/p/original/4TNyhSkYis42mSt0o9UYhXo13g9.jpg') ON CONFLICT DO NOTHING;
INSERT INTO actors (mediaId, actorId , actorName, characterName, profilePath) VALUES(423, 1235750, 'Juan Pablo Gamboa', 'Aaron Mondego "Mano Negra"', 'https://image.tmdb.org/t/p/original/9iUV2gFxitszmujZnTmJTv8SS1P.jpg') ON CONFLICT DO NOTHING;
INSERT INTO actors (mediaId, actorId , actorName, characterName, profilePath) VALUES(423, 2136049, 'Roberto Manrique', 'Santiago Sanín', 'https://image.tmdb.org/t/p/original/aRHZTpImYFJdLbw2q4hhQK0mWKO.jpg') ON CONFLICT DO NOTHING;
INSERT INTO providers (mediaId, providerId, providerName, logoPath) VALUES( 423, 193, 'Telemundo', 'https://image.tmdb.org/t/p/original/mieMBXx82qgY8nmnyaH0rY2D943.png') ON CONFLICT DO NOTHING;
INSERT INTO media (mediaId, type, name, originalLanguage, adult, releaseDate, overview, backdropPath, posterPath, trailerLink, tmdbRating,  status) VALUES(424, true, 'Wednesday', 'en', False, '2022-11-23',  'Wednesday Addams is sent to Nevermore Academy, a bizarre boarding school where she attempts to master her psychic powers, stop a monstrous killing spree of the town citizens, and solve the supernatural mystery that affected her family 25 years ago — all while navigating her new relationships.', 'https://image.tmdb.org/t/p/original/iHSwvRVsRyxpX7FE7GbviaDvgGZ.jpg', 'https://image.tmdb.org/t/p/original/9PFonBhy4cQy7Jz20NpMygczOkv.jpg', 'https://www.youtube.com/watch?v=Qa5kFRxBkNw', 8.5, 'Returning Series') ON CONFLICT DO NOTHING;
INSERT INTO tv (mediaid , lastAirDate, nextEpisodeToAir, numberOfEpisodes, numberOfSeasons) VALUES( 424, '2022-11-23', NULL , 8, 2) ON CONFLICT DO NOTHING;
INSERT INTO genres (mediaId, genre) VALUES(424, 'Sci-Fi & Fantasy') ON CONFLICT DO NOTHING;
INSERT INTO genres (mediaId, genre) VALUES(424, 'Mystery') ON CONFLICT DO NOTHING;
INSERT INTO genres (mediaId, genre) VALUES(424, 'Comedy') ON CONFLICT DO NOTHING;
INSERT INTO creators(mediaId, creatorId, creatorName) VALUES(424, 18923, 'Miles Millar') ON CONFLICT DO NOTHING;
INSERT INTO creators(mediaId, creatorId, creatorName) VALUES(424, 18924, 'Alfred Gough') ON CONFLICT DO NOTHING;
INSERT INTO actors (mediaId, actorId , actorName, characterName, profilePath) VALUES(424, 974169, 'Jenna Ortega', 'Wednesday Addams / Goody Addams', 'https://image.tmdb.org/t/p/original/q1NRzyZQlYkxLY07GO9NVPkQnu8.jpg') ON CONFLICT DO NOTHING;
INSERT INTO actors (mediaId, actorId , actorName, characterName, profilePath) VALUES(424, 2604515, 'Emma Myers', 'Enid Sinclair', 'https://image.tmdb.org/t/p/original/e5eTDKstLsUKKfmwgiJsDakcvly.jpg') ON CONFLICT DO NOTHING;
INSERT INTO actors (mediaId, actorId , actorName, characterName, profilePath) VALUES(424, 2189049, 'Joy Sunday', 'Bianca Barclay', 'https://image.tmdb.org/t/p/original/fTajkqbVGMU4O2LMteuYlffhfJI.jpg') ON CONFLICT DO NOTHING;
INSERT INTO actors (mediaId, actorId , actorName, characterName, profilePath) VALUES(424, 1477961, 'Percy Hynes White', 'Xavier Thorpe', 'https://image.tmdb.org/t/p/original/hOS1vYWvTTXugOWhAGXoBH7dGHN.jpg') ON CONFLICT DO NOTHING;
INSERT INTO actors (mediaId, actorId , actorName, characterName, profilePath) VALUES(424, 1911865, 'Hunter Doohan', 'Tyler Galpin', 'https://image.tmdb.org/t/p/original/79qnxlyxfRiKhN7BJoCPR9jDrfT.jpg') ON CONFLICT DO NOTHING;
INSERT INTO actors (mediaId, actorId , actorName, characterName, profilePath) VALUES(424, 1011904, 'Gwendoline Christie', 'Larissa Weems', 'https://image.tmdb.org/t/p/original/kmlv5i02n3zKryBr2W3kSeWVKTD.jpg') ON CONFLICT DO NOTHING;
INSERT INTO actors (mediaId, actorId , actorName, characterName, profilePath) VALUES(424, 453, 'Riki Lindhome', 'Valerie Kinbott', 'https://image.tmdb.org/t/p/original/sNLK8k5FfMSbmvu1lc15nCXUKvR.jpg') ON CONFLICT DO NOTHING;
INSERT INTO actors (mediaId, actorId , actorName, characterName, profilePath) VALUES(424, 79079, 'Jamie McShane', 'Donovan Galpin', 'https://image.tmdb.org/t/p/original/wojvRZMpAwytyoFTMFOpvZ26qJq.jpg') ON CONFLICT DO NOTHING;
INSERT INTO actors (mediaId, actorId , actorName, characterName, profilePath) VALUES(424, 3235624, 'Moosa Mostafa', 'Eugene Otinger', 'https://image.tmdb.org/t/p/original/tEj3KXiy4dBdhFkq6NMi6BXURmQ.jpg') ON CONFLICT DO NOTHING;
INSERT INTO actors (mediaId, actorId , actorName, characterName, profilePath) VALUES(424, 6886, 'Christina Ricci', 'Marilyn Thornhill', 'https://image.tmdb.org/t/p/original/vsG200qQDBsPo6NT4j37MUkLcPc.jpg') ON CONFLICT DO NOTHING;
INSERT INTO providers (mediaId, providerId, providerName, logoPath) VALUES( 424, 213, 'Netflix', 'https://image.tmdb.org/t/p/original/wwemzKWzjKYJFfCeiB57q3r4Bcm.png') ON CONFLICT DO NOTHING;
INSERT INTO media (mediaId, type, name, originalLanguage, adult, releaseDate, overview, backdropPath, posterPath, trailerLink, tmdbRating,  status) VALUES(425, true, 'Agatha Christie''s Poirot', 'en', False, '1989-01-08',  'From England to Egypt, accompanied by his elegant and trustworthy sidekicks, the intelligent yet eccentrically-refined Belgian detective Hercule Poirot pits his wits against a collection of first class deceptions.', 'https://image.tmdb.org/t/p/original/ojW02OHiebJmEs5Gy1AOlkJ0NSr.jpg', 'https://image.tmdb.org/t/p/original/KX69tBuobsjtr9ea1J5OxtvIV1.jpg', 'https://www.youtube.com/watch?v=_4ypEmJlfn8', 8.2, 'Ended') ON CONFLICT DO NOTHING;
INSERT INTO tv (mediaid , lastAirDate, nextEpisodeToAir, numberOfEpisodes, numberOfSeasons) VALUES( 425, '2013-11-13', NULL , 70, 13) ON CONFLICT DO NOTHING;
INSERT INTO genres (mediaId, genre) VALUES(425, 'Crime') ON CONFLICT DO NOTHING;
INSERT INTO genres (mediaId, genre) VALUES(425, 'Drama') ON CONFLICT DO NOTHING;
INSERT INTO genres (mediaId, genre) VALUES(425, 'Mystery') ON CONFLICT DO NOTHING;
INSERT INTO actors (mediaId, actorId , actorName, characterName, profilePath) VALUES(425, 20277, 'David Suchet', 'Hercule Poirot', 'https://image.tmdb.org/t/p/original/4X4TT8Uf8mAmRIYgYh4EeR4mWva.jpg') ON CONFLICT DO NOTHING;
INSERT INTO providers (mediaId, providerId, providerName, logoPath) VALUES( 425, 9, 'ITV1', 'https://image.tmdb.org/t/p/original/oz9pjTHnBUmlju8OkaTymhKbh6C.png') ON CONFLICT DO NOTHING;
INSERT INTO media (mediaId, type, name, originalLanguage, adult, releaseDate, overview, backdropPath, posterPath, trailerLink, tmdbRating,  status) VALUES(426, true, 'Doctor Who', 'en', False, '1963-11-23',  'The adventures of The Doctor, a time-traveling humanoid alien known as a Time Lord. He explores the universe in his TARDIS, a sentient time-traveling spaceship. Its exterior appears as a blue British police box, which was a common sight in Britain in 1963 when the series first aired. Along with a succession of companions, The Doctor faces a variety of foes while working to save civilizations, help ordinary people, and right many wrongs.', 'https://image.tmdb.org/t/p/original/9RPLAZEfxAu0SpO2QsHky1vZjJN.jpg', 'https://image.tmdb.org/t/p/original/l1ep8AqyzKYtEtC72HciaHy2HmB.jpg', 'https://www.youtube.com/watch?v=OiwNGkl75tI', 7.9, 'Ended') ON CONFLICT DO NOTHING;
INSERT INTO tv (mediaid , lastAirDate, nextEpisodeToAir, numberOfEpisodes, numberOfSeasons) VALUES( 426, '1989-12-06', NULL , 694, 26) ON CONFLICT DO NOTHING;
INSERT INTO genres (mediaId, genre) VALUES(426, 'Action & Adventure') ON CONFLICT DO NOTHING;
INSERT INTO genres (mediaId, genre) VALUES(426, 'Drama') ON CONFLICT DO NOTHING;
INSERT INTO genres (mediaId, genre) VALUES(426, 'Sci-Fi & Fantasy') ON CONFLICT DO NOTHING;
INSERT INTO creators(mediaId, creatorId, creatorName) VALUES(426, 57293, 'Sydney Newman') ON CONFLICT DO NOTHING;
INSERT INTO creators(mediaId, creatorId, creatorName) VALUES(426, 70978, 'Verity Lambert') ON CONFLICT DO NOTHING;
INSERT INTO creators(mediaId, creatorId, creatorName) VALUES(426, 1213433, 'Donald Wilson') ON CONFLICT DO NOTHING;
INSERT INTO creators(mediaId, creatorId, creatorName) VALUES(426, 1213434, 'C. E. Webber') ON CONFLICT DO NOTHING;
INSERT INTO actors (mediaId, actorId , actorName, characterName, profilePath) VALUES(426, 80112, 'Sylvester McCoy', 'The Doctor', 'https://image.tmdb.org/t/p/original/y7spOkUTzwf7WYgeGeNMnvBjStd.jpg') ON CONFLICT DO NOTHING;
INSERT INTO actors (mediaId, actorId , actorName, characterName, profilePath) VALUES(426, 217302, 'Sophie Aldred', 'Ace', 'https://image.tmdb.org/t/p/original/fM3gRJz107hazJwHfuYqDDXbgPe.jpg') ON CONFLICT DO NOTHING;
INSERT INTO providers (mediaId, providerId, providerName, logoPath) VALUES( 426, 4, 'BBC One', 'https://image.tmdb.org/t/p/original/mVn7xESaTNmjBUyUtGNvDQd3CT1.png') ON CONFLICT DO NOTHING;
INSERT INTO media (mediaId, type, name, originalLanguage, adult, releaseDate, overview, backdropPath, posterPath, trailerLink, tmdbRating,  status) VALUES(427, true, 'Arthur', 'en', False, '1996-10-07',  'The show revolves around the lives of 8-year-old Arthur Read, an anthropomorphic aardvark, his friends and family, and their daily interactions with each other.', 'https://image.tmdb.org/t/p/original/hUHYEVr0NQxq1b7dja0OCNrS7qu.jpg', 'https://image.tmdb.org/t/p/original/z6Ji4U0axgEfCGEdeqF9W40AVSd.jpg', 'None', 7, 'Ended') ON CONFLICT DO NOTHING;
INSERT INTO tv (mediaid , lastAirDate, nextEpisodeToAir, numberOfEpisodes, numberOfSeasons) VALUES( 427, '2022-02-21', NULL , 493, 25) ON CONFLICT DO NOTHING;
INSERT INTO genres (mediaId, genre) VALUES(427, 'Animation') ON CONFLICT DO NOTHING;
INSERT INTO genres (mediaId, genre) VALUES(427, 'Comedy') ON CONFLICT DO NOTHING;
INSERT INTO genres (mediaId, genre) VALUES(427, 'Kids') ON CONFLICT DO NOTHING;
INSERT INTO genres (mediaId, genre) VALUES(427, 'Family') ON CONFLICT DO NOTHING;
INSERT INTO creators(mediaId, creatorId, creatorName) VALUES(427, 1212865, 'Marc Brown') ON CONFLICT DO NOTHING;
INSERT INTO actors (mediaId, actorId , actorName, characterName, profilePath) VALUES(427, 2876921, 'Roman Lutterotti', 'Arthur Read (voice)', 'None') ON CONFLICT DO NOTHING;
INSERT INTO actors (mediaId, actorId , actorName, characterName, profilePath) VALUES(427, 1639977, 'Ethan Pugiotto', 'D.W. Read (voice)', 'https://image.tmdb.org/t/p/original/jBs7QjH6L7hDygxc6ld511s5ClL.jpg') ON CONFLICT DO NOTHING;
INSERT INTO actors (mediaId, actorId , actorName, characterName, profilePath) VALUES(427, 179270, 'Bruce Dinsmore', 'Mr. Read / Binky Barnes / Bailey (voice)', 'https://image.tmdb.org/t/p/original/aO0qlddrQlogsnlLU9CP5q8N1Mf.jpg') ON CONFLICT DO NOTHING;
INSERT INTO actors (mediaId, actorId , actorName, characterName, profilePath) VALUES(427, 84577, 'Jessica Kardos', 'Sue Ellen Armstrong (voice)', 'https://image.tmdb.org/t/p/original/4r0WAh6A2slhMK8ZdgUfytSCTFx.jpg') ON CONFLICT DO NOTHING;
INSERT INTO actors (mediaId, actorId , actorName, characterName, profilePath) VALUES(427, 2799241, 'Melissa Altro', 'Muffy Crosswire (voice)', 'https://image.tmdb.org/t/p/original/q9720Vam0xZio2XmDKVH0U9vciS.jpg') ON CONFLICT DO NOTHING;
INSERT INTO actors (mediaId, actorId , actorName, characterName, profilePath) VALUES(427, 3566936, 'Evan Blaylock', 'Alan "The Brain" Powers (voice)', 'None') ON CONFLICT DO NOTHING;
INSERT INTO actors (mediaId, actorId , actorName, characterName, profilePath) VALUES(427, 1212860, 'Jodie Resther', 'Francine Frensky (voice)', 'https://image.tmdb.org/t/p/original/d9pLLSYIwrXVKFbHjg0ZEA2XaBG.jpg') ON CONFLICT DO NOTHING;
INSERT INTO actors (mediaId, actorId , actorName, characterName, profilePath) VALUES(427, 1212859, 'Daniel Brochu', 'Buster Baxter (voice)', 'https://image.tmdb.org/t/p/original/u1Y4I2b3LhjAHTBMdNh7jgN6NED.jpg') ON CONFLICT DO NOTHING;
INSERT INTO actors (mediaId, actorId , actorName, characterName, profilePath) VALUES(427, 215969, 'Sonja Ball', 'Mrs. Read (voice)', 'https://image.tmdb.org/t/p/original/cXt5jsMZ44UC1dTa3sTgwPqSRkK.jpg') ON CONFLICT DO NOTHING;
INSERT INTO actors (mediaId, actorId , actorName, characterName, profilePath) VALUES(427, 115596, 'Arthur Holden', 'Mr. Ratburn / Bionic Bunny (voice)', 'https://image.tmdb.org/t/p/original/c8FXyHhiVXCsjvwxXOzuVi28z3i.jpg') ON CONFLICT DO NOTHING;
INSERT INTO providers (mediaId, providerId, providerName, logoPath) VALUES( 427, 14, 'PBS', 'https://image.tmdb.org/t/p/original/hp2Fs7AIdsMlEjiDUC1V8Ows2jM.png') ON CONFLICT DO NOTHING;
INSERT INTO media (mediaId, type, name, originalLanguage, adult, releaseDate, overview, backdropPath, posterPath, trailerLink, tmdbRating,  status) VALUES(428, true, 'Monk', 'en', False, '2002-07-12',  'Adrian Monk was once a rising star with the San Francisco Police Department, legendary for using unconventional means to solve the department''s most baffling cases. But after the tragic (and still unsolved) murder of his wife Trudy, he developed an extreme case of obsessive-compulsive disorder. Now working as a private consultant, Monk continues to investigate cases in the most unconventional ways.', 'https://image.tmdb.org/t/p/original/oUptXLKYtcPqJSuvWFz84qlJwYf.jpg', 'https://image.tmdb.org/t/p/original/3axGMbUecXXOPSeG47v2i9wK5y5.jpg', 'https://www.youtube.com/watch?v=mftbaaU82Uc', 7.9, 'Ended') ON CONFLICT DO NOTHING;
INSERT INTO tv (mediaid , lastAirDate, nextEpisodeToAir, numberOfEpisodes, numberOfSeasons) VALUES( 428, '2009-12-04', NULL , 125, 8) ON CONFLICT DO NOTHING;
INSERT INTO genres (mediaId, genre) VALUES(428, 'Comedy') ON CONFLICT DO NOTHING;
INSERT INTO genres (mediaId, genre) VALUES(428, 'Crime') ON CONFLICT DO NOTHING;
INSERT INTO genres (mediaId, genre) VALUES(428, 'Drama') ON CONFLICT DO NOTHING;
INSERT INTO genres (mediaId, genre) VALUES(428, 'Mystery') ON CONFLICT DO NOTHING;
INSERT INTO creators(mediaId, creatorId, creatorName) VALUES(428, 55373, 'Andy Breckman') ON CONFLICT DO NOTHING;
INSERT INTO actors (mediaId, actorId , actorName, characterName, profilePath) VALUES(428, 4252, 'Tony Shalhoub', 'Adrian Monk', 'https://image.tmdb.org/t/p/original/1zfBSuAmOr1xXjNg4WzFWPm5B0Z.jpg') ON CONFLICT DO NOTHING;
INSERT INTO actors (mediaId, actorId , actorName, characterName, profilePath) VALUES(428, 15854, 'Ted Levine', 'Leland Stottlemeyer', 'https://image.tmdb.org/t/p/original/qRFq8y842T1uq51iQCwsEmQI3UT.jpg') ON CONFLICT DO NOTHING;
INSERT INTO actors (mediaId, actorId , actorName, characterName, profilePath) VALUES(428, 6166, 'Jason Gray-Stanford', 'Randall Disher', 'https://image.tmdb.org/t/p/original/6kHaZ4dTuOdi65QsQPCw5lP1fpM.jpg') ON CONFLICT DO NOTHING;
INSERT INTO actors (mediaId, actorId , actorName, characterName, profilePath) VALUES(428, 54826, 'Traylor Howard', 'Natalie Teeger', 'https://image.tmdb.org/t/p/original/ymB8T4c0ech3oL1G0EhdlEWWg3m.jpg') ON CONFLICT DO NOTHING;
INSERT INTO providers (mediaId, providerId, providerName, logoPath) VALUES( 428, 30, 'USA Network', 'https://image.tmdb.org/t/p/original/g1e0H0Ka97IG5SyInMXdJkHGKiH.png') ON CONFLICT DO NOTHING;
INSERT INTO media (mediaId, type, name, originalLanguage, adult, releaseDate, overview, backdropPath, posterPath, trailerLink, tmdbRating,  status) VALUES(429, true, 'Keeping Up with the Kardashians', 'en', False, '2007-10-14',  'A peek inside the exploits and privileged private lives of the blended Kardashian-Jenner family, including sisters Kim, Kourtney and Khloé.', 'https://image.tmdb.org/t/p/original/q79U95wgkocoECitZPfRDhZXBNz.jpg', 'https://image.tmdb.org/t/p/original/nddXOC8wYpIDv7giLzjjqIg8WDA.jpg', 'https://www.youtube.com/watch?v=r751z1eljng', 7.5, 'Ended') ON CONFLICT DO NOTHING;
INSERT INTO tv (mediaid , lastAirDate, nextEpisodeToAir, numberOfEpisodes, numberOfSeasons) VALUES( 429, '2021-06-20', NULL , 282, 20) ON CONFLICT DO NOTHING;
INSERT INTO genres (mediaId, genre) VALUES(429, 'Reality') ON CONFLICT DO NOTHING;
INSERT INTO creators(mediaId, creatorId, creatorName) VALUES(429, 167662, 'Ryan Seacrest') ON CONFLICT DO NOTHING;
INSERT INTO creators(mediaId, creatorId, creatorName) VALUES(429, 1241259, 'Eliot Goldberg') ON CONFLICT DO NOTHING;
INSERT INTO actors (mediaId, actorId , actorName, characterName, profilePath) VALUES(429, 1234688, 'Kris Jenner', 'Self', 'https://image.tmdb.org/t/p/original/qPaCYMopNCF7CtFgx5GviUnKRB9.jpg') ON CONFLICT DO NOTHING;
INSERT INTO actors (mediaId, actorId , actorName, characterName, profilePath) VALUES(429, 1220771, 'Kourtney Kardashian Barker', 'Self', 'https://image.tmdb.org/t/p/original/vIRHfZqSEAAVNwbqg7i0jVaur3O.jpg') ON CONFLICT DO NOTHING;
INSERT INTO actors (mediaId, actorId , actorName, characterName, profilePath) VALUES(429, 212225, 'Kim Kardashian', 'Self', 'https://image.tmdb.org/t/p/original/jBUAjkXNwpDqJDMRVsMva1mnOgK.jpg') ON CONFLICT DO NOTHING;
INSERT INTO actors (mediaId, actorId , actorName, characterName, profilePath) VALUES(429, 1255872, 'Khloé Kardashian', 'Self', 'https://image.tmdb.org/t/p/original/aRaib31liiRnenvfrMPw2sIIlFT.jpg') ON CONFLICT DO NOTHING;
INSERT INTO actors (mediaId, actorId , actorName, characterName, profilePath) VALUES(429, 1549005, 'Kendall Jenner', 'Self', 'https://image.tmdb.org/t/p/original/f2LQHjGyTkZVi1RS3qhjSpnb6hG.jpg') ON CONFLICT DO NOTHING;
INSERT INTO actors (mediaId, actorId , actorName, characterName, profilePath) VALUES(429, 1695682, 'Kylie Jenner', 'Self', 'https://image.tmdb.org/t/p/original/yPr3XdeTlKcYbJvhzvKFwsyXqCM.jpg') ON CONFLICT DO NOTHING;
INSERT INTO actors (mediaId, actorId , actorName, characterName, profilePath) VALUES(429, 2238281, 'Scott Disick', 'Self', 'https://image.tmdb.org/t/p/original/A5eSm5C8kVVKkf57SRoLkIbtNC2.jpg') ON CONFLICT DO NOTHING;
INSERT INTO actors (mediaId, actorId , actorName, characterName, profilePath) VALUES(429, 2428347, 'Tristan Thompson', 'Self', 'https://image.tmdb.org/t/p/original/1IR41HJQJNWRglyLQM5svj62zYo.jpg') ON CONFLICT DO NOTHING;
INSERT INTO actors (mediaId, actorId , actorName, characterName, profilePath) VALUES(429, 2431731, 'Corey Gamble', 'Self', 'https://image.tmdb.org/t/p/original/c9rNnwIyVGN98jcqESBG3YD7CPV.jpg') ON CONFLICT DO NOTHING;
INSERT INTO providers (mediaId, providerId, providerName, logoPath) VALUES( 429, 76, 'E!', 'https://image.tmdb.org/t/p/original/ptpx2Ag52sYJG6LiX9zBlnKsQOS.png') ON CONFLICT DO NOTHING;
INSERT INTO media (mediaId, type, name, originalLanguage, adult, releaseDate, overview, backdropPath, posterPath, trailerLink, tmdbRating,  status) VALUES(430, true, 'Perry Mason', 'en', False, '1957-09-21',  'The cases of master criminal defense attorney Perry Mason and his staff who handled the most difficult of cases in the aid of the innocent.', 'https://image.tmdb.org/t/p/original/iq4BjyVsDxzg24XnjoGP0Xi2Tz5.jpg', 'https://image.tmdb.org/t/p/original/1th2fC46icNw67k51FykUn3wwC0.jpg', 'None', 7.7, 'Ended') ON CONFLICT DO NOTHING;
INSERT INTO tv (mediaid , lastAirDate, nextEpisodeToAir, numberOfEpisodes, numberOfSeasons) VALUES( 430, '1966-05-22', NULL , 271, 9) ON CONFLICT DO NOTHING;
INSERT INTO genres (mediaId, genre) VALUES(430, 'Mystery') ON CONFLICT DO NOTHING;
INSERT INTO genres (mediaId, genre) VALUES(430, 'Drama') ON CONFLICT DO NOTHING;
INSERT INTO genres (mediaId, genre) VALUES(430, 'Crime') ON CONFLICT DO NOTHING;
INSERT INTO creators(mediaId, creatorId, creatorName) VALUES(430, 1235698, 'Erle Stanley Gardner') ON CONFLICT DO NOTHING;
INSERT INTO actors (mediaId, actorId , actorName, characterName, profilePath) VALUES(430, 7685, 'Raymond Burr', 'Perry Mason', 'https://image.tmdb.org/t/p/original/nlpWHbXJoy0oGCtHdROvNSXCqlU.jpg') ON CONFLICT DO NOTHING;
INSERT INTO actors (mediaId, actorId , actorName, characterName, profilePath) VALUES(430, 109701, 'Barbara Hale', 'Della Street', 'https://image.tmdb.org/t/p/original/xLE53ZfGifU5hNyjoE6z6FsOU01.jpg') ON CONFLICT DO NOTHING;
INSERT INTO actors (mediaId, actorId , actorName, characterName, profilePath) VALUES(430, 2776, 'William Hopper', 'Paul Drake', 'https://image.tmdb.org/t/p/original/fOYuQ914CheBCDEHdTDoCsmjhTI.jpg') ON CONFLICT DO NOTHING;
INSERT INTO actors (mediaId, actorId , actorName, characterName, profilePath) VALUES(430, 89581, 'William Talman', 'Hamilton Burger', 'https://image.tmdb.org/t/p/original/v3EG7QdDBYDcBTPJtWzFrlCZEx.jpg') ON CONFLICT DO NOTHING;
INSERT INTO actors (mediaId, actorId , actorName, characterName, profilePath) VALUES(430, 14518, 'Ray Collins', 'Lieutenant Tragg', 'https://image.tmdb.org/t/p/original/aafy1UvizCKmf8is7gTfAJc43wP.jpg') ON CONFLICT DO NOTHING;
INSERT INTO providers (mediaId, providerId, providerName, logoPath) VALUES( 430, 16, 'CBS', 'https://image.tmdb.org/t/p/original/wju8KhOUsR5y4bH9p3Jc50hhaLO.png') ON CONFLICT DO NOTHING;
INSERT INTO media (mediaId, type, name, originalLanguage, adult, releaseDate, overview, backdropPath, posterPath, trailerLink, tmdbRating,  status) VALUES(431, true, 'VGLY', 'es', False, '2023-05-25',  'Though stuck at the bottom of the social ladder with no money or contacts, aspiring artist Vgly and his crew strive to break into the music business.', 'https://image.tmdb.org/t/p/original/zzMmUE7aRRtHR9GL90zrtvlqXlm.jpg', 'https://image.tmdb.org/t/p/original/SYvwtsk4vWPAtB0wlgLlecWCFc.jpg', 'None', 8.3, 'Returning Series') ON CONFLICT DO NOTHING;
INSERT INTO tv (mediaid , lastAirDate, nextEpisodeToAir, numberOfEpisodes, numberOfSeasons) VALUES( 431, '2023-06-15', NULL , 13, 1) ON CONFLICT DO NOTHING;
INSERT INTO genres (mediaId, genre) VALUES(431, 'Comedy') ON CONFLICT DO NOTHING;
INSERT INTO genres (mediaId, genre) VALUES(431, 'Drama') ON CONFLICT DO NOTHING;
INSERT INTO creators(mediaId, creatorId, creatorName) VALUES(431, 2102301, 'Marcos Bucay') ON CONFLICT DO NOTHING;
INSERT INTO creators(mediaId, creatorId, creatorName) VALUES(431, 3261687, 'Jorge Tijerina') ON CONFLICT DO NOTHING;
INSERT INTO creators(mediaId, creatorId, creatorName) VALUES(431, 4055422, 'Santiago Espejo') ON CONFLICT DO NOTHING;
INSERT INTO actors (mediaId, actorId , actorName, characterName, profilePath) VALUES(431, 1379379, 'Benny Emmanuel', 'Vgly', 'https://image.tmdb.org/t/p/original/o27QoIpUBWcB3BosFdZnx9Nd9dy.jpg') ON CONFLICT DO NOTHING;
INSERT INTO actors (mediaId, actorId , actorName, characterName, profilePath) VALUES(431, 2614141, 'Juan Daniel Garcia Treviño', 'Flex', 'https://image.tmdb.org/t/p/original/xAfi4GWcj77QoGwLyBY0o9PIzb0.jpg') ON CONFLICT DO NOTHING;
INSERT INTO actors (mediaId, actorId , actorName, characterName, profilePath) VALUES(431, 2771019, 'Sasha González', 'Data', 'https://image.tmdb.org/t/p/original/uSEZovWlTA41AVOa50AMIeWoGdQ.jpg') ON CONFLICT DO NOTHING;
INSERT INTO actors (mediaId, actorId , actorName, characterName, profilePath) VALUES(431, 1197401, 'Alejandro Lago', 'Bubble', 'https://image.tmdb.org/t/p/original/rrnH71w7YhZU9yJQJUhn9Q5FG7H.jpg') ON CONFLICT DO NOTHING;
INSERT INTO actors (mediaId, actorId , actorName, characterName, profilePath) VALUES(431, 4020965, 'Vitter Leija', 'Sucio', 'https://image.tmdb.org/t/p/original/jhDOrmEaGrcE1hBXFQ1QxGEuOsa.jpg') ON CONFLICT DO NOTHING;
INSERT INTO providers (mediaId, providerId, providerName, logoPath) VALUES( 431, 5484, 'HBO Max', 'https://image.tmdb.org/t/p/original/s5ELD35ShWgVKQxgERHM2iP5bXA.png') ON CONFLICT DO NOTHING;
INSERT INTO media (mediaId, type, name, originalLanguage, adult, releaseDate, overview, backdropPath, posterPath, trailerLink, tmdbRating,  status) VALUES(432, true, 'Initial D', 'ja', False, '1998-04-18',  'Takumi’s job as a tofu delivery boy has turned him into one of the most formidable drivers around. Behind the wheel of his Eight-Six, he’s one with the road—and his life shifts into high gear when the underground street racing world takes notice. Drivers from across the region are lining up for a shot at the new guy. Takumi’s not just focused on winning—he’s out to prove he’s the best.', 'https://image.tmdb.org/t/p/original/zBIIyH8yfdlfvvpEiG9PLwoVXc6.jpg', 'https://image.tmdb.org/t/p/original/7C1PMnV0uMrMNcfws5J7aLNxe3Q.jpg', 'None', 8, 'Ended') ON CONFLICT DO NOTHING;
INSERT INTO tv (mediaid , lastAirDate, nextEpisodeToAir, numberOfEpisodes, numberOfSeasons) VALUES( 432, '2014-06-22', NULL , 81, 5) ON CONFLICT DO NOTHING;
INSERT INTO genres (mediaId, genre) VALUES(432, 'Animation') ON CONFLICT DO NOTHING;
INSERT INTO actors (mediaId, actorId , actorName, characterName, profilePath) VALUES(432, 62318, 'Shin-ichiro Miki', 'Takumi Fujiwara (voice)', 'https://image.tmdb.org/t/p/original/yL9Tx2HZgK7t5AssYl6oGE9bjdj.jpg') ON CONFLICT DO NOTHING;
INSERT INTO actors (mediaId, actorId , actorName, characterName, profilePath) VALUES(432, 1154449, 'Atsushi Abe', 'Shinji Inui (voice)', 'https://image.tmdb.org/t/p/original/b59PickRsrhT6kaUKN2dD8c7ip.jpg') ON CONFLICT DO NOTHING;
INSERT INTO actors (mediaId, actorId , actorName, characterName, profilePath) VALUES(432, 84508, 'Takehito Koyasu', 'Ryosuke Takahashi (voice)', 'https://image.tmdb.org/t/p/original/8uBkNDKPNmp9JWgMUI02NVyfhi1.jpg') ON CONFLICT DO NOTHING;
INSERT INTO actors (mediaId, actorId , actorName, characterName, profilePath) VALUES(432, 90567, 'Tomokazu Seki', 'Keisuke Takahashi (voice)', 'https://image.tmdb.org/t/p/original/4N6i4cgtbeUj5AJd8kiBZ2BxxEJ.jpg') ON CONFLICT DO NOTHING;
INSERT INTO actors (mediaId, actorId , actorName, characterName, profilePath) VALUES(432, 225655, 'Hidenobu Kiuchi', 'Go Hojo (voice)', 'https://image.tmdb.org/t/p/original/SpxriXj1RnC7av28Ee47YL3bS2.jpg') ON CONFLICT DO NOTHING;
INSERT INTO actors (mediaId, actorId , actorName, characterName, profilePath) VALUES(432, 111375, 'Yasuyuki Kase', 'Eiji Kubo (voice)', 'https://image.tmdb.org/t/p/original/sERtaipUjauSd4WgP9RQwHoAamO.jpg') ON CONFLICT DO NOTHING;
INSERT INTO actors (mediaId, actorId , actorName, characterName, profilePath) VALUES(432, 2395032, 'Yuuka Hirose', 'Shinji''s Mother (voice)', 'https://image.tmdb.org/t/p/original/teUQP4FGWPHGQGqQLQVwIvsrqwC.jpg') ON CONFLICT DO NOTHING;
INSERT INTO providers (mediaId, providerId, providerName, logoPath) VALUES( 432, 171, 'ANIMAX', 'https://image.tmdb.org/t/p/original/5S9xrNouNbaYlhDkaZopIpcmbp2.png') ON CONFLICT DO NOTHING;
INSERT INTO providers (mediaId, providerId, providerName, logoPath) VALUES( 432, 1, 'Fuji TV', 'https://image.tmdb.org/t/p/original/yS5UJjsSdZXML0YikWTYYHLPKhQ.png') ON CONFLICT DO NOTHING;
INSERT INTO media (mediaId, type, name, originalLanguage, adult, releaseDate, overview, backdropPath, posterPath, trailerLink, tmdbRating,  status) VALUES(433, true, 'Hawaii Five-0', 'en', False, '2010-09-20',  'Steve McGarrett returns home to Oahu, in order to find his father''s killer. The governor offers him the chance to run his own task force (Five-0). Steve''s team is joined by Chin Ho Kelly, Danny "Danno" Williams, and Kono Kalakaua.', 'https://image.tmdb.org/t/p/original/ej5VNvBy4VqCqsuamY4oe4EiwFb.jpg', 'https://image.tmdb.org/t/p/original/sIdCKlmM2nU4akIvFQaAIiU8YES.jpg', 'https://www.youtube.com/watch?v=xy30TGdaEAE', 7.7, 'Ended') ON CONFLICT DO NOTHING;
INSERT INTO tv (mediaid , lastAirDate, nextEpisodeToAir, numberOfEpisodes, numberOfSeasons) VALUES( 433, '2020-04-03', NULL , 240, 10) ON CONFLICT DO NOTHING;
INSERT INTO genres (mediaId, genre) VALUES(433, 'Crime') ON CONFLICT DO NOTHING;
INSERT INTO genres (mediaId, genre) VALUES(433, 'Drama') ON CONFLICT DO NOTHING;
INSERT INTO genres (mediaId, genre) VALUES(433, 'Action & Adventure') ON CONFLICT DO NOTHING;
INSERT INTO creators(mediaId, creatorId, creatorName) VALUES(433, 15345, 'Alex Kurtzman') ON CONFLICT DO NOTHING;
INSERT INTO creators(mediaId, creatorId, creatorName) VALUES(433, 15346, 'Roberto Orci') ON CONFLICT DO NOTHING;
INSERT INTO creators(mediaId, creatorId, creatorName) VALUES(433, 58839, 'Peter M. Lenkov') ON CONFLICT DO NOTHING;
INSERT INTO actors (mediaId, actorId , actorName, characterName, profilePath) VALUES(433, 41297, 'Alex O''Loughlin', 'Steve McGarrett', 'https://image.tmdb.org/t/p/original/l3Cd7jD3r3TLkqWaDijmK7GgWxo.jpg') ON CONFLICT DO NOTHING;
INSERT INTO actors (mediaId, actorId , actorName, characterName, profilePath) VALUES(433, 1894, 'Scott Caan', 'Danny "Danno" Williams', 'https://image.tmdb.org/t/p/original/67V8YrMglGzvuTOZGpqygDhNK1z.jpg') ON CONFLICT DO NOTHING;
INSERT INTO actors (mediaId, actorId , actorName, characterName, profilePath) VALUES(433, 123813, 'Ian Anthony Dale', 'Adam Noshimuri', 'https://image.tmdb.org/t/p/original/x5ePN7j7C4ZmytO5VoUOpiPEyRm.jpg') ON CONFLICT DO NOTHING;
INSERT INTO actors (mediaId, actorId , actorName, characterName, profilePath) VALUES(433, 303020, 'Meaghan Rath', 'Tani Rey', 'https://image.tmdb.org/t/p/original/z1hAJI1mnUv7LaviJjLXDY8t7ex.jpg') ON CONFLICT DO NOTHING;
INSERT INTO actors (mediaId, actorId , actorName, characterName, profilePath) VALUES(433, 1397346, 'Beulah Koale', 'Junior Reigns', 'https://image.tmdb.org/t/p/original/hmxNk7KzbhLJKoHRwZGl1ZGjOlJ.jpg') ON CONFLICT DO NOTHING;
INSERT INTO actors (mediaId, actorId , actorName, characterName, profilePath) VALUES(433, 1252036, 'Dennis Chun', 'Duke Lukela', 'https://image.tmdb.org/t/p/original/eW1xcvhdWLJeH5U8o7OQdKPaLTb.jpg') ON CONFLICT DO NOTHING;
INSERT INTO actors (mediaId, actorId , actorName, characterName, profilePath) VALUES(433, 1255666, 'Kimee Balmilero', 'Dr. Noelani Cunha', 'https://image.tmdb.org/t/p/original/zN29CqaqkAD841v0KG6D5jhIymb.jpg') ON CONFLICT DO NOTHING;
INSERT INTO actors (mediaId, actorId , actorName, characterName, profilePath) VALUES(433, 8687, 'Chi McBride', 'Lou Grover', 'https://image.tmdb.org/t/p/original/cesCeJZ5gSywA9lTYReB5uhkfek.jpg') ON CONFLICT DO NOTHING;
INSERT INTO actors (mediaId, actorId , actorName, characterName, profilePath) VALUES(433, 81992, 'Taylor Wily', 'Kamekona Tupuola', 'https://image.tmdb.org/t/p/original/qxCGsaNunYf5A8cqf3Bx2kP2Nfg.jpg') ON CONFLICT DO NOTHING;
INSERT INTO actors (mediaId, actorId , actorName, characterName, profilePath) VALUES(433, 164930, 'Katrina Law', 'Quinn Liu', 'https://image.tmdb.org/t/p/original/y7LzCN8BaoPPSXDBo0UwPQ4UwSB.jpg') ON CONFLICT DO NOTHING;
INSERT INTO providers (mediaId, providerId, providerName, logoPath) VALUES( 433, 16, 'CBS', 'https://image.tmdb.org/t/p/original/wju8KhOUsR5y4bH9p3Jc50hhaLO.png') ON CONFLICT DO NOTHING;
INSERT INTO media (mediaId, type, name, originalLanguage, adult, releaseDate, overview, backdropPath, posterPath, trailerLink, tmdbRating,  status) VALUES(434, true, 'Kengan Ashura', 'ja', False, '2019-07-31',  'Since the Edo periods of Japan, gladiator arenas exist in certain areas. In these arenas, wealthy business owners and merchants hire gladiators to fight in unarmed combat where winner takes all. Toki Taouma, nicknamed "Ashura," joins these arenas and devastates his opponents. His spectacular ability to crush his enemies catches the attention of the big business owners, including the Nogi Group chairman, Nogi Hideki.', 'https://image.tmdb.org/t/p/original/wJtrctuWTKgIi45zLw9tTjWQFY3.jpg', 'https://image.tmdb.org/t/p/original/pgUnbZScsrfMJIJl43FKOL9sbhU.jpg', 'https://www.youtube.com/watch?v=THK-VDKxvgI', 8.4, 'Returning Series') ON CONFLICT DO NOTHING;
INSERT INTO tv (mediaid , lastAirDate, nextEpisodeToAir, numberOfEpisodes, numberOfSeasons) VALUES( 434, '2023-09-21', NULL , 36, 2) ON CONFLICT DO NOTHING;
INSERT INTO genres (mediaId, genre) VALUES(434, 'Animation') ON CONFLICT DO NOTHING;
INSERT INTO genres (mediaId, genre) VALUES(434, 'Action & Adventure') ON CONFLICT DO NOTHING;
INSERT INTO providers (mediaId, providerId, providerName, logoPath) VALUES( 434, 213, 'Netflix', 'https://image.tmdb.org/t/p/original/wwemzKWzjKYJFfCeiB57q3r4Bcm.png') ON CONFLICT DO NOTHING;
INSERT INTO media (mediaId, type, name, originalLanguage, adult, releaseDate, overview, backdropPath, posterPath, trailerLink, tmdbRating,  status) VALUES(435, true, '60 Minutes', 'en', False, '1968-09-24',  'America''s popular television News magazine in which an ever changing team of CBS News correspondents contribute segments ranging from hard news coverage to politics to lifestyle and pop culture.', 'https://image.tmdb.org/t/p/original/vhXzGGm8HJ42YIsJC2Uz16nzcq6.jpg', 'https://image.tmdb.org/t/p/original/bpfKrFG9N97gIfnBK4gtAC2yop7.jpg', 'None', 7, 'Returning Series') ON CONFLICT DO NOTHING;
INSERT INTO tv (mediaid , lastAirDate, nextEpisodeToAir, numberOfEpisodes, numberOfSeasons) VALUES( 435, '2023-10-15', '2023-10-22' , 844, 35) ON CONFLICT DO NOTHING;
INSERT INTO genres (mediaId, genre) VALUES(435, 'News') ON CONFLICT DO NOTHING;
INSERT INTO creators(mediaId, creatorId, creatorName) VALUES(435, 1218049, 'Don Hewitt') ON CONFLICT DO NOTHING;
INSERT INTO providers (mediaId, providerId, providerName, logoPath) VALUES( 435, 16, 'CBS', 'https://image.tmdb.org/t/p/original/wju8KhOUsR5y4bH9p3Jc50hhaLO.png') ON CONFLICT DO NOTHING;
INSERT INTO media (mediaId, type, name, originalLanguage, adult, releaseDate, overview, backdropPath, posterPath, trailerLink, tmdbRating,  status) VALUES(436, true, 'Murdoch Mysteries', 'en', False, '2008-01-24',  'A Victorian-era Toronto detective uses then-cutting edge forensic techniques to solve crimes, with the assistance of a female coroner who is also struggling for recognition in the face of tradition, based on the books by Maureen Jennings.', 'https://image.tmdb.org/t/p/original/32LhmPKsNwcvWCkjqHMsgUffkgL.jpg', 'https://image.tmdb.org/t/p/original/bGh2JSvl2Yb7wcK8UVVjW8Tjb5U.jpg', 'https://www.youtube.com/watch?v=f17UNwtTMgQ', 7.8, 'Returning Series') ON CONFLICT DO NOTHING;
INSERT INTO tv (mediaid , lastAirDate, nextEpisodeToAir, numberOfEpisodes, numberOfSeasons) VALUES( 436, '2023-10-16', '2023-10-23' , 274, 17) ON CONFLICT DO NOTHING;
INSERT INTO genres (mediaId, genre) VALUES(436, 'Mystery') ON CONFLICT DO NOTHING;
INSERT INTO genres (mediaId, genre) VALUES(436, 'Drama') ON CONFLICT DO NOTHING;
INSERT INTO creators(mediaId, creatorId, creatorName) VALUES(436, 1244131, 'Maureen Jennings') ON CONFLICT DO NOTHING;
INSERT INTO actors (mediaId, actorId , actorName, characterName, profilePath) VALUES(436, 43311, 'Yannick Bisson', 'Detective William Murdoch', 'https://image.tmdb.org/t/p/original/pUxydAXsxH7NwVuB2AFIjMrUxP7.jpg') ON CONFLICT DO NOTHING;
INSERT INTO actors (mediaId, actorId , actorName, characterName, profilePath) VALUES(436, 175756, 'Helene Joy', 'Dr. Julia Ogden', 'https://image.tmdb.org/t/p/original/23Qzyov88pRq8BRGTOcIVc7BeQa.jpg') ON CONFLICT DO NOTHING;
INSERT INTO actors (mediaId, actorId , actorName, characterName, profilePath) VALUES(436, 1244130, 'Jonny Harris', 'Constable George Crabtree', 'https://image.tmdb.org/t/p/original/bpW9XBxarq85KUiQIjoV2efngip.jpg') ON CONFLICT DO NOTHING;
INSERT INTO actors (mediaId, actorId , actorName, characterName, profilePath) VALUES(436, 27137, 'Lachlan Murdoch', 'Constable Henry Higgins', 'https://image.tmdb.org/t/p/original/uFHp92C3VdOc8MQ5m6khkFPmiD1.jpg') ON CONFLICT DO NOTHING;
INSERT INTO actors (mediaId, actorId , actorName, characterName, profilePath) VALUES(436, 198133, 'Thomas Craig', 'Inspector Thomas Charles Brackenreid', 'https://image.tmdb.org/t/p/original/dfhAe68dMV4NK38gOfKnBg07kgM.jpg') ON CONFLICT DO NOTHING;
INSERT INTO actors (mediaId, actorId , actorName, characterName, profilePath) VALUES(436, 1652517, 'Daniel Maslany', 'Detective Llewellyn Watts', 'https://image.tmdb.org/t/p/original/lVYENt6wUbB1ZtgyIqw1nXagx6e.jpg') ON CONFLICT DO NOTHING;
INSERT INTO providers (mediaId, providerId, providerName, logoPath) VALUES( 436, 23, 'CBC Television', 'https://image.tmdb.org/t/p/original/cw5WW6cc9UANam4A6o1BDua9njN.png') ON CONFLICT DO NOTHING;
INSERT INTO providers (mediaId, providerId, providerName, logoPath) VALUES( 436, 92, 'Citytv', 'https://image.tmdb.org/t/p/original/38EhAHYoNzRDFCXAUdF4PEH9Kfl.png') ON CONFLICT DO NOTHING;
INSERT INTO media (mediaId, type, name, originalLanguage, adult, releaseDate, overview, backdropPath, posterPath, trailerLink, tmdbRating,  status) VALUES(437, true, 'Pokémon', 'ja', False, '1997-04-01',  'Join Ash accompanied by his partner Pikachu, as he travels through many regions, meets new friends and faces new challenges on his quest to become a Pokémon Master.', 'https://image.tmdb.org/t/p/original/658d0TCVa2I5LqgbwCqPPKyuU2i.jpg', 'https://image.tmdb.org/t/p/original/rOuGm07PxBhEsK9TaGPRQVJQm1X.jpg', 'None', 7.8, 'Ended') ON CONFLICT DO NOTHING;
INSERT INTO tv (mediaid , lastAirDate, nextEpisodeToAir, numberOfEpisodes, numberOfSeasons) VALUES( 437, '2023-03-24', NULL , 1234, 25) ON CONFLICT DO NOTHING;
INSERT INTO genres (mediaId, genre) VALUES(437, 'Animation') ON CONFLICT DO NOTHING;
INSERT INTO genres (mediaId, genre) VALUES(437, 'Action & Adventure') ON CONFLICT DO NOTHING;
INSERT INTO genres (mediaId, genre) VALUES(437, 'Sci-Fi & Fantasy') ON CONFLICT DO NOTHING;
INSERT INTO actors (mediaId, actorId , actorName, characterName, profilePath) VALUES(437, 65424, 'Rica Matsumoto', 'Satoshi (voice)', 'https://image.tmdb.org/t/p/original/ykm6ZpLcX5wblCNp7rOAoZpCh3L.jpg') ON CONFLICT DO NOTHING;
INSERT INTO actors (mediaId, actorId , actorName, characterName, profilePath) VALUES(437, 73044, 'Ikue Otani', 'Pikachu (voice)', 'https://image.tmdb.org/t/p/original/my8LBLQ4MsK4hRz1PAATIqtieaI.jpg') ON CONFLICT DO NOTHING;
INSERT INTO actors (mediaId, actorId , actorName, characterName, profilePath) VALUES(437, 1325962, 'Daiki Yamashita', 'Gou (voice)', 'https://image.tmdb.org/t/p/original/rQNdJdZewk7VGP16ZNbpfJ9ZeMd.jpg') ON CONFLICT DO NOTHING;
INSERT INTO actors (mediaId, actorId , actorName, characterName, profilePath) VALUES(437, 1222060, 'Kenyu Horiuchi', 'Narrator (voice)', 'https://image.tmdb.org/t/p/original/qIsrjSbtdhmmUdd3xvpDHNWRuJp.jpg') ON CONFLICT DO NOTHING;
INSERT INTO providers (mediaId, providerId, providerName, logoPath) VALUES( 437, 98, 'TV Tokyo', 'https://image.tmdb.org/t/p/original/1oTje9uOhRcuLSAc8ERn0cnG51i.png') ON CONFLICT DO NOTHING;
INSERT INTO providers (mediaId, providerId, providerName, logoPath) VALUES( 437, 252, 'TV Aichi', 'https://image.tmdb.org/t/p/original/zFZ5KCuvx7K0vP9XgGcidfXjuUd.png') ON CONFLICT DO NOTHING;
INSERT INTO providers (mediaId, providerId, providerName, logoPath) VALUES( 437, 822, 'TVQ', 'https://image.tmdb.org/t/p/original/fGdBR7lxjrXsBlwZF7B1UNpG5ff.png') ON CONFLICT DO NOTHING;
INSERT INTO providers (mediaId, providerId, providerName, logoPath) VALUES( 437, 824, 'TV Osaka', 'https://image.tmdb.org/t/p/original/6foQmoPac7WCDnDuDbuCZklmDuA.png') ON CONFLICT DO NOTHING;
INSERT INTO providers (mediaId, providerId, providerName, logoPath) VALUES( 437, 938, 'TVh', 'https://image.tmdb.org/t/p/original/f12LLqBVFnDVIY8HidhWEitI77c.png') ON CONFLICT DO NOTHING;
INSERT INTO providers (mediaId, providerId, providerName, logoPath) VALUES( 437, 2064, 'TSC', 'https://image.tmdb.org/t/p/original/qi4L1ffRabF5LJqVimCaaUYpeSj.png') ON CONFLICT DO NOTHING;
INSERT INTO media (mediaId, type, name, originalLanguage, adult, releaseDate, overview, backdropPath, posterPath, trailerLink, tmdbRating,  status) VALUES(438, true, 'Secret Invasion', 'en', False, '2023-06-21',  'Nick Fury and Talos discover a faction of shapeshifting Skrulls who have been infiltrating Earth for years.', 'https://image.tmdb.org/t/p/original/57clBMPX25NNO6nmDw3TV3zQaQE.jpg', 'https://image.tmdb.org/t/p/original/f5ZMzzCvt2IzVDxr54gHPv9jlC9.jpg', 'https://www.youtube.com/watch?v=Tp_YZNqNBhw', 7.1, 'Ended') ON CONFLICT DO NOTHING;
INSERT INTO tv (mediaid , lastAirDate, nextEpisodeToAir, numberOfEpisodes, numberOfSeasons) VALUES( 438, '2023-07-26', NULL , 6, 1) ON CONFLICT DO NOTHING;
INSERT INTO genres (mediaId, genre) VALUES(438, 'Drama') ON CONFLICT DO NOTHING;
INSERT INTO genres (mediaId, genre) VALUES(438, 'Sci-Fi & Fantasy') ON CONFLICT DO NOTHING;
INSERT INTO genres (mediaId, genre) VALUES(438, 'Action & Adventure') ON CONFLICT DO NOTHING;
INSERT INTO creators(mediaId, creatorId, creatorName) VALUES(438, 1580115, 'Kyle Bradstreet') ON CONFLICT DO NOTHING;
INSERT INTO actors (mediaId, actorId , actorName, characterName, profilePath) VALUES(438, 2231, 'Samuel L. Jackson', 'Nick Fury', 'https://image.tmdb.org/t/p/original/nCJJ3NVksYNxIzEHcyC1XziwPVj.jpg') ON CONFLICT DO NOTHING;
INSERT INTO actors (mediaId, actorId , actorName, characterName, profilePath) VALUES(438, 77335, 'Ben Mendelsohn', 'Talos', 'https://image.tmdb.org/t/p/original/pA9mu9D2IolVA0v2Yo0tJm6uUyI.jpg') ON CONFLICT DO NOTHING;
INSERT INTO actors (mediaId, actorId , actorName, characterName, profilePath) VALUES(438, 1417352, 'Kingsley Ben-Adir', 'Gravik', 'https://image.tmdb.org/t/p/original/35EG2nZhvVF7Cf317wWpIJfQwWl.jpg') ON CONFLICT DO NOTHING;
INSERT INTO actors (mediaId, actorId , actorName, characterName, profilePath) VALUES(438, 1189005, 'Killian Scott', 'Pagon', 'https://image.tmdb.org/t/p/original/8ri6qJgCitrezFaiCPzgQbdDBYp.jpg') ON CONFLICT DO NOTHING;
INSERT INTO actors (mediaId, actorId , actorName, characterName, profilePath) VALUES(438, 1831731, 'Samuel Adewunmi', 'Beto', 'https://image.tmdb.org/t/p/original/j3Q9JlpO6HKUlEiDtWOTSnr5Prj.jpg') ON CONFLICT DO NOTHING;
INSERT INTO actors (mediaId, actorId , actorName, characterName, profilePath) VALUES(438, 20212, 'Dermot Mulroney', 'President Ritson', 'https://image.tmdb.org/t/p/original/5gJszOF45KMPB5tmAbKdK0qgQBx.jpg') ON CONFLICT DO NOTHING;
INSERT INTO actors (mediaId, actorId , actorName, characterName, profilePath) VALUES(438, 1223786, 'Emilia Clarke', 'G''iah', 'https://image.tmdb.org/t/p/original/wb8VfDPGpyqcFltnRcJR1Wj3h4Z.jpg') ON CONFLICT DO NOTHING;
INSERT INTO actors (mediaId, actorId , actorName, characterName, profilePath) VALUES(438, 39187, 'Olivia Colman', 'Sonya Falsworth', 'https://image.tmdb.org/t/p/original/4ZwZ66zXZyX26Kf2wfeMt1tQZQf.jpg') ON CONFLICT DO NOTHING;
INSERT INTO actors (mediaId, actorId , actorName, characterName, profilePath) VALUES(438, 1896, 'Don Cheadle', 'James ''Rhodey'' Rhodes', 'https://image.tmdb.org/t/p/original/lZpvHaRDSNqAEYUgaJed9Vxrx5p.jpg') ON CONFLICT DO NOTHING;
INSERT INTO actors (mediaId, actorId , actorName, characterName, profilePath) VALUES(438, 33689, 'Charlayne Woodard', 'Varra / Priscilla Fury', 'https://image.tmdb.org/t/p/original/bBr6sZO2DCjgnsntidiUHVYzKLA.jpg') ON CONFLICT DO NOTHING;
INSERT INTO providers (mediaId, providerId, providerName, logoPath) VALUES( 438, 2739, 'Disney+', 'https://image.tmdb.org/t/p/original/uzKjVDmQ1WRMvGBb7UNRE0wTn1H.png') ON CONFLICT DO NOTHING;
INSERT INTO media (mediaId, type, name, originalLanguage, adult, releaseDate, overview, backdropPath, posterPath, trailerLink, tmdbRating,  status) VALUES(439, true, 'Elementary', 'en', False, '2012-09-27',  'A modern-day drama about a crime-solving duo that cracks the NYPD''s most impossible cases. Following his fall from grace in London and a stint in rehab, eccentric Sherlock escapes to Manhattan where his wealthy father forces him to live with his worst nightmare - a sober companion, Dr. Watson.', 'https://image.tmdb.org/t/p/original/7sJrNKwzyJWnFPFpDL9wnZ859LZ.jpg', 'https://image.tmdb.org/t/p/original/q9dObe29W4bDpgzUfOOH3ZnzDbR.jpg', 'https://www.youtube.com/watch?v=ff-XiZzJLxw', 7.6, 'Ended') ON CONFLICT DO NOTHING;
INSERT INTO tv (mediaid , lastAirDate, nextEpisodeToAir, numberOfEpisodes, numberOfSeasons) VALUES( 439, '2019-08-15', NULL , 154, 7) ON CONFLICT DO NOTHING;
INSERT INTO genres (mediaId, genre) VALUES(439, 'Drama') ON CONFLICT DO NOTHING;
INSERT INTO genres (mediaId, genre) VALUES(439, 'Mystery') ON CONFLICT DO NOTHING;
INSERT INTO genres (mediaId, genre) VALUES(439, 'Crime') ON CONFLICT DO NOTHING;
INSERT INTO creators(mediaId, creatorId, creatorName) VALUES(439, 1212196, 'Robert Doherty') ON CONFLICT DO NOTHING;
INSERT INTO actors (mediaId, actorId , actorName, characterName, profilePath) VALUES(439, 9012, 'Jonny Lee Miller', 'Sherlock Holmes', 'https://image.tmdb.org/t/p/original/otCQdDtnrMvZ5tPC62zLx0SaXeR.jpg') ON CONFLICT DO NOTHING;
INSERT INTO actors (mediaId, actorId , actorName, characterName, profilePath) VALUES(439, 140, 'Lucy Liu', 'Joan Watson', 'https://image.tmdb.org/t/p/original/9nbtjqsx3De7hO2XDtrBQ7M9VCH.jpg') ON CONFLICT DO NOTHING;
INSERT INTO actors (mediaId, actorId , actorName, characterName, profilePath) VALUES(439, 1224051, 'Jon Michael Hill', 'Marcus Bell', 'https://image.tmdb.org/t/p/original/cn8a3KUxhBIV5mJ04JldUeGrx3D.jpg') ON CONFLICT DO NOTHING;
INSERT INTO actors (mediaId, actorId , actorName, characterName, profilePath) VALUES(439, 18992, 'Aidan Quinn', 'Thomas Gregson', 'https://image.tmdb.org/t/p/original/viUuUmhiGdsfoQh0IpO5N312qNd.jpg') ON CONFLICT DO NOTHING;
INSERT INTO providers (mediaId, providerId, providerName, logoPath) VALUES( 439, 16, 'CBS', 'https://image.tmdb.org/t/p/original/wju8KhOUsR5y4bH9p3Jc50hhaLO.png') ON CONFLICT DO NOTHING;
INSERT INTO media (mediaId, type, name, originalLanguage, adult, releaseDate, overview, backdropPath, posterPath, trailerLink, tmdbRating,  status) VALUES(440, true, 'Pasapalabra', 'es', False, '2000-07-24',  '', 'https://image.tmdb.org/t/p/original/9E7oJqazPniyW3o5QBenJBSGFuk.jpg', 'https://image.tmdb.org/t/p/original/s3Y6MZgD268FegbtOvU05rrPiH0.jpg', 'None', 5.4, 'Returning Series') ON CONFLICT DO NOTHING;
INSERT INTO tv (mediaid , lastAirDate, nextEpisodeToAir, numberOfEpisodes, numberOfSeasons) VALUES( 440, '2023-10-17', '2023-10-18' , 271, 24) ON CONFLICT DO NOTHING;
INSERT INTO genres (mediaId, genre) VALUES(440, 'Family') ON CONFLICT DO NOTHING;
INSERT INTO genres (mediaId, genre) VALUES(440, 'Talk') ON CONFLICT DO NOTHING;
INSERT INTO actors (mediaId, actorId , actorName, characterName, profilePath) VALUES(440, 1961061, 'Roberto Leal', '', 'https://image.tmdb.org/t/p/original/yTuQr4TuBPmoYcrqSBtIBDou8Ak.jpg') ON CONFLICT DO NOTHING;
INSERT INTO providers (mediaId, providerId, providerName, logoPath) VALUES( 440, 53, 'Telecinco', 'https://image.tmdb.org/t/p/original/nSksjyoitz94qhfon6uzJj6ekj9.png') ON CONFLICT DO NOTHING;
INSERT INTO providers (mediaId, providerId, providerName, logoPath) VALUES( 440, 400, 'Antena 3', 'https://image.tmdb.org/t/p/original/l7MngINTyv0O6mNlwNsUlhQ9iwZ.png') ON CONFLICT DO NOTHING;
INSERT INTO media (mediaId, type, name, originalLanguage, adult, releaseDate, overview, backdropPath, posterPath, trailerLink, tmdbRating,  status) VALUES(441, true, 'Invincible', 'en', False, '2021-03-25',  'Mark Grayson is a normal teenager except for the fact that his father is the most powerful superhero on the planet. Shortly after his seventeenth birthday, Mark begins to develop powers of his own and enters into his father’s tutelage.', 'https://image.tmdb.org/t/p/original/6UH52Fmau8RPsMAbQbjwN3wJSCj.jpg', 'https://image.tmdb.org/t/p/original/lxVS24ZhG3WQf3IMbkFIg6olT6A.jpg', 'https://www.youtube.com/watch?v=-bfAVpuko5o', 8.7, 'Returning Series') ON CONFLICT DO NOTHING;
INSERT INTO tv (mediaid , lastAirDate, nextEpisodeToAir, numberOfEpisodes, numberOfSeasons) VALUES( 441, '2021-04-29', '2023-11-02' , 12, 2) ON CONFLICT DO NOTHING;
INSERT INTO genres (mediaId, genre) VALUES(441, 'Animation') ON CONFLICT DO NOTHING;
INSERT INTO genres (mediaId, genre) VALUES(441, 'Sci-Fi & Fantasy') ON CONFLICT DO NOTHING;
INSERT INTO genres (mediaId, genre) VALUES(441, 'Action & Adventure') ON CONFLICT DO NOTHING;
INSERT INTO genres (mediaId, genre) VALUES(441, 'Drama') ON CONFLICT DO NOTHING;
INSERT INTO actors (mediaId, actorId , actorName, characterName, profilePath) VALUES(441, 215055, 'Steven Yeun', 'Mark Grayson / Invincible (voice)', 'https://image.tmdb.org/t/p/original/5XU0L0drBa7JlGrLg2w3LhAgjG0.jpg') ON CONFLICT DO NOTHING;
INSERT INTO actors (mediaId, actorId , actorName, characterName, profilePath) VALUES(441, 25540, 'Sandra Oh', 'Debbie Grayson (voice)', 'https://image.tmdb.org/t/p/original/zU8vjebHxcP60ESEL5Ok68KWZvj.jpg') ON CONFLICT DO NOTHING;
INSERT INTO actors (mediaId, actorId , actorName, characterName, profilePath) VALUES(441, 18999, 'J.K. Simmons', 'Nolan Grayson / Omni-Man (voice)', 'https://image.tmdb.org/t/p/original/ScmKoJ9eiSUOthAt1PDNLi8Fkw.jpg') ON CONFLICT DO NOTHING;
INSERT INTO providers (mediaId, providerId, providerName, logoPath) VALUES( 441, 1024, 'Prime Video', 'https://image.tmdb.org/t/p/original/ifhbNuuVnlwYy5oXA5VIb2YR8AZ.png') ON CONFLICT DO NOTHING;
INSERT INTO media (mediaId, type, name, originalLanguage, adult, releaseDate, overview, backdropPath, posterPath, trailerLink, tmdbRating,  status) VALUES(442, true, 'Let Me Take Your Pulse', 'cn', False, '2023-09-11',  'Ching Ka-ying and Koo Ching-king are lovers and Chinese medicine graduates. Ching-king chooses to continue with his medical studies, causing the couple to end their relationship. Ten years later, the duo run into each other again. Ka-ying has become a public Chinese medicine center service supervisor. Although Ching-king is a Doctor of Chinese Medicine, he works under Ka-ying as her subordinate as he could only apply for the position of CM trainee practitioner. Even though the duo often quarrel due to their different beliefs, they are benevolent medical practitioners hoping to use their medical knowledge and experience to help patients. Despite the fact that there are many restrictions placed on CM practitioners in the health care system, they jointly oversee a contingent of novice CM practitioners, including Lo Yuen-chi, Yuen Si-si, Tong Siu-kwong and Pang Ching-mong. Together they create what they regard as the ideal Chinese medicine center and boldly go down the road to benevolence.', 'https://image.tmdb.org/t/p/original/qcIpy5EdYbHILHhNbaXfpOvJhcB.jpg', 'https://image.tmdb.org/t/p/original/h0sQqjsrWW4zHrxFQjrBejWBYDd.jpg', 'None', 0, 'Ended') ON CONFLICT DO NOTHING;
INSERT INTO tv (mediaid , lastAirDate, nextEpisodeToAir, numberOfEpisodes, numberOfSeasons) VALUES( 442, '2023-10-13', NULL , 25, 1) ON CONFLICT DO NOTHING;
INSERT INTO genres (mediaId, genre) VALUES(442, 'Drama') ON CONFLICT DO NOTHING;
INSERT INTO creators(mediaId, creatorId, creatorName) VALUES(442, 2463792, 'Dave Fong') ON CONFLICT DO NOTHING;
INSERT INTO actors (mediaId, actorId , actorName, characterName, profilePath) VALUES(442, 1545561, 'Sisley Choi', 'Ching Ka-ying', 'https://image.tmdb.org/t/p/original/kMoFQdV3Do1kIuDMq2dYOYNrMZ2.jpg') ON CONFLICT DO NOTHING;
INSERT INTO actors (mediaId, actorId , actorName, characterName, profilePath) VALUES(442, 1773042, 'Matthew Ho', 'Koo Ching-king', 'https://image.tmdb.org/t/p/original/fKYTvkxlpkzg8oM6It5Jyw8Auta.jpg') ON CONFLICT DO NOTHING;
INSERT INTO actors (mediaId, actorId , actorName, characterName, profilePath) VALUES(442, 2988173, 'Ricco Ng', 'Lo Yuen-chi', 'https://image.tmdb.org/t/p/original/fhi4ZgYgQ5U9e5V0ov7ajgKPeMJ.jpg') ON CONFLICT DO NOTHING;
INSERT INTO actors (mediaId, actorId , actorName, characterName, profilePath) VALUES(442, 3386076, 'Kayan Yau', 'Tong Siu-kwong', 'https://image.tmdb.org/t/p/original/ehAsQYXnb4UYhRJXKT9qnr1GjFy.jpg') ON CONFLICT DO NOTHING;
INSERT INTO actors (mediaId, actorId , actorName, characterName, profilePath) VALUES(442, 3234987, 'Erica Chan', 'Yuen Si-si', 'https://image.tmdb.org/t/p/original/1S3RG762Ar18GcxoKRqJARCN8Cj.jpg') ON CONFLICT DO NOTHING;
INSERT INTO actors (mediaId, actorId , actorName, characterName, profilePath) VALUES(442, 3386077, 'Danny Hung', 'Pang Ching-mong', 'https://image.tmdb.org/t/p/original/zqhLL1tF4QlQDfvOE3Mb4PFvzNF.jpg') ON CONFLICT DO NOTHING;
INSERT INTO actors (mediaId, actorId , actorName, characterName, profilePath) VALUES(442, 1395247, 'Angelina Lo Yuen-Yan', '', 'https://image.tmdb.org/t/p/original/i3xgUygPWn3TTFRpFwqTDmxM8T7.jpg') ON CONFLICT DO NOTHING;
INSERT INTO actors (mediaId, actorId , actorName, characterName, profilePath) VALUES(442, 1274608, 'Susan Tse', '', 'https://image.tmdb.org/t/p/original/kQtXyU3fH9lOTkkEKck6uCKopUN.jpg') ON CONFLICT DO NOTHING;
INSERT INTO actors (mediaId, actorId , actorName, characterName, profilePath) VALUES(442, 4100796, 'Tiffany Fabienne Kwan', '', 'https://image.tmdb.org/t/p/original/4lfk9IuIjDwiQAh5IadySVm7Vqx.jpg') ON CONFLICT DO NOTHING;
INSERT INTO actors (mediaId, actorId , actorName, characterName, profilePath) VALUES(442, 1723876, 'To Yin-Gor', '', 'https://image.tmdb.org/t/p/original/ubIcQgYiRY8X7YD6vMAiAu80zSQ.jpg') ON CONFLICT DO NOTHING;
INSERT INTO providers (mediaId, providerId, providerName, logoPath) VALUES( 442, 48, 'TVB Jade', 'https://image.tmdb.org/t/p/original/v78f4q6DYdRB8dLj4rQBpqQG8pW.png') ON CONFLICT DO NOTHING;
INSERT INTO media (mediaId, type, name, originalLanguage, adult, releaseDate, overview, backdropPath, posterPath, trailerLink, tmdbRating,  status) VALUES(443, true, 'Speed Racer', 'ja', False, '1967-09-23',  'Teenager Speed Racer aspires to be the world''s best race-car champion with the help of his friends, family and his father''s high-tech race-car, the Mach 5.', 'https://image.tmdb.org/t/p/original/yOCxMtJ3wgQyXjP9j8zUhoixPrU.jpg', 'https://image.tmdb.org/t/p/original/7o9x0cdLjNXLeKfPM7p8h7DBL9B.jpg', 'https://www.youtube.com/watch?v=jvc11BYryk0', 7.4, 'Ended') ON CONFLICT DO NOTHING;
INSERT INTO tv (mediaid , lastAirDate, nextEpisodeToAir, numberOfEpisodes, numberOfSeasons) VALUES( 443, '1968-03-15', NULL , 52, 1) ON CONFLICT DO NOTHING;
INSERT INTO genres (mediaId, genre) VALUES(443, 'Action & Adventure') ON CONFLICT DO NOTHING;
INSERT INTO genres (mediaId, genre) VALUES(443, 'Animation') ON CONFLICT DO NOTHING;
INSERT INTO genres (mediaId, genre) VALUES(443, 'Comedy') ON CONFLICT DO NOTHING;
INSERT INTO genres (mediaId, genre) VALUES(443, 'Family') ON CONFLICT DO NOTHING;
INSERT INTO creators(mediaId, creatorId, creatorName) VALUES(443, 70216, 'Tatsuo Yoshida') ON CONFLICT DO NOTHING;
INSERT INTO actors (mediaId, actorId , actorName, characterName, profilePath) VALUES(443, 547989, 'Katsuji Mori', 'Speed Racer', 'https://image.tmdb.org/t/p/original/7HMCnhwbBPNEut2s2VziMVBWXuL.jpg') ON CONFLICT DO NOTHING;
INSERT INTO actors (mediaId, actorId , actorName, characterName, profilePath) VALUES(443, 1241887, 'Teiji Ōmiya', 'Pops Racer', 'https://image.tmdb.org/t/p/original/6OEW04LcLTzSzhxvcIEqk2Ev2Bv.jpg') ON CONFLICT DO NOTHING;
INSERT INTO actors (mediaId, actorId , actorName, characterName, profilePath) VALUES(443, 1247635, 'Ryoko Kinomiya', 'Mom Racer', 'https://image.tmdb.org/t/p/original/QRepvEW9kIj0bWIOd7L3eDQhaR.jpg') ON CONFLICT DO NOTHING;
INSERT INTO actors (mediaId, actorId , actorName, characterName, profilePath) VALUES(443, 110666, 'Kei Tomiyama', 'Sparky', 'https://image.tmdb.org/t/p/original/19jju0ROT0UplBxD8tKS3Hmvueg.jpg') ON CONFLICT DO NOTHING;
INSERT INTO actors (mediaId, actorId , actorName, characterName, profilePath) VALUES(443, 83930, 'Kenji Utsumi', 'Inspector Rokugô', 'https://image.tmdb.org/t/p/original/8rNvgs40LJbCbjf7qFCfDeKBnIk.jpg') ON CONFLICT DO NOTHING;
INSERT INTO actors (mediaId, actorId , actorName, characterName, profilePath) VALUES(443, 1682, 'Hiroshi Ôtake', 'Chim-Chim', 'https://image.tmdb.org/t/p/original/zRYEb1k75S05xwyBZ2uSko1W4IY.jpg') ON CONFLICT DO NOTHING;
INSERT INTO actors (mediaId, actorId , actorName, characterName, profilePath) VALUES(443, 1192995, 'Kin''ya Aikawa', 'Racer X', 'https://image.tmdb.org/t/p/original/3VMKpdYYb83EvWeeWSTCTx0OpPi.jpg') ON CONFLICT DO NOTHING;
INSERT INTO actors (mediaId, actorId , actorName, characterName, profilePath) VALUES(443, 1018898, 'Michiko Nomura', 'Trixie', 'https://image.tmdb.org/t/p/original/u4aVFRfu91gxI59XETf9oMnQBrz.jpg') ON CONFLICT DO NOTHING;
INSERT INTO actors (mediaId, actorId , actorName, characterName, profilePath) VALUES(443, 1055172, 'Junko Hori', 'Kurio Mifune', 'https://image.tmdb.org/t/p/original/uTfIYgwpXydKuBIoLpsLsdWBSEs.jpg') ON CONFLICT DO NOTHING;
INSERT INTO providers (mediaId, providerId, providerName, logoPath) VALUES( 443, 1, 'Fuji TV', 'https://image.tmdb.org/t/p/original/yS5UJjsSdZXML0YikWTYYHLPKhQ.png') ON CONFLICT DO NOTHING;
INSERT INTO media (mediaId, type, name, originalLanguage, adult, releaseDate, overview, backdropPath, posterPath, trailerLink, tmdbRating,  status) VALUES(444, true, 'The Mandalorian', 'en', False, '2019-11-12',  'After the fall of the Galactic Empire, lawlessness has spread throughout the galaxy. A lone gunfighter makes his way through the outer reaches, earning his keep as a bounty hunter.', 'https://image.tmdb.org/t/p/original/9zcbqSxdsRMZWHYtyCd1nXPr2xq.jpg', 'https://image.tmdb.org/t/p/original/eU1i6eHXlzMOlEq0ku1Rzq7Y4wA.jpg', 'https://www.youtube.com/watch?v=2RVnrBLOBcI', 8.5, 'Returning Series') ON CONFLICT DO NOTHING;
INSERT INTO tv (mediaid , lastAirDate, nextEpisodeToAir, numberOfEpisodes, numberOfSeasons) VALUES( 444, '2023-04-19', NULL , 24, 3) ON CONFLICT DO NOTHING;
INSERT INTO genres (mediaId, genre) VALUES(444, 'Sci-Fi & Fantasy') ON CONFLICT DO NOTHING;
INSERT INTO genres (mediaId, genre) VALUES(444, 'Action & Adventure') ON CONFLICT DO NOTHING;
INSERT INTO genres (mediaId, genre) VALUES(444, 'Drama') ON CONFLICT DO NOTHING;
INSERT INTO creators(mediaId, creatorId, creatorName) VALUES(444, 15277, 'Jon Favreau') ON CONFLICT DO NOTHING;
INSERT INTO actors (mediaId, actorId , actorName, characterName, profilePath) VALUES(444, 1253360, 'Pedro Pascal', 'Din Djarin / The Mandalorian', 'https://image.tmdb.org/t/p/original/nms0d0ExYtiOke82oqr3vOb3smF.jpg') ON CONFLICT DO NOTHING;
INSERT INTO actors (mediaId, actorId , actorName, characterName, profilePath) VALUES(444, 51798, 'Katee Sackhoff', 'Bo-Katan Kryze', 'https://image.tmdb.org/t/p/original/p8jMvubKMUE8thuRMZK5T6w1KbP.jpg') ON CONFLICT DO NOTHING;
INSERT INTO providers (mediaId, providerId, providerName, logoPath) VALUES( 444, 2739, 'Disney+', 'https://image.tmdb.org/t/p/original/uzKjVDmQ1WRMvGBb7UNRE0wTn1H.png') ON CONFLICT DO NOTHING;
INSERT INTO media (mediaId, type, name, originalLanguage, adult, releaseDate, overview, backdropPath, posterPath, trailerLink, tmdbRating,  status) VALUES(445, true, 'Big Brother', 'en', False, '2000-07-05',  'American version of the reality game show which follows a group of HouseGuests living together 24 hours a day in the "Big Brother" house, isolated from the outside world but under constant surveillance with no privacy for three months.', 'https://image.tmdb.org/t/p/original/HmKMi8XfmMx3K7nlYL11W526FB.jpg', 'https://image.tmdb.org/t/p/original/vFYZvhzq5wbsmxm5K4a0csujxFu.jpg', 'None', 4.9, 'Returning Series') ON CONFLICT DO NOTHING;
INSERT INTO tv (mediaid , lastAirDate, nextEpisodeToAir, numberOfEpisodes, numberOfSeasons) VALUES( 445, '2023-10-17', '2023-10-19' , 890, 25) ON CONFLICT DO NOTHING;
INSERT INTO genres (mediaId, genre) VALUES(445, 'Reality') ON CONFLICT DO NOTHING;
INSERT INTO creators(mediaId, creatorId, creatorName) VALUES(445, 1215602, 'John de Mol') ON CONFLICT DO NOTHING;
INSERT INTO actors (mediaId, actorId , actorName, characterName, profilePath) VALUES(445, 1224445, 'Julie Chen Moonves', 'Self - Host', 'https://image.tmdb.org/t/p/original/rY6zCYb8VhFnZ7wuxq6OQrQTJMk.jpg') ON CONFLICT DO NOTHING;
INSERT INTO providers (mediaId, providerId, providerName, logoPath) VALUES( 445, 16, 'CBS', 'https://image.tmdb.org/t/p/original/wju8KhOUsR5y4bH9p3Jc50hhaLO.png') ON CONFLICT DO NOTHING;
INSERT INTO media (mediaId, type, name, originalLanguage, adult, releaseDate, overview, backdropPath, posterPath, trailerLink, tmdbRating,  status) VALUES(446, true, 'Outlander', 'en', False, '2014-08-09',  'The story of Claire Randall, a married combat nurse from 1945 who is mysteriously swept back in time to 1743, where she is immediately thrown into an unknown world where her life is threatened. When she is forced to marry Jamie, a chivalrous and romantic young Scottish warrior, a passionate affair is ignited that tears Claire''s heart between two vastly different men in two irreconcilable lives.', 'https://image.tmdb.org/t/p/original/nf3Vlxm3C9U1aKUUQHmKFZmxPSc.jpg', 'https://image.tmdb.org/t/p/original/oftZNfyTVNU7IfOqoGLoT8MGvNs.jpg', 'https://www.youtube.com/watch?v=KAS01FFj1fQ', 8.2, 'Returning Series') ON CONFLICT DO NOTHING;
INSERT INTO tv (mediaid , lastAirDate, nextEpisodeToAir, numberOfEpisodes, numberOfSeasons) VALUES( 446, '2023-08-11', NULL , 83, 8) ON CONFLICT DO NOTHING;
INSERT INTO genres (mediaId, genre) VALUES(446, 'Drama') ON CONFLICT DO NOTHING;
INSERT INTO genres (mediaId, genre) VALUES(446, 'Sci-Fi & Fantasy') ON CONFLICT DO NOTHING;
INSERT INTO creators(mediaId, creatorId, creatorName) VALUES(446, 2385, 'Ronald D. Moore') ON CONFLICT DO NOTHING;
INSERT INTO actors (mediaId, actorId , actorName, characterName, profilePath) VALUES(446, 147056, 'Caitríona Balfe', 'Claire Randall Fraser', 'https://image.tmdb.org/t/p/original/6OrGRPRleWsouviVNUQpwC77X70.jpg') ON CONFLICT DO NOTHING;
INSERT INTO actors (mediaId, actorId , actorName, characterName, profilePath) VALUES(446, 209326, 'Sam Heughan', 'Jamie Fraser', 'https://image.tmdb.org/t/p/original/toBZ2mxZ2AbYYBfFV3Xvwm2QR4I.jpg') ON CONFLICT DO NOTHING;
INSERT INTO actors (mediaId, actorId , actorName, characterName, profilePath) VALUES(446, 1287731, 'Richard Rankin', 'Roger MacKenzie', 'https://image.tmdb.org/t/p/original/nJAy31AKLzU35JY0HTEcZAJFoPN.jpg') ON CONFLICT DO NOTHING;
INSERT INTO actors (mediaId, actorId , actorName, characterName, profilePath) VALUES(446, 1623273, 'Sophie Skelton', 'Brianna MacKenzie', 'https://image.tmdb.org/t/p/original/oBkearm8XdrYTEK0VCWCGmwURt6.jpg') ON CONFLICT DO NOTHING;
INSERT INTO providers (mediaId, providerId, providerName, logoPath) VALUES( 446, 318, 'Starz', 'https://image.tmdb.org/t/p/original/GMDGZk9iDG4WDijY3VgUgJeyus.png') ON CONFLICT DO NOTHING;
INSERT INTO media (mediaId, type, name, originalLanguage, adult, releaseDate, overview, backdropPath, posterPath, trailerLink, tmdbRating,  status) VALUES(447, true, 'Sons of Anarchy', 'en', False, '2008-09-03',  'An adrenalized drama with darkly comedic undertones that explores a notorious outlaw motorcycle club’s (MC) desire to protect its livelihood while ensuring that their simple, sheltered town of Charming, California remains exactly that, charming. The MC must confront threats from drug dealers, corporate developers, and overzealous law officers. Behind the MC’s familial lifestyle and legally thriving automotive shop is a ruthless and illegal arms business driven by the seduction of money, power, and blood.', 'https://image.tmdb.org/t/p/original/mcgZDwhMlrFsfpbvCeg5RY5mhiu.jpg', 'https://image.tmdb.org/t/p/original/yPLkf4EiCkR0NOvMfmpHMA2zfN3.jpg', 'https://www.youtube.com/watch?v=paBZJJXUEtg', 8.4, 'Ended') ON CONFLICT DO NOTHING;
INSERT INTO tv (mediaid , lastAirDate, nextEpisodeToAir, numberOfEpisodes, numberOfSeasons) VALUES( 447, '2014-12-09', NULL , 92, 7) ON CONFLICT DO NOTHING;
INSERT INTO genres (mediaId, genre) VALUES(447, 'Crime') ON CONFLICT DO NOTHING;
INSERT INTO genres (mediaId, genre) VALUES(447, 'Drama') ON CONFLICT DO NOTHING;
INSERT INTO creators(mediaId, creatorId, creatorName) VALUES(447, 200043, 'Kurt Sutter') ON CONFLICT DO NOTHING;
INSERT INTO actors (mediaId, actorId , actorName, characterName, profilePath) VALUES(447, 56365, 'Charlie Hunnam', 'Jax Teller', 'https://image.tmdb.org/t/p/original/nw9LsDNsDkPwotG7YpxRNBXmaCQ.jpg') ON CONFLICT DO NOTHING;
INSERT INTO actors (mediaId, actorId , actorName, characterName, profilePath) VALUES(447, 18980, 'Katey Sagal', 'Gemma Teller Morrow', 'https://image.tmdb.org/t/p/original/jdnBWdXlQG2Q2F6v9MPJkaWQ9Vd.jpg') ON CONFLICT DO NOTHING;
INSERT INTO actors (mediaId, actorId , actorName, characterName, profilePath) VALUES(447, 2478, 'Tommy Flanagan', 'Filip "Chibs" Telford', 'https://image.tmdb.org/t/p/original/5OnvT1KpEk3juZavqOCSAEYOtwl.jpg') ON CONFLICT DO NOTHING;
INSERT INTO actors (mediaId, actorId , actorName, characterName, profilePath) VALUES(447, 534, 'Mark Boone Junior', 'Bobby Munson', 'https://image.tmdb.org/t/p/original/rcncVr356hpfKX9qOrKL3SJlEO7.jpg') ON CONFLICT DO NOTHING;
INSERT INTO actors (mediaId, actorId , actorName, characterName, profilePath) VALUES(447, 8335, 'Kim Coates', 'Alex "Tig" Trager', 'https://image.tmdb.org/t/p/original/brhVd2vTTBJNpM2ZrOFc6SnXCAd.jpg') ON CONFLICT DO NOTHING;
INSERT INTO actors (mediaId, actorId , actorName, characterName, profilePath) VALUES(447, 87108, 'Dayton Callie', 'Wayne Unser', 'https://image.tmdb.org/t/p/original/miB43H7L4OYY5aRSxhoScjcOxu3.jpg') ON CONFLICT DO NOTHING;
INSERT INTO actors (mediaId, actorId , actorName, characterName, profilePath) VALUES(447, 1368714, 'David Labrava', 'Happy Lowman', 'https://image.tmdb.org/t/p/original/l82Y8mleeVznEG2jQDIS1JuZQBd.jpg') ON CONFLICT DO NOTHING;
INSERT INTO actors (mediaId, actorId , actorName, characterName, profilePath) VALUES(447, 70767, 'Drea de Matteo', 'Wendy Case', 'https://image.tmdb.org/t/p/original/kRr4XnvKGBYW0aVejQzpZiosOmo.jpg') ON CONFLICT DO NOTHING;
INSERT INTO actors (mediaId, actorId , actorName, characterName, profilePath) VALUES(447, 33181, 'Jimmy Smits', 'Nero Padilla', 'https://image.tmdb.org/t/p/original/dD04JlfW5N8bVrx7Cawn4A6g1xp.jpg') ON CONFLICT DO NOTHING;
INSERT INTO actors (mediaId, actorId , actorName, characterName, profilePath) VALUES(447, 1008750, 'Niko Nicotera', 'George ''Ratboy'' Skogstrom', 'https://image.tmdb.org/t/p/original/3gv1N2MYcTJ8DNY9u1SEjHsZsOZ.jpg') ON CONFLICT DO NOTHING;
INSERT INTO providers (mediaId, providerId, providerName, logoPath) VALUES( 447, 88, 'FX', 'https://image.tmdb.org/t/p/original/aexGjtcs42DgRtZh7zOxayiry4J.png') ON CONFLICT DO NOTHING;
INSERT INTO media (mediaId, type, name, originalLanguage, adult, releaseDate, overview, backdropPath, posterPath, trailerLink, tmdbRating,  status) VALUES(448, true, 'Naruto Shippūden', 'ja', False, '2007-02-15',  'After 2 and a half years Naruto finally returns to his village of Konoha, and sets about putting his ambitions to work. It will not be easy though as he has amassed a few more dangerous enemies, in the likes of the shinobi organization; Akatsuki.', 'https://image.tmdb.org/t/p/original/z0YhJvomqedHF85bplUJEotkN5l.jpg', 'https://image.tmdb.org/t/p/original/kV27j3Nz4d5z8u6mN3EJw9RiLg2.jpg', 'https://www.youtube.com/watch?v=1WLO0Owi5-A', 8.6, 'Ended') ON CONFLICT DO NOTHING;
INSERT INTO tv (mediaid , lastAirDate, nextEpisodeToAir, numberOfEpisodes, numberOfSeasons) VALUES( 448, '2017-03-23', NULL , 500, 20) ON CONFLICT DO NOTHING;
INSERT INTO genres (mediaId, genre) VALUES(448, 'Animation') ON CONFLICT DO NOTHING;
INSERT INTO genres (mediaId, genre) VALUES(448, 'Action & Adventure') ON CONFLICT DO NOTHING;
INSERT INTO genres (mediaId, genre) VALUES(448, 'Sci-Fi & Fantasy') ON CONFLICT DO NOTHING;
INSERT INTO actors (mediaId, actorId , actorName, characterName, profilePath) VALUES(448, 82055, 'Junko Takeuchi', 'Naruto Uzumaki (voice)', 'https://image.tmdb.org/t/p/original/zNjrblq3xS1idpCsmSl5P5eTon7.jpg') ON CONFLICT DO NOTHING;
INSERT INTO actors (mediaId, actorId , actorName, characterName, profilePath) VALUES(448, 82057, 'Chie Nakamura', 'Sakura Haruno (voice)', 'https://image.tmdb.org/t/p/original/evB6vKUbm0CKgBcgikPeFXdwd29.jpg') ON CONFLICT DO NOTHING;
INSERT INTO actors (mediaId, actorId , actorName, characterName, profilePath) VALUES(448, 82056, 'Noriaki Sugiyama', 'Sasuke Uchiha (voice)', 'https://image.tmdb.org/t/p/original/szqqQ8T0gzuSxjU2rnWcthsaSJT.jpg') ON CONFLICT DO NOTHING;
INSERT INTO actors (mediaId, actorId , actorName, characterName, profilePath) VALUES(448, 89968, 'Kazuhiko Inoue', 'Kakashi Hatake (voice)', 'https://image.tmdb.org/t/p/original/kRndwjOOlNi84NqIGbnitpJCQ6k.jpg') ON CONFLICT DO NOTHING;
INSERT INTO actors (mediaId, actorId , actorName, characterName, profilePath) VALUES(448, 224413, 'Satoshi Hino', 'Sai (voice)', 'https://image.tmdb.org/t/p/original/8ZJIiwIVF2zDyyFr7oXewj0eEuu.jpg') ON CONFLICT DO NOTHING;
INSERT INTO actors (mediaId, actorId , actorName, characterName, profilePath) VALUES(448, 81244, 'Akira Ishida', 'Gaara (voice)', 'https://image.tmdb.org/t/p/original/jnW2Gn2NlR2uwOCeyOuzypnTmkH.jpg') ON CONFLICT DO NOTHING;
INSERT INTO actors (mediaId, actorId , actorName, characterName, profilePath) VALUES(448, 9720, 'Hideo Ishikawa', 'Itachi Uchiha (voice)', 'https://image.tmdb.org/t/p/original/gEjEDNGt3CHsyzFQdNqewZVbh0.jpg') ON CONFLICT DO NOTHING;
INSERT INTO actors (mediaId, actorId , actorName, characterName, profilePath) VALUES(448, 550662, 'Koichi Tochika', 'Neji Hyuga (voice)', 'https://image.tmdb.org/t/p/original/wZYe5RmOLYIhpesKEaFIxz7YN7G.jpg') ON CONFLICT DO NOTHING;
INSERT INTO actors (mediaId, actorId , actorName, characterName, profilePath) VALUES(448, 934837, 'Keiko Nemoto', 'Shizune (voice)', 'https://image.tmdb.org/t/p/original/wrcTNEmTSe3mFgykRC1xDcpwU3j.jpg') ON CONFLICT DO NOTHING;
INSERT INTO actors (mediaId, actorId , actorName, characterName, profilePath) VALUES(448, 1241505, 'Kujira', 'Orochimaru (voice)', 'https://image.tmdb.org/t/p/original/dL2u3VyRBswwTEW4E8lbsHbqzeZ.jpg') ON CONFLICT DO NOTHING;
INSERT INTO providers (mediaId, providerId, providerName, logoPath) VALUES( 448, 98, 'TV Tokyo', 'https://image.tmdb.org/t/p/original/1oTje9uOhRcuLSAc8ERn0cnG51i.png') ON CONFLICT DO NOTHING;
INSERT INTO media (mediaId, type, name, originalLanguage, adult, releaseDate, overview, backdropPath, posterPath, trailerLink, tmdbRating,  status) VALUES(449, true, 'Cobra Kai', 'en', False, '2018-05-02',  'This Karate Kid sequel series picks up 30 years after the events of the 1984 All Valley Karate Tournament and finds Johnny Lawrence on the hunt for redemption by reopening the infamous Cobra Kai karate dojo. This reignites his old rivalry with the successful Daniel LaRusso, who has been working to maintain the balance in his life without mentor Mr. Miyagi.', 'https://image.tmdb.org/t/p/original/zymbuoBoL1i94xAOzVJF6IuWLfD.jpg', 'https://image.tmdb.org/t/p/original/m7tG5E1EbywuwTsl6hq990So0Bx.jpg', 'https://www.youtube.com/watch?v=xCwwxNbtK6Y', 8.2, 'Returning Series') ON CONFLICT DO NOTHING;
INSERT INTO tv (mediaid , lastAirDate, nextEpisodeToAir, numberOfEpisodes, numberOfSeasons) VALUES( 449, '2022-09-09', NULL , 50, 6) ON CONFLICT DO NOTHING;
INSERT INTO genres (mediaId, genre) VALUES(449, 'Action & Adventure') ON CONFLICT DO NOTHING;
INSERT INTO genres (mediaId, genre) VALUES(449, 'Drama') ON CONFLICT DO NOTHING;
INSERT INTO genres (mediaId, genre) VALUES(449, 'Comedy') ON CONFLICT DO NOTHING;
INSERT INTO creators(mediaId, creatorId, creatorName) VALUES(449, 68843, 'Jon Hurwitz') ON CONFLICT DO NOTHING;
INSERT INTO creators(mediaId, creatorId, creatorName) VALUES(449, 68844, 'Hayden Schlossberg') ON CONFLICT DO NOTHING;
INSERT INTO creators(mediaId, creatorId, creatorName) VALUES(449, 347335, 'Josh Heald') ON CONFLICT DO NOTHING;
INSERT INTO actors (mediaId, actorId , actorName, characterName, profilePath) VALUES(449, 2877, 'Ralph Macchio', 'Daniel LaRusso', 'https://image.tmdb.org/t/p/original/kehn6kNTFPlAYrWJzBzrEu6WHJp.jpg') ON CONFLICT DO NOTHING;
INSERT INTO actors (mediaId, actorId , actorName, characterName, profilePath) VALUES(449, 56124, 'William Zabka', 'Johnny Lawrence', 'https://image.tmdb.org/t/p/original/AoTxNif6Kv5KtIk3YdfQUxLrLeR.jpg') ON CONFLICT DO NOTHING;
INSERT INTO actors (mediaId, actorId , actorName, characterName, profilePath) VALUES(449, 43483, 'Courtney Henggeler', 'Amanda LaRusso', 'https://image.tmdb.org/t/p/original/soNsMFPhOsdW6jR7oJi6SlXsYYT.jpg') ON CONFLICT DO NOTHING;
INSERT INTO actors (mediaId, actorId , actorName, characterName, profilePath) VALUES(449, 1185997, 'Xolo Mariduena', 'Miguel Diaz', 'https://image.tmdb.org/t/p/original/tJMI7BpjlhHSMpzSz9e1XxygnKd.jpg') ON CONFLICT DO NOTHING;
INSERT INTO actors (mediaId, actorId , actorName, characterName, profilePath) VALUES(449, 1130555, 'Tanner Buchanan', 'Robby Keene', 'https://image.tmdb.org/t/p/original/sjxBAWkL5aSdd6GHozWEAjEA64u.jpg') ON CONFLICT DO NOTHING;
INSERT INTO actors (mediaId, actorId , actorName, characterName, profilePath) VALUES(449, 1223084, 'Mary Mouser', 'Samantha LaRusso', 'https://image.tmdb.org/t/p/original/A5AMjqFB5SqWdZh4gOBGQNXK8vf.jpg') ON CONFLICT DO NOTHING;
INSERT INTO actors (mediaId, actorId , actorName, characterName, profilePath) VALUES(449, 114446, 'Jacob Bertrand', 'Eli ''Hawk'' Moskowitz', 'https://image.tmdb.org/t/p/original/j1V1788QXnzZ2Flp5pllqeodjYT.jpg') ON CONFLICT DO NOTHING;
INSERT INTO actors (mediaId, actorId , actorName, characterName, profilePath) VALUES(449, 1254435, 'Peyton List', 'Tory Nichols', 'https://image.tmdb.org/t/p/original/5p8KwRgBUYVcKBKTYFdD30o6dAc.jpg') ON CONFLICT DO NOTHING;
INSERT INTO actors (mediaId, actorId , actorName, characterName, profilePath) VALUES(449, 1784330, 'Vanessa Rubio', 'Carmen Diaz', 'https://image.tmdb.org/t/p/original/ArxMTCiBPA6dqxiPmdelYaq2NYl.jpg') ON CONFLICT DO NOTHING;
INSERT INTO actors (mediaId, actorId , actorName, characterName, profilePath) VALUES(449, 60705, 'Thomas Ian Griffith', 'Terry Silver', 'https://image.tmdb.org/t/p/original/4h1qQeZMG2drwEEat6WKG0rbPVC.jpg') ON CONFLICT DO NOTHING;
INSERT INTO providers (mediaId, providerId, providerName, logoPath) VALUES( 449, 213, 'Netflix', 'https://image.tmdb.org/t/p/original/wwemzKWzjKYJFfCeiB57q3r4Bcm.png') ON CONFLICT DO NOTHING;
INSERT INTO providers (mediaId, providerId, providerName, logoPath) VALUES( 449, 1436, 'YouTube Premium', 'https://image.tmdb.org/t/p/original/3p05CgodUb9gPayuliuhawNj1Wo.png') ON CONFLICT DO NOTHING;
INSERT INTO media (mediaId, type, name, originalLanguage, adult, releaseDate, overview, backdropPath, posterPath, trailerLink, tmdbRating,  status) VALUES(450, true, 'Malcolm in the Middle', 'en', False, '2000-01-09',  'A gifted young teen tries to survive life with his dimwitted, dysfunctional family.', 'https://image.tmdb.org/t/p/original/ysaA0BInz4071p3LKqAQnWKZCsK.jpg', 'https://image.tmdb.org/t/p/original/ckLLIsNy3Z0Go1PYHA2PHzVymUA.jpg', 'https://www.youtube.com/watch?v=o6gPg-P5FPg', 8.5, 'Ended') ON CONFLICT DO NOTHING;
INSERT INTO tv (mediaid , lastAirDate, nextEpisodeToAir, numberOfEpisodes, numberOfSeasons) VALUES( 450, '2006-05-14', NULL , 151, 7) ON CONFLICT DO NOTHING;
INSERT INTO genres (mediaId, genre) VALUES(450, 'Family') ON CONFLICT DO NOTHING;
INSERT INTO genres (mediaId, genre) VALUES(450, 'Comedy') ON CONFLICT DO NOTHING;
INSERT INTO creators(mediaId, creatorId, creatorName) VALUES(450, 40629, 'Linwood Boomer') ON CONFLICT DO NOTHING;
INSERT INTO actors (mediaId, actorId , actorName, characterName, profilePath) VALUES(450, 51391, 'Frankie Muniz', 'Malcolm', 'https://image.tmdb.org/t/p/original/tBckW8eJHv4vz8B3DJYH1rLAtyN.jpg') ON CONFLICT DO NOTHING;
INSERT INTO actors (mediaId, actorId , actorName, characterName, profilePath) VALUES(450, 27725, 'Jane Kaczmarek', 'Lois', 'https://image.tmdb.org/t/p/original/feFWEstrs4gHDIYNMACdvMGdNb9.jpg') ON CONFLICT DO NOTHING;
INSERT INTO actors (mediaId, actorId , actorName, characterName, profilePath) VALUES(450, 17419, 'Bryan Cranston', 'Hal', 'https://image.tmdb.org/t/p/original/aGSvZg7uITJveQtGHDcPNI6map1.jpg') ON CONFLICT DO NOTHING;
INSERT INTO actors (mediaId, actorId , actorName, characterName, profilePath) VALUES(450, 51392, 'Justin Berfield', 'Reese', 'https://image.tmdb.org/t/p/original/1FRN8DKGUcCSLwQlZaIpwJkk5jT.jpg') ON CONFLICT DO NOTHING;
INSERT INTO actors (mediaId, actorId , actorName, characterName, profilePath) VALUES(450, 17190, 'Erik Per Sullivan', 'Dewey', 'https://image.tmdb.org/t/p/original/xNGQBXkat5ZjnZ9vSg0mUbcv9Bc.jpg') ON CONFLICT DO NOTHING;
INSERT INTO actors (mediaId, actorId , actorName, characterName, profilePath) VALUES(450, 35769, 'Christopher Masterson', 'Francis', 'https://image.tmdb.org/t/p/original/vDpW40I1UMul7j4ZwGylPuWHteC.jpg') ON CONFLICT DO NOTHING;
INSERT INTO actors (mediaId, actorId , actorName, characterName, profilePath) VALUES(450, 1228714, 'James Rodriguez', 'Jamie', 'None') ON CONFLICT DO NOTHING;
INSERT INTO actors (mediaId, actorId , actorName, characterName, profilePath) VALUES(450, 1228717, 'Lukas Rodriguez', 'Jamie', 'None') ON CONFLICT DO NOTHING;
INSERT INTO providers (mediaId, providerId, providerName, logoPath) VALUES( 450, 19, 'FOX', 'https://image.tmdb.org/t/p/original/1DSpHrWyOORkL9N2QHX7Adt31mQ.png') ON CONFLICT DO NOTHING;
INSERT INTO media (mediaId, type, name, originalLanguage, adult, releaseDate, overview, backdropPath, posterPath, trailerLink, tmdbRating,  status) VALUES(451, true, 'Got Talent Argentina', 'en', False, '2023-08-21',  '', 'https://image.tmdb.org/t/p/original/1K0hShLHyNeyZo17TlTUUJvabGU.jpg', 'https://image.tmdb.org/t/p/original/pFyg4EZq42ykbwPATybdSFdbCvw.jpg', 'None', 0, 'Returning Series') ON CONFLICT DO NOTHING;
INSERT INTO tv (mediaid , lastAirDate, nextEpisodeToAir, numberOfEpisodes, numberOfSeasons) VALUES( 451, '2023-10-17', '2023-10-18' , 38, 1) ON CONFLICT DO NOTHING;
INSERT INTO genres (mediaId, genre) VALUES(451, 'Talk') ON CONFLICT DO NOTHING;
INSERT INTO creators(mediaId, creatorId, creatorName) VALUES(451, 1221229, 'Ken Warwick') ON CONFLICT DO NOTHING;
INSERT INTO actors (mediaId, actorId , actorName, characterName, profilePath) VALUES(451, 1248954, 'Mariano Peluffo', '', 'https://image.tmdb.org/t/p/original/hjpCdURq0QbLmRM822s1h1XHx4U.jpg') ON CONFLICT DO NOTHING;
INSERT INTO actors (mediaId, actorId , actorName, characterName, profilePath) VALUES(451, 1241650, 'Catherine Fulop', '', 'https://image.tmdb.org/t/p/original/y1KKYg9sfBPGaRe4zWEsLFhIWeX.jpg') ON CONFLICT DO NOTHING;
INSERT INTO providers (mediaId, providerId, providerName, logoPath) VALUES( 451, 96, 'Telefe', 'https://image.tmdb.org/t/p/original/bBAkTXfNkyjsRVv5ASCgX1WCu0w.png') ON CONFLICT DO NOTHING;
INSERT INTO media (mediaId, type, name, originalLanguage, adult, releaseDate, overview, backdropPath, posterPath, trailerLink, tmdbRating,  status) VALUES(452, true, 'Frasier', 'en', False, '1993-09-16',  'After many years spent at the “Cheers” bar, Frasier moves back home to Seattle to work as a radio psychiatrist after his policeman father gets shot in the hip on duty.', 'https://image.tmdb.org/t/p/original/4FqKFhF4BrNsrK3EdRpVJofVqCp.jpg', 'https://image.tmdb.org/t/p/original/gYAb6GCVEFsU9hzMCG5rxaxoIv3.jpg', 'https://www.youtube.com/watch?v=d6rIzxICCio', 7.7, 'Ended') ON CONFLICT DO NOTHING;
INSERT INTO tv (mediaid , lastAirDate, nextEpisodeToAir, numberOfEpisodes, numberOfSeasons) VALUES( 452, '2004-05-13', NULL , 264, 11) ON CONFLICT DO NOTHING;
INSERT INTO genres (mediaId, genre) VALUES(452, 'Comedy') ON CONFLICT DO NOTHING;
INSERT INTO creators(mediaId, creatorId, creatorName) VALUES(452, 1212926, 'David Clark Lee') ON CONFLICT DO NOTHING;
INSERT INTO creators(mediaId, creatorId, creatorName) VALUES(452, 1213753, 'Peter Casey') ON CONFLICT DO NOTHING;
INSERT INTO creators(mediaId, creatorId, creatorName) VALUES(452, 1213757, 'David Angell') ON CONFLICT DO NOTHING;
INSERT INTO actors (mediaId, actorId , actorName, characterName, profilePath) VALUES(452, 7090, 'Kelsey Grammer', 'Frasier Crane', 'https://image.tmdb.org/t/p/original/cjUCogoFRnFKAgeyRmGGpekz0TF.jpg') ON CONFLICT DO NOTHING;
INSERT INTO actors (mediaId, actorId , actorName, characterName, profilePath) VALUES(452, 11076, 'David Hyde Pierce', 'Niles Crane', 'https://image.tmdb.org/t/p/original/9BSgq4yxjPry1Oghqq92S4wUIvs.jpg') ON CONFLICT DO NOTHING;
INSERT INTO actors (mediaId, actorId , actorName, characterName, profilePath) VALUES(452, 52951, 'Jane Leeves', 'Daphne Moon', 'https://image.tmdb.org/t/p/original/8IruLH6FPT4YPvlaivZbtYupWCb.jpg') ON CONFLICT DO NOTHING;
INSERT INTO actors (mediaId, actorId , actorName, characterName, profilePath) VALUES(452, 21703, 'Peri Gilpin', 'Roz Doyle', 'https://image.tmdb.org/t/p/original/320biaP0RG23HWkbPbsq0ShC9zO.jpg') ON CONFLICT DO NOTHING;
INSERT INTO actors (mediaId, actorId , actorName, characterName, profilePath) VALUES(452, 4251, 'John Mahoney', 'Martin Crane', 'https://image.tmdb.org/t/p/original/9HhpD3Q6cBXddYkBTEzoPYlPL2h.jpg') ON CONFLICT DO NOTHING;
INSERT INTO providers (mediaId, providerId, providerName, logoPath) VALUES( 452, 6, 'NBC', 'https://image.tmdb.org/t/p/original/cm111bsDVlYaC1foL0itvEI4yLG.png') ON CONFLICT DO NOTHING;
INSERT INTO media (mediaId, type, name, originalLanguage, adult, releaseDate, overview, backdropPath, posterPath, trailerLink, tmdbRating,  status) VALUES(453, true, 'Reign of the Seven Spellblades', 'ja', False, '2023-07-08',  'It’s springtime at Kimberly Magic Academy, and new students are beginning their first year. Among them are a skilled and studious boy, Oliver, and a headstrong samurai girl, Nanao. They soon form a unique bond in the halls of Kimberly, but this picturesque school isn’t what it seems. Dark secrets and endless danger lurk behind every corner. Can these wizards make it to graduation alive?!', 'https://image.tmdb.org/t/p/original/cr3Ycy5JAcdK1eFU01ebOyBYEEN.jpg', 'https://image.tmdb.org/t/p/original/kqjLHtt539Sm6aasMvlJ7tuBr4i.jpg', 'https://www.youtube.com/watch?v=AQ6lIA3faKc', 7.6, 'Ended') ON CONFLICT DO NOTHING;
INSERT INTO tv (mediaid , lastAirDate, nextEpisodeToAir, numberOfEpisodes, numberOfSeasons) VALUES( 453, '2023-10-14', NULL , 15, 1) ON CONFLICT DO NOTHING;
INSERT INTO genres (mediaId, genre) VALUES(453, 'Action & Adventure') ON CONFLICT DO NOTHING;
INSERT INTO genres (mediaId, genre) VALUES(453, 'Animation') ON CONFLICT DO NOTHING;
INSERT INTO genres (mediaId, genre) VALUES(453, 'Sci-Fi & Fantasy') ON CONFLICT DO NOTHING;
INSERT INTO actors (mediaId, actorId , actorName, characterName, profilePath) VALUES(453, 1258552, 'Atsushi Tamaru', 'Oliver Horn (voice)', 'https://image.tmdb.org/t/p/original/coh8N88X0eBIHfPgHE9qFMrUMCD.jpg') ON CONFLICT DO NOTHING;
INSERT INTO actors (mediaId, actorId , actorName, characterName, profilePath) VALUES(453, 1922616, 'Yuka Nukui', 'Nanao Hibiya (voice)', 'https://image.tmdb.org/t/p/original/bTFcrrgj9B8QAXa1NKqlsrdwWka.jpg') ON CONFLICT DO NOTHING;
INSERT INTO actors (mediaId, actorId , actorName, characterName, profilePath) VALUES(453, 1366247, 'Hitomi Ohwada', 'Katie Aalto (voice)', 'https://image.tmdb.org/t/p/original/pxwo0xwalvVLqe9VnOFzYq5J81B.jpg') ON CONFLICT DO NOTHING;
INSERT INTO actors (mediaId, actorId , actorName, characterName, profilePath) VALUES(453, 2946720, 'Misuzu Yamada', 'Michela McFarlane (voice)', 'https://image.tmdb.org/t/p/original/gSSROCvoqaKBWaQP4AyFTOXVl7f.jpg') ON CONFLICT DO NOTHING;
INSERT INTO actors (mediaId, actorId , actorName, characterName, profilePath) VALUES(453, 2030015, 'Riho Sugiyama', 'Pete Reston (voice)', 'https://image.tmdb.org/t/p/original/rPVn4cInZVECBWhoHozERc8XTTj.jpg') ON CONFLICT DO NOTHING;
INSERT INTO actors (mediaId, actorId , actorName, characterName, profilePath) VALUES(453, 1877337, 'Shinsuke Sugawara', 'Guy Greenwood (voice)', 'https://image.tmdb.org/t/p/original/oEA5sGjE6sXSxP7QSIkbqgfPwuO.jpg') ON CONFLICT DO NOTHING;
INSERT INTO providers (mediaId, providerId, providerName, logoPath) VALUES( 453, 614, 'Tokyo MX', 'https://image.tmdb.org/t/p/original/hSdroyVthq3CynxTIIY7lnS8w1.png') ON CONFLICT DO NOTHING;
INSERT INTO providers (mediaId, providerId, providerName, logoPath) VALUES( 453, 861, 'BS11', 'https://image.tmdb.org/t/p/original/JQ5bx6n7Qmdmyqz6sqjo5Fz2iR.png') ON CONFLICT DO NOTHING;
INSERT INTO media (mediaId, type, name, originalLanguage, adult, releaseDate, overview, backdropPath, posterPath, trailerLink, tmdbRating,  status) VALUES(454, true, 'Lost in Space', 'en', False, '1965-09-15',  'The space family Robinson is sent on a five-year mission to find a new planet to colonise. The voyage is sabotaged time and again by an inept stowaway, Dr. Zachary Smith. The family''s spaceship, Jupiter II, also carries a friendly robot who endures an endless stream of abuse from Dr. Smith, but is a trusted companion of young Will Robinson', 'https://image.tmdb.org/t/p/original/upqfQF1LBPf7IRZao0sxt1BHZlx.jpg', 'https://image.tmdb.org/t/p/original/dGhtCpYZutuso2P3GKWnQnqwhSi.jpg', 'https://www.youtube.com/watch?v=9cLSUMKDjuw', 7.1, 'Ended') ON CONFLICT DO NOTHING;
INSERT INTO tv (mediaid , lastAirDate, nextEpisodeToAir, numberOfEpisodes, numberOfSeasons) VALUES( 454, '1968-03-06', NULL , 83, 3) ON CONFLICT DO NOTHING;
INSERT INTO genres (mediaId, genre) VALUES(454, 'Sci-Fi & Fantasy') ON CONFLICT DO NOTHING;
INSERT INTO creators(mediaId, creatorId, creatorName) VALUES(454, 7506, 'Irwin Allen') ON CONFLICT DO NOTHING;
INSERT INTO actors (mediaId, actorId , actorName, characterName, profilePath) VALUES(454, 175608, 'Guy Williams', 'Dr. John Robinson', 'https://image.tmdb.org/t/p/original/4btQ7KJsCINvVWhAdROBK0H5b8R.jpg') ON CONFLICT DO NOTHING;
INSERT INTO actors (mediaId, actorId , actorName, characterName, profilePath) VALUES(454, 13997, 'June Lockhart', 'Dr. Maureen Robinson', 'https://image.tmdb.org/t/p/original/3nW0pXkG1H5quSqOVWcYwmSGRn3.jpg') ON CONFLICT DO NOTHING;
INSERT INTO actors (mediaId, actorId , actorName, characterName, profilePath) VALUES(454, 161433, 'Mark Goddard', 'Major Don West', 'https://image.tmdb.org/t/p/original/1atoqdSY71UmbqXUpBwBNz6RuWD.jpg') ON CONFLICT DO NOTHING;
INSERT INTO actors (mediaId, actorId , actorName, characterName, profilePath) VALUES(454, 148605, 'Marta Kristen', 'Judy Robinson', 'https://image.tmdb.org/t/p/original/AuGTCrE9UqJ6QK9dmhbkMsLJTvj.jpg') ON CONFLICT DO NOTHING;
INSERT INTO actors (mediaId, actorId , actorName, characterName, profilePath) VALUES(454, 121640, 'Angela Cartwright', 'Penny Robinson', 'https://image.tmdb.org/t/p/original/oX8UNl0V2MA2j6QVwHaV9h5wEGa.jpg') ON CONFLICT DO NOTHING;
INSERT INTO actors (mediaId, actorId , actorName, characterName, profilePath) VALUES(454, 49357, 'Bill Mumy', 'Will Robinson', 'https://image.tmdb.org/t/p/original/pxjz9MOh1PMGV2SYu2hw7cmpO9e.jpg') ON CONFLICT DO NOTHING;
INSERT INTO actors (mediaId, actorId , actorName, characterName, profilePath) VALUES(454, 123037, 'Jonathan Harris', 'Dr. Zachary Smith', 'https://image.tmdb.org/t/p/original/ieLNe2cBJTJ2Aeb3QAXVp6w1sKu.jpg') ON CONFLICT DO NOTHING;
INSERT INTO actors (mediaId, actorId , actorName, characterName, profilePath) VALUES(454, 165898, 'Dick Tufeld', 'Robot B-9', 'None') ON CONFLICT DO NOTHING;
INSERT INTO actors (mediaId, actorId , actorName, characterName, profilePath) VALUES(454, 175609, 'Bob May', 'Robot B-9', 'None') ON CONFLICT DO NOTHING;
INSERT INTO providers (mediaId, providerId, providerName, logoPath) VALUES( 454, 16, 'CBS', 'https://image.tmdb.org/t/p/original/wju8KhOUsR5y4bH9p3Jc50hhaLO.png') ON CONFLICT DO NOTHING;
INSERT INTO media (mediaId, type, name, originalLanguage, adult, releaseDate, overview, backdropPath, posterPath, trailerLink, tmdbRating,  status) VALUES(455, true, 'Baki Hanma', 'ja', False, '2021-09-30',  'To gain the skills he needs to surpass his powerful father, Baki enters Arizona State Prison to take on the notorious inmate known as Mr. Unchained.', 'https://image.tmdb.org/t/p/original/3Aj7j0xHXwGntChU1VaL9seBGIe.jpg', 'https://image.tmdb.org/t/p/original/x145FSI9xJ6UbkxfabUsY2SFbu3.jpg', 'https://www.youtube.com/watch?v=SDOdIjgevrk', 8.2, 'Returning Series') ON CONFLICT DO NOTHING;
INSERT INTO tv (mediaid , lastAirDate, nextEpisodeToAir, numberOfEpisodes, numberOfSeasons) VALUES( 455, '2023-08-24', NULL , 39, 2) ON CONFLICT DO NOTHING;
INSERT INTO genres (mediaId, genre) VALUES(455, 'Animation') ON CONFLICT DO NOTHING;
INSERT INTO genres (mediaId, genre) VALUES(455, 'Action & Adventure') ON CONFLICT DO NOTHING;
INSERT INTO providers (mediaId, providerId, providerName, logoPath) VALUES( 455, 213, 'Netflix', 'https://image.tmdb.org/t/p/original/wwemzKWzjKYJFfCeiB57q3r4Bcm.png') ON CONFLICT DO NOTHING;
INSERT INTO media (mediaId, type, name, originalLanguage, adult, releaseDate, overview, backdropPath, posterPath, trailerLink, tmdbRating,  status) VALUES(456, true, 'Bob''s Burgers', 'en', False, '2011-01-09',  'Bob''s Burgers follows a third-generation restaurateur, Bob, as he runs Bob''s Burgers with the help of his wife and their three kids. Bob and his quirky family have big ideas about burgers, but fall short on service and sophistication. Despite the greasy counters, lousy location and a dearth of customers, Bob and his family are determined to make Bob''s Burgers "grand re-re-re-opening" a success.', 'https://image.tmdb.org/t/p/original/6mE69fVYpgNVXFI0ezNaiQ3GS8.jpg', 'https://image.tmdb.org/t/p/original/couFnWryh9JRmmfDyPU6hUyTKIa.jpg', 'https://www.youtube.com/watch?v=cCrZfBME9Gc', 7.9, 'Returning Series') ON CONFLICT DO NOTHING;
INSERT INTO tv (mediaid , lastAirDate, nextEpisodeToAir, numberOfEpisodes, numberOfSeasons) VALUES( 456, '2023-10-08', '2023-10-22' , 269, 14) ON CONFLICT DO NOTHING;
INSERT INTO genres (mediaId, genre) VALUES(456, 'Comedy') ON CONFLICT DO NOTHING;
INSERT INTO genres (mediaId, genre) VALUES(456, 'Animation') ON CONFLICT DO NOTHING;
INSERT INTO creators(mediaId, creatorId, creatorName) VALUES(456, 1229349, 'Jim Dauterive') ON CONFLICT DO NOTHING;
INSERT INTO creators(mediaId, creatorId, creatorName) VALUES(456, 1230593, 'Loren Bouchard') ON CONFLICT DO NOTHING;
INSERT INTO actors (mediaId, actorId , actorName, characterName, profilePath) VALUES(456, 185773, 'H. Jon Benjamin', 'Bob Belcher (voice)', 'https://image.tmdb.org/t/p/original/yZgBHrH8D9Jjo15fuQKnWV3U2OC.jpg') ON CONFLICT DO NOTHING;
INSERT INTO actors (mediaId, actorId , actorName, characterName, profilePath) VALUES(456, 1251981, 'John Roberts', 'Linda Belcher (voice)', 'https://image.tmdb.org/t/p/original/s2cF0TVUTPWUaGKfM2ADZQdkypc.jpg') ON CONFLICT DO NOTHING;
INSERT INTO actors (mediaId, actorId , actorName, characterName, profilePath) VALUES(456, 109869, 'Kristen Schaal', 'Louise Belcher (voice)', 'https://image.tmdb.org/t/p/original/s3LSHVTx8gxHP2twYsXEGa8JbLl.jpg') ON CONFLICT DO NOTHING;
INSERT INTO actors (mediaId, actorId , actorName, characterName, profilePath) VALUES(456, 1217563, 'Eugene Mirman', 'Gene Belcher (voice)', 'https://image.tmdb.org/t/p/original/7ua1lNOWxMOK8m7amVsvIatQ6G2.jpg') ON CONFLICT DO NOTHING;
INSERT INTO actors (mediaId, actorId , actorName, characterName, profilePath) VALUES(456, 224512, 'Dan Mintz', 'Tina Belcher (voice)', 'https://image.tmdb.org/t/p/original/avD0UskvT79HJNOjaZBRTPu5uoP.jpg') ON CONFLICT DO NOTHING;
INSERT INTO actors (mediaId, actorId , actorName, characterName, profilePath) VALUES(456, 1230596, 'Larry Murphy', 'Teddy (voice)', 'https://image.tmdb.org/t/p/original/bcKH9bGuVuoXdfhM7k0iE7kBiPQ.jpg') ON CONFLICT DO NOTHING;
INSERT INTO providers (mediaId, providerId, providerName, logoPath) VALUES( 456, 19, 'FOX', 'https://image.tmdb.org/t/p/original/1DSpHrWyOORkL9N2QHX7Adt31mQ.png') ON CONFLICT DO NOTHING;
INSERT INTO media (mediaId, type, name, originalLanguage, adult, releaseDate, overview, backdropPath, posterPath, trailerLink, tmdbRating,  status) VALUES(457, true, 'Peppa Pig', 'en', False, '2004-05-31',  'Peppa Pig is an energetic piggy who lives with Mummy, Daddy, and little brother George. She loves to jump in mud puddles and make loud snorting noises.', 'https://image.tmdb.org/t/p/original/qKyczRO7EUJ0NHxIscmaZbmINYp.jpg', 'https://image.tmdb.org/t/p/original/ycf1ZqisXs8ZCGmw0reD1pI2Zlp.jpg', 'None', 0, 'In Production') ON CONFLICT DO NOTHING;
INSERT INTO tv (mediaid , lastAirDate, nextEpisodeToAir, numberOfEpisodes, numberOfSeasons) VALUES( 457, '2023-02-23', NULL , 377, 7) ON CONFLICT DO NOTHING;
INSERT INTO genres (mediaId, genre) VALUES(457, 'Animation') ON CONFLICT DO NOTHING;
INSERT INTO genres (mediaId, genre) VALUES(457, 'Kids') ON CONFLICT DO NOTHING;
INSERT INTO creators(mediaId, creatorId, creatorName) VALUES(457, 1480615, 'Neville Astley') ON CONFLICT DO NOTHING;
INSERT INTO creators(mediaId, creatorId, creatorName) VALUES(457, 1193009, 'Mark Baker') ON CONFLICT DO NOTHING;
INSERT INTO actors (mediaId, actorId , actorName, characterName, profilePath) VALUES(457, 1212388, 'John Sparkes', 'Narrator (voice)', 'https://image.tmdb.org/t/p/original/kP6nILSReaAU0HpoHrs0nOvGLxU.jpg') ON CONFLICT DO NOTHING;
INSERT INTO actors (mediaId, actorId , actorName, characterName, profilePath) VALUES(457, 1675885, 'Lily Snowden-Fine', 'Peppa Pig (voice)', 'None') ON CONFLICT DO NOTHING;
INSERT INTO actors (mediaId, actorId , actorName, characterName, profilePath) VALUES(457, 59070, 'Morwenna Banks', 'Mummy Pig (voice)', 'https://image.tmdb.org/t/p/original/szyznnzWGxBpl7LTXUaVzdjR5No.jpg') ON CONFLICT DO NOTHING;
INSERT INTO actors (mediaId, actorId , actorName, characterName, profilePath) VALUES(457, 6645, 'Richard Ridings', 'Daddy Pig (voice)', 'https://image.tmdb.org/t/p/original/3Zhrt9krmRt91WhrzMkLQDZZtpH.jpg') ON CONFLICT DO NOTHING;
INSERT INTO actors (mediaId, actorId , actorName, characterName, profilePath) VALUES(457, 1652812, 'Alice May', 'George Pig (voice)', 'None') ON CONFLICT DO NOTHING;
INSERT INTO actors (mediaId, actorId , actorName, characterName, profilePath) VALUES(457, 1215096, 'Frances White', 'Granny Pig (voice)', 'None') ON CONFLICT DO NOTHING;
INSERT INTO actors (mediaId, actorId , actorName, characterName, profilePath) VALUES(457, 26706, 'David Rintoul', 'Granddad Dog (voice)', 'https://image.tmdb.org/t/p/original/uvxd4FnNsYNE5vDfOhBo2pZLbaW.jpg') ON CONFLICT DO NOTHING;
INSERT INTO actors (mediaId, actorId , actorName, characterName, profilePath) VALUES(457, 157719, 'David Graham', 'Grandpa Pig (voice)', 'https://image.tmdb.org/t/p/original/gmoxHoiMiEbUG5MX2fWRSuxp587.jpg') ON CONFLICT DO NOTHING;
INSERT INTO actors (mediaId, actorId , actorName, characterName, profilePath) VALUES(457, 1243707, 'Sarah Ann Kennedy', 'Miss Rabbit (voice)', 'None') ON CONFLICT DO NOTHING;
INSERT INTO actors (mediaId, actorId , actorName, characterName, profilePath) VALUES(457, 1232361, 'Andy Hamilton', 'Dr. Elephant (voice)', 'https://image.tmdb.org/t/p/original/lKxvXHDRECBeiGCW030tllESDPh.jpg') ON CONFLICT DO NOTHING;
INSERT INTO providers (mediaId, providerId, providerName, logoPath) VALUES( 457, 99, 'Channel 5', 'https://image.tmdb.org/t/p/original/bMuKs6xuhI0GHSsq4WWd9FsntUN.png') ON CONFLICT DO NOTHING;
INSERT INTO media (mediaId, type, name, originalLanguage, adult, releaseDate, overview, backdropPath, posterPath, trailerLink, tmdbRating,  status) VALUES(458, true, 'From Hong Kong to Beijing', 'cn', False, '2023-10-09',  'Tsui Gong-Yan, a senior executive of a property management company, took advantage of luck and his career was going smoothly. However, he and his wife Helen Kwong accidentally fell into an investment scam and suffered heavy losses. Gong-Yan was assigned to the Beijing branch as CEO, and saw this as an opportunity to turn around, so he and Helen went north to develop, but unexpectedly they encountered a mid-life crisis. Gong-Yan was forced to stay behind for the sake of face due to the rise and fall of his old enemy Ding Chi-Keung. He later met Sophie, whom he had not seen for many years, and his marriage faced a test. Food internet celebrity Tsui Gong-Man and street singer Tsui Bo-Yi each have their own reasons for moving north to join their eldest brother Gong-Yan. The family brainstorms and plans to transform an abandoned transformer factory into a cultural and creative park. Hong Kong people who are "Buddhist" must seriously fight a tough battle in life!', 'https://image.tmdb.org/t/p/original/koBW1oVje76TjLdiJ8XxueezxwV.jpg', 'https://image.tmdb.org/t/p/original/nuWoiinj5CneTSdBIZCkqNjSdzS.jpg', 'None', 0, 'Returning Series') ON CONFLICT DO NOTHING;
INSERT INTO tv (mediaid , lastAirDate, nextEpisodeToAir, numberOfEpisodes, numberOfSeasons) VALUES( 458, '2023-10-17', '2023-10-18' , 20, 1) ON CONFLICT DO NOTHING;
INSERT INTO genres (mediaId, genre) VALUES(458, 'Drama') ON CONFLICT DO NOTHING;
INSERT INTO creators(mediaId, creatorId, creatorName) VALUES(458, 1026359, 'Chung Shu-Kai') ON CONFLICT DO NOTHING;
INSERT INTO creators(mediaId, creatorId, creatorName) VALUES(458, 2064095, 'Kwok Fai Huang') ON CONFLICT DO NOTHING;
INSERT INTO actors (mediaId, actorId , actorName, characterName, profilePath) VALUES(458, 1238985, 'Ruco Chan', 'Tsui Gong-Yan', 'https://image.tmdb.org/t/p/original/xODaNdUEcVLqZdLCH87lHiN3VHs.jpg') ON CONFLICT DO NOTHING;
INSERT INTO actors (mediaId, actorId , actorName, characterName, profilePath) VALUES(458, 1263928, 'Jinny Ng', 'Helen', 'https://image.tmdb.org/t/p/original/3nOeXDNO9oN4WgcJKZ2pBQdcrG5.jpg') ON CONFLICT DO NOTHING;
INSERT INTO actors (mediaId, actorId , actorName, characterName, profilePath) VALUES(458, 2214358, 'Tony Hung', 'Raymond', 'https://image.tmdb.org/t/p/original/uj5DSbrE5UwZVChlVfKWEox2ysK.jpg') ON CONFLICT DO NOTHING;
INSERT INTO actors (mediaId, actorId , actorName, characterName, profilePath) VALUES(458, 3128023, 'Joey Thye', 'Tsui Bo Yi / Bowie', 'https://image.tmdb.org/t/p/original/qNxSIeT9na8dAl4mEUFOZ6SeAS8.jpg') ON CONFLICT DO NOTHING;
INSERT INTO actors (mediaId, actorId , actorName, characterName, profilePath) VALUES(458, 1450374, 'Jacky Cai', 'So Fei', 'https://image.tmdb.org/t/p/original/bMl4iCaaoFDVb7JVPWjTVWKqGev.jpg') ON CONFLICT DO NOTHING;
INSERT INTO actors (mediaId, actorId , actorName, characterName, profilePath) VALUES(458, 583066, 'Kelly Fu', '', 'https://image.tmdb.org/t/p/original/7SQ9FDNGDUW98o7lIQ2zp4ADn4Z.jpg') ON CONFLICT DO NOTHING;
INSERT INTO actors (mediaId, actorId , actorName, characterName, profilePath) VALUES(458, 1688662, 'James Ng Yip-Kwan', '', 'https://image.tmdb.org/t/p/original/anINDSBhEp3zieRtp5sRlTVRm2z.jpg') ON CONFLICT DO NOTHING;
INSERT INTO actors (mediaId, actorId , actorName, characterName, profilePath) VALUES(458, 4273430, 'Yvette Chan', '', 'https://image.tmdb.org/t/p/original/u06CnvvpbjHxdhl4SxUq9Gp5Lis.jpg') ON CONFLICT DO NOTHING;
INSERT INTO actors (mediaId, actorId , actorName, characterName, profilePath) VALUES(458, 985094, 'Mak Cheung-Ching', '', 'https://image.tmdb.org/t/p/original/u1lUv0JR4v0gNXjUWtfPJ43I8SA.jpg') ON CONFLICT DO NOTHING;
INSERT INTO actors (mediaId, actorId , actorName, characterName, profilePath) VALUES(458, 110846, 'Edmond Leung', '', 'https://image.tmdb.org/t/p/original/kjbq0Xs1qlazEJ700t1VLEH2G0O.jpg') ON CONFLICT DO NOTHING;
INSERT INTO providers (mediaId, providerId, providerName, logoPath) VALUES( 458, 48, 'TVB Jade', 'https://image.tmdb.org/t/p/original/v78f4q6DYdRB8dLj4rQBpqQG8pW.png') ON CONFLICT DO NOTHING;
INSERT INTO media (mediaId, type, name, originalLanguage, adult, releaseDate, overview, backdropPath, posterPath, trailerLink, tmdbRating,  status) VALUES(459, true, 'The Last Kingdom', 'en', False, '2015-10-10',  'A show of heroic deeds and epic battles with a thematic depth that embraces politics, religion, warfare, courage, love, loyalty and our universal search for identity. Combining real historical figures and events with fictional characters, it is the story of how a people combined their strength under one of the most iconic kings of history in order to reclaim their land for themselves and build a place they call home.', 'https://image.tmdb.org/t/p/original/uCqXSfHymdbDMsFx8t0u0OPSuve.jpg', 'https://image.tmdb.org/t/p/original/8eJf0hxgIhE6QSxbtuNCekTddy1.jpg', 'https://www.youtube.com/watch?v=WxPApTGWwas', 8.3, 'Ended') ON CONFLICT DO NOTHING;
INSERT INTO tv (mediaid , lastAirDate, nextEpisodeToAir, numberOfEpisodes, numberOfSeasons) VALUES( 459, '2022-03-09', NULL , 46, 5) ON CONFLICT DO NOTHING;
INSERT INTO genres (mediaId, genre) VALUES(459, 'Action & Adventure') ON CONFLICT DO NOTHING;
INSERT INTO genres (mediaId, genre) VALUES(459, 'Drama') ON CONFLICT DO NOTHING;
INSERT INTO genres (mediaId, genre) VALUES(459, 'War & Politics') ON CONFLICT DO NOTHING;
INSERT INTO creators(mediaId, creatorId, creatorName) VALUES(459, 1240815, 'Stephen Butchard') ON CONFLICT DO NOTHING;
INSERT INTO actors (mediaId, actorId , actorName, characterName, profilePath) VALUES(459, 1273309, 'Alexander Dreymon', 'Uhtred of Bebbanburg', 'https://image.tmdb.org/t/p/original/ifI2QhpUlAwiWNwdDsFMRlPovsk.jpg') ON CONFLICT DO NOTHING;
INSERT INTO actors (mediaId, actorId , actorName, characterName, profilePath) VALUES(459, 144344, 'Emily Cox', 'Brida', 'https://image.tmdb.org/t/p/original/iypZYnKcR3MGtKOkwD9KDlVnRCl.jpg') ON CONFLICT DO NOTHING;
INSERT INTO actors (mediaId, actorId , actorName, characterName, profilePath) VALUES(459, 1574968, 'Eliza Butterworth', 'Aelswith', 'https://image.tmdb.org/t/p/original/4Zy6flJGeEQAix9P0DmQT4rPAVM.jpg') ON CONFLICT DO NOTHING;
INSERT INTO actors (mediaId, actorId , actorName, characterName, profilePath) VALUES(459, 1799858, 'Mark Rowley', 'Finan', 'https://image.tmdb.org/t/p/original/6Yj5fb9kbkQPeOyxZP3gjGdsnDu.jpg') ON CONFLICT DO NOTHING;
INSERT INTO actors (mediaId, actorId , actorName, characterName, profilePath) VALUES(459, 3451119, 'Ruby Hartley', 'Stiorra', 'None') ON CONFLICT DO NOTHING;
INSERT INTO actors (mediaId, actorId , actorName, characterName, profilePath) VALUES(459, 190699, 'Cavan Clerkin', 'Father Pyrlig', 'https://image.tmdb.org/t/p/original/vkRa7SNCmdkQw8KoGWYKQQ1g4XK.jpg') ON CONFLICT DO NOTHING;
INSERT INTO actors (mediaId, actorId , actorName, characterName, profilePath) VALUES(459, 1156305, 'Arnas Fedaravicius', 'Sihtric', 'https://image.tmdb.org/t/p/original/7WfcGugvkuPqEzu0cUJBeJPt1lD.jpg') ON CONFLICT DO NOTHING;
INSERT INTO actors (mediaId, actorId , actorName, characterName, profilePath) VALUES(459, 1756015, 'Harry Gilby', 'Aethelstan', 'https://image.tmdb.org/t/p/original/eHaNRhInsS2ore7iJIByaZREjfU.jpg') ON CONFLICT DO NOTHING;
INSERT INTO actors (mediaId, actorId , actorName, characterName, profilePath) VALUES(459, 1742597, 'Timothy Innes', 'Edward', 'https://image.tmdb.org/t/p/original/qg9S0Wl5fA2EGxbfIfX7kothz5s.jpg') ON CONFLICT DO NOTHING;
INSERT INTO actors (mediaId, actorId , actorName, characterName, profilePath) VALUES(459, 1587318, 'Stefanie Martini', 'Eadith', 'https://image.tmdb.org/t/p/original/lDBFCC3JnQCd2RnZGlkVNyUvUc5.jpg') ON CONFLICT DO NOTHING;
INSERT INTO providers (mediaId, providerId, providerName, logoPath) VALUES( 459, 213, 'Netflix', 'https://image.tmdb.org/t/p/original/wwemzKWzjKYJFfCeiB57q3r4Bcm.png') ON CONFLICT DO NOTHING;
INSERT INTO providers (mediaId, providerId, providerName, logoPath) VALUES( 459, 332, 'BBC Two', 'https://image.tmdb.org/t/p/original/6kl5tMuct7u3ej5myL4c9QQVSW1.png') ON CONFLICT DO NOTHING;
INSERT INTO media (mediaId, type, name, originalLanguage, adult, releaseDate, overview, backdropPath, posterPath, trailerLink, tmdbRating,  status) VALUES(460, true, 'Psych', 'en', False, '2006-07-07',  'Thanks to his police officer father''s efforts, Shawn Spencer spent his childhood developing a keen eye for detail (and a lasting dislike of his dad). Years later, Shawn''s frequent tips to the police lead to him being falsely accused of a crime he solved.
Now, Shawn has no choice but to use his abilities to perpetuate his cover story: psychic crime-solving powers, all the while dragging his best friend, his dad, and the police along for the ride.', 'https://image.tmdb.org/t/p/original/zHA6kd8INvqMfGR9vDrn1GATKxs.jpg', 'https://image.tmdb.org/t/p/original/fDI15gTVbtW5Sbv5QenqecRxWKJ.jpg', 'https://www.youtube.com/watch?v=pYvy-N8lNGQ', 7.9, 'Ended') ON CONFLICT DO NOTHING;
INSERT INTO tv (mediaid , lastAirDate, nextEpisodeToAir, numberOfEpisodes, numberOfSeasons) VALUES( 460, '2014-03-26', NULL , 120, 8) ON CONFLICT DO NOTHING;
INSERT INTO genres (mediaId, genre) VALUES(460, 'Comedy') ON CONFLICT DO NOTHING;
INSERT INTO genres (mediaId, genre) VALUES(460, 'Drama') ON CONFLICT DO NOTHING;
INSERT INTO genres (mediaId, genre) VALUES(460, 'Mystery') ON CONFLICT DO NOTHING;
INSERT INTO creators(mediaId, creatorId, creatorName) VALUES(460, 204761, 'Steve Franks') ON CONFLICT DO NOTHING;
INSERT INTO actors (mediaId, actorId , actorName, characterName, profilePath) VALUES(460, 80219, 'James Roday Rodriguez', 'Shawn Spencer', 'https://image.tmdb.org/t/p/original/1iRFSkNsB45BHUMyWww2h6K9B8Z.jpg') ON CONFLICT DO NOTHING;
INSERT INTO actors (mediaId, actorId , actorName, characterName, profilePath) VALUES(460, 122756, 'Dulé Hill', 'Burton Guster', 'https://image.tmdb.org/t/p/original/fPJ8lIx6WwBgO2AhnHQSeiZiAUy.jpg') ON CONFLICT DO NOTHING;
INSERT INTO actors (mediaId, actorId , actorName, characterName, profilePath) VALUES(460, 134423, 'Timothy Omundson', 'Carlton Lassiter', 'https://image.tmdb.org/t/p/original/fPhLMiodU7mVegOYvJ8aoj84ZHJ.jpg') ON CONFLICT DO NOTHING;
INSERT INTO actors (mediaId, actorId , actorName, characterName, profilePath) VALUES(460, 51873, 'Maggie Lawson', 'Juliet O''Hara', 'https://image.tmdb.org/t/p/original/9AZEDpnDrOMkCf9hqWhY4szrv3X.jpg') ON CONFLICT DO NOTHING;
INSERT INTO actors (mediaId, actorId , actorName, characterName, profilePath) VALUES(460, 1219500, 'Kirsten Nelson', 'Karen Vick', 'https://image.tmdb.org/t/p/original/7TfweasXJLw5cKNAiV1xYzIJYcT.jpg') ON CONFLICT DO NOTHING;
INSERT INTO actors (mediaId, actorId , actorName, characterName, profilePath) VALUES(460, 21246, 'Corbin Bernsen', 'Henry Spencer', 'https://image.tmdb.org/t/p/original/mLftTYHrvct0VBB8pGhJjLHZUXQ.jpg') ON CONFLICT DO NOTHING;
INSERT INTO providers (mediaId, providerId, providerName, logoPath) VALUES( 460, 30, 'USA Network', 'https://image.tmdb.org/t/p/original/g1e0H0Ka97IG5SyInMXdJkHGKiH.png') ON CONFLICT DO NOTHING;
INSERT INTO media (mediaId, type, name, originalLanguage, adult, releaseDate, overview, backdropPath, posterPath, trailerLink, tmdbRating,  status) VALUES(461, true, 'The 100', 'en', False, '2014-03-19',  '100 years in the future, when the Earth has been abandoned due to radioactivity, the last surviving humans live on an ark orbiting the planet — but the ark won''t last forever. So the repressive regime picks 100 expendable juvenile delinquents to send down to Earth to see if the planet is still habitable.', 'https://image.tmdb.org/t/p/original/hTExot1sfn7dHZjGrk0Aiwpntxt.jpg', 'https://image.tmdb.org/t/p/original/wcaDIAG1QdXQLRaj4vC1EFdBT2.jpg', 'https://www.youtube.com/watch?v=aDrsItJ_HU4', 7.9, 'Ended') ON CONFLICT DO NOTHING;
INSERT INTO tv (mediaid , lastAirDate, nextEpisodeToAir, numberOfEpisodes, numberOfSeasons) VALUES( 461, '2020-09-30', NULL , 100, 7) ON CONFLICT DO NOTHING;
INSERT INTO genres (mediaId, genre) VALUES(461, 'Sci-Fi & Fantasy') ON CONFLICT DO NOTHING;
INSERT INTO genres (mediaId, genre) VALUES(461, 'Drama') ON CONFLICT DO NOTHING;
INSERT INTO genres (mediaId, genre) VALUES(461, 'Action & Adventure') ON CONFLICT DO NOTHING;
INSERT INTO creators(mediaId, creatorId, creatorName) VALUES(461, 1258670, 'Jason Rothenberg') ON CONFLICT DO NOTHING;
INSERT INTO actors (mediaId, actorId , actorName, characterName, profilePath) VALUES(461, 1213278, 'Eliza Taylor', 'Clarke Griffin', 'https://image.tmdb.org/t/p/original/igWylWFncQPoJZcmwRsACUYXtyQ.jpg') ON CONFLICT DO NOTHING;
INSERT INTO actors (mediaId, actorId , actorName, characterName, profilePath) VALUES(461, 1390882, 'Tasya Teles', 'Echo', 'https://image.tmdb.org/t/p/original/zga7iMMNRwnrIcnrxpbqGFxR5hs.jpg') ON CONFLICT DO NOTHING;
INSERT INTO actors (mediaId, actorId , actorName, characterName, profilePath) VALUES(461, 140114, 'Marie Avgeropoulos', 'Octavia Blake', 'https://image.tmdb.org/t/p/original/cCzCHmDZXrNfyzbkpxvaKDaGy77.jpg') ON CONFLICT DO NOTHING;
INSERT INTO actors (mediaId, actorId , actorName, characterName, profilePath) VALUES(461, 127733, 'Bob Morley', 'Bellamy Blake', 'https://image.tmdb.org/t/p/original/2cmGyuIhI8pGe1W3mGXK1RtQIeK.jpg') ON CONFLICT DO NOTHING;
INSERT INTO actors (mediaId, actorId , actorName, characterName, profilePath) VALUES(461, 1610710, 'Chuku Modu', 'Gabriel Santiago', 'https://image.tmdb.org/t/p/original/1yy2VDpFRGYqpaZarKvFoPdwc3Q.jpg') ON CONFLICT DO NOTHING;
INSERT INTO actors (mediaId, actorId , actorName, characterName, profilePath) VALUES(461, 62911, 'JR Bourne', 'Russell Lightbourne VII / Sheidheda', 'https://image.tmdb.org/t/p/original/ytic06VRha6addRGF7BSXXj9OkG.jpg') ON CONFLICT DO NOTHING;
INSERT INTO actors (mediaId, actorId , actorName, characterName, profilePath) VALUES(461, 2643410, 'Shelby Flannery', 'Hope Diyoza', 'https://image.tmdb.org/t/p/original/wpAuhYulI9ulm276Pzfgzolyabm.jpg') ON CONFLICT DO NOTHING;
INSERT INTO actors (mediaId, actorId , actorName, characterName, profilePath) VALUES(461, 979807, 'Shannon Kook', 'Jordan Green', 'https://image.tmdb.org/t/p/original/gBJmrtY2fBFfkQRfosLv2MNWx2J.jpg') ON CONFLICT DO NOTHING;
INSERT INTO actors (mediaId, actorId , actorName, characterName, profilePath) VALUES(461, 1148626, 'Lindsey Morgan', 'Raven Reyes', 'https://image.tmdb.org/t/p/original/fl1Jt9brtTV6vfNl5mv55SrSCZm.jpg') ON CONFLICT DO NOTHING;
INSERT INTO actors (mediaId, actorId , actorName, characterName, profilePath) VALUES(461, 144852, 'Richard Harmon', 'John Murphy', 'https://image.tmdb.org/t/p/original/OMc1TCt9GEJddnVI1o5BPIAoLV.jpg') ON CONFLICT DO NOTHING;
INSERT INTO providers (mediaId, providerId, providerName, logoPath) VALUES( 461, 71, 'The CW', 'https://image.tmdb.org/t/p/original/ge9hzeaU7nMtQ4PjkFlc68dGAJ9.png') ON CONFLICT DO NOTHING;
INSERT INTO media (mediaId, type, name, originalLanguage, adult, releaseDate, overview, backdropPath, posterPath, trailerLink, tmdbRating,  status) VALUES(462, true, 'Quantum Leap', 'en', False, '1989-03-26',  'Theorizing that one could time travel within his own lifetime, Dr. Sam Beckett stepped into the Quantum Leap accelerator and vanished... He woke to find himself trapped in the past, facing mirror images that were not his own and driven by an unknown force to change history for the better. His only guide on this journey is Al, an observer from his own time, who appears in the form of a hologram that only Sam can see and hear. And so Dr. Beckett finds himself leaping from life to life, striving to put right what once went wrong and hoping each time that his next leap will be the leap home.', 'https://image.tmdb.org/t/p/original/gYlmj1CL3fSYvmgWb0cj32uUOLS.jpg', 'https://image.tmdb.org/t/p/original/ujIGP3e3V6kDQHRhjNYtUE3fHJi.jpg', 'https://www.youtube.com/watch?v=aq-dzTREY4M', 8.1, 'Ended') ON CONFLICT DO NOTHING;
INSERT INTO tv (mediaid , lastAirDate, nextEpisodeToAir, numberOfEpisodes, numberOfSeasons) VALUES( 462, '1993-05-05', NULL , 97, 5) ON CONFLICT DO NOTHING;
INSERT INTO genres (mediaId, genre) VALUES(462, 'Sci-Fi & Fantasy') ON CONFLICT DO NOTHING;
INSERT INTO genres (mediaId, genre) VALUES(462, 'Action & Adventure') ON CONFLICT DO NOTHING;
INSERT INTO genres (mediaId, genre) VALUES(462, 'Drama') ON CONFLICT DO NOTHING;
INSERT INTO creators(mediaId, creatorId, creatorName) VALUES(462, 160145, 'Donald P. Bellisario') ON CONFLICT DO NOTHING;
INSERT INTO actors (mediaId, actorId , actorName, characterName, profilePath) VALUES(462, 2154, 'Scott Bakula', 'Sam Beckett', 'https://image.tmdb.org/t/p/original/1PEcN3iChtgMIr4iAZxj5O4YLSY.jpg') ON CONFLICT DO NOTHING;
INSERT INTO actors (mediaId, actorId , actorName, characterName, profilePath) VALUES(462, 923, 'Dean Stockwell', 'Admiral Albert "Al" Calavicci', 'https://image.tmdb.org/t/p/original/gdHo8LNElMf1XxoRYgi0UUzbJuB.jpg') ON CONFLICT DO NOTHING;
INSERT INTO actors (mediaId, actorId , actorName, characterName, profilePath) VALUES(462, 169979, 'Deborah Pratt', 'Narrator (voice)', 'https://image.tmdb.org/t/p/original/os2KNsDygdEiMlQxac6SZOOqVcm.jpg') ON CONFLICT DO NOTHING;
INSERT INTO providers (mediaId, providerId, providerName, logoPath) VALUES( 462, 6, 'NBC', 'https://image.tmdb.org/t/p/original/cm111bsDVlYaC1foL0itvEI4yLG.png') ON CONFLICT DO NOTHING;
INSERT INTO media (mediaId, type, name, originalLanguage, adult, releaseDate, overview, backdropPath, posterPath, trailerLink, tmdbRating,  status) VALUES(463, true, 'Bluey', 'en', False, '2018-10-01',  'Bluey is an inexhaustible six year-old Blue Heeler dog, who loves to play and turns everyday family life into extraordinary adventures, developing her imagination as well as her mental, physical and emotional resilience.', 'https://image.tmdb.org/t/p/original/7iTOLVTKoBLwDYcoOA1qTS6NY5y.jpg', 'https://image.tmdb.org/t/p/original/b9mY0X5T20ZM073hoa5n0dgmbfN.jpg', 'https://www.youtube.com/watch?v=2ZtG5Ba6iT0', 8.5, 'Returning Series') ON CONFLICT DO NOTHING;
INSERT INTO tv (mediaid , lastAirDate, nextEpisodeToAir, numberOfEpisodes, numberOfSeasons) VALUES( 463, '2023-06-11', NULL , 154, 3) ON CONFLICT DO NOTHING;
INSERT INTO genres (mediaId, genre) VALUES(463, 'Animation') ON CONFLICT DO NOTHING;
INSERT INTO genres (mediaId, genre) VALUES(463, 'Kids') ON CONFLICT DO NOTHING;
INSERT INTO creators(mediaId, creatorId, creatorName) VALUES(463, 1482514, 'Joe Brumm') ON CONFLICT DO NOTHING;
INSERT INTO actors (mediaId, actorId , actorName, characterName, profilePath) VALUES(463, 2139632, 'Dave McCormack', 'Bandit Heeler (Voice)', 'https://image.tmdb.org/t/p/original/yVYafBkpkngkgbzqj4aGnHxaepK.jpg') ON CONFLICT DO NOTHING;
INSERT INTO providers (mediaId, providerId, providerName, logoPath) VALUES( 463, 2854, 'ABC KIDS', 'https://image.tmdb.org/t/p/original/efIOJEqy89zWpK4fDlOXwXtTbkE.png') ON CONFLICT DO NOTHING;
INSERT INTO media (mediaId, type, name, originalLanguage, adult, releaseDate, overview, backdropPath, posterPath, trailerLink, tmdbRating,  status) VALUES(464, true, 'Supergirl', 'en', False, '2015-10-26',  'Twenty-four-year-old Kara Zor-El, who was taken in by the Danvers family when she was 13 after being sent away from Krypton, must learn to embrace her powers after previously hiding them. The Danvers teach her to be careful with her powers, until she has to reveal them during an unexpected disaster, setting her on her journey of heroism.', 'https://image.tmdb.org/t/p/original/jgb9xICHFX8wTGQ75js4uNbttQs.jpg', 'https://image.tmdb.org/t/p/original/vqBsgL9nd2v04ZvCqPzwtckDdFD.jpg', 'https://www.youtube.com/watch?v=Mh8MYFadTmQ', 7.3, 'Ended') ON CONFLICT DO NOTHING;
INSERT INTO tv (mediaid , lastAirDate, nextEpisodeToAir, numberOfEpisodes, numberOfSeasons) VALUES( 464, '2021-11-09', NULL , 126, 6) ON CONFLICT DO NOTHING;
INSERT INTO genres (mediaId, genre) VALUES(464, 'Drama') ON CONFLICT DO NOTHING;
INSERT INTO genres (mediaId, genre) VALUES(464, 'Sci-Fi & Fantasy') ON CONFLICT DO NOTHING;
INSERT INTO genres (mediaId, genre) VALUES(464, 'Action & Adventure') ON CONFLICT DO NOTHING;
INSERT INTO creators(mediaId, creatorId, creatorName) VALUES(464, 88967, 'Greg Berlanti') ON CONFLICT DO NOTHING;
INSERT INTO creators(mediaId, creatorId, creatorName) VALUES(464, 1216181, 'Ali Adler') ON CONFLICT DO NOTHING;
INSERT INTO creators(mediaId, creatorId, creatorName) VALUES(464, 1216615, 'Andrew Kreisberg') ON CONFLICT DO NOTHING;
INSERT INTO actors (mediaId, actorId , actorName, characterName, profilePath) VALUES(464, 129104, 'Melissa Benoist', 'Kara Danvers / Supergirl / Kara Zor-El', 'https://image.tmdb.org/t/p/original/1F0fCPNhb5W0WyFe8Tszfbx1DEp.jpg') ON CONFLICT DO NOTHING;
INSERT INTO actors (mediaId, actorId , actorName, characterName, profilePath) VALUES(464, 69210, 'Chyler Leigh', 'Alex Danvers / Sentinel', 'https://image.tmdb.org/t/p/original/yoL8HbWhnoTVugTV5qLJP8gVpIq.jpg') ON CONFLICT DO NOTHING;
INSERT INTO actors (mediaId, actorId , actorName, characterName, profilePath) VALUES(464, 16752, 'David Harewood', 'J''onn J''onzz / Martian Manhunter', 'https://image.tmdb.org/t/p/original/8scO8ISd5UH6MNMr9kyb4H6aAWD.jpg') ON CONFLICT DO NOTHING;
INSERT INTO actors (mediaId, actorId , actorName, characterName, profilePath) VALUES(464, 150587, 'Katie McGrath', 'Lena Luthor', 'https://image.tmdb.org/t/p/original/cq9pc7qFRUKCrkXgsi5mJkb64U5.jpg') ON CONFLICT DO NOTHING;
INSERT INTO actors (mediaId, actorId , actorName, characterName, profilePath) VALUES(464, 96593, 'Jesse Rath', 'Querl ''Brainy'' Dox / Brainiac-5', 'https://image.tmdb.org/t/p/original/AphsaApS4dINg5y3oO9Y2qDDbeV.jpg') ON CONFLICT DO NOTHING;
INSERT INTO actors (mediaId, actorId , actorName, characterName, profilePath) VALUES(464, 1718957, 'Nicole Maines', 'Nia Nal / Dreamer', 'https://image.tmdb.org/t/p/original/4LBk3R26NpjH78hJ2W1T8h3luil.jpg') ON CONFLICT DO NOTHING;
INSERT INTO actors (mediaId, actorId , actorName, characterName, profilePath) VALUES(464, 134238, 'Azie Tesfai', 'Kelly Olsen / Guardian', 'https://image.tmdb.org/t/p/original/fWQtyjPDHArabFap9w4GuDhv7Qf.jpg') ON CONFLICT DO NOTHING;
INSERT INTO actors (mediaId, actorId , actorName, characterName, profilePath) VALUES(464, 68769, 'Julie Gonzalo', 'Andrea Rojas / Acrata', 'https://image.tmdb.org/t/p/original/6clO3lFK6dn3lBXe8zZoRNPbERr.jpg') ON CONFLICT DO NOTHING;
INSERT INTO actors (mediaId, actorId , actorName, characterName, profilePath) VALUES(464, 1564557, 'Staz Nair', 'William Dey', 'https://image.tmdb.org/t/p/original/piy88vdM9eKQ8ZjbF73BXz84cRu.jpg') ON CONFLICT DO NOTHING;
INSERT INTO actors (mediaId, actorId , actorName, characterName, profilePath) VALUES(464, 220914, 'Peta Sergeant', 'Nyxlygsptlnz / ''Nyxly''', 'https://image.tmdb.org/t/p/original/p3TQZWxaiZLk84vaKqQTqXEsAKJ.jpg') ON CONFLICT DO NOTHING;
INSERT INTO providers (mediaId, providerId, providerName, logoPath) VALUES( 464, 16, 'CBS', 'https://image.tmdb.org/t/p/original/wju8KhOUsR5y4bH9p3Jc50hhaLO.png') ON CONFLICT DO NOTHING;
INSERT INTO providers (mediaId, providerId, providerName, logoPath) VALUES( 464, 71, 'The CW', 'https://image.tmdb.org/t/p/original/ge9hzeaU7nMtQ4PjkFlc68dGAJ9.png') ON CONFLICT DO NOTHING;
INSERT INTO media (mediaId, type, name, originalLanguage, adult, releaseDate, overview, backdropPath, posterPath, trailerLink, tmdbRating,  status) VALUES(465, true, 'The Winter King', 'en', False, '2023-12-21',  'Bastard son Arthur returns to the land he''s been banished from to find a kingdom in chaos. Seeking the aid of his oldest confidants, Arthur aims to right Britain''s path as he faces the most unexpected of obstacles.', 'https://image.tmdb.org/t/p/original/1dj1BYNBt4bictaUJPbszPiDCnc.jpg', 'https://image.tmdb.org/t/p/original/fYx5q9hPAmbDrWzsYUDhxZJnigC.jpg', 'https://www.youtube.com/watch?v=oZLAtg-yuPA', 0, 'Returning Series') ON CONFLICT DO NOTHING;
INSERT INTO tv (mediaid , lastAirDate, nextEpisodeToAir, numberOfEpisodes, numberOfSeasons) VALUES( 465, NULL, '2023-12-21' , 10, 1) ON CONFLICT DO NOTHING;
INSERT INTO genres (mediaId, genre) VALUES(465, 'Drama') ON CONFLICT DO NOTHING;
INSERT INTO creators(mediaId, creatorId, creatorName) VALUES(465, 24167, 'Ed Whitmore') ON CONFLICT DO NOTHING;
INSERT INTO creators(mediaId, creatorId, creatorName) VALUES(465, 232498, 'Kate Brooke') ON CONFLICT DO NOTHING;
INSERT INTO actors (mediaId, actorId , actorName, characterName, profilePath) VALUES(465, 956764, 'Iain De Caestecker', 'Arthur Pendragon', 'https://image.tmdb.org/t/p/original/1xYV3gY412Sy2f5LE2gi5is0GaV.jpg') ON CONFLICT DO NOTHING;
INSERT INTO actors (mediaId, actorId , actorName, characterName, profilePath) VALUES(465, 3765540, 'Stuart Campbell', 'Derfel Cadarn', 'https://image.tmdb.org/t/p/original/tHfoXNuaIr7T0CvM6l55NTr40Ay.jpg') ON CONFLICT DO NOTHING;
INSERT INTO actors (mediaId, actorId , actorName, characterName, profilePath) VALUES(465, 2112442, 'Ellie James', 'Nimue', 'https://image.tmdb.org/t/p/original/sfWWp69KlcxuIuymP7jOuW49FS7.jpg') ON CONFLICT DO NOTHING;
INSERT INTO actors (mediaId, actorId , actorName, characterName, profilePath) VALUES(465, 80371, 'Steven Elder', 'Bishop Bedwin', 'https://image.tmdb.org/t/p/original/gnx8icv0FQ8f4qZFPFLpoWQoKFX.jpg') ON CONFLICT DO NOTHING;
INSERT INTO actors (mediaId, actorId , actorName, characterName, profilePath) VALUES(465, 583815, 'Valene Kane', 'Morgan', 'https://image.tmdb.org/t/p/original/qO978VX2GqT81tkapFoyPBs1r6U.jpg') ON CONFLICT DO NOTHING;
INSERT INTO actors (mediaId, actorId , actorName, characterName, profilePath) VALUES(465, 119687, 'Simon Merrells', 'Gundleus', 'https://image.tmdb.org/t/p/original/87IYseF7F2RRUWYGkoXfsCiv0Cn.jpg') ON CONFLICT DO NOTHING;
INSERT INTO actors (mediaId, actorId , actorName, characterName, profilePath) VALUES(465, 2089960, 'Ken Nwosu', 'Sagramor', 'https://image.tmdb.org/t/p/original/n6zobSGBDmOEWIGNG4mlcg9evrs.jpg') ON CONFLICT DO NOTHING;
INSERT INTO actors (mediaId, actorId , actorName, characterName, profilePath) VALUES(465, 3225965, 'Olumide Olorunfemi', 'Lunete', 'https://image.tmdb.org/t/p/original/i8VSGkFdQ0PC3OgCAyaiak8oK1A.jpg') ON CONFLICT DO NOTHING;
INSERT INTO actors (mediaId, actorId , actorName, characterName, profilePath) VALUES(465, 1642036, 'Billy Postlethwaite', 'Cadwys', 'https://image.tmdb.org/t/p/original/cpHNAqOBP8SIcml1A8ODmtuEyNh.jpg') ON CONFLICT DO NOTHING;
INSERT INTO actors (mediaId, actorId , actorName, characterName, profilePath) VALUES(465, 1131724, 'Daniel Ings', 'Owain', 'https://image.tmdb.org/t/p/original/VHtgRMz5t0F8DEjYMxSmY09DTw.jpg') ON CONFLICT DO NOTHING;
INSERT INTO providers (mediaId, providerId, providerName, logoPath) VALUES( 465, 5871, 'ITVX', 'https://image.tmdb.org/t/p/original/9NZkB99XBofL8XCBV19lKEfhAkU.png') ON CONFLICT DO NOTHING;
INSERT INTO media (mediaId, type, name, originalLanguage, adult, releaseDate, overview, backdropPath, posterPath, trailerLink, tmdbRating,  status) VALUES(466, true, 'Conan', 'en', False, '2010-11-08',  'A late night television talk show hosted by  Conan O''Brien.', 'https://image.tmdb.org/t/p/original/jO803koX4pYjGuxjOkLytCusuJm.jpg', 'https://image.tmdb.org/t/p/original/oQxrvUhP3ycwnlxIrIMQ9Z3kleq.jpg', 'None', 7.1, 'Ended') ON CONFLICT DO NOTHING;
INSERT INTO tv (mediaid , lastAirDate, nextEpisodeToAir, numberOfEpisodes, numberOfSeasons) VALUES( 466, '2021-06-24', NULL , 1510, 11) ON CONFLICT DO NOTHING;
INSERT INTO genres (mediaId, genre) VALUES(466, 'Talk') ON CONFLICT DO NOTHING;
INSERT INTO genres (mediaId, genre) VALUES(466, 'Comedy') ON CONFLICT DO NOTHING;
INSERT INTO genres (mediaId, genre) VALUES(466, 'News') ON CONFLICT DO NOTHING;
INSERT INTO creators(mediaId, creatorId, creatorName) VALUES(466, 81200, 'Conan O''Brien') ON CONFLICT DO NOTHING;
INSERT INTO actors (mediaId, actorId , actorName, characterName, profilePath) VALUES(466, 81200, 'Conan O''Brien', 'Self - Host', 'https://image.tmdb.org/t/p/original/zlALLZ3c9BciE85XaKq9RrrEp1E.jpg') ON CONFLICT DO NOTHING;
INSERT INTO actors (mediaId, actorId , actorName, characterName, profilePath) VALUES(466, 28637, 'Andy Richter', '', 'https://image.tmdb.org/t/p/original/qazhLkyKOsPmdOQSaUWWbbUjs9q.jpg') ON CONFLICT DO NOTHING;
INSERT INTO providers (mediaId, providerId, providerName, logoPath) VALUES( 466, 68, 'TBS', 'https://image.tmdb.org/t/p/original/65r0kR6MfOBYF0gEQsJGM6v5fEG.png') ON CONFLICT DO NOTHING;
INSERT INTO media (mediaId, type, name, originalLanguage, adult, releaseDate, overview, backdropPath, posterPath, trailerLink, tmdbRating,  status) VALUES(467, true, 'Gilmore Girls', 'en', False, '2000-10-05',  'Set in the charming town of Stars Hollow, Connecticut, the series follows the captivating lives of Lorelai and Rory Gilmore, a mother/daughter pair who have a relationship most people only dream of.', 'https://image.tmdb.org/t/p/original/jFg7lMtkttNNme3cSTyj2BgerQX.jpg', 'https://image.tmdb.org/t/p/original/d2Aw8BloAZQTmXMjNoy2M6KekLi.jpg', 'https://www.youtube.com/watch?v=Ac47mma8XRA', 7.9, 'Canceled') ON CONFLICT DO NOTHING;
INSERT INTO tv (mediaid , lastAirDate, nextEpisodeToAir, numberOfEpisodes, numberOfSeasons) VALUES( 467, '2007-05-15', NULL , 153, 7) ON CONFLICT DO NOTHING;
INSERT INTO genres (mediaId, genre) VALUES(467, 'Comedy') ON CONFLICT DO NOTHING;
INSERT INTO genres (mediaId, genre) VALUES(467, 'Drama') ON CONFLICT DO NOTHING;
INSERT INTO creators(mediaId, creatorId, creatorName) VALUES(467, 1222946, 'Amy Sherman-Palladino') ON CONFLICT DO NOTHING;
INSERT INTO actors (mediaId, actorId , actorName, characterName, profilePath) VALUES(467, 16858, 'Lauren Graham', 'Lorelai Gilmore', 'https://image.tmdb.org/t/p/original/4QKfzQAlSpfxVyX9fAJfpRg0EU9.jpg') ON CONFLICT DO NOTHING;
INSERT INTO actors (mediaId, actorId , actorName, characterName, profilePath) VALUES(467, 6279, 'Alexis Bledel', 'Rory Gilmore', 'https://image.tmdb.org/t/p/original/gtgoEqZfp5BR7enP2UwQH28i8PL.jpg') ON CONFLICT DO NOTHING;
INSERT INTO actors (mediaId, actorId , actorName, characterName, profilePath) VALUES(467, 35467, 'Keiko Agena', 'Lane Kim', 'https://image.tmdb.org/t/p/original/7v2XH9LQts17OQtsprzpNiWAWEu.jpg') ON CONFLICT DO NOTHING;
INSERT INTO actors (mediaId, actorId , actorName, characterName, profilePath) VALUES(467, 50020, 'Scott Patterson', 'Luke Danes', 'https://image.tmdb.org/t/p/original/qTm0LFuV8DktunzKa5T3UZoq1tC.jpg') ON CONFLICT DO NOTHING;
INSERT INTO actors (mediaId, actorId , actorName, characterName, profilePath) VALUES(467, 131646, 'Yanic Truesdale', 'Michel Gerard', 'https://image.tmdb.org/t/p/original/pHXlAs0kdzbi0qOmT8uOFdRJV0j.jpg') ON CONFLICT DO NOTHING;
INSERT INTO actors (mediaId, actorId , actorName, characterName, profilePath) VALUES(467, 728, 'Kelly Bishop', 'Emily Gilmore', 'https://image.tmdb.org/t/p/original/8b0SGs60ZiWwoloLZJObJRLkLc3.jpg') ON CONFLICT DO NOTHING;
INSERT INTO actors (mediaId, actorId , actorName, characterName, profilePath) VALUES(467, 52995, 'Edward Herrmann', 'Richard Gilmore', 'https://image.tmdb.org/t/p/original/sO9IoAlw3CLJZT6UF35cZBcTYRV.jpg') ON CONFLICT DO NOTHING;
INSERT INTO actors (mediaId, actorId , actorName, characterName, profilePath) VALUES(467, 51663, 'Sean Gunn', 'Kirk Gleason', 'https://image.tmdb.org/t/p/original/qCK69067l2iubd5DHxnaWAUou5y.jpg') ON CONFLICT DO NOTHING;
INSERT INTO actors (mediaId, actorId , actorName, characterName, profilePath) VALUES(467, 55536, 'Melissa McCarthy', 'Sookie St. James', 'https://image.tmdb.org/t/p/original/nRNMJlqR33j84cGdB0RxstV3NYm.jpg') ON CONFLICT DO NOTHING;
INSERT INTO actors (mediaId, actorId , actorName, characterName, profilePath) VALUES(467, 55546, 'Liza Weil', 'Paris Geller', 'https://image.tmdb.org/t/p/original/eYR8oJnVKfCR73OlF7Uy2oC2MM3.jpg') ON CONFLICT DO NOTHING;
INSERT INTO providers (mediaId, providerId, providerName, logoPath) VALUES( 467, 21, 'The WB', 'https://image.tmdb.org/t/p/original/9GlDHjQj9c2dkfARCR3zlH87R66.png') ON CONFLICT DO NOTHING;
INSERT INTO providers (mediaId, providerId, providerName, logoPath) VALUES( 467, 71, 'The CW', 'https://image.tmdb.org/t/p/original/ge9hzeaU7nMtQ4PjkFlc68dGAJ9.png') ON CONFLICT DO NOTHING;
INSERT INTO media (mediaId, type, name, originalLanguage, adult, releaseDate, overview, backdropPath, posterPath, trailerLink, tmdbRating,  status) VALUES(468, true, 'Naruto', 'ja', False, '2002-10-03',  '“I will become Hokage one day...Believe it!” Naruto Uzumaki, the outcast of the Hidden Leaf Village, has a dream of one day becoming the Hokage, the leader of the village. Due to having the Nine-Tailed Fox sealed within him, Naruto''s upbringing was one of isolation. But his days of loneliness end when he begins going on missions as a member of Team 7 alongside Sasuke, Sakura, and the team''s Jonin leader, Kakashi!', 'https://image.tmdb.org/t/p/original/xuJ0F9RfKvVSJNDg2usurQ9WvY5.jpg', 'https://image.tmdb.org/t/p/original/5YW0RIlVAhyp3pGtugyNuvk2TWT.jpg', 'https://www.youtube.com/watch?v=-G9BqkgZXRA', 8.4, 'Ended') ON CONFLICT DO NOTHING;
INSERT INTO tv (mediaid , lastAirDate, nextEpisodeToAir, numberOfEpisodes, numberOfSeasons) VALUES( 468, '2007-02-08', NULL , 220, 4) ON CONFLICT DO NOTHING;
INSERT INTO genres (mediaId, genre) VALUES(468, 'Animation') ON CONFLICT DO NOTHING;
INSERT INTO genres (mediaId, genre) VALUES(468, 'Action & Adventure') ON CONFLICT DO NOTHING;
INSERT INTO genres (mediaId, genre) VALUES(468, 'Sci-Fi & Fantasy') ON CONFLICT DO NOTHING;
INSERT INTO actors (mediaId, actorId , actorName, characterName, profilePath) VALUES(468, 82055, 'Junko Takeuchi', 'Naruto Uzumaki (voice)', 'https://image.tmdb.org/t/p/original/zNjrblq3xS1idpCsmSl5P5eTon7.jpg') ON CONFLICT DO NOTHING;
INSERT INTO actors (mediaId, actorId , actorName, characterName, profilePath) VALUES(468, 82056, 'Noriaki Sugiyama', 'Sasuke Uchiha (voice)', 'https://image.tmdb.org/t/p/original/szqqQ8T0gzuSxjU2rnWcthsaSJT.jpg') ON CONFLICT DO NOTHING;
INSERT INTO actors (mediaId, actorId , actorName, characterName, profilePath) VALUES(468, 82057, 'Chie Nakamura', 'Sakura Haruno (voice)', 'https://image.tmdb.org/t/p/original/evB6vKUbm0CKgBcgikPeFXdwd29.jpg') ON CONFLICT DO NOTHING;
INSERT INTO actors (mediaId, actorId , actorName, characterName, profilePath) VALUES(468, 89968, 'Kazuhiko Inoue', 'Kakashi Hatake (voice)', 'https://image.tmdb.org/t/p/original/kRndwjOOlNi84NqIGbnitpJCQ6k.jpg') ON CONFLICT DO NOTHING;
INSERT INTO actors (mediaId, actorId , actorName, characterName, profilePath) VALUES(468, 1213848, 'Hidekatsu Shibata', 'Hiruzen Sarutobi (3º Hokage) (voice)', 'https://image.tmdb.org/t/p/original/hnKQe1GpuLAZY8pDnJc6eXIQzfv.jpg') ON CONFLICT DO NOTHING;
INSERT INTO actors (mediaId, actorId , actorName, characterName, profilePath) VALUES(468, 550662, 'Koichi Tochika', 'Neji Hyuga (voice)', 'https://image.tmdb.org/t/p/original/wZYe5RmOLYIhpesKEaFIxz7YN7G.jpg') ON CONFLICT DO NOTHING;
INSERT INTO actors (mediaId, actorId , actorName, characterName, profilePath) VALUES(468, 111531, 'Masashi Ebara', 'Might Guy (voice)', 'https://image.tmdb.org/t/p/original/5O2aZ7Hc2dkBRLkyzKYp0PtLZW0.jpg') ON CONFLICT DO NOTHING;
INSERT INTO actors (mediaId, actorId , actorName, characterName, profilePath) VALUES(468, 89971, 'Yōichi Masukawa', 'Rock Lee (voice)', 'https://image.tmdb.org/t/p/original/sE664CcqM1pvoWsYsca7szlIzl5.jpg') ON CONFLICT DO NOTHING;
INSERT INTO actors (mediaId, actorId , actorName, characterName, profilePath) VALUES(468, 203268, 'Yukari Tamura', 'Tenten (voice)', 'https://image.tmdb.org/t/p/original/a7i0z9x5HGpvPHlpV5tyryFuTHI.jpg') ON CONFLICT DO NOTHING;
INSERT INTO actors (mediaId, actorId , actorName, characterName, profilePath) VALUES(468, 114906, 'Ryoka Yuzuki', 'Ino Yamanaka (voice)', 'https://image.tmdb.org/t/p/original/rizvCqUDzg6ArDBXt6Dv1eS9tIG.jpg') ON CONFLICT DO NOTHING;
INSERT INTO providers (mediaId, providerId, providerName, logoPath) VALUES( 468, 98, 'TV Tokyo', 'https://image.tmdb.org/t/p/original/1oTje9uOhRcuLSAc8ERn0cnG51i.png') ON CONFLICT DO NOTHING;
INSERT INTO media (mediaId, type, name, originalLanguage, adult, releaseDate, overview, backdropPath, posterPath, trailerLink, tmdbRating,  status) VALUES(469, true, 'Rent-a-Girlfriend', 'ja', False, '2020-07-11',  'Kinoshita Kazuya is a 20-year-old failure of a college student. He managed to kiss his girlfriend once, but was dumped after a month. Completely spiteful, Kazuya uses a certain method to date a girl. He goes to their meeting place and a beautiful girl brushing her long, black hair behind her ear was there, smiling at him. Her name was Mizuhara Chizuru. Something real is born after just a single rental! A reckless rom-com filled with love and excitement is about to begin!', 'https://image.tmdb.org/t/p/original/ullfy98STkno11rDGi44SK6llwx.jpg', 'https://image.tmdb.org/t/p/original/6ZpDPUNtVw6UdJoStvVlRZ62yAi.jpg', 'https://www.youtube.com/watch?v=jZFEtc3CKHs', 8.5, 'Ended') ON CONFLICT DO NOTHING;
INSERT INTO tv (mediaid , lastAirDate, nextEpisodeToAir, numberOfEpisodes, numberOfSeasons) VALUES( 469, '2023-09-30', NULL , 36, 1) ON CONFLICT DO NOTHING;
INSERT INTO genres (mediaId, genre) VALUES(469, 'Animation') ON CONFLICT DO NOTHING;
INSERT INTO genres (mediaId, genre) VALUES(469, 'Comedy') ON CONFLICT DO NOTHING;
INSERT INTO actors (mediaId, actorId , actorName, characterName, profilePath) VALUES(469, 1922640, 'Shun Horie', 'Kazuya Kinoshita (voice)', 'https://image.tmdb.org/t/p/original/rSDHKDKS3aGWrU1EOGUAtbbj5Ga.jpg') ON CONFLICT DO NOTHING;
INSERT INTO actors (mediaId, actorId , actorName, characterName, profilePath) VALUES(469, 1325034, 'Sora Amamiya', 'Chizuru Mizuhara (voice)', 'https://image.tmdb.org/t/p/original/4ZZcdFH4QgbIC8AeJ3BLG1ue7G5.jpg') ON CONFLICT DO NOTHING;
INSERT INTO actors (mediaId, actorId , actorName, characterName, profilePath) VALUES(469, 936275, 'Aoi Yuki', 'Mami Nanami (voice)', 'https://image.tmdb.org/t/p/original/4kHNZSUIux52UU2BD3H6b5c5ymZ.jpg') ON CONFLICT DO NOTHING;
INSERT INTO actors (mediaId, actorId , actorName, characterName, profilePath) VALUES(469, 1168909, 'Nao Toyama', 'Ruka Sarashina (voice)', 'https://image.tmdb.org/t/p/original/1tl5iuYb2VvCfTzC9iPaBxASrXs.jpg') ON CONFLICT DO NOTHING;
INSERT INTO actors (mediaId, actorId , actorName, characterName, profilePath) VALUES(469, 1492982, 'Rie Takahashi', 'Sumi Sakurasawa (voice)', 'https://image.tmdb.org/t/p/original/6S7G3FZnma2vo4B8ODqAdbeRKda.jpg') ON CONFLICT DO NOTHING;
INSERT INTO actors (mediaId, actorId , actorName, characterName, profilePath) VALUES(469, 1356201, 'Yu Serizawa', 'Mini Yaemori (voice)', 'https://image.tmdb.org/t/p/original/tpB1XMC4zcfxmMbIvb2RsyWRB9l.jpg') ON CONFLICT DO NOTHING;
INSERT INTO actors (mediaId, actorId , actorName, characterName, profilePath) VALUES(469, 1251011, 'Yukari Nozawa', 'Nagomi Kinoshita (voice)', 'https://image.tmdb.org/t/p/original/tHKJYzOtJeRLqN4zPyeGDlO11MG.jpg') ON CONFLICT DO NOTHING;
INSERT INTO actors (mediaId, actorId , actorName, characterName, profilePath) VALUES(469, 1253138, 'Sayuri Sadaoka', 'Sayuri Ichinose (voice)', 'https://image.tmdb.org/t/p/original/t3znN51LFsCFazz0bggDJVkugk7.jpg') ON CONFLICT DO NOTHING;
INSERT INTO actors (mediaId, actorId , actorName, characterName, profilePath) VALUES(469, 2318578, 'Masayuki Akasaka', 'Yoshiaki Kibe (voice)', 'https://image.tmdb.org/t/p/original/mnheA9B99yVUL2mDHjnsmTyDJIw.jpg') ON CONFLICT DO NOTHING;
INSERT INTO actors (mediaId, actorId , actorName, characterName, profilePath) VALUES(469, 1919881, 'Gakuto Kajiwara', 'Shun Kuribayashi (voice)', 'https://image.tmdb.org/t/p/original/kUer38jXf7vTD2TGGxJMZVYL5Te.jpg') ON CONFLICT DO NOTHING;
INSERT INTO providers (mediaId, providerId, providerName, logoPath) VALUES( 469, 94, 'MBS', 'https://image.tmdb.org/t/p/original/7RNXnyiMbjgqtPAjja13wchcrGI.png') ON CONFLICT DO NOTHING;
INSERT INTO providers (mediaId, providerId, providerName, logoPath) VALUES( 469, 160, 'TBS', 'https://image.tmdb.org/t/p/original/lUACMATs6jcscXIrzNCQzbvNVN5.png') ON CONFLICT DO NOTHING;
INSERT INTO providers (mediaId, providerId, providerName, logoPath) VALUES( 469, 201, 'CBC', 'https://image.tmdb.org/t/p/original/qNooLje0YQh1y3y9LUM2Y5QCtiF.png') ON CONFLICT DO NOTHING;
INSERT INTO providers (mediaId, providerId, providerName, logoPath) VALUES( 469, 896, 'Tulip Television', 'https://image.tmdb.org/t/p/original/qfUzYnpnN5bnd2bqGUH0OlAMell.png') ON CONFLICT DO NOTHING;
INSERT INTO providers (mediaId, providerId, providerName, logoPath) VALUES( 469, 1559, 'SBC', 'https://image.tmdb.org/t/p/original/artkCykJgOAh6lAjfrNNgANasgk.png') ON CONFLICT DO NOTHING;
INSERT INTO providers (mediaId, providerId, providerName, logoPath) VALUES( 469, 2460, 'BSN', 'https://image.tmdb.org/t/p/original/34sNEcsgcTAuDidRMrgxdfNyVjL.png') ON CONFLICT DO NOTHING;
INSERT INTO providers (mediaId, providerId, providerName, logoPath) VALUES( 469, 2461, 'tys', 'https://image.tmdb.org/t/p/original/b4Ivxqz6UY0EogjYc09Y22ctC6F.png') ON CONFLICT DO NOTHING;
INSERT INTO providers (mediaId, providerId, providerName, logoPath) VALUES( 469, 2462, 'NBC', 'https://image.tmdb.org/t/p/original/7zXfwh5ZhFqvdOWgWX80weU6Sqb.png') ON CONFLICT DO NOTHING;
INSERT INTO providers (mediaId, providerId, providerName, logoPath) VALUES( 469, 3658, 'HBC', 'https://image.tmdb.org/t/p/original/sJwRsE1lfMwAwYZi1OtRfn7V03t.png') ON CONFLICT DO NOTHING;
INSERT INTO providers (mediaId, providerId, providerName, logoPath) VALUES( 469, 3705, 'RKK Kumamoto Broadcasting', 'https://image.tmdb.org/t/p/original/zOgixhlAa61yUb32bsXvRtD63wI.png') ON CONFLICT DO NOTHING;
INSERT INTO providers (mediaId, providerId, providerName, logoPath) VALUES( 469, 3969, 'i-Television', 'https://image.tmdb.org/t/p/original/nhCsLIGjzIIp6jIFCdHN0cQEzjP.png') ON CONFLICT DO NOTHING;
INSERT INTO providers (mediaId, providerId, providerName, logoPath) VALUES( 469, 3970, 'SBS TV', 'https://image.tmdb.org/t/p/original/9coKtCf4jSNCdSqGveVFyzvjrZt.png') ON CONFLICT DO NOTHING;
INSERT INTO providers (mediaId, providerId, providerName, logoPath) VALUES( 469, 3971, 'IBC Iwate Broadcasting', 'https://image.tmdb.org/t/p/original/6bhZ2SWdYTbSTQf8Bhmf1q0aBef.png') ON CONFLICT DO NOTHING;
INSERT INTO providers (mediaId, providerId, providerName, logoPath) VALUES( 469, 3972, 'BSS', 'https://image.tmdb.org/t/p/original/rL2IlndcEiQnIbym5EoSEM7rGlx.png') ON CONFLICT DO NOTHING;
INSERT INTO providers (mediaId, providerId, providerName, logoPath) VALUES( 469, 3973, 'Hokuriku Broadcasting', 'https://image.tmdb.org/t/p/original/dh4E8hGvqD9Xqu51kbqUU06UKbt.png') ON CONFLICT DO NOTHING;
INSERT INTO providers (mediaId, providerId, providerName, logoPath) VALUES( 469, 3974, 'Oita Broadcasting System', 'https://image.tmdb.org/t/p/original/yMQxsmGs88q54bslmcSeXlmpObC.png') ON CONFLICT DO NOTHING;
INSERT INTO providers (mediaId, providerId, providerName, logoPath) VALUES( 469, 3975, 'TV-U Fukushima', 'https://image.tmdb.org/t/p/original/6ACZlk44MWsIIwYHxjRGXGKlpRb.png') ON CONFLICT DO NOTHING;
INSERT INTO providers (mediaId, providerId, providerName, logoPath) VALUES( 469, 3977, 'RSK', 'https://image.tmdb.org/t/p/original/sGMMrdCmptaLLwJX7CsXTDaduLO.png') ON CONFLICT DO NOTHING;
INSERT INTO providers (mediaId, providerId, providerName, logoPath) VALUES( 469, 3978, 'TV-U Yamagata', 'https://image.tmdb.org/t/p/original/zOz9LK6WWLUWGuG0fthzDzCIXlA.png') ON CONFLICT DO NOTHING;
INSERT INTO providers (mediaId, providerId, providerName, logoPath) VALUES( 469, 3979, 'Tohoku Broadcasting', 'https://image.tmdb.org/t/p/original/yWlWHPUn6FHjNUulL1vp8croYFw.png') ON CONFLICT DO NOTHING;
INSERT INTO providers (mediaId, providerId, providerName, logoPath) VALUES( 469, 4748, 'RKB', 'https://image.tmdb.org/t/p/original/o5Hlt7ZXJPEm4Qrx2Pl2rtc9A5y.png') ON CONFLICT DO NOTHING;
INSERT INTO providers (mediaId, providerId, providerName, logoPath) VALUES( 469, 4792, 'TV Kochi Broadcasting', 'https://image.tmdb.org/t/p/original/8kzeHaKeW3gZubs3cqlGWFvfJI7.png') ON CONFLICT DO NOTHING;
INSERT INTO providers (mediaId, providerId, providerName, logoPath) VALUES( 469, 4859, 'Ryukyu Broadcasting', 'https://image.tmdb.org/t/p/original/6jr76BpIItwLV5oKbZmRJsVh3c6.png') ON CONFLICT DO NOTHING;
INSERT INTO providers (mediaId, providerId, providerName, logoPath) VALUES( 469, 6171, 'TV Yamanashi', 'https://image.tmdb.org/t/p/original/ekXN1cfYutjLfudy1MKyGzNynEa.png') ON CONFLICT DO NOTHING;
INSERT INTO providers (mediaId, providerId, providerName, logoPath) VALUES( 469, 6172, 'RCC', 'https://image.tmdb.org/t/p/original/mKslL0MTHHt9ukugWOv3Vh8Tn0E.png') ON CONFLICT DO NOTHING;
INSERT INTO providers (mediaId, providerId, providerName, logoPath) VALUES( 469, 6173, 'MRT Miyazaki Broadcasting', 'https://image.tmdb.org/t/p/original/YfewT1YYtAqkgvdu8oCX4mnJCs.png') ON CONFLICT DO NOTHING;
INSERT INTO providers (mediaId, providerId, providerName, logoPath) VALUES( 469, 6174, 'ATV', 'https://image.tmdb.org/t/p/original/aawphEBuBGT9RVP6xG3BZV8NOCw.png') ON CONFLICT DO NOTHING;
INSERT INTO providers (mediaId, providerId, providerName, logoPath) VALUES( 469, 6175, 'MBC South Japan Broadcasting', 'https://image.tmdb.org/t/p/original/iaaU6q82URj2mBbjQIbfAMUz14J.png') ON CONFLICT DO NOTHING;
INSERT INTO media (mediaId, type, name, originalLanguage, adult, releaseDate, overview, backdropPath, posterPath, trailerLink, tmdbRating,  status) VALUES(470, true, '4Ever', 'es', False, '2023-10-11',  'Young musicians Ian, Andy, Dario, and Ciro meet by chance in a restaurant when a valuable guitar that one of them had borrowed disappears. Together, they must find a way to recover it and return it to its owner. To achieve their goal, they must become a recognized boy band in Miami, barely knowing each other.', 'https://image.tmdb.org/t/p/original/dF6tYwr6kcqrrnHttSO6bfTYuiw.jpg', 'https://image.tmdb.org/t/p/original/6M92hXiFXWRerovw4dRZBOMhY7Z.jpg', 'https://www.youtube.com/watch?v=bGY6vLBc7eo', 9.3, 'Ended') ON CONFLICT DO NOTHING;
INSERT INTO tv (mediaid , lastAirDate, nextEpisodeToAir, numberOfEpisodes, numberOfSeasons) VALUES( 470, '2023-10-11', NULL , 5, 1) ON CONFLICT DO NOTHING;
INSERT INTO genres (mediaId, genre) VALUES(470, 'Drama') ON CONFLICT DO NOTHING;
INSERT INTO genres (mediaId, genre) VALUES(470, 'Comedy') ON CONFLICT DO NOTHING;
INSERT INTO actors (mediaId, actorId , actorName, characterName, profilePath) VALUES(470, 2444126, 'Christopher Vélez', 'Andy', 'https://image.tmdb.org/t/p/original/ubPj1iSLIt87j0PTsj6V307sZlX.jpg') ON CONFLICT DO NOTHING;
INSERT INTO actors (mediaId, actorId , actorName, characterName, profilePath) VALUES(470, 2444128, 'Zabdiel De Jesús', 'Ciro', 'https://image.tmdb.org/t/p/original/wNv7ttSSA5DqmRfdp9WSbWsXthr.jpg') ON CONFLICT DO NOTHING;
INSERT INTO actors (mediaId, actorId , actorName, characterName, profilePath) VALUES(470, 2444127, 'Richard Camacho', 'Ian', 'https://image.tmdb.org/t/p/original/w5tKcLIh7M1wlgKGO21bYUz51QY.jpg') ON CONFLICT DO NOTHING;
INSERT INTO actors (mediaId, actorId , actorName, characterName, profilePath) VALUES(470, 2444130, 'Erick Brian Colón', 'Darío', 'https://image.tmdb.org/t/p/original/9PzGe4Q9FZ20HYkUWojKZe5sLnq.jpg') ON CONFLICT DO NOTHING;
INSERT INTO actors (mediaId, actorId , actorName, characterName, profilePath) VALUES(470, 3411512, 'Yesika Glikman', 'Isabella Smith', 'https://image.tmdb.org/t/p/original/dpFfzRpowALAbttddvXnByGywi8.jpg') ON CONFLICT DO NOTHING;
INSERT INTO actors (mediaId, actorId , actorName, characterName, profilePath) VALUES(470, 2388971, 'Virginia Álvarez', 'Helena', 'https://image.tmdb.org/t/p/original/bkmghwnIU2TpG8z0AJhLfF38ksu.jpg') ON CONFLICT DO NOTHING;
INSERT INTO actors (mediaId, actorId , actorName, characterName, profilePath) VALUES(470, 2997274, 'Noemí Hopper', 'Sabrina', 'https://image.tmdb.org/t/p/original/uprhjr6Cwp9dObvz6GdCWb30TB5.jpg') ON CONFLICT DO NOTHING;
INSERT INTO actors (mediaId, actorId , actorName, characterName, profilePath) VALUES(470, 2933941, 'Laura Rosguer', 'Alicia', 'https://image.tmdb.org/t/p/original/e6XRI1H6M1hplrCudm7tl6gxMPb.jpg') ON CONFLICT DO NOTHING;
INSERT INTO actors (mediaId, actorId , actorName, characterName, profilePath) VALUES(470, 1493408, 'Jearnest Corchado', 'Helga', 'https://image.tmdb.org/t/p/original/u0G6vrdIXUwIQ19SCwiMnTiH79q.jpg') ON CONFLICT DO NOTHING;
INSERT INTO actors (mediaId, actorId , actorName, characterName, profilePath) VALUES(470, 224809, 'Sonya Smith', 'Paulina', 'https://image.tmdb.org/t/p/original/yzHGLMCNm27rWj1sTFHLarySBc5.jpg') ON CONFLICT DO NOTHING;
INSERT INTO providers (mediaId, providerId, providerName, logoPath) VALUES( 470, 2739, 'Disney+', 'https://image.tmdb.org/t/p/original/uzKjVDmQ1WRMvGBb7UNRE0wTn1H.png') ON CONFLICT DO NOTHING;
INSERT INTO media (mediaId, type, name, originalLanguage, adult, releaseDate, overview, backdropPath, posterPath, trailerLink, tmdbRating,  status) VALUES(471, true, 'Curious George', 'en', False, '2006-09-04',  'With the help of his friend “The Man in the Yellow Hat,” a curious little monkey named George sets out on adventures to learn about the world around him.', 'https://image.tmdb.org/t/p/original/vSscKZocnih10gBlT4KLnWA8iyO.jpg', 'https://image.tmdb.org/t/p/original/AWQF9ZP7X5GqGUoXnyj1NSQjKo.jpg', 'None', 7.1, 'Returning Series') ON CONFLICT DO NOTHING;
INSERT INTO tv (mediaid , lastAirDate, nextEpisodeToAir, numberOfEpisodes, numberOfSeasons) VALUES( 471, '2022-03-17', NULL , 389, 15) ON CONFLICT DO NOTHING;
INSERT INTO genres (mediaId, genre) VALUES(471, 'Animation') ON CONFLICT DO NOTHING;
INSERT INTO genres (mediaId, genre) VALUES(471, 'Family') ON CONFLICT DO NOTHING;
INSERT INTO genres (mediaId, genre) VALUES(471, 'Kids') ON CONFLICT DO NOTHING;
INSERT INTO creators(mediaId, creatorId, creatorName) VALUES(471, 61291, 'Margret Rey') ON CONFLICT DO NOTHING;
INSERT INTO creators(mediaId, creatorId, creatorName) VALUES(471, 1287844, 'H.A. Rey') ON CONFLICT DO NOTHING;
INSERT INTO actors (mediaId, actorId , actorName, characterName, profilePath) VALUES(471, 34982, 'Jeff Bennett', 'The Man with the Yellow Hat (voice)', 'https://image.tmdb.org/t/p/original/p78svoOr99IA2oBOUzAH9cnPOwf.jpg') ON CONFLICT DO NOTHING;
INSERT INTO actors (mediaId, actorId , actorName, characterName, profilePath) VALUES(471, 110799, 'Rino Romano', 'Narrator (voice)', 'https://image.tmdb.org/t/p/original/rpyq7xdQ5zSCHYiwnlPvkx7gLrl.jpg') ON CONFLICT DO NOTHING;
INSERT INTO actors (mediaId, actorId , actorName, characterName, profilePath) VALUES(471, 12077, 'Jim Cummings', 'Jumpy Squirrel (voice)', 'https://image.tmdb.org/t/p/original/c0sQPRCM5Ri3F4gVyxPr4AcPmIq.jpg') ON CONFLICT DO NOTHING;
INSERT INTO actors (mediaId, actorId , actorName, characterName, profilePath) VALUES(471, 43125, 'Rob Paulsen', 'Charkie (voice)', 'https://image.tmdb.org/t/p/original/7buvKWIjPlspqruaO3b28V5owJr.jpg') ON CONFLICT DO NOTHING;
INSERT INTO actors (mediaId, actorId , actorName, characterName, profilePath) VALUES(471, 60739, 'Kath Soucie', 'The Renkins (voice)', 'https://image.tmdb.org/t/p/original/62hvT4USvGa9OAsMP9guIBtJqkf.jpg') ON CONFLICT DO NOTHING;
INSERT INTO actors (mediaId, actorId , actorName, characterName, profilePath) VALUES(471, 15274, 'Elizabeth Daily', 'Steve (voice)', 'https://image.tmdb.org/t/p/original/sWLXj0yvpMEsZTIsS1ReVQzGnwO.jpg') ON CONFLICT DO NOTHING;
INSERT INTO actors (mediaId, actorId , actorName, characterName, profilePath) VALUES(471, 174514, 'Annie Mumolo', 'Bill (voice)', 'https://image.tmdb.org/t/p/original/4U943oEvfDg8Tuyjl9biLgzijBf.jpg') ON CONFLICT DO NOTHING;
INSERT INTO actors (mediaId, actorId , actorName, characterName, profilePath) VALUES(471, 15831, 'Frank Welker', 'Bill''s Bunnies (voice)', 'https://image.tmdb.org/t/p/original/xXODQ5AX6pG4my8ieeEIuiAREXs.jpg') ON CONFLICT DO NOTHING;
INSERT INTO actors (mediaId, actorId , actorName, characterName, profilePath) VALUES(471, 73016, 'Debi Derryberry', 'Gnocchi (voice)', 'https://image.tmdb.org/t/p/original/aCVgHnvGBw7ssZA9kl1Pnr5pJjU.jpg') ON CONFLICT DO NOTHING;
INSERT INTO providers (mediaId, providerId, providerName, logoPath) VALUES( 471, 14, 'PBS', 'https://image.tmdb.org/t/p/original/hp2Fs7AIdsMlEjiDUC1V8Ows2jM.png') ON CONFLICT DO NOTHING;
INSERT INTO providers (mediaId, providerId, providerName, logoPath) VALUES( 471, 3353, 'Peacock', 'https://image.tmdb.org/t/p/original/gIAcGTjKKr0KOHL5s4O36roJ8p7.png') ON CONFLICT DO NOTHING;
INSERT INTO media (mediaId, type, name, originalLanguage, adult, releaseDate, overview, backdropPath, posterPath, trailerLink, tmdbRating,  status) VALUES(472, true, 'Ben 10', 'en', False, '2005-12-27',  'When 10-year-old Ben Tennyson discovers a mysterious device, he gains the power to change into ten different alien heroes, each with uniquely awesome powers. With such abilities at his disposal, Ben realizes a greater responsibility to help others and stop evildoers, but that doesn''t mean he''s above a little superpowered mischief now and then.', 'https://image.tmdb.org/t/p/original/gHoE5UByMIjbhBnbYxezrCVGwCL.jpg', 'https://image.tmdb.org/t/p/original/pT0NlYVIkwM2zAw9oUkePwrOlxW.jpg', 'https://www.youtube.com/watch?v=shfDP8er5us', 8.1, 'Ended') ON CONFLICT DO NOTHING;
INSERT INTO tv (mediaid , lastAirDate, nextEpisodeToAir, numberOfEpisodes, numberOfSeasons) VALUES( 472, '2008-04-15', NULL , 52, 4) ON CONFLICT DO NOTHING;
INSERT INTO genres (mediaId, genre) VALUES(472, 'Animation') ON CONFLICT DO NOTHING;
INSERT INTO genres (mediaId, genre) VALUES(472, 'Action & Adventure') ON CONFLICT DO NOTHING;
INSERT INTO genres (mediaId, genre) VALUES(472, 'Comedy') ON CONFLICT DO NOTHING;
INSERT INTO genres (mediaId, genre) VALUES(472, 'Sci-Fi & Fantasy') ON CONFLICT DO NOTHING;
INSERT INTO creators(mediaId, creatorId, creatorName) VALUES(472, 207269, 'Joe Kelly') ON CONFLICT DO NOTHING;
INSERT INTO creators(mediaId, creatorId, creatorName) VALUES(472, 265415, 'Duncan Rouleau') ON CONFLICT DO NOTHING;
INSERT INTO creators(mediaId, creatorId, creatorName) VALUES(472, 1237903, 'Steven T. Seagle') ON CONFLICT DO NOTHING;
INSERT INTO creators(mediaId, creatorId, creatorName) VALUES(472, 1237905, 'Joe Casey') ON CONFLICT DO NOTHING;
INSERT INTO actors (mediaId, actorId , actorName, characterName, profilePath) VALUES(472, 15762, 'Tara Strong', 'Ben Tennyson (voice)', 'https://image.tmdb.org/t/p/original/8Z86FfWbnUJnyFTcLa9MpVVFhMh.jpg') ON CONFLICT DO NOTHING;
INSERT INTO actors (mediaId, actorId , actorName, characterName, profilePath) VALUES(472, 1934094, 'Meagan Moore', 'Gwen Tennyson (voice)', 'None') ON CONFLICT DO NOTHING;
INSERT INTO actors (mediaId, actorId , actorName, characterName, profilePath) VALUES(472, 86006, 'Paul Eiding', 'Grandpa Max (voice)', 'https://image.tmdb.org/t/p/original/3Gxs9fTnkQLFlmMHROlgiDJ4p10.jpg') ON CONFLICT DO NOTHING;
INSERT INTO providers (mediaId, providerId, providerName, logoPath) VALUES( 472, 56, 'Cartoon Network', 'https://image.tmdb.org/t/p/original/c5OC6oVCg6QP4eqzW6XIq17CQjI.png') ON CONFLICT DO NOTHING;
INSERT INTO media (mediaId, type, name, originalLanguage, adult, releaseDate, overview, backdropPath, posterPath, trailerLink, tmdbRating,  status) VALUES(473, true, 'Real Time with Bill Maher', 'en', False, '2003-02-21',  'Each week Bill Maher surrounds himself with a panel of guests which include politicians, actors, comedians, musicians and the like to discuss what''s going on in the world.', 'https://image.tmdb.org/t/p/original/wqv0cFJ2NLJAMtFAKDnDqZeoVuQ.jpg', 'https://image.tmdb.org/t/p/original/pbpoLLp4kvnYVfnEGiEhagpJuVZ.jpg', 'https://www.youtube.com/watch?v=6yW-9RE7qVY', 6.1, 'Returning Series') ON CONFLICT DO NOTHING;
INSERT INTO tv (mediaid , lastAirDate, nextEpisodeToAir, numberOfEpisodes, numberOfSeasons) VALUES( 473, '2023-10-13', '2023-10-20' , 639, 21) ON CONFLICT DO NOTHING;
INSERT INTO genres (mediaId, genre) VALUES(473, 'Comedy') ON CONFLICT DO NOTHING;
INSERT INTO genres (mediaId, genre) VALUES(473, 'Talk') ON CONFLICT DO NOTHING;
INSERT INTO actors (mediaId, actorId , actorName, characterName, profilePath) VALUES(473, 74086, 'Bill Maher', 'Self - Host', 'https://image.tmdb.org/t/p/original/sVTF90nhXB3jIw05eJFklbGpnlC.jpg') ON CONFLICT DO NOTHING;
INSERT INTO providers (mediaId, providerId, providerName, logoPath) VALUES( 473, 49, 'HBO', 'https://image.tmdb.org/t/p/original/tuomPhY2UtuPTqqFnKMVHvSb724.png') ON CONFLICT DO NOTHING;
INSERT INTO media (mediaId, type, name, originalLanguage, adult, releaseDate, overview, backdropPath, posterPath, trailerLink, tmdbRating,  status) VALUES(474, true, 'Last Week Tonight with John Oliver', 'en', False, '2014-04-27',  'A half-hour satirical look at the week in news, politics and current events.', 'https://image.tmdb.org/t/p/original/26TgQvq9mZ85KKKKmeRnsOfJVUL.jpg', 'https://image.tmdb.org/t/p/original/pJEMXgyI0iKAgHwGq8lPXVu2NeT.jpg', 'https://www.youtube.com/watch?v=S5_4wPW6jJQ', 7.9, 'Returning Series') ON CONFLICT DO NOTHING;
INSERT INTO tv (mediaid , lastAirDate, nextEpisodeToAir, numberOfEpisodes, numberOfSeasons) VALUES( 474, '2023-10-15', '2023-10-22' , 285, 10) ON CONFLICT DO NOTHING;
INSERT INTO genres (mediaId, genre) VALUES(474, 'Talk') ON CONFLICT DO NOTHING;
INSERT INTO genres (mediaId, genre) VALUES(474, 'Comedy') ON CONFLICT DO NOTHING;
INSERT INTO genres (mediaId, genre) VALUES(474, 'News') ON CONFLICT DO NOTHING;
INSERT INTO creators(mediaId, creatorId, creatorName) VALUES(474, 84292, 'John Oliver') ON CONFLICT DO NOTHING;
INSERT INTO actors (mediaId, actorId , actorName, characterName, profilePath) VALUES(474, 84292, 'John Oliver', 'Self - Host', 'https://image.tmdb.org/t/p/original/wI7LRInWUT3RgCByYx69wRMqgsy.jpg') ON CONFLICT DO NOTHING;
INSERT INTO providers (mediaId, providerId, providerName, logoPath) VALUES( 474, 49, 'HBO', 'https://image.tmdb.org/t/p/original/tuomPhY2UtuPTqqFnKMVHvSb724.png') ON CONFLICT DO NOTHING;
INSERT INTO media (mediaId, type, name, originalLanguage, adult, releaseDate, overview, backdropPath, posterPath, trailerLink, tmdbRating,  status) VALUES(475, true, 'American Idol', 'en', False, '2002-06-11',  'Each year, hopeful singers from all over the country audition to be part of one of the biggest shows in American television history. Who will become the new American Idol?', 'https://image.tmdb.org/t/p/original/jB66SWgijY4bU8J4msxj768U9Qe.jpg', 'https://image.tmdb.org/t/p/original/wF9LQcz2EzxO2Q34CvKE8sOxGTu.jpg', 'None', 5.2, 'Ended') ON CONFLICT DO NOTHING;
INSERT INTO tv (mediaid , lastAirDate, nextEpisodeToAir, numberOfEpisodes, numberOfSeasons) VALUES( 475, '2016-04-07', NULL , 566, 15) ON CONFLICT DO NOTHING;
INSERT INTO genres (mediaId, genre) VALUES(475, 'Reality') ON CONFLICT DO NOTHING;
INSERT INTO creators(mediaId, creatorId, creatorName) VALUES(475, 945599, 'Simon Fuller') ON CONFLICT DO NOTHING;
INSERT INTO actors (mediaId, actorId , actorName, characterName, profilePath) VALUES(475, 16866, 'Jennifer Lopez', 'Self - Judge', 'https://image.tmdb.org/t/p/original/go2wwj8NGLYqKr7MdqbG3nLWICX.jpg') ON CONFLICT DO NOTHING;
INSERT INTO actors (mediaId, actorId , actorName, characterName, profilePath) VALUES(475, 167662, 'Ryan Seacrest', 'Self - Host', 'https://image.tmdb.org/t/p/original/8U9EJAcOkXHdHcrdmF1dhL559uk.jpg') ON CONFLICT DO NOTHING;
INSERT INTO actors (mediaId, actorId , actorName, characterName, profilePath) VALUES(475, 94357, 'Keith Urban', 'Self - Judge', 'https://image.tmdb.org/t/p/original/6jB3gPO4yhdr24iqLjNS1Nw83SL.jpg') ON CONFLICT DO NOTHING;
INSERT INTO actors (mediaId, actorId , actorName, characterName, profilePath) VALUES(475, 18688, 'Harry Connick Jr.', 'Self - Judge', 'https://image.tmdb.org/t/p/original/il1t0cshowbZ6mMtH1930baQx9n.jpg') ON CONFLICT DO NOTHING;
INSERT INTO providers (mediaId, providerId, providerName, logoPath) VALUES( 475, 19, 'FOX', 'https://image.tmdb.org/t/p/original/1DSpHrWyOORkL9N2QHX7Adt31mQ.png') ON CONFLICT DO NOTHING;
INSERT INTO media (mediaId, type, name, originalLanguage, adult, releaseDate, overview, backdropPath, posterPath, trailerLink, tmdbRating,  status) VALUES(476, true, 'De Avondshow met Arjen Lubach', 'nl', False, '2022-02-21',  'Arjen Lubach dives through the issues of the day past inspiring guests to the bottom of the news. Everyone always wants to go from the issues of the day to deepening. Arjen is really looking forward to the issues of the day.', 'https://image.tmdb.org/t/p/original/pVWQHcdFuVHicmbflfMncGklvAZ.jpg', 'https://image.tmdb.org/t/p/original/lXQqKsUQvgBrv9t1S3Q3CGkTUAg.jpg', 'None', 6.5, 'Returning Series') ON CONFLICT DO NOTHING;
INSERT INTO tv (mediaid , lastAirDate, nextEpisodeToAir, numberOfEpisodes, numberOfSeasons) VALUES( 476, '2023-10-17', '2023-10-18' , 152, 4) ON CONFLICT DO NOTHING;
INSERT INTO genres (mediaId, genre) VALUES(476, 'Talk') ON CONFLICT DO NOTHING;
INSERT INTO actors (mediaId, actorId , actorName, characterName, profilePath) VALUES(476, 1272299, 'Arjen Lubach', 'Self - Presentator', 'https://image.tmdb.org/t/p/original/33IUOyQ595MYCwDUbEBUVymdjGg.jpg') ON CONFLICT DO NOTHING;
INSERT INTO providers (mediaId, providerId, providerName, logoPath) VALUES( 476, 1433, 'NPO 1', 'https://image.tmdb.org/t/p/original/eDObRs53SyWCHlnFoKTTnwZGPpB.png') ON CONFLICT DO NOTHING;
INSERT INTO media (mediaId, type, name, originalLanguage, adult, releaseDate, overview, backdropPath, posterPath, trailerLink, tmdbRating,  status) VALUES(477, true, 'Dejémonos de Vargas', 'es', False, '2022-07-13',  '', 'https://image.tmdb.org/t/p/original/ozugvvi7CtKD8RhVMssStEfu94b.jpg', 'https://image.tmdb.org/t/p/original/d0bthLld2QnL0qAoeSkfDa639pz.jpg', 'None', 8.1, 'Returning Series') ON CONFLICT DO NOTHING;
INSERT INTO tv (mediaid , lastAirDate, nextEpisodeToAir, numberOfEpisodes, numberOfSeasons) VALUES( 477, '2023-05-21', NULL , 68, 1) ON CONFLICT DO NOTHING;
INSERT INTO genres (mediaId, genre) VALUES(477, 'Drama') ON CONFLICT DO NOTHING;
INSERT INTO creators(mediaId, creatorId, creatorName) VALUES(477, 3389724, 'Federico Castillo') ON CONFLICT DO NOTHING;
INSERT INTO actors (mediaId, actorId , actorName, characterName, profilePath) VALUES(477, 1673516, 'Carlos Camacho', 'Ramón Vargas', 'https://image.tmdb.org/t/p/original/hA8g7ldzu4a5JObsM3wK21rvpU6.jpg') ON CONFLICT DO NOTHING;
INSERT INTO actors (mediaId, actorId , actorName, characterName, profilePath) VALUES(477, 1415551, 'Margarita Muñoz', 'Valentina Restrepo', 'https://image.tmdb.org/t/p/original/kRTPKGzmJwk8x5Z7jcbymtINhDm.jpg') ON CONFLICT DO NOTHING;
INSERT INTO actors (mediaId, actorId , actorName, characterName, profilePath) VALUES(477, 1175769, 'Andrea Guzmán', 'Mireya Salazar', 'https://image.tmdb.org/t/p/original/nqAMltOo3EBOoO2hqoc2Q8ZB99x.jpg') ON CONFLICT DO NOTHING;
INSERT INTO providers (mediaId, providerId, providerName, logoPath) VALUES( 477, 183, 'RCN', 'https://image.tmdb.org/t/p/original/46LNdPSG2gBxy3s3G9csA8vLH8l.png') ON CONFLICT DO NOTHING;
INSERT INTO media (mediaId, type, name, originalLanguage, adult, releaseDate, overview, backdropPath, posterPath, trailerLink, tmdbRating,  status) VALUES(478, true, 'SEAL Team', 'en', False, '2017-09-27',  'Military drama following the professional and personal lives of the most elite unit of Navy SEALs as they train, plan and execute the most dangerous, high stakes missions our country can ask of them.', 'https://image.tmdb.org/t/p/original/ojyo33io8HGxNCRg21Z1o87YEZX.jpg', 'https://image.tmdb.org/t/p/original/6iSnec83UEMgLOXAtGYwaVNHLjR.jpg', 'https://www.youtube.com/watch?v=FkBkGtJzwtc', 8, 'Returning Series') ON CONFLICT DO NOTHING;
INSERT INTO tv (mediaid , lastAirDate, nextEpisodeToAir, numberOfEpisodes, numberOfSeasons) VALUES( 478, '2022-11-20', NULL , 102, 7) ON CONFLICT DO NOTHING;
INSERT INTO genres (mediaId, genre) VALUES(478, 'Action & Adventure') ON CONFLICT DO NOTHING;
INSERT INTO genres (mediaId, genre) VALUES(478, 'Drama') ON CONFLICT DO NOTHING;
INSERT INTO genres (mediaId, genre) VALUES(478, 'War & Politics') ON CONFLICT DO NOTHING;
INSERT INTO creators(mediaId, creatorId, creatorName) VALUES(478, 1291030, 'Benjamin Cavell') ON CONFLICT DO NOTHING;
INSERT INTO actors (mediaId, actorId , actorName, characterName, profilePath) VALUES(478, 25934, 'David Boreanaz', 'Jason Hayes', 'https://image.tmdb.org/t/p/original/oO619MACIfz7YoPiIGXYOfamhOE.jpg') ON CONFLICT DO NOTHING;
INSERT INTO actors (mediaId, actorId , actorName, characterName, profilePath) VALUES(478, 41883, 'Max Thieriot', 'Clay Spenser', 'https://image.tmdb.org/t/p/original/aBiTMI3qB6FPOVhXw7b15pjJkmL.jpg') ON CONFLICT DO NOTHING;
INSERT INTO actors (mediaId, actorId , actorName, characterName, profilePath) VALUES(478, 55091, 'Neil Brown Jr.', 'Ray Perry', 'https://image.tmdb.org/t/p/original/5dZ5OsxXwaecDIlH93dRsF27sVY.jpg') ON CONFLICT DO NOTHING;
INSERT INTO actors (mediaId, actorId , actorName, characterName, profilePath) VALUES(478, 60460, 'A.J. Buckley', 'Sonny Quinn', 'https://image.tmdb.org/t/p/original/arGsJN4HuiNpFsRsNX81fDX1KJj.jpg') ON CONFLICT DO NOTHING;
INSERT INTO actors (mediaId, actorId , actorName, characterName, profilePath) VALUES(478, 105831, 'Toni Trucks', 'Lisa Davis', 'https://image.tmdb.org/t/p/original/s2qfaRUh8oEt78HqkXTagbeVNE7.jpg') ON CONFLICT DO NOTHING;
INSERT INTO actors (mediaId, actorId , actorName, characterName, profilePath) VALUES(478, 1727023, 'Tyler Grey', 'Trent', 'https://image.tmdb.org/t/p/original/3yuB34p1EXx8273HnMrng7kgolA.jpg') ON CONFLICT DO NOTHING;
INSERT INTO actors (mediaId, actorId , actorName, characterName, profilePath) VALUES(478, 2846013, 'Justin Melnick', 'Brock', 'https://image.tmdb.org/t/p/original/sE5W8tononGWHKH2Z6GLeUHXeyP.jpg') ON CONFLICT DO NOTHING;
INSERT INTO providers (mediaId, providerId, providerName, logoPath) VALUES( 478, 16, 'CBS', 'https://image.tmdb.org/t/p/original/wju8KhOUsR5y4bH9p3Jc50hhaLO.png') ON CONFLICT DO NOTHING;
INSERT INTO providers (mediaId, providerId, providerName, logoPath) VALUES( 478, 4330, 'Paramount+', 'https://image.tmdb.org/t/p/original/fi83B1oztoS47xxcemFdPMhIzK.png') ON CONFLICT DO NOTHING;
INSERT INTO media (mediaId, type, name, originalLanguage, adult, releaseDate, overview, backdropPath, posterPath, trailerLink, tmdbRating,  status) VALUES(479, true, 'Better Call Saul', 'en', False, '2015-02-08',  'Six years before Saul Goodman meets Walter White. We meet him when the man who will become Saul Goodman is known as Jimmy McGill, a small-time lawyer searching for his destiny, and, more immediately, hustling to make ends meet. Working alongside, and, often, against Jimmy, is “fixer” Mike Ehrmantraut. The series tracks Jimmy’s transformation into Saul Goodman, the man who puts “criminal” in “criminal lawyer".', 'https://image.tmdb.org/t/p/original/hPea3Qy5Gd6z4kJLUruBbwAH8Rm.jpg', 'https://image.tmdb.org/t/p/original/fC2HDm5t0kHl7mTm7jxMR31b7by.jpg', 'https://www.youtube.com/watch?v=HN4oydykJFc', 8.6, 'Ended') ON CONFLICT DO NOTHING;
INSERT INTO tv (mediaid , lastAirDate, nextEpisodeToAir, numberOfEpisodes, numberOfSeasons) VALUES( 479, '2022-08-15', NULL , 63, 6) ON CONFLICT DO NOTHING;
INSERT INTO genres (mediaId, genre) VALUES(479, 'Crime') ON CONFLICT DO NOTHING;
INSERT INTO genres (mediaId, genre) VALUES(479, 'Drama') ON CONFLICT DO NOTHING;
INSERT INTO creators(mediaId, creatorId, creatorName) VALUES(479, 24951, 'Peter Gould') ON CONFLICT DO NOTHING;
INSERT INTO creators(mediaId, creatorId, creatorName) VALUES(479, 66633, 'Vince Gilligan') ON CONFLICT DO NOTHING;
INSERT INTO actors (mediaId, actorId , actorName, characterName, profilePath) VALUES(479, 59410, 'Bob Odenkirk', 'Jimmy McGill', 'https://image.tmdb.org/t/p/original/rF0Lb6SBhGSTvjRffmlKRSeI3jE.jpg') ON CONFLICT DO NOTHING;
INSERT INTO actors (mediaId, actorId , actorName, characterName, profilePath) VALUES(479, 783, 'Jonathan Banks', 'Mike Ehrmantraut', 'https://image.tmdb.org/t/p/original/va6APAzwv68YxvYQkB3lHhpccCi.jpg') ON CONFLICT DO NOTHING;
INSERT INTO actors (mediaId, actorId , actorName, characterName, profilePath) VALUES(479, 62765, 'Rhea Seehorn', 'Kim Wexler', 'https://image.tmdb.org/t/p/original/g6niUzFMQOiAcSThWoGk0LlAQRP.jpg') ON CONFLICT DO NOTHING;
INSERT INTO actors (mediaId, actorId , actorName, characterName, profilePath) VALUES(479, 58791, 'Patrick Fabian', 'Howard Hamlin', 'https://image.tmdb.org/t/p/original/ziTKeEraEksMQBg02adD22JJXb0.jpg') ON CONFLICT DO NOTHING;
INSERT INTO actors (mediaId, actorId , actorName, characterName, profilePath) VALUES(479, 829372, 'Michael Mando', 'Nacho Varga', 'https://image.tmdb.org/t/p/original/oWruUDZPvmBsJqcrOMHpPAGo6uV.jpg') ON CONFLICT DO NOTHING;
INSERT INTO actors (mediaId, actorId , actorName, characterName, profilePath) VALUES(479, 76855, 'Tony Dalton', 'Lalo Salamanca', 'https://image.tmdb.org/t/p/original/2iQXgOKkZobc93mMM4yDuYkuLA8.jpg') ON CONFLICT DO NOTHING;
INSERT INTO actors (mediaId, actorId , actorName, characterName, profilePath) VALUES(479, 4808, 'Giancarlo Esposito', 'Gustavo Fring', 'https://image.tmdb.org/t/p/original/lBvDQZjxhIGMbH61iHnqerpbqHc.jpg') ON CONFLICT DO NOTHING;
INSERT INTO providers (mediaId, providerId, providerName, logoPath) VALUES( 479, 174, 'AMC', 'https://image.tmdb.org/t/p/original/alqLicR1ZMHMaZGP3xRQxn9sq7p.png') ON CONFLICT DO NOTHING;
INSERT INTO media (mediaId, type, name, originalLanguage, adult, releaseDate, overview, backdropPath, posterPath, trailerLink, tmdbRating,  status) VALUES(480, true, 'True Blood', 'en', False, '2008-09-07',  'Thanks to a Japanese scientist''s invention of synthetic, blood vampires have progressed from legendary monsters to fellow citizens overnight. And while humans have been safely removed from the menu, many remain apprehensive about these creatures "coming out of the coffin." Religious leaders, government officials, and vampire fundamentalists around the world have chosen their sides, but in the small Louisiana town of Bon Temps, the jury is still out.', 'https://image.tmdb.org/t/p/original/fHnxEuTV8oSA6uMKQdEbOBmAzn8.jpg', 'https://image.tmdb.org/t/p/original/ktEp6fzL4xzCWsSVtrcH8JaQNQy.jpg', 'https://www.youtube.com/watch?v=3Wk3HSiX-vQ', 7.6, 'Ended') ON CONFLICT DO NOTHING;
INSERT INTO tv (mediaid , lastAirDate, nextEpisodeToAir, numberOfEpisodes, numberOfSeasons) VALUES( 480, '2014-08-24', NULL , 80, 7) ON CONFLICT DO NOTHING;
INSERT INTO genres (mediaId, genre) VALUES(480, 'Sci-Fi & Fantasy') ON CONFLICT DO NOTHING;
INSERT INTO genres (mediaId, genre) VALUES(480, 'Drama') ON CONFLICT DO NOTHING;
INSERT INTO genres (mediaId, genre) VALUES(480, 'Mystery') ON CONFLICT DO NOTHING;
INSERT INTO creators(mediaId, creatorId, creatorName) VALUES(480, 2152, 'Alan Ball') ON CONFLICT DO NOTHING;
INSERT INTO actors (mediaId, actorId , actorName, characterName, profilePath) VALUES(480, 10690, 'Anna Paquin', 'Sookie Stackhouse', 'https://image.tmdb.org/t/p/original/5FjBCsn3kujldP8LizoCrc3hsHp.jpg') ON CONFLICT DO NOTHING;
INSERT INTO actors (mediaId, actorId , actorName, characterName, profilePath) VALUES(480, 32203, 'Stephen Moyer', 'Bill Compton', 'https://image.tmdb.org/t/p/original/xprwOCXa2cNkjhrGtcJp0VfJMlZ.jpg') ON CONFLICT DO NOTHING;
INSERT INTO actors (mediaId, actorId , actorName, characterName, profilePath) VALUES(480, 28846, 'Alexander Skarsgård', 'Eric Northman', 'https://image.tmdb.org/t/p/original/caOe6hwHEE89AJfGdHatnrGgkKj.jpg') ON CONFLICT DO NOTHING;
INSERT INTO actors (mediaId, actorId , actorName, characterName, profilePath) VALUES(480, 131006, 'Sam Trammell', 'Sam Merlotte', 'https://image.tmdb.org/t/p/original/4xBWETAFhlpBVOb9xp6MjovpCjd.jpg') ON CONFLICT DO NOTHING;
INSERT INTO actors (mediaId, actorId , actorName, characterName, profilePath) VALUES(480, 133212, 'Ryan Kwanten', 'Jason Stackhouse', 'https://image.tmdb.org/t/p/original/3nemlHpIPrGjNNWo6V0yVIamwih.jpg') ON CONFLICT DO NOTHING;
INSERT INTO actors (mediaId, actorId , actorName, characterName, profilePath) VALUES(480, 90658, 'Kristin Bauer', 'Pam Ravenscroft', 'https://image.tmdb.org/t/p/original/nin3d2l1ExYVftXise7JLq6RFsq.jpg') ON CONFLICT DO NOTHING;
INSERT INTO actors (mediaId, actorId , actorName, characterName, profilePath) VALUES(480, 81697, 'Nelsan Ellis', 'Lafayette Reynolds', 'https://image.tmdb.org/t/p/original/1oxqYxlZERsLT1rssot3Wfa88FX.jpg') ON CONFLICT DO NOTHING;
INSERT INTO actors (mediaId, actorId , actorName, characterName, profilePath) VALUES(480, 7465, 'Carrie Preston', 'Arlene Fowler', 'https://image.tmdb.org/t/p/original/cxqAk6PaZJ92mb9taka3XlcVlUU.jpg') ON CONFLICT DO NOTHING;
INSERT INTO actors (mediaId, actorId , actorName, characterName, profilePath) VALUES(480, 118546, 'Adina Porter', 'Lettie Mae Thornton', 'https://image.tmdb.org/t/p/original/1TCVeyvQ3XW5gmVXv56xO85N6gg.jpg') ON CONFLICT DO NOTHING;
INSERT INTO actors (mediaId, actorId , actorName, characterName, profilePath) VALUES(480, 180132, 'Tara Buck', 'Ginger', 'https://image.tmdb.org/t/p/original/yWV96wb25Ph0a8S8UImtlMXJgdb.jpg') ON CONFLICT DO NOTHING;
INSERT INTO providers (mediaId, providerId, providerName, logoPath) VALUES( 480, 49, 'HBO', 'https://image.tmdb.org/t/p/original/tuomPhY2UtuPTqqFnKMVHvSb724.png') ON CONFLICT DO NOTHING;
INSERT INTO media (mediaId, type, name, originalLanguage, adult, releaseDate, overview, backdropPath, posterPath, trailerLink, tmdbRating,  status) VALUES(481, true, 'Foundation', 'en', False, '2021-09-24',  'Follow a band of exiles on their monumental journey to save humanity and rebuild civilization amid the fall of the Galactic Empire.', 'https://image.tmdb.org/t/p/original/oUisxaYRPuIehH6hkUIMcZNIuTA.jpg', 'https://image.tmdb.org/t/p/original/1AZERr7KEJBpcchQ6vFcbUUC0Zw.jpg', 'https://www.youtube.com/watch?v=X4QYV5GTz7c', 7.9, 'Returning Series') ON CONFLICT DO NOTHING;
INSERT INTO tv (mediaid , lastAirDate, nextEpisodeToAir, numberOfEpisodes, numberOfSeasons) VALUES( 481, '2023-09-15', NULL , 20, 2) ON CONFLICT DO NOTHING;
INSERT INTO genres (mediaId, genre) VALUES(481, 'Sci-Fi & Fantasy') ON CONFLICT DO NOTHING;
INSERT INTO genres (mediaId, genre) VALUES(481, 'Drama') ON CONFLICT DO NOTHING;
INSERT INTO creators(mediaId, creatorId, creatorName) VALUES(481, 3893, 'David S. Goyer') ON CONFLICT DO NOTHING;
INSERT INTO actors (mediaId, actorId , actorName, characterName, profilePath) VALUES(481, 15440, 'Jared Harris', 'Hari Seldon', 'https://image.tmdb.org/t/p/original/8GvXtLomIdCjROjlwKQYURKJwIq.jpg') ON CONFLICT DO NOTHING;
INSERT INTO actors (mediaId, actorId , actorName, characterName, profilePath) VALUES(481, 72095, 'Lee Pace', 'Brother Day', 'https://image.tmdb.org/t/p/original/8DVo5jbEmYpKPrhIFHkA7gGs1X8.jpg') ON CONFLICT DO NOTHING;
INSERT INTO actors (mediaId, actorId , actorName, characterName, profilePath) VALUES(481, 2476148, 'Lou Llobell', 'Gaal Dornick', 'https://image.tmdb.org/t/p/original/mTzgWFs5PAKcM09bOtiwCeVc67Z.jpg') ON CONFLICT DO NOTHING;
INSERT INTO actors (mediaId, actorId , actorName, characterName, profilePath) VALUES(481, 1765346, 'Leah Harvey', 'Salvor Hardin', 'https://image.tmdb.org/t/p/original/j5bEw0gtE9RGTq2y4WoQ6HUa9di.jpg') ON CONFLICT DO NOTHING;
INSERT INTO actors (mediaId, actorId , actorName, characterName, profilePath) VALUES(481, 212815, 'Laura Birn', 'Demerzel', 'https://image.tmdb.org/t/p/original/xIZH4cJIi4Vh73sHatQpmLxYTyC.jpg') ON CONFLICT DO NOTHING;
INSERT INTO actors (mediaId, actorId , actorName, characterName, profilePath) VALUES(481, 2476156, 'Cassian Bilton', 'Brother Dawn', 'https://image.tmdb.org/t/p/original/rfBtJPX9Wli0HBZdEMPrW7j6NHl.jpg') ON CONFLICT DO NOTHING;
INSERT INTO actors (mediaId, actorId , actorName, characterName, profilePath) VALUES(481, 19260, 'Terrence Mann', 'Brother Dusk', 'https://image.tmdb.org/t/p/original/63WKMJI5V5iYMTNIF4v73i2dOMk.jpg') ON CONFLICT DO NOTHING;
INSERT INTO providers (mediaId, providerId, providerName, logoPath) VALUES( 481, 2552, 'Apple TV+', 'https://image.tmdb.org/t/p/original/4KAy34EHvRM25Ih8wb82AuGU7zJ.png') ON CONFLICT DO NOTHING;
INSERT INTO media (mediaId, type, name, originalLanguage, adult, releaseDate, overview, backdropPath, posterPath, trailerLink, tmdbRating,  status) VALUES(482, true, 'Once Upon a Time', 'en', False, '2011-10-23',  'There is a town in Maine where every story book character you''ve ever known is trapped between two worlds, victims of a powerful curse. Only one knows the truth and only one can break the spell.
Emma Swan is a 28-year-old bail bonds collector who has been supporting herself since she was abandoned as a baby. Things change for her when her son Henry, whom she abandoned years ago, finds her and asks for her help explaining that she is from a different world where she is Snow White''s missing daughter.', 'https://image.tmdb.org/t/p/original/4043WFrLsGnZa3RL4Po9buc1EtF.jpg', 'https://image.tmdb.org/t/p/original/49qD372jeHUTmdNMGJkjCFZdv9y.jpg', 'https://www.youtube.com/watch?v=Rga4rp4j5TY', 7.3, 'Ended') ON CONFLICT DO NOTHING;
INSERT INTO tv (mediaid , lastAirDate, nextEpisodeToAir, numberOfEpisodes, numberOfSeasons) VALUES( 482, '2018-05-18', NULL , 156, 7) ON CONFLICT DO NOTHING;
INSERT INTO genres (mediaId, genre) VALUES(482, 'Drama') ON CONFLICT DO NOTHING;
INSERT INTO genres (mediaId, genre) VALUES(482, 'Sci-Fi & Fantasy') ON CONFLICT DO NOTHING;
INSERT INTO creators(mediaId, creatorId, creatorName) VALUES(482, 1214366, 'Edward Kitsis') ON CONFLICT DO NOTHING;
INSERT INTO creators(mediaId, creatorId, creatorName) VALUES(482, 1214367, 'Adam Horowitz') ON CONFLICT DO NOTHING;
INSERT INTO actors (mediaId, actorId , actorName, characterName, profilePath) VALUES(482, 177231, 'Lana Parrilla', 'Regina Mills / Evil Queen', 'https://image.tmdb.org/t/p/original/krXbmHncfcdnEEas5zIDM1DKsNp.jpg') ON CONFLICT DO NOTHING;
INSERT INTO actors (mediaId, actorId , actorName, characterName, profilePath) VALUES(482, 235767, 'Colin O''Donoghue', 'Captain Hook', 'https://image.tmdb.org/t/p/original/jxdxsSd1cNY3bXqhVwe7BWNjsJ8.jpg') ON CONFLICT DO NOTHING;
INSERT INTO actors (mediaId, actorId , actorName, characterName, profilePath) VALUES(482, 18023, 'Robert Carlyle', 'Mr. Gold / Rumplestiltskin / Weaver', 'https://image.tmdb.org/t/p/original/yOdTewlmmvxqDaKbWJ7eAk0ULCf.jpg') ON CONFLICT DO NOTHING;
INSERT INTO actors (mediaId, actorId , actorName, characterName, profilePath) VALUES(482, 5503, 'Gabrielle Anwar', 'Victoria Belfrey / Lady Tremaine', 'https://image.tmdb.org/t/p/original/lncfmQ8klSD81EeaTFdB8yf3w4w.jpg') ON CONFLICT DO NOTHING;
INSERT INTO actors (mediaId, actorId , actorName, characterName, profilePath) VALUES(482, 37046, 'Dania Ramirez', 'Jacinda Vidrio / Cinderella', 'https://image.tmdb.org/t/p/original/jfRcoVQLnLb90fnUr3waktfRUYE.jpg') ON CONFLICT DO NOTHING;
INSERT INTO actors (mediaId, actorId , actorName, characterName, profilePath) VALUES(482, 202952, 'Mekia Cox', 'Sabine / Tiana', 'https://image.tmdb.org/t/p/original/r8RrebMle9U3Xiwl2hiD6pFdfSl.jpg') ON CONFLICT DO NOTHING;
INSERT INTO actors (mediaId, actorId , actorName, characterName, profilePath) VALUES(482, 211598, 'Andrew J. West', 'Henry Mills', 'https://image.tmdb.org/t/p/original/9cgJAb7Frqn9kBR3p73zASfPNBb.jpg') ON CONFLICT DO NOTHING;
INSERT INTO actors (mediaId, actorId , actorName, characterName, profilePath) VALUES(482, 1472792, 'Alison Fernandez', 'Lucy Vidrio', 'https://image.tmdb.org/t/p/original/3L5tZZzoo422CmLvSEA88PaBrNb.jpg') ON CONFLICT DO NOTHING;
INSERT INTO providers (mediaId, providerId, providerName, logoPath) VALUES( 482, 2, 'ABC', 'https://image.tmdb.org/t/p/original/2uy2ZWcplrSObIyt4x0Y9rkG6qO.png') ON CONFLICT DO NOTHING;
INSERT INTO media (mediaId, type, name, originalLanguage, adult, releaseDate, overview, backdropPath, posterPath, trailerLink, tmdbRating,  status) VALUES(483, true, 'Fights Break Sphere', 'zh', False, '2017-01-07',  'In a land where no magic is present. A land where the strong make the rules and weak have to obey. A land filled with alluring treasures and beauty, yet also filled with unforeseen danger. Three years ago, Xiao Yan, who had shown talents none had seen in decades, suddenly lost everything. His powers, his reputation, and his promise to his mother. What sorcery has caused him to lose all of his powers? And why has his fiancee suddenly shown up?', 'https://image.tmdb.org/t/p/original/b50bIXIEU0iRxZQGLlYAcmKQOSW.jpg', 'https://image.tmdb.org/t/p/original/5j7V8xTEkkOPQWFhFFhk7XJOnbr.jpg', 'None', 8.8, 'Returning Series') ON CONFLICT DO NOTHING;
INSERT INTO tv (mediaid , lastAirDate, nextEpisodeToAir, numberOfEpisodes, numberOfSeasons) VALUES( 483, '2023-10-15', '2023-10-22' , 164, 5) ON CONFLICT DO NOTHING;
INSERT INTO genres (mediaId, genre) VALUES(483, 'Animation') ON CONFLICT DO NOTHING;
INSERT INTO creators(mediaId, creatorId, creatorName) VALUES(483, 3254902, 'Tian Can Tu Dou') ON CONFLICT DO NOTHING;
INSERT INTO actors (mediaId, actorId , actorName, characterName, profilePath) VALUES(483, 2793092, 'Liu Sanmu', '少年萧炎', 'https://image.tmdb.org/t/p/original/f2MPNWTSek91cvmQDt8bL0qQoo5.jpg') ON CONFLICT DO NOTHING;
INSERT INTO actors (mediaId, actorId , actorName, characterName, profilePath) VALUES(483, 3400506, 'Pei Zhang', '青年萧炎', 'https://image.tmdb.org/t/p/original/9wOdXsNbdjFyZgJuoofTwCz1yqB.jpg') ON CONFLICT DO NOTHING;
INSERT INTO actors (mediaId, actorId , actorName, characterName, profilePath) VALUES(483, 2340094, 'Yuxuan Liu', '药老 / 药尘', 'https://image.tmdb.org/t/p/original/3r22bFh5tFGPFOozjc9H2HAu9yd.jpg') ON CONFLICT DO NOTHING;
INSERT INTO actors (mediaId, actorId , actorName, characterName, profilePath) VALUES(483, 126526, 'Su Wan', '美杜莎 / 彩鳞', 'https://image.tmdb.org/t/p/original/yOW39kj9HZJB7443RWCUHzy0KeH.jpg') ON CONFLICT DO NOTHING;
INSERT INTO actors (mediaId, actorId , actorName, characterName, profilePath) VALUES(483, 1965298, 'Zhu Jun', '纳兰嫣然 / 雅妃', 'https://image.tmdb.org/t/p/original/sASfEkKvRMgFpNj1pHeXSqjJI7F.jpg') ON CONFLICT DO NOTHING;
INSERT INTO actors (mediaId, actorId , actorName, characterName, profilePath) VALUES(483, 3056264, 'Chen Yiwen', '萧薰儿 / 古薰儿', 'https://image.tmdb.org/t/p/original/bgKeYs4UdG2vjacClC1p5lDsxGU.jpg') ON CONFLICT DO NOTHING;
INSERT INTO actors (mediaId, actorId , actorName, characterName, profilePath) VALUES(483, 1528979, 'Yang Menglu', '云芝 / 云韵', 'https://image.tmdb.org/t/p/original/2P15ZufqM9BzcpLoP8tMADrzfvR.jpg') ON CONFLICT DO NOTHING;
INSERT INTO actors (mediaId, actorId , actorName, characterName, profilePath) VALUES(483, 3635685, 'Wen Xiaoyi', '小医仙', 'https://image.tmdb.org/t/p/original/mJrJ9lmTl4ofBaz6Os9pTs4y0m9.jpg') ON CONFLICT DO NOTHING;
INSERT INTO actors (mediaId, actorId , actorName, characterName, profilePath) VALUES(483, 2156554, 'Yan Meme', '青鳞', 'https://image.tmdb.org/t/p/original/jy8HASihLVSzm6y2LRj2D1xzHfP.jpg') ON CONFLICT DO NOTHING;
INSERT INTO actors (mediaId, actorId , actorName, characterName, profilePath) VALUES(483, 2199338, 'Xia Lei', '云山 (voice)', 'https://image.tmdb.org/t/p/original/jZQG0F6MfWuDkFq03wfhjMt8KLQ.jpg') ON CONFLICT DO NOTHING;
INSERT INTO providers (mediaId, providerId, providerName, logoPath) VALUES( 483, 2007, 'Tencent Video', 'https://image.tmdb.org/t/p/original/uBCIoV9AUGIdfXTrtJ6CRIxOZF6.png') ON CONFLICT DO NOTHING;
INSERT INTO media (mediaId, type, name, originalLanguage, adult, releaseDate, overview, backdropPath, posterPath, trailerLink, tmdbRating,  status) VALUES(484, true, 'Monster High', 'en', False, '2022-10-06',  'Based on the Monster High franchise, Clawdeen Wolf arrives at Monster High with a dark secret. With the help of her friends Draculaura and Frankie Stein, she is able to embrace her true monster heart and save the school from total destruction.', 'https://image.tmdb.org/t/p/original/dILtvmsUTwtBEqe5PCKdPT0Qwy9.jpg', 'https://image.tmdb.org/t/p/original/pEmo6aaLTTdDwXY41liecyDeYtc.jpg', 'None', 8.6, 'Returning Series') ON CONFLICT DO NOTHING;
INSERT INTO tv (mediaid , lastAirDate, nextEpisodeToAir, numberOfEpisodes, numberOfSeasons) VALUES( 484, '2023-10-17', '2023-10-18' , 45, 1) ON CONFLICT DO NOTHING;
INSERT INTO genres (mediaId, genre) VALUES(484, 'Animation') ON CONFLICT DO NOTHING;
INSERT INTO genres (mediaId, genre) VALUES(484, 'Family') ON CONFLICT DO NOTHING;
INSERT INTO genres (mediaId, genre) VALUES(484, 'Kids') ON CONFLICT DO NOTHING;
INSERT INTO creators(mediaId, creatorId, creatorName) VALUES(484, 1659095, 'Shea Fontana') ON CONFLICT DO NOTHING;
INSERT INTO actors (mediaId, actorId , actorName, characterName, profilePath) VALUES(484, 2351538, 'Gabrielle Nevaeh Green', 'Clawdeen Wolf (voice)', 'https://image.tmdb.org/t/p/original/q97wakf8G1Zn6ZetjeVf3DsIo9Q.jpg') ON CONFLICT DO NOTHING;
INSERT INTO actors (mediaId, actorId , actorName, characterName, profilePath) VALUES(484, 2531140, 'iris menas', 'Frankie Stein (voice)', 'https://image.tmdb.org/t/p/original/yfocqogbTG6MHmL7bPz7qAIxLnf.jpg') ON CONFLICT DO NOTHING;
INSERT INTO actors (mediaId, actorId , actorName, characterName, profilePath) VALUES(484, 2213884, 'Courtney Lin', 'Draculaura (voice)', 'None') ON CONFLICT DO NOTHING;
INSERT INTO actors (mediaId, actorId , actorName, characterName, profilePath) VALUES(484, 1291350, 'Tony Revolori', 'Deuce Gorgon (voice)', 'https://image.tmdb.org/t/p/original/tSF6XmXDikrKZbFUeoDnafXxKjT.jpg') ON CONFLICT DO NOTHING;
INSERT INTO actors (mediaId, actorId , actorName, characterName, profilePath) VALUES(484, 1855024, 'Kausar Mohammed', 'Cleo de Nile (voice)', 'https://image.tmdb.org/t/p/original/zK4L44nXtmgtDUjLD7UC3YM3oL4.jpg') ON CONFLICT DO NOTHING;
INSERT INTO actors (mediaId, actorId , actorName, characterName, profilePath) VALUES(484, 4014101, 'Valeria Rodriguez', 'Lagoona Blue (voice) / Spectra Vondergeist (voice)', 'None') ON CONFLICT DO NOTHING;
INSERT INTO actors (mediaId, actorId , actorName, characterName, profilePath) VALUES(484, 1567114, 'Alexa Kahn', 'Toralei Stripe (voice)', 'None') ON CONFLICT DO NOTHING;
INSERT INTO actors (mediaId, actorId , actorName, characterName, profilePath) VALUES(484, 63493, 'Alexander Polinsky', 'Heath Burns (voice)', 'https://image.tmdb.org/t/p/original/lNm5DDCXaP0cOkRYRjfvRI4p6N2.jpg') ON CONFLICT DO NOTHING;
INSERT INTO actors (mediaId, actorId , actorName, characterName, profilePath) VALUES(484, 83105, 'Debra Wilson', 'Headless Headmistress Bloodgood (voice)', 'https://image.tmdb.org/t/p/original/2bsguOhkeCrSFMhWQZ9xUrQcaFw.jpg') ON CONFLICT DO NOTHING;
INSERT INTO actors (mediaId, actorId , actorName, characterName, profilePath) VALUES(484, 76527, 'Felicia Day', 'Ghoulia Yelps (voice)', 'https://image.tmdb.org/t/p/original/9jXzLt34ibmmmTakiZXn7Eotdeh.jpg') ON CONFLICT DO NOTHING;
INSERT INTO providers (mediaId, providerId, providerName, logoPath) VALUES( 484, 13, 'Nickelodeon', 'https://image.tmdb.org/t/p/original/l4BrSc3cgnkMjfh3VIHFQHrLQuK.png') ON CONFLICT DO NOTHING;
INSERT INTO media (mediaId, type, name, originalLanguage, adult, releaseDate, overview, backdropPath, posterPath, trailerLink, tmdbRating,  status) VALUES(485, true, 'Baywatch', 'en', False, '1989-04-23',  'Join the Baywatch lifeguards on their thrilling adventures filled with beautiful beaches and those iconic red swimsuits.', 'https://image.tmdb.org/t/p/original/o2F0cIIuEOuai7Vzv0Rh7YvRppT.jpg', 'https://image.tmdb.org/t/p/original/34t8WxHn1OcIVpcTxmjYmjX9tE4.jpg', 'https://www.youtube.com/watch?v=V3YE977cSuU', 5.9, 'Ended') ON CONFLICT DO NOTHING;
INSERT INTO tv (mediaid , lastAirDate, nextEpisodeToAir, numberOfEpisodes, numberOfSeasons) VALUES( 485, '2001-05-14', NULL , 242, 11) ON CONFLICT DO NOTHING;
INSERT INTO genres (mediaId, genre) VALUES(485, 'Action & Adventure') ON CONFLICT DO NOTHING;
INSERT INTO genres (mediaId, genre) VALUES(485, 'Drama') ON CONFLICT DO NOTHING;
INSERT INTO creators(mediaId, creatorId, creatorName) VALUES(485, 56131, 'Douglas Schwartz') ON CONFLICT DO NOTHING;
INSERT INTO creators(mediaId, creatorId, creatorName) VALUES(485, 56132, 'Michael Berk') ON CONFLICT DO NOTHING;
INSERT INTO creators(mediaId, creatorId, creatorName) VALUES(485, 1216763, 'Gregory J. Bonann') ON CONFLICT DO NOTHING;
INSERT INTO actors (mediaId, actorId , actorName, characterName, profilePath) VALUES(485, 98660, 'Michael Bergin', 'J.D. Darius', 'https://image.tmdb.org/t/p/original/eCxhUsDen1jfOPESXEenGbB2sk9.jpg') ON CONFLICT DO NOTHING;
INSERT INTO actors (mediaId, actorId , actorName, characterName, profilePath) VALUES(485, 117642, 'Jason Momoa', 'Jason Ioane', 'https://image.tmdb.org/t/p/original/6dEFBpZH8C8OijsynkSajQT99Pb.jpg') ON CONFLICT DO NOTHING;
INSERT INTO actors (mediaId, actorId , actorName, characterName, profilePath) VALUES(485, 213954, 'Stacy Kamano', 'Kekoa Tanaka', 'https://image.tmdb.org/t/p/original/lG1avHyrhbcXwASChcFy8yCM7As.jpg') ON CONFLICT DO NOTHING;
INSERT INTO actors (mediaId, actorId , actorName, characterName, profilePath) VALUES(485, 154748, 'Jason Brooks', 'Sean Monroe', 'https://image.tmdb.org/t/p/original/56jMhjMsKDZWZmyQjwRKfe2jmLU.jpg') ON CONFLICT DO NOTHING;
INSERT INTO actors (mediaId, actorId , actorName, characterName, profilePath) VALUES(485, 21858, 'Krista Allen', 'Jenna Avid', 'https://image.tmdb.org/t/p/original/dzSpRWvCr2XLkVUclv3OSXNe8wg.jpg') ON CONFLICT DO NOTHING;
INSERT INTO actors (mediaId, actorId , actorName, characterName, profilePath) VALUES(485, 65641, 'Brande Roderick', 'Leigh Dyer', 'https://image.tmdb.org/t/p/original/xSezu077rAcyhEycC4F7s02a1kD.jpg') ON CONFLICT DO NOTHING;
INSERT INTO actors (mediaId, actorId , actorName, characterName, profilePath) VALUES(485, 1326902, 'Charlie Brumbly', 'Zack McEwan', 'None') ON CONFLICT DO NOTHING;
INSERT INTO providers (mediaId, providerId, providerName, logoPath) VALUES( 485, 6, 'NBC', 'https://image.tmdb.org/t/p/original/cm111bsDVlYaC1foL0itvEI4yLG.png') ON CONFLICT DO NOTHING;
INSERT INTO media (mediaId, type, name, originalLanguage, adult, releaseDate, overview, backdropPath, posterPath, trailerLink, tmdbRating,  status) VALUES(486, true, 'Person of Interest', 'en', False, '2011-09-22',  'John Reese, former CIA paramilitary operative, is presumed dead and teams up with reclusive billionaire Finch to prevent violent crimes in New York City by initiating their own type of justice. With the special training that Reese has had in Covert Operations and Finch''s genius software inventing mind, the two are a perfect match for the job that they have to complete. With the help of surveillance equipment, they work "outside the law" and get the right criminal behind bars. ', 'https://image.tmdb.org/t/p/original/3sCIyApg6jDoiTRwrNHHETRLQ8F.jpg', 'https://image.tmdb.org/t/p/original/6FuKOyJgViZXgMDOq9djFJLWPqX.jpg', 'https://www.youtube.com/watch?v=_xAK3ueOJxE', 8.1, 'Ended') ON CONFLICT DO NOTHING;
INSERT INTO tv (mediaid , lastAirDate, nextEpisodeToAir, numberOfEpisodes, numberOfSeasons) VALUES( 486, '2016-06-21', NULL , 103, 5) ON CONFLICT DO NOTHING;
INSERT INTO genres (mediaId, genre) VALUES(486, 'Drama') ON CONFLICT DO NOTHING;
INSERT INTO genres (mediaId, genre) VALUES(486, 'Action & Adventure') ON CONFLICT DO NOTHING;
INSERT INTO genres (mediaId, genre) VALUES(486, 'Crime') ON CONFLICT DO NOTHING;
INSERT INTO genres (mediaId, genre) VALUES(486, 'Sci-Fi & Fantasy') ON CONFLICT DO NOTHING;
INSERT INTO creators(mediaId, creatorId, creatorName) VALUES(486, 527, 'Jonathan Nolan') ON CONFLICT DO NOTHING;
INSERT INTO actors (mediaId, actorId , actorName, characterName, profilePath) VALUES(486, 8767, 'Jim Caviezel', 'John Reese', 'https://image.tmdb.org/t/p/original/wDf6ukCaGMEnH94GzLP2NGjKeNL.jpg') ON CONFLICT DO NOTHING;
INSERT INTO actors (mediaId, actorId , actorName, characterName, profilePath) VALUES(486, 2136, 'Michael Emerson', 'Harold Finch', 'https://image.tmdb.org/t/p/original/xOpr90SF1RCtjFNTu32nZQ90buY.jpg') ON CONFLICT DO NOTHING;
INSERT INTO actors (mediaId, actorId , actorName, characterName, profilePath) VALUES(486, 4728, 'Kevin Chapman', 'Lionel Fusco', 'https://image.tmdb.org/t/p/original/sCUwtlhaT2MspHCUx2veRAA9ZXx.jpg') ON CONFLICT DO NOTHING;
INSERT INTO actors (mediaId, actorId , actorName, characterName, profilePath) VALUES(486, 81133, 'Amy Acker', 'Root', 'https://image.tmdb.org/t/p/original/8qB2XswCqNOSmeK863nYF3hBdiT.jpg') ON CONFLICT DO NOTHING;
INSERT INTO actors (mediaId, actorId , actorName, characterName, profilePath) VALUES(486, 164945, 'Sarah Shahi', 'Sameen Shaw', 'https://image.tmdb.org/t/p/original/crKD1ax5wRRZ4QM7nQyH8K2deaA.jpg') ON CONFLICT DO NOTHING;
INSERT INTO providers (mediaId, providerId, providerName, logoPath) VALUES( 486, 16, 'CBS', 'https://image.tmdb.org/t/p/original/wju8KhOUsR5y4bH9p3Jc50hhaLO.png') ON CONFLICT DO NOTHING;
INSERT INTO media (mediaId, type, name, originalLanguage, adult, releaseDate, overview, backdropPath, posterPath, trailerLink, tmdbRating,  status) VALUES(487, true, 'LIVE with Kelly and Mark', 'en', False, '1988-09-05',  'A morning talk show with A-list celebrity guests, top-notch performances and one-of-a-kind segments that are unrivaled on daytime television, plus spontaneous, hilarious and unpredictable talk.', 'https://image.tmdb.org/t/p/original/ttvojTMgaIN7U8gqB5LlNqO4vPN.jpg', 'https://image.tmdb.org/t/p/original/b90Z7Nlw1EzPz38oL3utlvFjmFR.jpg', 'None', 5.5, 'Returning Series') ON CONFLICT DO NOTHING;
INSERT INTO tv (mediaid , lastAirDate, nextEpisodeToAir, numberOfEpisodes, numberOfSeasons) VALUES( 487, '2023-10-06', NULL , 6114, 36) ON CONFLICT DO NOTHING;
INSERT INTO genres (mediaId, genre) VALUES(487, 'Talk') ON CONFLICT DO NOTHING;
INSERT INTO actors (mediaId, actorId , actorName, characterName, profilePath) VALUES(487, 76096, 'Kelly Ripa', 'Self - Host', 'https://image.tmdb.org/t/p/original/rlD0Ob2zFTppU1XP0cdMGRgDeyb.jpg') ON CONFLICT DO NOTHING;
INSERT INTO actors (mediaId, actorId , actorName, characterName, profilePath) VALUES(487, 112143, 'Mark Consuelos', 'Self - Host', 'https://image.tmdb.org/t/p/original/wz06awHQuxEwRiYgFl6f1iGLbJC.jpg') ON CONFLICT DO NOTHING;
INSERT INTO media (mediaId, type, name, originalLanguage, adult, releaseDate, overview, backdropPath, posterPath, trailerLink, tmdbRating,  status) VALUES(488, true, 'The Nanny', 'en', False, '1993-11-03',  'Fran, fresh out of her job as a bridal consultant in her boyfriend’s shop, first appears on the doorstep of Broadway producer Maxwell Sheffield peddling cosmetics, and quickly stumbled upon the opportunity to become The Nanny for his three children. But soon Fran, with her offbeat nurturing and no-nonsense honesty, touches Maxwell as well as the kids.', 'https://image.tmdb.org/t/p/original/hCUOckGQ4WnYRoCPFSTdxxErnr7.jpg', 'https://image.tmdb.org/t/p/original/4syShXMjaPAP3mG81ekhruv94sd.jpg', 'https://www.youtube.com/watch?v=OHK-1WTRQAM', 8.1, 'Ended') ON CONFLICT DO NOTHING;
INSERT INTO tv (mediaid , lastAirDate, nextEpisodeToAir, numberOfEpisodes, numberOfSeasons) VALUES( 488, '1999-06-23', NULL , 145, 6) ON CONFLICT DO NOTHING;
INSERT INTO genres (mediaId, genre) VALUES(488, 'Comedy') ON CONFLICT DO NOTHING;
INSERT INTO creators(mediaId, creatorId, creatorName) VALUES(488, 53122, 'Fran Drescher') ON CONFLICT DO NOTHING;
INSERT INTO creators(mediaId, creatorId, creatorName) VALUES(488, 186807, 'Peter Marc Jacobson') ON CONFLICT DO NOTHING;
INSERT INTO actors (mediaId, actorId , actorName, characterName, profilePath) VALUES(488, 53122, 'Fran Drescher', 'Fran Fine', 'https://image.tmdb.org/t/p/original/kQzvZ4ksLunfs3QZQtzRhzLJPBY.jpg') ON CONFLICT DO NOTHING;
INSERT INTO actors (mediaId, actorId , actorName, characterName, profilePath) VALUES(488, 63474, 'Charles Shaughnessy', 'Maxwell Sheffield', 'https://image.tmdb.org/t/p/original/dTgLchpZE68noJYkgKa43QijGnL.jpg') ON CONFLICT DO NOTHING;
INSERT INTO actors (mediaId, actorId , actorName, characterName, profilePath) VALUES(488, 177765, 'Daniel Davis', 'Niles', 'https://image.tmdb.org/t/p/original/tzUjClFGhYDcTb2hYc8uk5oYfSs.jpg') ON CONFLICT DO NOTHING;
INSERT INTO actors (mediaId, actorId , actorName, characterName, profilePath) VALUES(488, 79013, 'Lauren Lane', 'C.C. Babcock', 'https://image.tmdb.org/t/p/original/8qgllyegMpr2msgu2sdgz8boOcb.jpg') ON CONFLICT DO NOTHING;
INSERT INTO actors (mediaId, actorId , actorName, characterName, profilePath) VALUES(488, 35241, 'Nicholle Tom', 'Margaret Sheffield', 'https://image.tmdb.org/t/p/original/vFmRLcY6J5IS9DikiHKmRv4lL1n.jpg') ON CONFLICT DO NOTHING;
INSERT INTO actors (mediaId, actorId , actorName, characterName, profilePath) VALUES(488, 76759, 'Benjamin Salisbury', 'Brighton Sheffield', 'https://image.tmdb.org/t/p/original/fQ5BiuBMY6gisJxrSHwUS43lXx8.jpg') ON CONFLICT DO NOTHING;
INSERT INTO actors (mediaId, actorId , actorName, characterName, profilePath) VALUES(488, 84613, 'Madeline Zima', 'Grace Sheffield', 'https://image.tmdb.org/t/p/original/6hmUs5Q1EETapn32yKNt3c3i1sn.jpg') ON CONFLICT DO NOTHING;
INSERT INTO providers (mediaId, providerId, providerName, logoPath) VALUES( 488, 16, 'CBS', 'https://image.tmdb.org/t/p/original/wju8KhOUsR5y4bH9p3Jc50hhaLO.png') ON CONFLICT DO NOTHING;
INSERT INTO media (mediaId, type, name, originalLanguage, adult, releaseDate, overview, backdropPath, posterPath, trailerLink, tmdbRating,  status) VALUES(489, true, 'Chelsea Lately', 'en', False, '2007-07-16',  'Comedian Chelsea Handler spoofs celebrities, TV, movies, news, while dishing out her personal views on current events with the help of a rotating panel of comedians.', 'https://image.tmdb.org/t/p/original/xXjYhhXx9DdHH47gnMhsISkOTZV.jpg', 'https://image.tmdb.org/t/p/original/h7kmKQKGoFv2GgDWpybqB8Zb29.jpg', 'None', 4.3, 'Canceled') ON CONFLICT DO NOTHING;
INSERT INTO tv (mediaid , lastAirDate, nextEpisodeToAir, numberOfEpisodes, numberOfSeasons) VALUES( 489, '2014-08-26', NULL , 1186, 8) ON CONFLICT DO NOTHING;
INSERT INTO genres (mediaId, genre) VALUES(489, 'Comedy') ON CONFLICT DO NOTHING;
INSERT INTO actors (mediaId, actorId , actorName, characterName, profilePath) VALUES(489, 151254, 'Chelsea Handler', 'Herself - Host', 'https://image.tmdb.org/t/p/original/b9Yljl32sPMJQQd3mQ1eKNsTfu6.jpg') ON CONFLICT DO NOTHING;
INSERT INTO providers (mediaId, providerId, providerName, logoPath) VALUES( 489, 76, 'E!', 'https://image.tmdb.org/t/p/original/ptpx2Ag52sYJG6LiX9zBlnKsQOS.png') ON CONFLICT DO NOTHING;
INSERT INTO media (mediaId, type, name, originalLanguage, adult, releaseDate, overview, backdropPath, posterPath, trailerLink, tmdbRating,  status) VALUES(490, true, 'CSI: NY', 'en', False, '2004-09-22',  'Follow the investigations of a team of NYPD forensic scientists and police officers identified as "Crime Scene Investigators".', 'https://image.tmdb.org/t/p/original/p4GKINJxZoFbPEvX5NKIb4lzaL.jpg', 'https://image.tmdb.org/t/p/original/4TGV4Bb3OPay4cHkQRlfwghv3vC.jpg', 'None', 7.4, 'Canceled') ON CONFLICT DO NOTHING;
INSERT INTO tv (mediaid , lastAirDate, nextEpisodeToAir, numberOfEpisodes, numberOfSeasons) VALUES( 490, '2013-02-22', NULL , 197, 9) ON CONFLICT DO NOTHING;
INSERT INTO genres (mediaId, genre) VALUES(490, 'Crime') ON CONFLICT DO NOTHING;
INSERT INTO genres (mediaId, genre) VALUES(490, 'Drama') ON CONFLICT DO NOTHING;
INSERT INTO genres (mediaId, genre) VALUES(490, 'Mystery') ON CONFLICT DO NOTHING;
INSERT INTO creators(mediaId, creatorId, creatorName) VALUES(490, 1039314, 'Anthony Zuiker') ON CONFLICT DO NOTHING;
INSERT INTO creators(mediaId, creatorId, creatorName) VALUES(490, 1214544, 'Ann Donahue') ON CONFLICT DO NOTHING;
INSERT INTO creators(mediaId, creatorId, creatorName) VALUES(490, 1221343, 'Carol Mendelsohn') ON CONFLICT DO NOTHING;
INSERT INTO actors (mediaId, actorId , actorName, characterName, profilePath) VALUES(490, 33, 'Gary Sinise', 'Mac Taylor', 'https://image.tmdb.org/t/p/original/ngYV91xYfCu0JNcSxJ4yQ7tzOna.jpg') ON CONFLICT DO NOTHING;
INSERT INTO actors (mediaId, actorId , actorName, characterName, profilePath) VALUES(490, 1217942, 'Anna Belknap', 'Lindsay Monroe', 'https://image.tmdb.org/t/p/original/o9JJ6thQO8cDhK0HBO06BQAUsFf.jpg') ON CONFLICT DO NOTHING;
INSERT INTO actors (mediaId, actorId , actorName, characterName, profilePath) VALUES(490, 6068, 'Sela Ward', 'Jo Danville', 'https://image.tmdb.org/t/p/original/pzQuH9vm182Ar2vpUsakKzxPNV7.jpg') ON CONFLICT DO NOTHING;
INSERT INTO actors (mediaId, actorId , actorName, characterName, profilePath) VALUES(490, 12800, 'Carmine Giovinazzo', 'Danny Messer', 'https://image.tmdb.org/t/p/original/hkI4Ybp0PnjfNScWYHqzNoE7jDG.jpg') ON CONFLICT DO NOTHING;
INSERT INTO actors (mediaId, actorId , actorName, characterName, profilePath) VALUES(490, 57686, 'Hill Harper', 'Sheldon Hawkes', 'https://image.tmdb.org/t/p/original/cgaRPrgB4DBxogIgiLwuABVmJVw.jpg') ON CONFLICT DO NOTHING;
INSERT INTO actors (mediaId, actorId , actorName, characterName, profilePath) VALUES(490, 25987, 'Eddie Cahill', 'Donald Flack, Jr.', 'https://image.tmdb.org/t/p/original/duEjKuDs0UAMknHrKzQF2FcWcYC.jpg') ON CONFLICT DO NOTHING;
INSERT INTO actors (mediaId, actorId , actorName, characterName, profilePath) VALUES(490, 19976, 'Robert Joy', 'Sid Hammerback', 'https://image.tmdb.org/t/p/original/kPY9ggs4qCi3oeEvkYP17Yvfm5r.jpg') ON CONFLICT DO NOTHING;
INSERT INTO actors (mediaId, actorId , actorName, characterName, profilePath) VALUES(490, 60460, 'A.J. Buckley', 'Adam Ross', 'https://image.tmdb.org/t/p/original/arGsJN4HuiNpFsRsNX81fDX1KJj.jpg') ON CONFLICT DO NOTHING;
INSERT INTO providers (mediaId, providerId, providerName, logoPath) VALUES( 490, 16, 'CBS', 'https://image.tmdb.org/t/p/original/wju8KhOUsR5y4bH9p3Jc50hhaLO.png') ON CONFLICT DO NOTHING;
INSERT INTO media (mediaId, type, name, originalLanguage, adult, releaseDate, overview, backdropPath, posterPath, trailerLink, tmdbRating,  status) VALUES(491, true, 'Justified', 'en', False, '2010-03-16',  'A character drama based on the 2001 Elmore Leonard short story "Fire in the Hole." Leonard''s tale centers around U.S. Marshal Raylan Givens of Kentucky, a quiet but strong-willed official of the law. The tale covers his high-stakes job, as well as his strained relationships with his ex-wife and father.', 'https://image.tmdb.org/t/p/original/xkDG73AhMvnPWayieP2d6ttC17V.jpg', 'https://image.tmdb.org/t/p/original/aVYuGDlOZMCRt89fAnHTYgk3BMr.jpg', 'https://www.youtube.com/watch?v=86zzu8wz0-U', 8, 'Ended') ON CONFLICT DO NOTHING;
INSERT INTO tv (mediaid , lastAirDate, nextEpisodeToAir, numberOfEpisodes, numberOfSeasons) VALUES( 491, '2015-04-14', NULL , 78, 6) ON CONFLICT DO NOTHING;
INSERT INTO genres (mediaId, genre) VALUES(491, 'Crime') ON CONFLICT DO NOTHING;
INSERT INTO genres (mediaId, genre) VALUES(491, 'Drama') ON CONFLICT DO NOTHING;
INSERT INTO creators(mediaId, creatorId, creatorName) VALUES(491, 21206, 'Graham Yost') ON CONFLICT DO NOTHING;
INSERT INTO actors (mediaId, actorId , actorName, characterName, profilePath) VALUES(491, 18082, 'Timothy Olyphant', 'Raylan Givens', 'https://image.tmdb.org/t/p/original/ccQzw9I1BYBv0HHVJr4cvAWjtkI.jpg') ON CONFLICT DO NOTHING;
INSERT INTO actors (mediaId, actorId , actorName, characterName, profilePath) VALUES(491, 27740, 'Walton Goggins', 'Boyd Crowder', 'https://image.tmdb.org/t/p/original/nPH7NL6wLUFJaXo5V3jBisgH84c.jpg') ON CONFLICT DO NOTHING;
INSERT INTO actors (mediaId, actorId , actorName, characterName, profilePath) VALUES(491, 3237, 'Joelle Carter', 'Ava Crowder', 'https://image.tmdb.org/t/p/original/vJUPZyMq0MDOKJ9hmnLNC3sNqLA.jpg') ON CONFLICT DO NOTHING;
INSERT INTO actors (mediaId, actorId , actorName, characterName, profilePath) VALUES(491, 54414, 'Jacob Pitts', 'Tim Gutterson', 'https://image.tmdb.org/t/p/original/hSgGV6HNDk9GHObRkOGyFue0WUu.jpg') ON CONFLICT DO NOTHING;
INSERT INTO actors (mediaId, actorId , actorName, characterName, profilePath) VALUES(491, 1224565, 'Erica Tazel', 'Rachel Brooks', 'https://image.tmdb.org/t/p/original/4rYudd0BJiAE4msLhl5IcYvIyLU.jpg') ON CONFLICT DO NOTHING;
INSERT INTO actors (mediaId, actorId , actorName, characterName, profilePath) VALUES(491, 97406, 'Natalie Zea', 'Winona Hawkins', 'https://image.tmdb.org/t/p/original/gzGx4oD7fvHBV9SzQyeiobH70aP.jpg') ON CONFLICT DO NOTHING;
INSERT INTO actors (mediaId, actorId , actorName, characterName, profilePath) VALUES(491, 12538, 'Nick Searcy', 'Art Mullen', 'https://image.tmdb.org/t/p/original/AnqbYGdLLaUaMfCtE0zYiRiI7E6.jpg') ON CONFLICT DO NOTHING;
INSERT INTO providers (mediaId, providerId, providerName, logoPath) VALUES( 491, 88, 'FX', 'https://image.tmdb.org/t/p/original/aexGjtcs42DgRtZh7zOxayiry4J.png') ON CONFLICT DO NOTHING;
INSERT INTO media (mediaId, type, name, originalLanguage, adult, releaseDate, overview, backdropPath, posterPath, trailerLink, tmdbRating,  status) VALUES(492, true, 'Silo', 'en', False, '2023-05-04',  'In a ruined and toxic future, a community exists in a giant underground silo that plunges hundreds of stories deep. There, men and women live in a society full of regulations they believe are meant to protect them.', 'https://image.tmdb.org/t/p/original/n5FPNMJ0eRoiQrKGfUQQRAZeaxg.jpg', 'https://image.tmdb.org/t/p/original/zBx1X06G1OlndbXTCZI13FECNz2.jpg', 'https://www.youtube.com/watch?v=8ZYhuvIv1pA', 8.2, 'Returning Series') ON CONFLICT DO NOTHING;
INSERT INTO tv (mediaid , lastAirDate, nextEpisodeToAir, numberOfEpisodes, numberOfSeasons) VALUES( 492, '2023-06-29', NULL , 10, 1) ON CONFLICT DO NOTHING;
INSERT INTO genres (mediaId, genre) VALUES(492, 'Drama') ON CONFLICT DO NOTHING;
INSERT INTO creators(mediaId, creatorId, creatorName) VALUES(492, 21206, 'Graham Yost') ON CONFLICT DO NOTHING;
INSERT INTO actors (mediaId, actorId , actorName, characterName, profilePath) VALUES(492, 933238, 'Rebecca Ferguson', 'Juliette Nichols', 'https://image.tmdb.org/t/p/original/lJloTOheuQSirSLXNA3JHsrMNfH.jpg') ON CONFLICT DO NOTHING;
INSERT INTO actors (mediaId, actorId , actorName, characterName, profilePath) VALUES(492, 4238, 'Common', 'Robert Sims', 'https://image.tmdb.org/t/p/original/dHOcvZJmHz50gk78Eta7PfoZQLH.jpg') ON CONFLICT DO NOTHING;
INSERT INTO actors (mediaId, actorId , actorName, characterName, profilePath) VALUES(492, 17477, 'Harriet Walter', 'Martha Walker', 'https://image.tmdb.org/t/p/original/vH8JrqdHaoFeGos44XeKTNuQMKE.jpg') ON CONFLICT DO NOTHING;
INSERT INTO actors (mediaId, actorId , actorName, characterName, profilePath) VALUES(492, 1717255, 'Chinaza Uche', 'Paul Billings', 'https://image.tmdb.org/t/p/original/11H0H1PRmqNExnD2bdOZNYHHJf0.jpg') ON CONFLICT DO NOTHING;
INSERT INTO actors (mediaId, actorId , actorName, characterName, profilePath) VALUES(492, 1617697, 'Avi Nash', 'Lukas Kyle', 'https://image.tmdb.org/t/p/original/9FDEwdZHfZqWRTrhfG4X58chM9x.jpg') ON CONFLICT DO NOTHING;
INSERT INTO actors (mediaId, actorId , actorName, characterName, profilePath) VALUES(492, 123532, 'Rick Gomez', 'Patrick Kennedy', 'https://image.tmdb.org/t/p/original/gmVYPHJgmRVIzhaVYMns4kgBVqm.jpg') ON CONFLICT DO NOTHING;
INSERT INTO actors (mediaId, actorId , actorName, characterName, profilePath) VALUES(492, 504, 'Tim Robbins', 'Bernard Holland', 'https://image.tmdb.org/t/p/original/A4fHNLX73EQs78f2G6ObfKZnvp4.jpg') ON CONFLICT DO NOTHING;
INSERT INTO providers (mediaId, providerId, providerName, logoPath) VALUES( 492, 2552, 'Apple TV+', 'https://image.tmdb.org/t/p/original/4KAy34EHvRM25Ih8wb82AuGU7zJ.png') ON CONFLICT DO NOTHING;
INSERT INTO media (mediaId, type, name, originalLanguage, adult, releaseDate, overview, backdropPath, posterPath, trailerLink, tmdbRating,  status) VALUES(493, true, 'Agatha Christie''s Marple', 'en', False, '2004-12-12',  'The adventures of Miss Jane Marple, an elderly spinster living in the quiet little village of St Mary Mead. During her many visits to friends and relatives in other villages, Miss Marple often stumbles upon mysterious murders which she helps solve. Although the police are sometimes reluctant to accept Miss Marple''s help, her reputation and unparalleled powers of observation eventually win them over.', 'https://image.tmdb.org/t/p/original/1lBEfsnzUkxtxzvFwimENpM6bEP.jpg', 'https://image.tmdb.org/t/p/original/nVswrZQpqQND9TgwgbWgz18KgAo.jpg', 'https://www.youtube.com/watch?v=Dw0lGUB6pYM', 7.8, 'Ended') ON CONFLICT DO NOTHING;
INSERT INTO tv (mediaid , lastAirDate, nextEpisodeToAir, numberOfEpisodes, numberOfSeasons) VALUES( 493, '2013-12-29', NULL , 23, 6) ON CONFLICT DO NOTHING;
INSERT INTO genres (mediaId, genre) VALUES(493, 'Drama') ON CONFLICT DO NOTHING;
INSERT INTO genres (mediaId, genre) VALUES(493, 'Crime') ON CONFLICT DO NOTHING;
INSERT INTO genres (mediaId, genre) VALUES(493, 'Mystery') ON CONFLICT DO NOTHING;
INSERT INTO actors (mediaId, actorId , actorName, characterName, profilePath) VALUES(493, 83438, 'Julia McKenzie', 'Miss Marple', 'https://image.tmdb.org/t/p/original/kNQTuGDiu6s1A9yLqm4EjDmT8cd.jpg') ON CONFLICT DO NOTHING;
INSERT INTO providers (mediaId, providerId, providerName, logoPath) VALUES( 493, 9, 'ITV1', 'https://image.tmdb.org/t/p/original/oz9pjTHnBUmlju8OkaTymhKbh6C.png') ON CONFLICT DO NOTHING;
INSERT INTO media (mediaId, type, name, originalLanguage, adult, releaseDate, overview, backdropPath, posterPath, trailerLink, tmdbRating,  status) VALUES(494, true, 'Entre tierras', 'es', False, '2023-09-10',  '', 'https://image.tmdb.org/t/p/original/bhjYFEFxGohOCuwLDYcVyld54NV.jpg', 'https://image.tmdb.org/t/p/original/wGg7P87IrGinG963WisFlMSEeFs.jpg', 'None', 7.6, 'Returning Series') ON CONFLICT DO NOTHING;
INSERT INTO tv (mediaid , lastAirDate, nextEpisodeToAir, numberOfEpisodes, numberOfSeasons) VALUES( 494, '2023-10-15', '2023-10-22' , 10, 1) ON CONFLICT DO NOTHING;
INSERT INTO genres (mediaId, genre) VALUES(494, 'Drama') ON CONFLICT DO NOTHING;
INSERT INTO actors (mediaId, actorId , actorName, characterName, profilePath) VALUES(494, 1298489, 'Megan Montaner', 'María Fernández', 'https://image.tmdb.org/t/p/original/81HcPyRvgm630Orkeg0ZHuRjDMR.jpg') ON CONFLICT DO NOTHING;
INSERT INTO actors (mediaId, actorId , actorName, characterName, profilePath) VALUES(494, 50994, 'Unax Ugalde', 'Manuel Cervantes', 'https://image.tmdb.org/t/p/original/t4jKbvmXSjMBnZZjNZEr3P46q6s.jpg') ON CONFLICT DO NOTHING;
INSERT INTO actors (mediaId, actorId , actorName, characterName, profilePath) VALUES(494, 87245, 'Juanjo Puigcorbé', 'Ramón Cervantes', 'https://image.tmdb.org/t/p/original/5UZEGVdqQIHiTn6LXo0qVrsKzwi.jpg') ON CONFLICT DO NOTHING;
INSERT INTO actors (mediaId, actorId , actorName, characterName, profilePath) VALUES(494, 1071541, 'Begoña Maestre', 'Justa Martínez', 'https://image.tmdb.org/t/p/original/4QlPcS1M9RcOSf2UboTsoZwQ7uo.jpg') ON CONFLICT DO NOTHING;
INSERT INTO actors (mediaId, actorId , actorName, characterName, profilePath) VALUES(494, 1073953, 'Llorenç González', 'Gabriel "Gabi" Expósito', 'https://image.tmdb.org/t/p/original/vg79niWATIrDKeUUERy45CyQyBL.jpg') ON CONFLICT DO NOTHING;
INSERT INTO actors (mediaId, actorId , actorName, characterName, profilePath) VALUES(494, 4289057, 'Magdalena Tejado', 'Luisa Fernández', 'None') ON CONFLICT DO NOTHING;
INSERT INTO actors (mediaId, actorId , actorName, characterName, profilePath) VALUES(494, 4289058, 'Mateo Medina', 'Guillermo Fernández', 'None') ON CONFLICT DO NOTHING;
INSERT INTO actors (mediaId, actorId , actorName, characterName, profilePath) VALUES(494, 2484857, 'Belén Écija', '', 'https://image.tmdb.org/t/p/original/gmWgyf4nhRYopLvcnThpcqVetPG.jpg') ON CONFLICT DO NOTHING;
INSERT INTO actors (mediaId, actorId , actorName, characterName, profilePath) VALUES(494, 4289060, 'Martín Abelló Sevillano', '', 'None') ON CONFLICT DO NOTHING;
INSERT INTO actors (mediaId, actorId , actorName, characterName, profilePath) VALUES(494, 3138367, 'Inma Pérez-Quirós', '', 'https://image.tmdb.org/t/p/original/b1IVvBKMHvaK00EAHevKyRAxVWV.jpg') ON CONFLICT DO NOTHING;
INSERT INTO providers (mediaId, providerId, providerName, logoPath) VALUES( 494, 3744, 'Atresplayer Premium', 'https://image.tmdb.org/t/p/original/tRcLVDie5E5dIIRvA8Ojjuvlp7k.png') ON CONFLICT DO NOTHING;
INSERT INTO media (mediaId, type, name, originalLanguage, adult, releaseDate, overview, backdropPath, posterPath, trailerLink, tmdbRating,  status) VALUES(495, true, 'A Woman Scorned', 'tr', False, '2020-10-07',  'Asya is a successful doctor and she has a perfect life with her husband and her son. But after finding a blonde hair on her husband''s scarf, everything changes and she discovers her husband''s extramarital affair.', 'https://image.tmdb.org/t/p/original/3dsBFIlsaoPFNWQYcHiSlFaQFO5.jpg', 'https://image.tmdb.org/t/p/original/i4dD4K0udXVosxOa7wBXpkCKgP1.jpg', 'None', 8, 'Ended') ON CONFLICT DO NOTHING;
INSERT INTO tv (mediaid , lastAirDate, nextEpisodeToAir, numberOfEpisodes, numberOfSeasons) VALUES( 495, '2022-05-25', NULL , 60, 2) ON CONFLICT DO NOTHING;
INSERT INTO genres (mediaId, genre) VALUES(495, 'Drama') ON CONFLICT DO NOTHING;
INSERT INTO actors (mediaId, actorId , actorName, characterName, profilePath) VALUES(495, 113869, 'Cansu Dere', 'Asya Arslan', 'https://image.tmdb.org/t/p/original/eWvdy6iZhhwJIVHbQGNQb4OQ2Ri.jpg') ON CONFLICT DO NOTHING;
INSERT INTO actors (mediaId, actorId , actorName, characterName, profilePath) VALUES(495, 147628, 'Caner Cindoruk', 'Volkan Arslan', 'https://image.tmdb.org/t/p/original/3YSQLSHulP0X0vuAdan8UUDvbC4.jpg') ON CONFLICT DO NOTHING;
INSERT INTO actors (mediaId, actorId , actorName, characterName, profilePath) VALUES(495, 1969653, 'Melis Sezen', 'Derin Güçlü', 'https://image.tmdb.org/t/p/original/w9GMClaCp92u5dmwcEj77j1eCZM.jpg') ON CONFLICT DO NOTHING;
INSERT INTO actors (mediaId, actorId , actorName, characterName, profilePath) VALUES(495, 1789660, 'Eren Vurdem', 'Mert Gelik', 'https://image.tmdb.org/t/p/original/xDJNxVvWN5EMhRi3X1sgBJwIOig.jpg') ON CONFLICT DO NOTHING;
INSERT INTO actors (mediaId, actorId , actorName, characterName, profilePath) VALUES(495, 1992170, 'Alp Akar', 'Ali Arslan', 'https://image.tmdb.org/t/p/original/77DRKxlmeFDCEJ9gEyBTS8C01ug.jpg') ON CONFLICT DO NOTHING;
INSERT INTO actors (mediaId, actorId , actorName, characterName, profilePath) VALUES(495, 3004117, 'Taro Emir Tekin', 'Selçuk Dağcı', 'https://image.tmdb.org/t/p/original/sieLAz0z0hqwNfBznGjTPpCfLjX.jpg') ON CONFLICT DO NOTHING;
INSERT INTO actors (mediaId, actorId , actorName, characterName, profilePath) VALUES(495, 1578931, 'Nazlı Bulum', 'Nil Tetik', 'https://image.tmdb.org/t/p/original/dk6T4HmUkAQ5HJAnbHZUWEJnor9.jpg') ON CONFLICT DO NOTHING;
INSERT INTO actors (mediaId, actorId , actorName, characterName, profilePath) VALUES(495, 1965219, 'Yeliz Kuvancı', 'Bahar Gelik', 'https://image.tmdb.org/t/p/original/en0miLMo2rAFR3EQ7Eu1WVDU4xj.jpg') ON CONFLICT DO NOTHING;
INSERT INTO actors (mediaId, actorId , actorName, characterName, profilePath) VALUES(495, 3004115, 'Gözde Seda Altuner', 'Gönül Güçlü', 'https://image.tmdb.org/t/p/original/mK3HLVdT4I8UVYK8akY9GCTkOU4.jpg') ON CONFLICT DO NOTHING;
INSERT INTO actors (mediaId, actorId , actorName, characterName, profilePath) VALUES(495, 2513597, 'Olcay Yusufoğlu', 'Serap Şenlik', 'https://image.tmdb.org/t/p/original/tpmWlz6Uz3KoBGZgVv28cKdhvmt.jpg') ON CONFLICT DO NOTHING;
INSERT INTO providers (mediaId, providerId, providerName, logoPath) VALUES( 495, 439, 'Kanal D', 'https://image.tmdb.org/t/p/original/qJXllHIGCEUF0MJUUnAMErglUjF.png') ON CONFLICT DO NOTHING;
INSERT INTO media (mediaId, type, name, originalLanguage, adult, releaseDate, overview, backdropPath, posterPath, trailerLink, tmdbRating,  status) VALUES(496, true, 'See', 'en', False, '2019-11-01',  'A virus has decimated humankind. Those who survived emerged blind. Centuries later when twins are born with the mythic ability to see, their father must protect his tribe against a threatened queen.', 'https://image.tmdb.org/t/p/original/wNKwOtq27yfN13SKKV07NwkpBA3.jpg', 'https://image.tmdb.org/t/p/original/1kZdBrH1C07Zf2131QUpmju3kO6.jpg', 'https://www.youtube.com/watch?v=03RAKJipMeM', 8.2, 'Ended') ON CONFLICT DO NOTHING;
INSERT INTO tv (mediaid , lastAirDate, nextEpisodeToAir, numberOfEpisodes, numberOfSeasons) VALUES( 496, '2022-10-13', NULL , 24, 3) ON CONFLICT DO NOTHING;
INSERT INTO genres (mediaId, genre) VALUES(496, 'Drama') ON CONFLICT DO NOTHING;
INSERT INTO genres (mediaId, genre) VALUES(496, 'Sci-Fi & Fantasy') ON CONFLICT DO NOTHING;
INSERT INTO genres (mediaId, genre) VALUES(496, 'Action & Adventure') ON CONFLICT DO NOTHING;
INSERT INTO creators(mediaId, creatorId, creatorName) VALUES(496, 23227, 'Steven Knight') ON CONFLICT DO NOTHING;
INSERT INTO actors (mediaId, actorId , actorName, characterName, profilePath) VALUES(496, 117642, 'Jason Momoa', 'Baba Voss', 'https://image.tmdb.org/t/p/original/6dEFBpZH8C8OijsynkSajQT99Pb.jpg') ON CONFLICT DO NOTHING;
INSERT INTO actors (mediaId, actorId , actorName, characterName, profilePath) VALUES(496, 104632, 'Sylvia Hoeks', 'Queen Sibeth Kane', 'https://image.tmdb.org/t/p/original/wKC9LgqgJRCXuzs1kUKaK7Uicv.jpg') ON CONFLICT DO NOTHING;
INSERT INTO actors (mediaId, actorId , actorName, characterName, profilePath) VALUES(496, 586286, 'Hera Hilmar', 'Maghra', 'https://image.tmdb.org/t/p/original/hUgQJYayUWt3zON9COn0f7RVJxF.jpg') ON CONFLICT DO NOTHING;
INSERT INTO actors (mediaId, actorId , actorName, characterName, profilePath) VALUES(496, 122029, 'Christian Camargo', 'Tamacti Jun', 'https://image.tmdb.org/t/p/original/86SVdy3HpO0KIoGMGMOg1DI5w9k.jpg') ON CONFLICT DO NOTHING;
INSERT INTO actors (mediaId, actorId , actorName, characterName, profilePath) VALUES(496, 2249745, 'Archie Madekwe', 'Kofun', 'https://image.tmdb.org/t/p/original/tdTv1E3309yWTU9IdtdhZj1a1Zj.jpg') ON CONFLICT DO NOTHING;
INSERT INTO actors (mediaId, actorId , actorName, characterName, profilePath) VALUES(496, 1498026, 'Nesta Cooper', 'Haniwa', 'https://image.tmdb.org/t/p/original/rmHzFvZ1rDf9C0cULfsvz1WMRL9.jpg') ON CONFLICT DO NOTHING;
INSERT INTO actors (mediaId, actorId , actorName, characterName, profilePath) VALUES(496, 1842124, 'Eden Epstein', 'Wren', 'https://image.tmdb.org/t/p/original/vinQjJi70eXvoLK4BCPhAKfxtfj.jpg') ON CONFLICT DO NOTHING;
INSERT INTO actors (mediaId, actorId , actorName, characterName, profilePath) VALUES(496, 86764, 'Olivia Cheng', 'Charlotte', 'https://image.tmdb.org/t/p/original/c1rOhwVuZi3v47fuTAnVVB4XuSc.jpg') ON CONFLICT DO NOTHING;
INSERT INTO actors (mediaId, actorId , actorName, characterName, profilePath) VALUES(496, 75073, 'Tom Mison', 'Lord Harlan', 'https://image.tmdb.org/t/p/original/ubTAjuIpAURFCPM1HJV3JyVcDOw.jpg') ON CONFLICT DO NOTHING;
INSERT INTO actors (mediaId, actorId , actorName, characterName, profilePath) VALUES(496, 53259, 'Michael Raymond-James', 'Ranger', 'https://image.tmdb.org/t/p/original/gIj1VOLIVpaZ607ml28fNS0lmmw.jpg') ON CONFLICT DO NOTHING;
INSERT INTO providers (mediaId, providerId, providerName, logoPath) VALUES( 496, 2552, 'Apple TV+', 'https://image.tmdb.org/t/p/original/4KAy34EHvRM25Ih8wb82AuGU7zJ.png') ON CONFLICT DO NOTHING;
INSERT INTO media (mediaId, type, name, originalLanguage, adult, releaseDate, overview, backdropPath, posterPath, trailerLink, tmdbRating,  status) VALUES(497, true, 'Scene of the Crime', 'de', False, '1970-11-29',  'Tatort is a long-running German/Austrian/Swiss, crime television series set in various parts of these countries. The show is broadcast on the channels of ARD in Germany, ORF 2 in Austria and SF1 in Switzerland.', 'https://image.tmdb.org/t/p/original/3CObcRIY4BoJMaexo7gdKk9e05g.jpg', 'https://image.tmdb.org/t/p/original/sqGAH4Koj0poDi65arOK14rTDVu.jpg', 'None', 6.2, 'Returning Series') ON CONFLICT DO NOTHING;
INSERT INTO tv (mediaid , lastAirDate, nextEpisodeToAir, numberOfEpisodes, numberOfSeasons) VALUES( 497, '2023-10-15', '2023-10-22' , 1249, 54) ON CONFLICT DO NOTHING;
INSERT INTO genres (mediaId, genre) VALUES(497, 'Drama') ON CONFLICT DO NOTHING;
INSERT INTO genres (mediaId, genre) VALUES(497, 'Crime') ON CONFLICT DO NOTHING;
INSERT INTO creators(mediaId, creatorId, creatorName) VALUES(497, 5238, 'Günter Rohrbach') ON CONFLICT DO NOTHING;
INSERT INTO creators(mediaId, creatorId, creatorName) VALUES(497, 1233232, 'Gunther Witte') ON CONFLICT DO NOTHING;
INSERT INTO providers (mediaId, providerId, providerName, logoPath) VALUES( 497, 189, 'ORF', 'https://image.tmdb.org/t/p/original/k1poBlW9HGDnIyZU67BtH3BXQuz.png') ON CONFLICT DO NOTHING;
INSERT INTO providers (mediaId, providerId, providerName, logoPath) VALUES( 497, 308, 'Das Erste', 'https://image.tmdb.org/t/p/original/nGl2dDGonksWY4fTzPPdkK3oNyq.png') ON CONFLICT DO NOTHING;
INSERT INTO providers (mediaId, providerId, providerName, logoPath) VALUES( 497, 571, 'SRF 1', 'https://image.tmdb.org/t/p/original/txYJaM2VKunNRk3JooH1mnsVSOg.png') ON CONFLICT DO NOTHING;
INSERT INTO providers (mediaId, providerId, providerName, logoPath) VALUES( 497, 2118, 'ORF 2', 'https://image.tmdb.org/t/p/original/yMnlNdwOHo3YrqPFXVYgvz3pimN.png') ON CONFLICT DO NOTHING;
INSERT INTO media (mediaId, type, name, originalLanguage, adult, releaseDate, overview, backdropPath, posterPath, trailerLink, tmdbRating,  status) VALUES(498, true, 'CBeebies Bedtime Stories', 'en', False, '2009-03-09',  'Join a host of different celebrities for a different story read each night just before bedtime.', 'https://image.tmdb.org/t/p/original/iuwdNVNHG3qaUeAW1ATnFXMCIzh.jpg', 'https://image.tmdb.org/t/p/original/b0ScjqTEs9XNpGsFueXdwPbWHtC.jpg', 'None', 7, 'Returning Series') ON CONFLICT DO NOTHING;
INSERT INTO tv (mediaid , lastAirDate, nextEpisodeToAir, numberOfEpisodes, numberOfSeasons) VALUES( 498, '2022-05-11', NULL , 750, 1) ON CONFLICT DO NOTHING;
INSERT INTO genres (mediaId, genre) VALUES(498, 'Kids') ON CONFLICT DO NOTHING;
INSERT INTO genres (mediaId, genre) VALUES(498, 'Family') ON CONFLICT DO NOTHING;
INSERT INTO providers (mediaId, providerId, providerName, logoPath) VALUES( 498, 166, 'CBeebies', 'https://image.tmdb.org/t/p/original/h05xw1JP88QtiOtvFw8HENlFafx.png') ON CONFLICT DO NOTHING;
INSERT INTO media (mediaId, type, name, originalLanguage, adult, releaseDate, overview, backdropPath, posterPath, trailerLink, tmdbRating,  status) VALUES(499, true, 'The Crown of the Kings', 'pl', False, '2018-01-01',  'Piasts'' reign is coming to end on Casimir the Great, who have no sons. Polish throne comes to Anjous. Thanks to the marriage of Saint Jadwiga of Poland with Lithuanian Grand Duke Jogaila, an alliance is made and a new dynasty - Jagiellons, who rule Poland for next two hundred years', 'https://image.tmdb.org/t/p/original/r665Je3YnPslhqggnDv3KoMCAwV.jpg', 'https://image.tmdb.org/t/p/original/tPx4pZVi2SwWbq0apgpJwfAZqW6.jpg', 'None', 7.2, 'Returning Series') ON CONFLICT DO NOTHING;
INSERT INTO tv (mediaid , lastAirDate, nextEpisodeToAir, numberOfEpisodes, numberOfSeasons) VALUES( 499, '2023-10-17', '2023-10-18' , 525, 5) ON CONFLICT DO NOTHING;
INSERT INTO genres (mediaId, genre) VALUES(499, 'Drama') ON CONFLICT DO NOTHING;
INSERT INTO actors (mediaId, actorId , actorName, characterName, profilePath) VALUES(499, 3396023, 'Sebastian Skoczeń', 'King Władysław II Jagiełło', 'https://image.tmdb.org/t/p/original/zqzfYk7TC45KhCXIPR3UJO8Xhvw.jpg') ON CONFLICT DO NOTHING;
INSERT INTO actors (mediaId, actorId , actorName, characterName, profilePath) VALUES(499, 1895817, 'Milena Staszuk', 'Queen Anne of Cilli', 'https://image.tmdb.org/t/p/original/cbhqtiS6SZKpuDwyR8wW9vgnKrY.jpg') ON CONFLICT DO NOTHING;
INSERT INTO actors (mediaId, actorId , actorName, characterName, profilePath) VALUES(499, 131237, 'Agnieszka Wagner', 'Duchess Alexandra', 'https://image.tmdb.org/t/p/original/7xiw6a4QNAMx9u9yQ2duEHqsHpm.jpg') ON CONFLICT DO NOTHING;
INSERT INTO actors (mediaId, actorId , actorName, characterName, profilePath) VALUES(499, 2220534, 'Michał Chorosiński', 'Duke Vytautas', 'https://image.tmdb.org/t/p/original/qNcKP8g0vOa7gNNBam2BGxC8Tth.jpg') ON CONFLICT DO NOTHING;
INSERT INTO providers (mediaId, providerId, providerName, logoPath) VALUES( 499, 483, 'TVP1', 'https://image.tmdb.org/t/p/original/5XBLFR7RjHrWrK2MHIpfxpkGei9.png') ON CONFLICT DO NOTHING;
INSERT INTO media (mediaId, type, name, originalLanguage, adult, releaseDate, overview, backdropPath, posterPath, trailerLink, tmdbRating,  status) VALUES(500, true, 'Ancient Aliens', 'en', False, '2010-04-20',  'Did intelligent beings from outer space visit Earth thousands of years ago? From the age of the dinosaurs to ancient Egypt, from early cave drawings to continued mass sightings in the US, each episode gives historic depth to the questions, speculations, provocative controversies, first-hand accounts and grounded theories surrounding this age old debate.', 'https://image.tmdb.org/t/p/original/obqcjG9gDu8fnNkXEWI2HlJAb68.jpg', 'https://image.tmdb.org/t/p/original/6X2hftdC8y78SKMSgfzeUItqaVq.jpg', 'https://www.youtube.com/watch?v=SLHoeKZmV1U', 6.9, 'Returning Series') ON CONFLICT DO NOTHING;
INSERT INTO tv (mediaid , lastAirDate, nextEpisodeToAir, numberOfEpisodes, numberOfSeasons) VALUES( 500, '2023-09-15', NULL , 239, 19) ON CONFLICT DO NOTHING;
INSERT INTO genres (mediaId, genre) VALUES(500, 'Documentary') ON CONFLICT DO NOTHING;
INSERT INTO genres (mediaId, genre) VALUES(500, 'Mystery') ON CONFLICT DO NOTHING;
INSERT INTO genres (mediaId, genre) VALUES(500, 'Sci-Fi & Fantasy') ON CONFLICT DO NOTHING;
INSERT INTO creators(mediaId, creatorId, creatorName) VALUES(500, 6868, 'Kevin Burns') ON CONFLICT DO NOTHING;
INSERT INTO actors (mediaId, actorId , actorName, characterName, profilePath) VALUES(500, 35172, 'Robert Clotworthy', 'Narrator (voice)', 'https://image.tmdb.org/t/p/original/ya6d3Nkp28AYIQ9TFDfwh8lshxg.jpg') ON CONFLICT DO NOTHING;
INSERT INTO actors (mediaId, actorId , actorName, characterName, profilePath) VALUES(500, 1619670, 'Giorgio A. Tsoukalos', '', 'https://image.tmdb.org/t/p/original/8VTDBkaLR9udSNLjpZ5fWggC9iw.jpg') ON CONFLICT DO NOTHING;
INSERT INTO actors (mediaId, actorId , actorName, characterName, profilePath) VALUES(500, 3637878, 'Ariel Bar Tzadok', '', 'https://image.tmdb.org/t/p/original/4iarrLDpY3VaRDatQvxXZjZskcL.jpg') ON CONFLICT DO NOTHING;
INSERT INTO actors (mediaId, actorId , actorName, characterName, profilePath) VALUES(500, 3652482, 'Jonathan Young', '', 'https://image.tmdb.org/t/p/original/fbBBuzxYfvLhWdhWAanrmbd7iBH.jpg') ON CONFLICT DO NOTHING;
INSERT INTO actors (mediaId, actorId , actorName, characterName, profilePath) VALUES(500, 1334131, 'David Childress', '', 'https://image.tmdb.org/t/p/original/xQaEX5IgfqPc9W5tJsUrlHT0PYq.jpg') ON CONFLICT DO NOTHING;
INSERT INTO actors (mediaId, actorId , actorName, characterName, profilePath) VALUES(500, 115247, 'Erich von Däniken', '', 'https://image.tmdb.org/t/p/original/3jFyf62mSekO9ip4tgD6qOxbU4W.jpg') ON CONFLICT DO NOTHING;
INSERT INTO actors (mediaId, actorId , actorName, characterName, profilePath) VALUES(500, 1546239, 'Linda Moulton Howe', '', 'https://image.tmdb.org/t/p/original/fkFpfUVqVYLmlmesuqK4Ou8tlXS.jpg') ON CONFLICT DO NOTHING;
INSERT INTO actors (mediaId, actorId , actorName, characterName, profilePath) VALUES(500, 1736567, 'David Wilcock', '', 'https://image.tmdb.org/t/p/original/zWOpuZPkcQsCMdKoSMi462lCa8E.jpg') ON CONFLICT DO NOTHING;
INSERT INTO actors (mediaId, actorId , actorName, characterName, profilePath) VALUES(500, 1249387, 'George Noory', '', 'https://image.tmdb.org/t/p/original/vIEgYeAg72syZ5E3ojvbsdbNZnO.jpg') ON CONFLICT DO NOTHING;
INSERT INTO actors (mediaId, actorId , actorName, characterName, profilePath) VALUES(500, 240256, 'Philip Coppens', '', 'https://image.tmdb.org/t/p/original/eTmoHqDOeqhIBKivv0dxBtDf5TE.jpg') ON CONFLICT DO NOTHING;
INSERT INTO providers (mediaId, providerId, providerName, logoPath) VALUES( 500, 65, 'History', 'https://image.tmdb.org/t/p/original/9fGgdJz17aBX7dOyfHJtsozB7bf.png') ON CONFLICT DO NOTHING;
INSERT INTO media (mediaId, type, name, originalLanguage, adult, releaseDate, overview, backdropPath, posterPath, trailerLink, tmdbRating,  status) VALUES(501, true, 'Tulsa King', 'en', False, '2022-11-13',  'Just after he is released from prison after 25 years, New York mafia capo Dwight “The General” Manfredi is unceremoniously exiled by his boss to set up shop in Tulsa, Okla. Realizing that his mob family may not have his best interests in mind, Dwight slowly builds a “crew” from a group of unlikely characters, to help him establish a new criminal empire in a place that to him might as well be another planet.', 'https://image.tmdb.org/t/p/original/mNHRGO1gFpR2CYZdANe72kcKq7G.jpg', 'https://image.tmdb.org/t/p/original/fwTv3RPRAIy0maOMns5eYRRwnDk.jpg', 'https://www.youtube.com/watch?v=aaQSScwZPbA', 8.5, 'Returning Series') ON CONFLICT DO NOTHING;
INSERT INTO tv (mediaid , lastAirDate, nextEpisodeToAir, numberOfEpisodes, numberOfSeasons) VALUES( 501, '2023-01-08', NULL , 9, 1) ON CONFLICT DO NOTHING;
INSERT INTO genres (mediaId, genre) VALUES(501, 'Crime') ON CONFLICT DO NOTHING;
INSERT INTO genres (mediaId, genre) VALUES(501, 'Drama') ON CONFLICT DO NOTHING;
INSERT INTO creators(mediaId, creatorId, creatorName) VALUES(501, 1215399, 'Taylor Sheridan') ON CONFLICT DO NOTHING;
INSERT INTO actors (mediaId, actorId , actorName, characterName, profilePath) VALUES(501, 16483, 'Sylvester Stallone', 'Dwight ''The General'' Manfredi', 'https://image.tmdb.org/t/p/original/pOpbPofjwpynRkWPZZZkyGds6rx.jpg') ON CONFLICT DO NOTHING;
INSERT INTO actors (mediaId, actorId , actorName, characterName, profilePath) VALUES(501, 71402, 'Andrea Savage', 'Stacy Beale', 'https://image.tmdb.org/t/p/original/dh2prcwPU9U1PBdCNu5SSd4Of9j.jpg') ON CONFLICT DO NOTHING;
INSERT INTO actors (mediaId, actorId , actorName, characterName, profilePath) VALUES(501, 7133, 'Max Casella', 'Armand Truisi', 'https://image.tmdb.org/t/p/original/3IdkJnQIoSwPkF0FN5YYEsQsG0P.jpg') ON CONFLICT DO NOTHING;
INSERT INTO actors (mediaId, actorId , actorName, characterName, profilePath) VALUES(501, 41089, 'Martin Starr', 'Lawrence ''Bodhi'' Geigerman', 'https://image.tmdb.org/t/p/original/gNyCdend3C5gY3ucq42Zt3swfg2.jpg') ON CONFLICT DO NOTHING;
INSERT INTO actors (mediaId, actorId , actorName, characterName, profilePath) VALUES(501, 17941, 'Domenick Lombardozzi', 'Charles ''Chickie'' Invernizzi', 'https://image.tmdb.org/t/p/original/IKNcS1KQqICetjCZSZ8IYqGl7h.jpg') ON CONFLICT DO NOTHING;
INSERT INTO actors (mediaId, actorId , actorName, characterName, profilePath) VALUES(501, 85924, 'Vincent Piazza', 'Vince Antonacci', 'https://image.tmdb.org/t/p/original/60DHQKWdo5pwKzUdSuU0yBEphdH.jpg') ON CONFLICT DO NOTHING;
INSERT INTO actors (mediaId, actorId , actorName, characterName, profilePath) VALUES(501, 3479133, 'Jay Will', 'Tyson Mitchell', 'https://image.tmdb.org/t/p/original/sPSGjDFDqesoSBhJFM3NysDQn61.jpg') ON CONFLICT DO NOTHING;
INSERT INTO actors (mediaId, actorId , actorName, characterName, profilePath) VALUES(501, 52703, 'Alan C. Peterson', 'Pete ''The Rock'' Invernizzi', 'https://image.tmdb.org/t/p/original/P6BHM0KwY1tgJz4WBm36hq6mGs.jpg') ON CONFLICT DO NOTHING;
INSERT INTO actors (mediaId, actorId , actorName, characterName, profilePath) VALUES(501, 9828, 'Garrett Hedlund', 'Mitch Keller', 'https://image.tmdb.org/t/p/original/v5gztlEVgGJEQVp1Mf7URJJBuop.jpg') ON CONFLICT DO NOTHING;
INSERT INTO actors (mediaId, actorId , actorName, characterName, profilePath) VALUES(501, 65002, 'Dana Delany', 'Margaret Devereaux', 'https://image.tmdb.org/t/p/original/sw49JGyGVjgtIaARlDb7c3qcAcf.jpg') ON CONFLICT DO NOTHING;
INSERT INTO providers (mediaId, providerId, providerName, logoPath) VALUES( 501, 4330, 'Paramount+', 'https://image.tmdb.org/t/p/original/fi83B1oztoS47xxcemFdPMhIzK.png') ON CONFLICT DO NOTHING;
INSERT INTO media (mediaId, type, name, originalLanguage, adult, releaseDate, overview, backdropPath, posterPath, trailerLink, tmdbRating,  status) VALUES(502, true, 'Late Night with Conan O''Brien', 'en', False, '1993-09-13',  'Late Night with Conan O''Brien is an American late-night talk show hosted by Conan O''Brien that aired 2,725 episodes on NBC between 1993 and 2009. The show featured varied comedic material, celebrity interviews, and musical and comedy performances. Late Night aired weeknights at 12:37 am Eastern/11:37 pm Central and 12:37 am Mountain in the United States. From 1993 until 2000, Andy Richter served as O''Brien''s sidekick; following his departure, O''Brien was the show''s sole featured performer. The show''s house musical act was The Max Weinberg 7, led by E Street Band drummer Max Weinberg.
The second incarnation of NBC''s Late Night franchise, O''Brien''s debuted in 1993 after David Letterman, who hosted the first incarnation of Late Night, moved to CBS to host Late Show opposite The Tonight Show. In 2004, as part of a deal to secure a new contract, NBC announced that O''Brien would leave Late Night in 2009 to succeed Jay Leno as the host of The Tonight Show. Jimmy Fallon began hosting his version of Late Night on March 2, 2009.', 'https://image.tmdb.org/t/p/original/q9unI9oHyLUNK97RQPYAGjFs4Xu.jpg', 'https://image.tmdb.org/t/p/original/gJZ1rhLLFpatuAeylJoUI82DKC7.jpg', 'None', 7.1, 'Ended') ON CONFLICT DO NOTHING;
INSERT INTO tv (mediaid , lastAirDate, nextEpisodeToAir, numberOfEpisodes, numberOfSeasons) VALUES( 502, '2009-02-20', NULL , 2724, 16) ON CONFLICT DO NOTHING;
INSERT INTO genres (mediaId, genre) VALUES(502, 'Comedy') ON CONFLICT DO NOTHING;
INSERT INTO genres (mediaId, genre) VALUES(502, 'Talk') ON CONFLICT DO NOTHING;
INSERT INTO creators(mediaId, creatorId, creatorName) VALUES(502, 56158, 'Lorne Michaels') ON CONFLICT DO NOTHING;
INSERT INTO creators(mediaId, creatorId, creatorName) VALUES(502, 81200, 'Conan O''Brien') ON CONFLICT DO NOTHING;
INSERT INTO actors (mediaId, actorId , actorName, characterName, profilePath) VALUES(502, 81200, 'Conan O''Brien', 'Self - Host', 'https://image.tmdb.org/t/p/original/zlALLZ3c9BciE85XaKq9RrrEp1E.jpg') ON CONFLICT DO NOTHING;
INSERT INTO actors (mediaId, actorId , actorName, characterName, profilePath) VALUES(502, 1237237, 'Joel Godard', 'Self - Announcer (voice)', 'None') ON CONFLICT DO NOTHING;
INSERT INTO providers (mediaId, providerId, providerName, logoPath) VALUES( 502, 6, 'NBC', 'https://image.tmdb.org/t/p/original/cm111bsDVlYaC1foL0itvEI4yLG.png') ON CONFLICT DO NOTHING;
INSERT INTO media (mediaId, type, name, originalLanguage, adult, releaseDate, overview, backdropPath, posterPath, trailerLink, tmdbRating,  status) VALUES(503, true, 'Chainsaw Man', 'ja', False, '2022-10-12',  'Denji has a simple dream—to live a happy and peaceful life, spending time with a girl he likes. This is a far cry from reality, however, as Denji is forced by the yakuza into killing devils in order to pay off his crushing debts. Using his pet devil Pochita as a weapon, he is ready to do anything for a bit of cash.', 'https://image.tmdb.org/t/p/original/5DUMPBSnHOZsbBv81GFXZXvDpo6.jpg', 'https://image.tmdb.org/t/p/original/npdB6eFzizki0WaZ1OvKcJrWe97.jpg', 'https://www.youtube.com/watch?v=j9sSzNmB5po', 8.6, 'Ended') ON CONFLICT DO NOTHING;
INSERT INTO tv (mediaid , lastAirDate, nextEpisodeToAir, numberOfEpisodes, numberOfSeasons) VALUES( 503, '2022-12-28', NULL , 12, 1) ON CONFLICT DO NOTHING;
INSERT INTO genres (mediaId, genre) VALUES(503, 'Animation') ON CONFLICT DO NOTHING;
INSERT INTO genres (mediaId, genre) VALUES(503, 'Action & Adventure') ON CONFLICT DO NOTHING;
INSERT INTO genres (mediaId, genre) VALUES(503, 'Sci-Fi & Fantasy') ON CONFLICT DO NOTHING;
INSERT INTO genres (mediaId, genre) VALUES(503, 'Comedy') ON CONFLICT DO NOTHING;
INSERT INTO actors (mediaId, actorId , actorName, characterName, profilePath) VALUES(503, 3651176, 'Kikunosuke Toya', 'Denji (voice)', 'https://image.tmdb.org/t/p/original/tSAHe7tjN7luUD1Tx5yPSCuCnuD.jpg') ON CONFLICT DO NOTHING;
INSERT INTO actors (mediaId, actorId , actorName, characterName, profilePath) VALUES(503, 2004086, 'Tomori Kusunoki', 'Makima (voice)', 'https://image.tmdb.org/t/p/original/t5aBzyYiJZDE6DWeTcGMrcQpiI5.jpg') ON CONFLICT DO NOTHING;
INSERT INTO actors (mediaId, actorId , actorName, characterName, profilePath) VALUES(503, 2812912, 'Shogo Sakata', 'Aki Hayakawa (voice)', 'https://image.tmdb.org/t/p/original/fRRPNBz3OCNRdmLdUTdpq7dGqxM.jpg') ON CONFLICT DO NOTHING;
INSERT INTO actors (mediaId, actorId , actorName, characterName, profilePath) VALUES(503, 2359492, 'Fairouz Ai', 'Power (voice)', 'https://image.tmdb.org/t/p/original/coFu6WOVBZvqd1fw89vbHkiC0zB.jpg') ON CONFLICT DO NOTHING;
INSERT INTO providers (mediaId, providerId, providerName, logoPath) VALUES( 503, 98, 'TV Tokyo', 'https://image.tmdb.org/t/p/original/1oTje9uOhRcuLSAc8ERn0cnG51i.png') ON CONFLICT DO NOTHING;
INSERT INTO providers (mediaId, providerId, providerName, logoPath) VALUES( 503, 252, 'TV Aichi', 'https://image.tmdb.org/t/p/original/zFZ5KCuvx7K0vP9XgGcidfXjuUd.png') ON CONFLICT DO NOTHING;
INSERT INTO providers (mediaId, providerId, providerName, logoPath) VALUES( 503, 822, 'TVQ', 'https://image.tmdb.org/t/p/original/fGdBR7lxjrXsBlwZF7B1UNpG5ff.png') ON CONFLICT DO NOTHING;
INSERT INTO providers (mediaId, providerId, providerName, logoPath) VALUES( 503, 824, 'TV Osaka', 'https://image.tmdb.org/t/p/original/6foQmoPac7WCDnDuDbuCZklmDuA.png') ON CONFLICT DO NOTHING;
INSERT INTO providers (mediaId, providerId, providerName, logoPath) VALUES( 503, 938, 'TVh', 'https://image.tmdb.org/t/p/original/f12LLqBVFnDVIY8HidhWEitI77c.png') ON CONFLICT DO NOTHING;
INSERT INTO providers (mediaId, providerId, providerName, logoPath) VALUES( 503, 2064, 'TSC', 'https://image.tmdb.org/t/p/original/qi4L1ffRabF5LJqVimCaaUYpeSj.png') ON CONFLICT DO NOTHING;
INSERT INTO media (mediaId, type, name, originalLanguage, adult, releaseDate, overview, backdropPath, posterPath, trailerLink, tmdbRating,  status) VALUES(504, true, 'Our Dating Story: The Experienced You and the Inexperienced Me', 'ja', False, '2023-10-06',  'Ryuto Kashima is the school''s gloomy introvert, and he''s got a crush on Runa Shirakawa, the popular girl. After losing a bet to classmates, he confesses his feelings to Runa one day. Shocked and secretly just as inexperienced as Ryuto, Runa agrees to date him. The relationship grows between two people who are as similar as they are different. Will their young love blossom? Time will tell!', 'https://image.tmdb.org/t/p/original/NJVgpUiyDTgt9SLv6LKxvbDF4k.jpg', 'https://image.tmdb.org/t/p/original/xaetnad274SyIVgaAW5kY0RRaeH.jpg', 'https://www.youtube.com/watch?v=HYfDGdnfbuY', 6, 'Returning Series') ON CONFLICT DO NOTHING;
INSERT INTO tv (mediaid , lastAirDate, nextEpisodeToAir, numberOfEpisodes, numberOfSeasons) VALUES( 504, '2023-10-13', '2023-10-20' , 8, 1) ON CONFLICT DO NOTHING;
INSERT INTO genres (mediaId, genre) VALUES(504, 'Animation') ON CONFLICT DO NOTHING;
INSERT INTO genres (mediaId, genre) VALUES(504, 'Comedy') ON CONFLICT DO NOTHING;
INSERT INTO actors (mediaId, actorId , actorName, characterName, profilePath) VALUES(504, 1256603, 'Natsuki Hanae', 'Ryuto Kashima (voice)', 'https://image.tmdb.org/t/p/original/A1lGrpBEdAUxZA7RoAw4Zr4ved3.jpg') ON CONFLICT DO NOTHING;
INSERT INTO actors (mediaId, actorId , actorName, characterName, profilePath) VALUES(504, 1339189, 'Saori Onishi', 'Runa Shirakawa (voice)', 'https://image.tmdb.org/t/p/original/cziKB19QMFJ6DQDtxTn07uRY2hq.jpg') ON CONFLICT DO NOTHING;
INSERT INTO actors (mediaId, actorId , actorName, characterName, profilePath) VALUES(504, 2251986, 'Aoi Koga', 'Maria Kurose (voice)', 'https://image.tmdb.org/t/p/original/uVpwheVV4aPROyY1toYv3v5HSPD.jpg') ON CONFLICT DO NOTHING;
INSERT INTO actors (mediaId, actorId , actorName, characterName, profilePath) VALUES(504, 1491332, 'Ayaka Fukuhara', 'Nikoru Yamana (voice)', 'https://image.tmdb.org/t/p/original/9o9NY3rTZdU3Tthyyez9hBL0LBF.jpg') ON CONFLICT DO NOTHING;
INSERT INTO actors (mediaId, actorId , actorName, characterName, profilePath) VALUES(504, 2004086, 'Tomori Kusunoki', 'Akari Tanikita (voice)', 'https://image.tmdb.org/t/p/original/t5aBzyYiJZDE6DWeTcGMrcQpiI5.jpg') ON CONFLICT DO NOTHING;
INSERT INTO actors (mediaId, actorId , actorName, characterName, profilePath) VALUES(504, 1566511, 'Fukushi Ochiai', 'Yūsuke Ijichi (voice)', 'https://image.tmdb.org/t/p/original/xE2FoiUjb9N51J7jg0U8eGmfK19.jpg') ON CONFLICT DO NOTHING;
INSERT INTO actors (mediaId, actorId , actorName, characterName, profilePath) VALUES(504, 40331, 'Daisuke Sakaguchi', 'Ren Nishina (voice)', 'https://image.tmdb.org/t/p/original/cP9lnoYSCyIpSlUkZN4k6RoD7fF.jpg') ON CONFLICT DO NOTHING;
INSERT INTO actors (mediaId, actorId , actorName, characterName, profilePath) VALUES(504, 1249235, 'Tomoaki Maeno', 'Shūgo Sekiya (voice)', 'https://image.tmdb.org/t/p/original/w3lEuXSbEyzzNyO3YnxsF6wm2N5.jpg') ON CONFLICT DO NOTHING;
INSERT INTO actors (mediaId, actorId , actorName, characterName, profilePath) VALUES(504, 4311356, 'KUN', 'KEN (voice)', 'None') ON CONFLICT DO NOTHING;
INSERT INTO providers (mediaId, providerId, providerName, logoPath) VALUES( 504, 173, 'AT-X', 'https://image.tmdb.org/t/p/original/fERjndErEpveJmQZccJbJDi93rj.png') ON CONFLICT DO NOTHING;
INSERT INTO media (mediaId, type, name, originalLanguage, adult, releaseDate, overview, backdropPath, posterPath, trailerLink, tmdbRating,  status) VALUES(505, true, 'Married at First Sight UK', 'en', False, '2015-07-09',  'Working with leading relationship experts, eight British singles are carefully match-made into four married couples, who each meet each other - for the very first time - at their wedding. We''ll follow them as they marry, honeymoon, meet the in-laws and set up home, all the while getting to know one another more and more deeply, to see if the matchmakers have got it right and they will have a future together.', 'https://image.tmdb.org/t/p/original/at1upBsC5xEhXIKtTxH40M1Uloj.jpg', 'https://image.tmdb.org/t/p/original/7VjUVCzaXr9edsow4Dlev6LFyAc.jpg', 'None', 6.3, 'Returning Series') ON CONFLICT DO NOTHING;
INSERT INTO tv (mediaid , lastAirDate, nextEpisodeToAir, numberOfEpisodes, numberOfSeasons) VALUES( 505, '2023-10-17', '2023-10-18' , 107, 8) ON CONFLICT DO NOTHING;
INSERT INTO genres (mediaId, genre) VALUES(505, 'Reality') ON CONFLICT DO NOTHING;
INSERT INTO creators(mediaId, creatorId, creatorName) VALUES(505, 1757821, 'Michael Von Würden') ON CONFLICT DO NOTHING;
INSERT INTO actors (mediaId, actorId , actorName, characterName, profilePath) VALUES(505, 2959165, 'Mel Schilling', 'Self - Expert', 'https://image.tmdb.org/t/p/original/emGBhK0hrBUpFKOP3DtlmKAWqvG.jpg') ON CONFLICT DO NOTHING;
INSERT INTO actors (mediaId, actorId , actorName, characterName, profilePath) VALUES(505, 3243652, 'Paul C Brunson', 'Self - Expert', 'https://image.tmdb.org/t/p/original/nWMaihL0mRKQnQTKoh598t2Vl1p.jpg') ON CONFLICT DO NOTHING;
INSERT INTO actors (mediaId, actorId , actorName, characterName, profilePath) VALUES(505, 3243654, 'Charlene Douglas', 'Self - Expert', 'https://image.tmdb.org/t/p/original/iJQMIhDTKtVglBLnf5LyfHnmaB5.jpg') ON CONFLICT DO NOTHING;
INSERT INTO providers (mediaId, providerId, providerName, logoPath) VALUES( 505, 26, 'Channel 4', 'https://image.tmdb.org/t/p/original/hbifXPpM55B1fL5wPo7t72vzN78.png') ON CONFLICT DO NOTHING;
INSERT INTO providers (mediaId, providerId, providerName, logoPath) VALUES( 505, 136, 'E4', 'https://image.tmdb.org/t/p/original/A7k2PSYy38NzDPDhajalNWcMQ10.png') ON CONFLICT DO NOTHING;
INSERT INTO media (mediaId, type, name, originalLanguage, adult, releaseDate, overview, backdropPath, posterPath, trailerLink, tmdbRating,  status) VALUES(506, true, 'Death in Paradise', 'en', False, '2011-10-25',  'Comedy detective series set on the fictional Caribbean island of Saint-Marie.  A brilliant but idiosyncratic British detective and his resourceful local team solve baffling murder mysteries.', 'https://image.tmdb.org/t/p/original/4urs3DgIgWdvOra73MHnC376CYh.jpg', 'https://image.tmdb.org/t/p/original/lFvpF2V0xkiSdAVAViVqqEeeCt9.jpg', 'https://www.youtube.com/watch?v=f9B6dljC7ag', 7.5, 'Returning Series') ON CONFLICT DO NOTHING;
INSERT INTO tv (mediaid , lastAirDate, nextEpisodeToAir, numberOfEpisodes, numberOfSeasons) VALUES( 506, '2023-02-24', NULL , 96, 12) ON CONFLICT DO NOTHING;
INSERT INTO genres (mediaId, genre) VALUES(506, 'Comedy') ON CONFLICT DO NOTHING;
INSERT INTO genres (mediaId, genre) VALUES(506, 'Crime') ON CONFLICT DO NOTHING;
INSERT INTO genres (mediaId, genre) VALUES(506, 'Drama') ON CONFLICT DO NOTHING;
INSERT INTO genres (mediaId, genre) VALUES(506, 'Mystery') ON CONFLICT DO NOTHING;
INSERT INTO creators(mediaId, creatorId, creatorName) VALUES(506, 1364632, 'Robert Thorogood') ON CONFLICT DO NOTHING;
INSERT INTO actors (mediaId, actorId , actorName, characterName, profilePath) VALUES(506, 96280, 'Ralf Little', 'Inspecteur-chef Neville Parker', 'https://image.tmdb.org/t/p/original/kBhykx9On0dMJyRq8meNslKl3qi.jpg') ON CONFLICT DO NOTHING;
INSERT INTO actors (mediaId, actorId , actorName, characterName, profilePath) VALUES(506, 49813, 'Don Warrington', 'Commandant Selwyn Patterson', 'https://image.tmdb.org/t/p/original/cSwF6Wz2HidEYGCDuX6kzBYydCv.jpg') ON CONFLICT DO NOTHING;
INSERT INTO actors (mediaId, actorId , actorName, characterName, profilePath) VALUES(506, 37763, 'Élisabeth Bourgine', 'Catherine Bordey', 'https://image.tmdb.org/t/p/original/r2et1BgwevWwJCgjujB4nuZGUIl.jpg') ON CONFLICT DO NOTHING;
INSERT INTO actors (mediaId, actorId , actorName, characterName, profilePath) VALUES(506, 178579, 'Ginny Holder', 'Agent Stagiaire Darlene Curtis', 'https://image.tmdb.org/t/p/original/gk6BypIs5txRIDe55e1I6xdyf04.jpg') ON CONFLICT DO NOTHING;
INSERT INTO actors (mediaId, actorId , actorName, characterName, profilePath) VALUES(506, 1942992, 'Shantol Jackson', 'Sergent Naomi Thomas', 'https://image.tmdb.org/t/p/original/wchWT2EjtQPnJcYErdRM1lyRPpB.jpg') ON CONFLICT DO NOTHING;
INSERT INTO actors (mediaId, actorId , actorName, characterName, profilePath) VALUES(506, 2860847, 'Tahj Miles', 'Agent Marlon Pryce', 'https://image.tmdb.org/t/p/original/lCLOr1F7MNvlgntW88puf6UBniq.jpg') ON CONFLICT DO NOTHING;
INSERT INTO providers (mediaId, providerId, providerName, logoPath) VALUES( 506, 4, 'BBC One', 'https://image.tmdb.org/t/p/original/mVn7xESaTNmjBUyUtGNvDQd3CT1.png') ON CONFLICT DO NOTHING;
INSERT INTO media (mediaId, type, name, originalLanguage, adult, releaseDate, overview, backdropPath, posterPath, trailerLink, tmdbRating,  status) VALUES(507, true, 'Halo', 'en', False, '2022-03-24',  'Depicting an epic 26th-century conflict between humanity and an alien threat known as the Covenant, the series weaves deeply drawn personal stories with action, adventure and a richly imagined vision of the future.', 'https://image.tmdb.org/t/p/original/1qpUk27LVI9UoTS7S0EixUBj5aR.jpg', 'https://image.tmdb.org/t/p/original/nJUHX3XL1jMkk8honUZnUmudFb9.jpg', 'https://www.youtube.com/watch?v=b4doITNi2RE', 8.3, 'Returning Series') ON CONFLICT DO NOTHING;
INSERT INTO tv (mediaid , lastAirDate, nextEpisodeToAir, numberOfEpisodes, numberOfSeasons) VALUES( 507, '2022-05-19', NULL , 9, 1) ON CONFLICT DO NOTHING;
INSERT INTO genres (mediaId, genre) VALUES(507, 'Action & Adventure') ON CONFLICT DO NOTHING;
INSERT INTO genres (mediaId, genre) VALUES(507, 'Sci-Fi & Fantasy') ON CONFLICT DO NOTHING;
INSERT INTO creators(mediaId, creatorId, creatorName) VALUES(507, 566273, 'Kyle Killen') ON CONFLICT DO NOTHING;
INSERT INTO creators(mediaId, creatorId, creatorName) VALUES(507, 1324451, 'Steven Kane') ON CONFLICT DO NOTHING;
INSERT INTO actors (mediaId, actorId , actorName, characterName, profilePath) VALUES(507, 59254, 'Pablo Schreiber', 'Master Chief / John-117', 'https://image.tmdb.org/t/p/original/wOze8R9lgoZxZoTsPSHID4Nt2Ee.jpg') ON CONFLICT DO NOTHING;
INSERT INTO actors (mediaId, actorId , actorName, characterName, profilePath) VALUES(507, 11317, 'Natascha McElhone', 'Dr. Catherine Halsey', 'https://image.tmdb.org/t/p/original/9pxaoasotR1pdCXYSfN1pkm0geO.jpg') ON CONFLICT DO NOTHING;
INSERT INTO actors (mediaId, actorId , actorName, characterName, profilePath) VALUES(507, 937568, 'Jen Taylor', 'Cortana (voice)', 'https://image.tmdb.org/t/p/original/386F6voesqDXsfGOMULPv0HAzrH.jpg') ON CONFLICT DO NOTHING;
INSERT INTO actors (mediaId, actorId , actorName, characterName, profilePath) VALUES(507, 2611199, 'Yerin Ha', 'Kwan Ha', 'https://image.tmdb.org/t/p/original/amG2VsVHn3dBH8ey3H9RVDoxgyz.jpg') ON CONFLICT DO NOTHING;
INSERT INTO actors (mediaId, actorId , actorName, characterName, profilePath) VALUES(507, 1356630, 'Charlie Murphy', 'Makee', 'https://image.tmdb.org/t/p/original/AaugO5Qq1Opp3Dv6JuH5ESJYmo9.jpg') ON CONFLICT DO NOTHING;
INSERT INTO actors (mediaId, actorId , actorName, characterName, profilePath) VALUES(507, 85672, 'Shabana Azmi', 'Margaret Parangosky', 'https://image.tmdb.org/t/p/original/mfb6zCBhFpTN5ShQmnFd5n4QjUh.jpg') ON CONFLICT DO NOTHING;
INSERT INTO actors (mediaId, actorId , actorName, characterName, profilePath) VALUES(507, 165424, 'Danny Sapani', 'Jacob Keyes', 'https://image.tmdb.org/t/p/original/h6goTpKA74Z6ePB2BAEEyQnGtCF.jpg') ON CONFLICT DO NOTHING;
INSERT INTO actors (mediaId, actorId , actorName, characterName, profilePath) VALUES(507, 2041889, 'Olive Gray', 'Dr. Miranda Keyes', 'https://image.tmdb.org/t/p/original/sfQl8pEoh94YvZWkf5PNKPE9yBe.jpg') ON CONFLICT DO NOTHING;
INSERT INTO actors (mediaId, actorId , actorName, characterName, profilePath) VALUES(507, 2486590, 'Kate Kennedy', 'Kai-125', 'https://image.tmdb.org/t/p/original/xrPSWHnBVeLxK8i1dLVcOzphx0T.jpg') ON CONFLICT DO NOTHING;
INSERT INTO actors (mediaId, actorId , actorName, characterName, profilePath) VALUES(507, 2256046, 'Natasha Culzac', 'Riz-028', 'https://image.tmdb.org/t/p/original/eAtz9GWAr9WvS0c8PAfw5KzK6Oj.jpg') ON CONFLICT DO NOTHING;
INSERT INTO providers (mediaId, providerId, providerName, logoPath) VALUES( 507, 4330, 'Paramount+', 'https://image.tmdb.org/t/p/original/fi83B1oztoS47xxcemFdPMhIzK.png') ON CONFLICT DO NOTHING;
INSERT INTO media (mediaId, type, name, originalLanguage, adult, releaseDate, overview, backdropPath, posterPath, trailerLink, tmdbRating,  status) VALUES(508, true, 'Top of the Pops', 'en', False, '1964-01-01',  'The biggest stars, the most iconic performances, the most outrageous outfits – it’s Britain’s number one pop show.', 'https://image.tmdb.org/t/p/original/q8fmM50In8xGVW0iYoENPa71kAA.jpg', 'https://image.tmdb.org/t/p/original/jjfTTjVYWyD6rGHVbnC44IrsJ7P.jpg', 'None', 7.2, 'Ended') ON CONFLICT DO NOTHING;
INSERT INTO tv (mediaid , lastAirDate, nextEpisodeToAir, numberOfEpisodes, numberOfSeasons) VALUES( 508, '2006-12-25', NULL , 2205, 43) ON CONFLICT DO NOTHING;
INSERT INTO genres (mediaId, genre) VALUES(508, 'Reality') ON CONFLICT DO NOTHING;
INSERT INTO creators(mediaId, creatorId, creatorName) VALUES(508, 1226249, 'Johnnie Stewart') ON CONFLICT DO NOTHING;
INSERT INTO actors (mediaId, actorId , actorName, characterName, profilePath) VALUES(508, 1226246, 'Richard Bacon', 'Self - Presenter', 'https://image.tmdb.org/t/p/original/sm9ygsErWm00owyuRj2YZVnYZIT.jpg') ON CONFLICT DO NOTHING;
INSERT INTO providers (mediaId, providerId, providerName, logoPath) VALUES( 508, 4, 'BBC One', 'https://image.tmdb.org/t/p/original/mVn7xESaTNmjBUyUtGNvDQd3CT1.png') ON CONFLICT DO NOTHING;
INSERT INTO media (mediaId, type, name, originalLanguage, adult, releaseDate, overview, backdropPath, posterPath, trailerLink, tmdbRating,  status) VALUES(509, true, 'Brooklyn Nine-Nine', 'en', False, '2013-09-17',  'A single-camera ensemble comedy following the lives of an eclectic group of detectives in a New York precinct, including one slacker who is forced to shape up when he gets a new boss.', 'https://image.tmdb.org/t/p/original/9AeiA1XtP5sel2tAf9LaGeUjhDb.jpg', 'https://image.tmdb.org/t/p/original/hgRMSOt7a1b8qyQR68vUixJPang.jpg', 'https://www.youtube.com/watch?v=icTOP9F17pU', 8.2, 'Ended') ON CONFLICT DO NOTHING;
INSERT INTO tv (mediaid , lastAirDate, nextEpisodeToAir, numberOfEpisodes, numberOfSeasons) VALUES( 509, '2021-09-16', NULL , 152, 8) ON CONFLICT DO NOTHING;
INSERT INTO genres (mediaId, genre) VALUES(509, 'Comedy') ON CONFLICT DO NOTHING;
INSERT INTO genres (mediaId, genre) VALUES(509, 'Crime') ON CONFLICT DO NOTHING;
INSERT INTO creators(mediaId, creatorId, creatorName) VALUES(509, 1226308, 'Michael Schur') ON CONFLICT DO NOTHING;
INSERT INTO creators(mediaId, creatorId, creatorName) VALUES(509, 1230199, 'Daniel J. Goor') ON CONFLICT DO NOTHING;
INSERT INTO actors (mediaId, actorId , actorName, characterName, profilePath) VALUES(509, 62861, 'Andy Samberg', 'Jake Peralta', 'https://image.tmdb.org/t/p/original/jMXU5oG3i93SH1yhkpbBGskFiJl.jpg') ON CONFLICT DO NOTHING;
INSERT INTO actors (mediaId, actorId , actorName, characterName, profilePath) VALUES(509, 1220767, 'Melissa Fumero', 'Amy Santiago', 'https://image.tmdb.org/t/p/original/zgN6fboByjyc54Z3DpcRz0tI37T.jpg') ON CONFLICT DO NOTHING;
INSERT INTO actors (mediaId, actorId , actorName, characterName, profilePath) VALUES(509, 53256, 'Terry Crews', 'Terry Jeffords', 'https://image.tmdb.org/t/p/original/pxTY4SglLo5hFcMH00MxPeC5u55.jpg') ON CONFLICT DO NOTHING;
INSERT INTO actors (mediaId, actorId , actorName, characterName, profilePath) VALUES(509, 21131, 'Joe Lo Truglio', 'Charles Boyle', 'https://image.tmdb.org/t/p/original/lHqOK2LJWGtHACUOqhApFrs38eV.jpg') ON CONFLICT DO NOTHING;
INSERT INTO actors (mediaId, actorId , actorName, characterName, profilePath) VALUES(509, 968367, 'Stephanie Beatriz', 'Rosa Diaz', 'https://image.tmdb.org/t/p/original/pGo7zMGsMXOMSMZc68Xi3LvzeP0.jpg') ON CONFLICT DO NOTHING;
INSERT INTO actors (mediaId, actorId , actorName, characterName, profilePath) VALUES(509, 6861, 'Andre Braugher', 'Raymond Holt', 'https://image.tmdb.org/t/p/original/erHQWSAjuMG4hy3nkuNTosxKReA.jpg') ON CONFLICT DO NOTHING;
INSERT INTO actors (mediaId, actorId , actorName, characterName, profilePath) VALUES(509, 123016, 'Dirk Blocker', 'Michael Hitchcock', 'https://image.tmdb.org/t/p/original/vLvd2KChUZhlPZUlIsfG0FtTNMv.jpg') ON CONFLICT DO NOTHING;
INSERT INTO actors (mediaId, actorId , actorName, characterName, profilePath) VALUES(509, 88950, 'Joel McKinnon Miller', 'Norman Scully', 'https://image.tmdb.org/t/p/original/oSZfZNYkhncAmpCl8wKjK5j5XFk.jpg') ON CONFLICT DO NOTHING;
INSERT INTO providers (mediaId, providerId, providerName, logoPath) VALUES( 509, 6, 'NBC', 'https://image.tmdb.org/t/p/original/cm111bsDVlYaC1foL0itvEI4yLG.png') ON CONFLICT DO NOTHING;
INSERT INTO providers (mediaId, providerId, providerName, logoPath) VALUES( 509, 19, 'FOX', 'https://image.tmdb.org/t/p/original/1DSpHrWyOORkL9N2QHX7Adt31mQ.png') ON CONFLICT DO NOTHING;
INSERT INTO media (mediaId, type, name, originalLanguage, adult, releaseDate, overview, backdropPath, posterPath, trailerLink, tmdbRating,  status) VALUES(510, true, 'Chefi la cutite', 'ro', False, '2016-03-07',  'The show is the Romanian version  of  "Game of Chefs", a competition open for both amateur and professional chefs, competing for the title of "Romania''s most talented chef". The show has four stages: The blind auditions, training camp, kitchen battles, and finals.', 'https://image.tmdb.org/t/p/original/iAxca1AxBdARkbnIccnc3Sm9oCb.jpg', 'https://image.tmdb.org/t/p/original/o49F0Kk3OYZTxQjdXrs5WaTLwEr.jpg', 'https://www.youtube.com/watch?v=I2RK-CcA6iI', 7.5, 'Returning Series') ON CONFLICT DO NOTHING;
INSERT INTO tv (mediaid , lastAirDate, nextEpisodeToAir, numberOfEpisodes, numberOfSeasons) VALUES( 510, '2023-10-17', '2023-10-18' , 212, 12) ON CONFLICT DO NOTHING;
INSERT INTO genres (mediaId, genre) VALUES(510, 'Reality') ON CONFLICT DO NOTHING;
INSERT INTO genres (mediaId, genre) VALUES(510, 'Family') ON CONFLICT DO NOTHING;
INSERT INTO creators(mediaId, creatorId, creatorName) VALUES(510, 2088786, 'Mona Segall') ON CONFLICT DO NOTHING;
INSERT INTO actors (mediaId, actorId , actorName, characterName, profilePath) VALUES(510, 1707309, 'Cătălin Scărlătescu', 'Self - Chef', 'https://image.tmdb.org/t/p/original/j0EeU5ir1vRUMfDDwGYe4tav3qZ.jpg') ON CONFLICT DO NOTHING;
INSERT INTO actors (mediaId, actorId , actorName, characterName, profilePath) VALUES(510, 1707311, 'Florin Dumitrescu', 'Self - Chef', 'https://image.tmdb.org/t/p/original/vCyMH8FFe9R6WkDTyq7JUBI1FKK.jpg') ON CONFLICT DO NOTHING;
INSERT INTO actors (mediaId, actorId , actorName, characterName, profilePath) VALUES(510, 1707310, 'Sorin Bontea', 'Self - Chef', 'https://image.tmdb.org/t/p/original/zvn2FG1F0nck1xvY3Bn7tN47akS.jpg') ON CONFLICT DO NOTHING;
INSERT INTO actors (mediaId, actorId , actorName, characterName, profilePath) VALUES(510, 3224870, 'Irina Fodor', 'Self - Host', 'https://image.tmdb.org/t/p/original/y19QBgf4jg2kZAGQ55JIhMhkOzy.jpg') ON CONFLICT DO NOTHING;
INSERT INTO providers (mediaId, providerId, providerName, logoPath) VALUES( 510, 826, 'Antena 1', 'https://image.tmdb.org/t/p/original/rXFw15vvldWBxZuJOy0kmrkGFfO.png') ON CONFLICT DO NOTHING;
INSERT INTO media (mediaId, type, name, originalLanguage, adult, releaseDate, overview, backdropPath, posterPath, trailerLink, tmdbRating,  status) VALUES(511, true, 'Love, Death & Robots', 'en', False, '2019-03-15',  'Terrifying creatures, wicked surprises and dark comedy converge in this NSFW anthology of animated stories presented by Tim Miller and David Fincher.', 'https://image.tmdb.org/t/p/original/hkkR14vBgGV4TM0e7BGlMcAQETS.jpg', 'https://image.tmdb.org/t/p/original/cRiDlzzZC5lL7fvImuSjs04SUIJ.jpg', 'https://www.youtube.com/watch?v=ghJkKclfpjY', 8.3, 'Returning Series') ON CONFLICT DO NOTHING;
INSERT INTO tv (mediaid , lastAirDate, nextEpisodeToAir, numberOfEpisodes, numberOfSeasons) VALUES( 511, '2022-05-20', NULL , 35, 3) ON CONFLICT DO NOTHING;
INSERT INTO genres (mediaId, genre) VALUES(511, 'Animation') ON CONFLICT DO NOTHING;
INSERT INTO genres (mediaId, genre) VALUES(511, 'Sci-Fi & Fantasy') ON CONFLICT DO NOTHING;
INSERT INTO creators(mediaId, creatorId, creatorName) VALUES(511, 55252, 'Tim Miller') ON CONFLICT DO NOTHING;
INSERT INTO providers (mediaId, providerId, providerName, logoPath) VALUES( 511, 213, 'Netflix', 'https://image.tmdb.org/t/p/original/wwemzKWzjKYJFfCeiB57q3r4Bcm.png') ON CONFLICT DO NOTHING;
INSERT INTO media (mediaId, type, name, originalLanguage, adult, releaseDate, overview, backdropPath, posterPath, trailerLink, tmdbRating,  status) VALUES(512, true, 'Star Trek: Deep Space Nine', 'en', False, '1993-01-03',  'At Deep Space Nine, a space station located next to a wormhole in the vicinity of the liberated planet of Bajor, Commander Sisko and crew welcome alien visitors, root out evildoers and solve all types of unexpected problems that come their way.', 'https://image.tmdb.org/t/p/original/jB3Ksk1tvhksdTa0xvI7l4LFHsy.jpg', 'https://image.tmdb.org/t/p/original/37gPCTyiQOLa9vJeKrpX4HqRq6P.jpg', 'https://www.youtube.com/watch?v=cwNFUgYWGG4', 7.9, 'Ended') ON CONFLICT DO NOTHING;
INSERT INTO tv (mediaid , lastAirDate, nextEpisodeToAir, numberOfEpisodes, numberOfSeasons) VALUES( 512, '1999-06-02', NULL , 176, 7) ON CONFLICT DO NOTHING;
INSERT INTO genres (mediaId, genre) VALUES(512, 'Sci-Fi & Fantasy') ON CONFLICT DO NOTHING;
INSERT INTO genres (mediaId, genre) VALUES(512, 'Action & Adventure') ON CONFLICT DO NOTHING;
INSERT INTO genres (mediaId, genre) VALUES(512, 'Drama') ON CONFLICT DO NOTHING;
INSERT INTO creators(mediaId, creatorId, creatorName) VALUES(512, 1745, 'Gene Roddenberry') ON CONFLICT DO NOTHING;
INSERT INTO creators(mediaId, creatorId, creatorName) VALUES(512, 2514, 'Michael Piller') ON CONFLICT DO NOTHING;
INSERT INTO creators(mediaId, creatorId, creatorName) VALUES(512, 1213783, 'Rick Berman') ON CONFLICT DO NOTHING;
INSERT INTO actors (mediaId, actorId , actorName, characterName, profilePath) VALUES(512, 822, 'Avery Brooks', 'Benjamin Sisko', 'https://image.tmdb.org/t/p/original/86G3ePzkKiFhGnVNiZLPd058P0d.jpg') ON CONFLICT DO NOTHING;
INSERT INTO actors (mediaId, actorId , actorName, characterName, profilePath) VALUES(512, 74070, 'Nana Visitor', 'Kira Nerys', 'https://image.tmdb.org/t/p/original/nxQz38SIweupYuHdcsYvGn1v58H.jpg') ON CONFLICT DO NOTHING;
INSERT INTO actors (mediaId, actorId , actorName, characterName, profilePath) VALUES(512, 17782, 'Colm Meaney', 'Miles O''Brien', 'https://image.tmdb.org/t/p/original/guL6RJdlRMtOJN3LoaY3G8hG4Rd.jpg') ON CONFLICT DO NOTHING;
INSERT INTO actors (mediaId, actorId , actorName, characterName, profilePath) VALUES(512, 2391, 'Michael Dorn', 'Worf', 'https://image.tmdb.org/t/p/original/55xWHDtf7xHFdS6IKicqVzEfTo7.jpg') ON CONFLICT DO NOTHING;
INSERT INTO actors (mediaId, actorId , actorName, characterName, profilePath) VALUES(512, 2957, 'Alexander Siddig', 'Julian Bashir', 'https://image.tmdb.org/t/p/original/oETjmdGRXgahgwGue7k52ZwMs5x.jpg') ON CONFLICT DO NOTHING;
INSERT INTO actors (mediaId, actorId , actorName, characterName, profilePath) VALUES(512, 74071, 'Cirroc Lofton', 'Jake Sisko', 'https://image.tmdb.org/t/p/original/rnocvQ6pk06PPPHAn9nN9GVp8yt.jpg') ON CONFLICT DO NOTHING;
INSERT INTO actors (mediaId, actorId , actorName, characterName, profilePath) VALUES(512, 29446, 'Armin Shimerman', 'Quark', 'https://image.tmdb.org/t/p/original/ntubNSuRnJ7icAEGj6JYEeguzTn.jpg') ON CONFLICT DO NOTHING;
INSERT INTO actors (mediaId, actorId , actorName, characterName, profilePath) VALUES(512, 9807, 'René Auberjonois', 'Odo', 'https://image.tmdb.org/t/p/original/1EZ6FnJGzwRl7XndkX8fBo8Tej3.jpg') ON CONFLICT DO NOTHING;
INSERT INTO actors (mediaId, actorId , actorName, characterName, profilePath) VALUES(512, 5888, 'Nicole de Boer', 'Ezri Dax', 'https://image.tmdb.org/t/p/original/5Mj1cUdqN4jgxVLG6ZBQ0AtQub5.jpg') ON CONFLICT DO NOTHING;
INSERT INTO media (mediaId, type, name, originalLanguage, adult, releaseDate, overview, backdropPath, posterPath, trailerLink, tmdbRating,  status) VALUES(513, true, 'Fargo', 'en', False, '2014-04-15',  'A close-knit anthology series dealing with stories involving malice, violence and murder based in and around Minnesota.', 'https://image.tmdb.org/t/p/original/PfaJDmHQudlOPNGAjonSr9UXZA.jpg', 'https://image.tmdb.org/t/p/original/9ZIhl17uFlXCNUputSEDHwZYIEJ.jpg', 'https://www.youtube.com/watch?v=setgvHG3w48', 8.3, 'Returning Series') ON CONFLICT DO NOTHING;
INSERT INTO tv (mediaid , lastAirDate, nextEpisodeToAir, numberOfEpisodes, numberOfSeasons) VALUES( 513, '2020-11-29', '2023-11-21' , 51, 5) ON CONFLICT DO NOTHING;
INSERT INTO genres (mediaId, genre) VALUES(513, 'Crime') ON CONFLICT DO NOTHING;
INSERT INTO genres (mediaId, genre) VALUES(513, 'Drama') ON CONFLICT DO NOTHING;
INSERT INTO creators(mediaId, creatorId, creatorName) VALUES(513, 202816, 'Noah Hawley') ON CONFLICT DO NOTHING;
INSERT INTO actors (mediaId, actorId , actorName, characterName, profilePath) VALUES(513, 36594, 'Juno Temple', 'Dorothy ''Dot'' Lyon', 'https://image.tmdb.org/t/p/original/rKBurJHv2cEoEL3sbtCJ0lOtMEB.jpg') ON CONFLICT DO NOTHING;
INSERT INTO actors (mediaId, actorId , actorName, characterName, profilePath) VALUES(513, 65717, 'Jon Hamm', 'Sheriff Roy Tillman', 'https://image.tmdb.org/t/p/original/mrXE5fZbEDPc7BEE5G21J6qrwzi.jpg') ON CONFLICT DO NOTHING;
INSERT INTO actors (mediaId, actorId , actorName, characterName, profilePath) VALUES(513, 1467219, 'Joe Keery', 'Gator Tillman', 'https://image.tmdb.org/t/p/original/ayIAVLMfZGEGIFwAo3pPnY7p59.jpg') ON CONFLICT DO NOTHING;
INSERT INTO actors (mediaId, actorId , actorName, characterName, profilePath) VALUES(513, 55585, 'Sam Spruell', 'Ole Munch', 'https://image.tmdb.org/t/p/original/mV62no6D4yYtYS4A6dkHCGPTugZ.jpg') ON CONFLICT DO NOTHING;
INSERT INTO actors (mediaId, actorId , actorName, characterName, profilePath) VALUES(513, 1541178, 'David Rysdahl', 'Wayne Lyon', 'https://image.tmdb.org/t/p/original/yYTsO3nH4ikZJ3K2XTgQASEOWiU.jpg') ON CONFLICT DO NOTHING;
INSERT INTO actors (mediaId, actorId , actorName, characterName, profilePath) VALUES(513, 10431, 'Jennifer Jason Leigh', 'Lorraine Lyon', 'https://image.tmdb.org/t/p/original/jkWfnMgcatQYCs8ZHVhSmEPNhYk.jpg') ON CONFLICT DO NOTHING;
INSERT INTO actors (mediaId, actorId , actorName, characterName, profilePath) VALUES(513, 1376747, 'Richa Shukla Moorjani', 'Deputy Indira Olmstead', 'https://image.tmdb.org/t/p/original/clo6GTrP75iM97cXkwJ4F48kz9M.jpg') ON CONFLICT DO NOTHING;
INSERT INTO actors (mediaId, actorId , actorName, characterName, profilePath) VALUES(513, 1181327, 'Lamorne Morris', 'Deputy Witt Farr', 'https://image.tmdb.org/t/p/original/1Sc64YTrGJ7Fu2mfKcnf4VT881w.jpg') ON CONFLICT DO NOTHING;
INSERT INTO actors (mediaId, actorId , actorName, characterName, profilePath) VALUES(513, 21290, 'Dave Foley', 'Danish Graves', 'https://image.tmdb.org/t/p/original/muHRRGDTE7ZWk3guqDAk9L4DqVX.jpg') ON CONFLICT DO NOTHING;
INSERT INTO providers (mediaId, providerId, providerName, logoPath) VALUES( 513, 88, 'FX', 'https://image.tmdb.org/t/p/original/aexGjtcs42DgRtZh7zOxayiry4J.png') ON CONFLICT DO NOTHING;
INSERT INTO media (mediaId, type, name, originalLanguage, adult, releaseDate, overview, backdropPath, posterPath, trailerLink, tmdbRating,  status) VALUES(514, true, 'Murder, She Wrote', 'en', False, '1984-09-30',  'An unassuming mystery writer turned sleuth uses her professional insight to help solve real-life homicide cases.', 'https://image.tmdb.org/t/p/original/8k67coQA1KXLg0HmB5PJBBTL6dX.jpg', 'https://image.tmdb.org/t/p/original/3UxBFG4fiuZ0P9n2sCrjXh64Avy.jpg', 'https://www.youtube.com/watch?v=xq9D_wlTcuw', 7.6, 'Ended') ON CONFLICT DO NOTHING;
INSERT INTO tv (mediaid , lastAirDate, nextEpisodeToAir, numberOfEpisodes, numberOfSeasons) VALUES( 514, '1996-05-19', NULL , 264, 12) ON CONFLICT DO NOTHING;
INSERT INTO genres (mediaId, genre) VALUES(514, 'Mystery') ON CONFLICT DO NOTHING;
INSERT INTO genres (mediaId, genre) VALUES(514, 'Crime') ON CONFLICT DO NOTHING;
INSERT INTO genres (mediaId, genre) VALUES(514, 'Drama') ON CONFLICT DO NOTHING;
INSERT INTO creators(mediaId, creatorId, creatorName) VALUES(514, 42057, 'Richard Levinson') ON CONFLICT DO NOTHING;
INSERT INTO creators(mediaId, creatorId, creatorName) VALUES(514, 42058, 'William Link') ON CONFLICT DO NOTHING;
INSERT INTO creators(mediaId, creatorId, creatorName) VALUES(514, 151395, 'Peter S. Fischer') ON CONFLICT DO NOTHING;
INSERT INTO actors (mediaId, actorId , actorName, characterName, profilePath) VALUES(514, 14730, 'Angela Lansbury', 'Jessica Fletcher', 'https://image.tmdb.org/t/p/original/sNIHnWjXEpBcTjRxzmrwuJyHqfi.jpg') ON CONFLICT DO NOTHING;
INSERT INTO providers (mediaId, providerId, providerName, logoPath) VALUES( 514, 16, 'CBS', 'https://image.tmdb.org/t/p/original/wju8KhOUsR5y4bH9p3Jc50hhaLO.png') ON CONFLICT DO NOTHING;
INSERT INTO media (mediaId, type, name, originalLanguage, adult, releaseDate, overview, backdropPath, posterPath, trailerLink, tmdbRating,  status) VALUES(515, true, 'The Rising of the Shield Hero', 'ja', False, '2019-01-09',  'Iwatani Naofumi, a run-of-the-mill otaku, finds a book in the library that summons him to another world. He is tasked with joining the sword, spear, and bow as one of the Four Cardinal Heroes and fighting the Waves of Catastrophe as the Shield Hero. Excited by the prospect of a grand adventure, Naofumi sets off with his party. However, merely a few days later, he is betrayed and loses all his money, dignity, and respect. Unable to trust anyone anymore, he employs a slave named Raphtalia and takes on the Waves and the world. But will he really find a way to overturn this desperate situation?', 'https://image.tmdb.org/t/p/original/63hr8JQSfsxWtY6JxJGxyUYDw5Q.jpg', 'https://image.tmdb.org/t/p/original/ftavpq2PJn5pyo5opJEmj8QleKD.jpg', 'https://www.youtube.com/watch?v=rKnyi3TRznA', 8.6, 'Returning Series') ON CONFLICT DO NOTHING;
INSERT INTO tv (mediaid , lastAirDate, nextEpisodeToAir, numberOfEpisodes, numberOfSeasons) VALUES( 515, '2023-10-13', '2023-10-20' , 50, 3) ON CONFLICT DO NOTHING;
INSERT INTO genres (mediaId, genre) VALUES(515, 'Animation') ON CONFLICT DO NOTHING;
INSERT INTO genres (mediaId, genre) VALUES(515, 'Action & Adventure') ON CONFLICT DO NOTHING;
INSERT INTO genres (mediaId, genre) VALUES(515, 'Sci-Fi & Fantasy') ON CONFLICT DO NOTHING;
INSERT INTO genres (mediaId, genre) VALUES(515, 'Drama') ON CONFLICT DO NOTHING;
INSERT INTO actors (mediaId, actorId , actorName, characterName, profilePath) VALUES(515, 1324666, 'Kaito Ishikawa', 'Naofumi Iwatani (voice)', 'https://image.tmdb.org/t/p/original/fzjIkotjUHHs3wgftM9tqdsG8ph.jpg') ON CONFLICT DO NOTHING;
INSERT INTO actors (mediaId, actorId , actorName, characterName, profilePath) VALUES(515, 1254672, 'Asami Seto', 'Raphtalia (voice)', 'https://image.tmdb.org/t/p/original/iKKCPgKrNd4pJ0iBOC1SBZy2Y4Y.jpg') ON CONFLICT DO NOTHING;
INSERT INTO actors (mediaId, actorId , actorName, characterName, profilePath) VALUES(515, 1116334, 'Rina Hidaka', 'Filo (voice)', 'https://image.tmdb.org/t/p/original/7JupZGvqcq4dRxiTKpPxzg8NUS4.jpg') ON CONFLICT DO NOTHING;
INSERT INTO providers (mediaId, providerId, providerName, logoPath) VALUES( 515, 173, 'AT-X', 'https://image.tmdb.org/t/p/original/fERjndErEpveJmQZccJbJDi93rj.png') ON CONFLICT DO NOTHING;
INSERT INTO media (mediaId, type, name, originalLanguage, adult, releaseDate, overview, backdropPath, posterPath, trailerLink, tmdbRating,  status) VALUES(516, true, 'The Seven Deadly Sins: Four Knights of the Apocalypse', 'ja', False, '2023-10-08',  'As a prophecy of doom unfolds on the peaceful land of Britannia, a purehearted boy sets out on a journey of discovery — and revenge.', 'https://image.tmdb.org/t/p/original/4msN2f5WeKVldbdxSymdndWTOmr.jpg', 'https://image.tmdb.org/t/p/original/3jkTpvbtjl6AAYIQRoLS1gdtkzX.jpg', 'None', 0, 'Returning Series') ON CONFLICT DO NOTHING;
INSERT INTO tv (mediaid , lastAirDate, nextEpisodeToAir, numberOfEpisodes, numberOfSeasons) VALUES( 516, '2023-10-15', '2023-10-22' , 6, 1) ON CONFLICT DO NOTHING;
INSERT INTO genres (mediaId, genre) VALUES(516, 'Animation') ON CONFLICT DO NOTHING;
INSERT INTO genres (mediaId, genre) VALUES(516, 'Action & Adventure') ON CONFLICT DO NOTHING;
INSERT INTO genres (mediaId, genre) VALUES(516, 'Sci-Fi & Fantasy') ON CONFLICT DO NOTHING;
INSERT INTO actors (mediaId, actorId , actorName, characterName, profilePath) VALUES(516, 3483763, 'Shou Komura', 'Percival (voice)', 'https://image.tmdb.org/t/p/original/GiEqcnVasT4ka1QKKkuV5vF2v8.jpg') ON CONFLICT DO NOTHING;
INSERT INTO actors (mediaId, actorId , actorName, characterName, profilePath) VALUES(516, 3521404, 'Aino Shimada', 'Nasiens (voice)', 'https://image.tmdb.org/t/p/original/3uSfLSPk7wnlxEzki1p7IDuShl8.jpg') ON CONFLICT DO NOTHING;
INSERT INTO actors (mediaId, actorId , actorName, characterName, profilePath) VALUES(516, 3380717, 'Kanna Nakamura', 'Anghalad (voice)', 'https://image.tmdb.org/t/p/original/2HyCjHsT8hEpXsFe1CqtWJU6JNL.jpg') ON CONFLICT DO NOTHING;
INSERT INTO actors (mediaId, actorId , actorName, characterName, profilePath) VALUES(516, 3651176, 'Kikunosuke Toya', 'Donny (voice)', 'https://image.tmdb.org/t/p/original/tSAHe7tjN7luUD1Tx5yPSCuCnuD.jpg') ON CONFLICT DO NOTHING;
INSERT INTO actors (mediaId, actorId , actorName, characterName, profilePath) VALUES(516, 1254052, 'Koki Uchiyama', 'Shin (voice)', 'https://image.tmdb.org/t/p/original/sllSm3iZZWVLTBrDZQRtWrZUfEj.jpg') ON CONFLICT DO NOTHING;
INSERT INTO actors (mediaId, actorId , actorName, characterName, profilePath) VALUES(516, 237076, 'Rikiya Koyama', 'Pellegarde (voice)', 'https://image.tmdb.org/t/p/original/hsZm87BORLpzhaycBaWOD5xpjVC.jpg') ON CONFLICT DO NOTHING;
INSERT INTO actors (mediaId, actorId , actorName, characterName, profilePath) VALUES(516, 1260555, 'Sachi Kokuryu', 'Arthur Pendragon (voice)', 'https://image.tmdb.org/t/p/original/9rkWIdGYP6pbrzZaKkT3LQMXi77.jpg') ON CONFLICT DO NOTHING;
INSERT INTO actors (mediaId, actorId , actorName, characterName, profilePath) VALUES(516, 9706, 'Toshiyuki Morikawa', 'Ironside (voice)', 'https://image.tmdb.org/t/p/original/u1N6H7V0dehFD4fcO7ZkHvIMUrG.jpg') ON CONFLICT DO NOTHING;
INSERT INTO providers (mediaId, providerId, providerName, logoPath) VALUES( 516, 160, 'TBS', 'https://image.tmdb.org/t/p/original/lUACMATs6jcscXIrzNCQzbvNVN5.png') ON CONFLICT DO NOTHING;
INSERT INTO media (mediaId, type, name, originalLanguage, adult, releaseDate, overview, backdropPath, posterPath, trailerLink, tmdbRating,  status) VALUES(517, true, 'Our Flag Means Death', 'en', False, '2022-03-03',  'After trading in the seemingly charmed life of a gentleman for one of a swashbuckling buccaneer, Stede Bonnet becomes captain of the pirate ship Revenge. Struggling to earn the respect of his potentially mutinous crew, Stede’s fortunes change after a fateful run-in with the infamous Captain Blackbeard. Stede and crew attempt to get their ship together and survive life on the high seas.', 'https://image.tmdb.org/t/p/original/uDM0qsZ1q1C82Se2RzVj8I8ufhC.jpg', 'https://image.tmdb.org/t/p/original/k6CAdKXyR9RMWXZrWAETlSk7b7v.jpg', 'None', 7.9, 'Returning Series') ON CONFLICT DO NOTHING;
INSERT INTO tv (mediaid , lastAirDate, nextEpisodeToAir, numberOfEpisodes, numberOfSeasons) VALUES( 517, '2023-10-12', '2023-10-19' , 18, 2) ON CONFLICT DO NOTHING;
INSERT INTO genres (mediaId, genre) VALUES(517, 'Comedy') ON CONFLICT DO NOTHING;
INSERT INTO genres (mediaId, genre) VALUES(517, 'Action & Adventure') ON CONFLICT DO NOTHING;
INSERT INTO genres (mediaId, genre) VALUES(517, 'Drama') ON CONFLICT DO NOTHING;
INSERT INTO creators(mediaId, creatorId, creatorName) VALUES(517, 1693316, 'David Jenkins') ON CONFLICT DO NOTHING;
INSERT INTO actors (mediaId, actorId , actorName, characterName, profilePath) VALUES(517, 82666, 'Rhys Darby', 'Stede Bonnet', 'https://image.tmdb.org/t/p/original/5EeCqhmrlw61CFuipknRPyyuC3C.jpg') ON CONFLICT DO NOTHING;
INSERT INTO actors (mediaId, actorId , actorName, characterName, profilePath) VALUES(517, 55934, 'Taika Waititi', 'Edward Teach / Blackbeard', 'https://image.tmdb.org/t/p/original/xbRQK8szHo4s8erD9O69lEVuC7z.jpg') ON CONFLICT DO NOTHING;
INSERT INTO actors (mediaId, actorId , actorName, characterName, profilePath) VALUES(517, 1125, 'Ewen Bremner', 'Buttons', 'https://image.tmdb.org/t/p/original/d8ZVdFiJHRl43tApt2w43Ha6prf.jpg') ON CONFLICT DO NOTHING;
INSERT INTO actors (mediaId, actorId , actorName, characterName, profilePath) VALUES(517, 54811, 'Joel Fry', 'Frenchie', 'https://image.tmdb.org/t/p/original/4nEKEWJpaTHncCTv6zeP98V0qGI.jpg') ON CONFLICT DO NOTHING;
INSERT INTO actors (mediaId, actorId , actorName, characterName, profilePath) VALUES(517, 1346535, 'Samson Kayo', 'Oluwande', 'https://image.tmdb.org/t/p/original/jyGT8cgl6MEANOpRKoHgXaC1yp6.jpg') ON CONFLICT DO NOTHING;
INSERT INTO actors (mediaId, actorId , actorName, characterName, profilePath) VALUES(517, 3132378, 'Nathan Foad', 'Lucius', 'https://image.tmdb.org/t/p/original/ou9BZuorEW8PJlbz9fMbVhIvxJj.jpg') ON CONFLICT DO NOTHING;
INSERT INTO actors (mediaId, actorId , actorName, characterName, profilePath) VALUES(517, 1487353, 'Vico Ortiz', 'Jim Jimenez', 'https://image.tmdb.org/t/p/original/2uzdj4Ni4TF6nIalBhjfanoeD5c.jpg') ON CONFLICT DO NOTHING;
INSERT INTO actors (mediaId, actorId , actorName, characterName, profilePath) VALUES(517, 96279, 'Con O''Neill', 'Izzy Hands', 'https://image.tmdb.org/t/p/original/7Fnj1dB9kStTuy29eEVK4IuOxWO.jpg') ON CONFLICT DO NOTHING;
INSERT INTO actors (mediaId, actorId , actorName, characterName, profilePath) VALUES(517, 1232599, 'Matthew Maher', 'Black Pete', 'https://image.tmdb.org/t/p/original/nO9Yhz7ERzATcHploljXgR4cAq.jpg') ON CONFLICT DO NOTHING;
INSERT INTO actors (mediaId, actorId , actorName, characterName, profilePath) VALUES(517, 1223792, 'Kristian Nairn', 'Wee John Feeney', 'https://image.tmdb.org/t/p/original/dlbq6cCW0xdpFY15q6flP6lDXWV.jpg') ON CONFLICT DO NOTHING;
INSERT INTO providers (mediaId, providerId, providerName, logoPath) VALUES( 517, 3186, 'HBO Max', 'https://image.tmdb.org/t/p/original/nmU0UMDJB3dRRQSTUqawzF2Od1a.png') ON CONFLICT DO NOTHING;
INSERT INTO providers (mediaId, providerId, providerName, logoPath) VALUES( 517, 6783, 'Max', 'https://image.tmdb.org/t/p/original/rAb4M1LjGpWASxpk6Va791A7Nkw.png') ON CONFLICT DO NOTHING;
INSERT INTO media (mediaId, type, name, originalLanguage, adult, releaseDate, overview, backdropPath, posterPath, trailerLink, tmdbRating,  status) VALUES(518, true, 'High School D×D', 'ja', False, '2012-01-06',  'The story follows Issei Hyōdō, a dim-witted, lecherous second-year high school student who is killed by a girl on his first date ever. Issei is reincarnated as a devil, and from that day forward, he serves as an underling of Riasu, a high-level devil who is also the prettiest girl on Issei''s campus.', 'https://image.tmdb.org/t/p/original/oF8PNdntjZ7DUrAvnhNPPNRi0q6.jpg', 'https://image.tmdb.org/t/p/original/nuGXXJMsinqGAva3niLI00x1h3K.jpg', 'https://www.youtube.com/watch?v=tYDDS0OzV_Q', 8.6, 'Ended') ON CONFLICT DO NOTHING;
INSERT INTO tv (mediaid , lastAirDate, nextEpisodeToAir, numberOfEpisodes, numberOfSeasons) VALUES( 518, '2018-07-03', NULL , 49, 4) ON CONFLICT DO NOTHING;
INSERT INTO genres (mediaId, genre) VALUES(518, 'Animation') ON CONFLICT DO NOTHING;
INSERT INTO genres (mediaId, genre) VALUES(518, 'Action & Adventure') ON CONFLICT DO NOTHING;
INSERT INTO genres (mediaId, genre) VALUES(518, 'Comedy') ON CONFLICT DO NOTHING;
INSERT INTO genres (mediaId, genre) VALUES(518, 'Sci-Fi & Fantasy') ON CONFLICT DO NOTHING;
INSERT INTO creators(mediaId, creatorId, creatorName) VALUES(518, 2038641, 'Ishibumi Ichiei') ON CONFLICT DO NOTHING;
INSERT INTO actors (mediaId, actorId , actorName, characterName, profilePath) VALUES(518, 149894, 'Yuki Kaji', 'Issei Hyōdō (voice)', 'https://image.tmdb.org/t/p/original/8wKdPV11IwowfwoqGqMMNt9hmp6.jpg') ON CONFLICT DO NOTHING;
INSERT INTO actors (mediaId, actorId , actorName, characterName, profilePath) VALUES(518, 1072774, 'Yoko Hikasa', 'Rias Gremory (voice)', 'https://image.tmdb.org/t/p/original/e6I7r45YZXgvlEVSGR3L14tSl87.jpg') ON CONFLICT DO NOTHING;
INSERT INTO actors (mediaId, actorId , actorName, characterName, profilePath) VALUES(518, 1325958, '浅仓杏美', 'Asia Argento (voice)', 'https://image.tmdb.org/t/p/original/wlajvPUtfHY5UAREHdd5uG5jyM3.jpg') ON CONFLICT DO NOTHING;
INSERT INTO actors (mediaId, actorId , actorName, characterName, profilePath) VALUES(518, 571993, 'Shizuka Itoh', 'Akeno Himejima (voice)', 'https://image.tmdb.org/t/p/original/r9bvYqYqMB7KEjNKbDLy9UlDyu8.jpg') ON CONFLICT DO NOTHING;
INSERT INTO actors (mediaId, actorId , actorName, characterName, profilePath) VALUES(518, 1072776, 'Ayana Taketatsu', 'Koneko Tōjō (voice)', 'https://image.tmdb.org/t/p/original/8vGKUIJrpbdURA7XSyGnkbi1Qqg.jpg') ON CONFLICT DO NOTHING;
INSERT INTO actors (mediaId, actorId , actorName, characterName, profilePath) VALUES(518, 77934, 'Fumihiko Tachiki', 'Sacred Gear/Ddraig', 'https://image.tmdb.org/t/p/original/5EYfPPdNCbO0evmS8qKdwOfLk2T.jpg') ON CONFLICT DO NOTHING;
INSERT INTO actors (mediaId, actorId , actorName, characterName, profilePath) VALUES(518, 1255025, 'Saori Seto', 'Grayfia (voice)', 'https://image.tmdb.org/t/p/original/jcjVe09m7YLjDExJCknzh24rDKw.jpg') ON CONFLICT DO NOTHING;
INSERT INTO actors (mediaId, actorId , actorName, characterName, profilePath) VALUES(518, 1324469, 'Risa Taneda', 'Xenovia', 'https://image.tmdb.org/t/p/original/nwFg3FOEYN7xSAlwiKz05KXUU8r.jpg') ON CONFLICT DO NOTHING;
INSERT INTO providers (mediaId, providerId, providerName, logoPath) VALUES( 518, 173, 'AT-X', 'https://image.tmdb.org/t/p/original/fERjndErEpveJmQZccJbJDi93rj.png') ON CONFLICT DO NOTHING;
INSERT INTO media (mediaId, type, name, originalLanguage, adult, releaseDate, overview, backdropPath, posterPath, trailerLink, tmdbRating,  status) VALUES(519, true, 'Dramatic Self-Help Strategy', 'en', False, '2023-10-08',  'Actress Li Wei Wei time travels to ancient times and takes the place of the silly princess Li Cai Wei, who is engaged to Shen Hua Jin. But on the day before they are scheduled to marry, he''s murdered. Suddenly she finds that they are all stuck in a time loop, and so Hua Jin and Wei Wei try to save him and break the time loop by solving who is targeting him and why.', 'https://image.tmdb.org/t/p/original/sruNUHxTHhKrd6YcU6dYL9IEH7N.jpg', 'https://image.tmdb.org/t/p/original/eTLRjnpHHVmJF1RWcG22Q0ULJwq.jpg', 'None', 0, 'Returning Series') ON CONFLICT DO NOTHING;
INSERT INTO tv (mediaid , lastAirDate, nextEpisodeToAir, numberOfEpisodes, numberOfSeasons) VALUES( 519, '2023-10-17', '2023-10-18' , 25, 1) ON CONFLICT DO NOTHING;
INSERT INTO actors (mediaId, actorId , actorName, characterName, profilePath) VALUES(519, 4310712, 'Jin Zi Xuan', 'Li Cai Wei / Li Wei Wei', 'https://image.tmdb.org/t/p/original/mTC5MH0PZDHr2hmO61gk6xQHBFl.jpg') ON CONFLICT DO NOTHING;
INSERT INTO actors (mediaId, actorId , actorName, characterName, profilePath) VALUES(519, 2492185, 'Hao Fushen', 'Shen Huai Jin', 'https://image.tmdb.org/t/p/original/6lLFju1NiR8Jj0R9xEuSdlFpcI2.jpg') ON CONFLICT DO NOTHING;
INSERT INTO actors (mediaId, actorId , actorName, characterName, profilePath) VALUES(519, 4310713, 'Rimiko Li', 'Shen Huai Bi', 'https://image.tmdb.org/t/p/original/wAauXRWtMY3GPOjCISeYdtgkrde.jpg') ON CONFLICT DO NOTHING;
INSERT INTO media (mediaId, type, name, originalLanguage, adult, releaseDate, overview, backdropPath, posterPath, trailerLink, tmdbRating,  status) VALUES(520, true, 'Late Night with David Letterman', 'en', False, '1982-02-01',  'Late Night with David Letterman is a nightly hour-long comedy talk show on NBC that was created and hosted by David Letterman. It premiered in 1982 as the first incarnation of the Late Night franchise and went off the air in 1993, after Letterman left NBC and moved to Late Show on CBS. Late Night with Conan O''Brien then filled the time slot. As of March 2, 2009, the slot has been filled by Late Night with Jimmy Fallon. It will be filled by Seth Meyers in the spring of 2014, after Fallon becomes host of The Tonight Show.', 'https://image.tmdb.org/t/p/original/aAwsbpt43lWZGwsoy8VzAZbgHS7.jpg', 'https://image.tmdb.org/t/p/original/kSraSPTeNoiR60ti9amNqLvM3Em.jpg', 'None', 5.9, 'Ended') ON CONFLICT DO NOTHING;
INSERT INTO tv (mediaid , lastAirDate, nextEpisodeToAir, numberOfEpisodes, numberOfSeasons) VALUES( 520, '1993-06-25', NULL , 1377, 12) ON CONFLICT DO NOTHING;
INSERT INTO genres (mediaId, genre) VALUES(520, 'Comedy') ON CONFLICT DO NOTHING;
INSERT INTO genres (mediaId, genre) VALUES(520, 'Talk') ON CONFLICT DO NOTHING;
INSERT INTO creators(mediaId, creatorId, creatorName) VALUES(520, 56158, 'Lorne Michaels') ON CONFLICT DO NOTHING;
INSERT INTO actors (mediaId, actorId , actorName, characterName, profilePath) VALUES(520, 136487, 'David Letterman', 'Self - Host', 'https://image.tmdb.org/t/p/original/nk1rMabb84e52G2oax6yO9FBiAd.jpg') ON CONFLICT DO NOTHING;
INSERT INTO providers (mediaId, providerId, providerName, logoPath) VALUES( 520, 6, 'NBC', 'https://image.tmdb.org/t/p/original/cm111bsDVlYaC1foL0itvEI4yLG.png') ON CONFLICT DO NOTHING;
INSERT INTO media (mediaId, type, name, originalLanguage, adult, releaseDate, overview, backdropPath, posterPath, trailerLink, tmdbRating,  status) VALUES(521, true, 'Moving', 'ko', False, '2023-08-09',  'Children who live in hiding with superpowers, along with their parents who live with painful secrets of the past, face enormous dangers together.', 'https://image.tmdb.org/t/p/original/29jWaRhKtey1efp5G7Fu97NAmzz.jpg', 'https://image.tmdb.org/t/p/original/vf9SNXNAFqzKBGksFwrXhkg9cb7.jpg', 'https://www.youtube.com/watch?v=UVYw3biOgyE', 8.6, 'Ended') ON CONFLICT DO NOTHING;
INSERT INTO tv (mediaid , lastAirDate, nextEpisodeToAir, numberOfEpisodes, numberOfSeasons) VALUES( 521, '2023-09-20', NULL , 20, 1) ON CONFLICT DO NOTHING;
INSERT INTO genres (mediaId, genre) VALUES(521, 'Action & Adventure') ON CONFLICT DO NOTHING;
INSERT INTO genres (mediaId, genre) VALUES(521, 'Mystery') ON CONFLICT DO NOTHING;
INSERT INTO genres (mediaId, genre) VALUES(521, 'Drama') ON CONFLICT DO NOTHING;
INSERT INTO genres (mediaId, genre) VALUES(521, 'Sci-Fi & Fantasy') ON CONFLICT DO NOTHING;
INSERT INTO creators(mediaId, creatorId, creatorName) VALUES(521, 124392, 'Kang Full') ON CONFLICT DO NOTHING;
INSERT INTO creators(mediaId, creatorId, creatorName) VALUES(521, 573790, 'Park In-je') ON CONFLICT DO NOTHING;
INSERT INTO actors (mediaId, actorId , actorName, characterName, profilePath) VALUES(521, 227638, 'Ryu Seung-ryong', 'Jang Ju-won', 'https://image.tmdb.org/t/p/original/p0LjCRqVqgTyvlZScMmsVFCnTIt.jpg') ON CONFLICT DO NOTHING;
INSERT INTO actors (mediaId, actorId , actorName, characterName, profilePath) VALUES(521, 240145, 'Han Hyo-joo', 'Lee Mi-hyun', 'https://image.tmdb.org/t/p/original/4E7NuJsR7AnMYAefFSHkj4cftdf.jpg') ON CONFLICT DO NOTHING;
INSERT INTO actors (mediaId, actorId , actorName, characterName, profilePath) VALUES(521, 127564, 'Zo In-sung', 'Kim Doo-sik', 'https://image.tmdb.org/t/p/original/wbrwRD290SJv0ZIQC1ngv0slyCD.jpg') ON CONFLICT DO NOTHING;
INSERT INTO actors (mediaId, actorId , actorName, characterName, profilePath) VALUES(521, 63442, 'Cha Tae-hyun', 'Jeon Gye-do', 'https://image.tmdb.org/t/p/original/qTav3sq6Z1ElWCotUhkfFc1LjHE.jpg') ON CONFLICT DO NOTHING;
INSERT INTO actors (mediaId, actorId , actorName, characterName, profilePath) VALUES(521, 88876, 'Ryoo Seung-bum', 'Frank', 'https://image.tmdb.org/t/p/original/bf8EtXv3QUBehLdCLtn7FB50ahD.jpg') ON CONFLICT DO NOTHING;
INSERT INTO actors (mediaId, actorId , actorName, characterName, profilePath) VALUES(521, 1024396, 'Kim Sung-kyun', 'Lee Jae-man', 'https://image.tmdb.org/t/p/original/pii4fmXdkSEppsHSIhJ9jV5izX1.jpg') ON CONFLICT DO NOTHING;
INSERT INTO actors (mediaId, actorId , actorName, characterName, profilePath) VALUES(521, 550683, 'Kim Hee-won', 'Choi Il-hwan', 'https://image.tmdb.org/t/p/original/sDCxskfmmNidOjV2LwsWh9dAVbN.jpg') ON CONFLICT DO NOTHING;
INSERT INTO actors (mediaId, actorId , actorName, characterName, profilePath) VALUES(521, 240948, 'Moon Sung-keun', 'Min Yong-jun', 'https://image.tmdb.org/t/p/original/wQjOvAFqCItwMw7dxa486KnGgEE.jpg') ON CONFLICT DO NOTHING;
INSERT INTO actors (mediaId, actorId , actorName, characterName, profilePath) VALUES(521, 2176671, 'Lee Jung-ha', 'Kim Bong-seok', 'https://image.tmdb.org/t/p/original/B624Vf0WZmSmKwdCTs0aBuz3ah.jpg') ON CONFLICT DO NOTHING;
INSERT INTO actors (mediaId, actorId , actorName, characterName, profilePath) VALUES(521, 2791233, 'Go Youn-jung', 'Jang Hui-soo', 'https://image.tmdb.org/t/p/original/oMrDGVRtztEoH1TeKckMkffCeBr.jpg') ON CONFLICT DO NOTHING;
INSERT INTO providers (mediaId, providerId, providerName, logoPath) VALUES( 521, 2739, 'Disney+', 'https://image.tmdb.org/t/p/original/uzKjVDmQ1WRMvGBb7UNRE0wTn1H.png') ON CONFLICT DO NOTHING;
INSERT INTO media (mediaId, type, name, originalLanguage, adult, releaseDate, overview, backdropPath, posterPath, trailerLink, tmdbRating,  status) VALUES(522, true, 'One Piece', 'ja', False, '1999-10-20',  'Years ago, the fearsome Pirate King, Gol D. Roger was executed leaving a huge pile of treasure and the famous "One Piece" behind. Whoever claims the "One Piece" will be named the new King of the Pirates.
Monkey D. Luffy, a boy who consumed a "Devil Fruit," decides to follow in the footsteps of his idol, the pirate Shanks, and find the One Piece. It helps, of course, that his body has the properties of rubber and that he''s surrounded by a bevy of skilled fighters and thieves to help him along the way.
Luffy will do anything to get the One Piece and become King of the Pirates!', 'https://image.tmdb.org/t/p/original/4Mt7WHox67uJ1yErwTBFcV8KWgG.jpg', 'https://image.tmdb.org/t/p/original/fcXdJlbSdUEeMSJFsXKsznGwwok.jpg', 'None', 8.7, 'Returning Series') ON CONFLICT DO NOTHING;
INSERT INTO tv (mediaid , lastAirDate, nextEpisodeToAir, numberOfEpisodes, numberOfSeasons) VALUES( 522, '2023-10-15', '2023-10-22' , 1082, 21) ON CONFLICT DO NOTHING;
INSERT INTO genres (mediaId, genre) VALUES(522, 'Action & Adventure') ON CONFLICT DO NOTHING;
INSERT INTO genres (mediaId, genre) VALUES(522, 'Comedy') ON CONFLICT DO NOTHING;
INSERT INTO genres (mediaId, genre) VALUES(522, 'Animation') ON CONFLICT DO NOTHING;
INSERT INTO actors (mediaId, actorId , actorName, characterName, profilePath) VALUES(522, 65510, 'Mayumi Tanaka', 'Monkey D. Luffy (voice)', 'https://image.tmdb.org/t/p/original/dWh2Y3bQkSjPv3c7kyy5P6M3PLS.jpg') ON CONFLICT DO NOTHING;
INSERT INTO actors (mediaId, actorId , actorName, characterName, profilePath) VALUES(522, 84507, 'Kazuya Nakai', 'Roronoa Zoro (voice)', 'https://image.tmdb.org/t/p/original/78PKViY7brjF3AJI8h3tXyUyYT7.jpg') ON CONFLICT DO NOTHING;
INSERT INTO actors (mediaId, actorId , actorName, characterName, profilePath) VALUES(522, 90133, 'Akemi Okamura', 'Nami (voice)', 'https://image.tmdb.org/t/p/original/qEwVfsrA23SCzRZMSlghw2sHctQ.jpg') ON CONFLICT DO NOTHING;
INSERT INTO actors (mediaId, actorId , actorName, characterName, profilePath) VALUES(522, 84505, 'Hiroaki Hirata', 'Vinsmoke Sanji (voice)', 'https://image.tmdb.org/t/p/original/mMWEdlssJm3TVuXW4Wb7pQeX20Z.jpg') ON CONFLICT DO NOTHING;
INSERT INTO actors (mediaId, actorId , actorName, characterName, profilePath) VALUES(522, 68472, 'Kappei Yamaguchi', 'Usopp (voice)', 'https://image.tmdb.org/t/p/original/mJyxKRZxLv9D7LH5KcNSkjSKYOB.jpg') ON CONFLICT DO NOTHING;
INSERT INTO actors (mediaId, actorId , actorName, characterName, profilePath) VALUES(522, 77933, 'Yuriko Yamaguchi', 'Nico Robin (voice)', 'https://image.tmdb.org/t/p/original/7e3BXCPv0X2pqwfdfW52n7VDFmI.jpg') ON CONFLICT DO NOTHING;
INSERT INTO actors (mediaId, actorId , actorName, characterName, profilePath) VALUES(522, 73044, 'Ikue Otani', 'Tony Tony Chopper (voice)', 'https://image.tmdb.org/t/p/original/my8LBLQ4MsK4hRz1PAATIqtieaI.jpg') ON CONFLICT DO NOTHING;
INSERT INTO actors (mediaId, actorId , actorName, characterName, profilePath) VALUES(522, 112276, 'Kazuki Yao', 'Franky (voice)', 'https://image.tmdb.org/t/p/original/gWVK0ws65UVH1Pe8ok8oBnDf9Vf.jpg') ON CONFLICT DO NOTHING;
INSERT INTO actors (mediaId, actorId , actorName, characterName, profilePath) VALUES(522, 560354, 'Cho', 'Brook (voice)', 'https://image.tmdb.org/t/p/original/70OZtKOHEGvbuMQAbQ01cGxrUDO.jpg') ON CONFLICT DO NOTHING;
INSERT INTO actors (mediaId, actorId , actorName, characterName, profilePath) VALUES(522, 554432, 'Katsuhisa Houki', 'Jinbe (voice)', 'https://image.tmdb.org/t/p/original/stuUwLrSOmQhOmNpO4kCrlu3ALF.jpg') ON CONFLICT DO NOTHING;
INSERT INTO providers (mediaId, providerId, providerName, logoPath) VALUES( 522, 1, 'Fuji TV', 'https://image.tmdb.org/t/p/original/yS5UJjsSdZXML0YikWTYYHLPKhQ.png') ON CONFLICT DO NOTHING;
INSERT INTO media (mediaId, type, name, originalLanguage, adult, releaseDate, overview, backdropPath, posterPath, trailerLink, tmdbRating,  status) VALUES(523, true, 'Squid Game', 'ko', False, '2021-09-17',  'Hundreds of cash-strapped players accept a strange invitation to compete in children''s games—with high stakes. But, a tempting prize awaits the victor.', 'https://image.tmdb.org/t/p/original/2meX1nMdScFOoV4370rqHWKmXhY.jpg', 'https://image.tmdb.org/t/p/original/dDlEmu3EZ0Pgg93K2SVNLCjCSvE.jpg', 'https://www.youtube.com/watch?v=oqxAJKy0ii4', 7.8, 'Returning Series') ON CONFLICT DO NOTHING;
INSERT INTO tv (mediaid , lastAirDate, nextEpisodeToAir, numberOfEpisodes, numberOfSeasons) VALUES( 523, '2021-09-17', NULL , 9, 2) ON CONFLICT DO NOTHING;
INSERT INTO genres (mediaId, genre) VALUES(523, 'Action & Adventure') ON CONFLICT DO NOTHING;
INSERT INTO genres (mediaId, genre) VALUES(523, 'Mystery') ON CONFLICT DO NOTHING;
INSERT INTO genres (mediaId, genre) VALUES(523, 'Drama') ON CONFLICT DO NOTHING;
INSERT INTO creators(mediaId, creatorId, creatorName) VALUES(523, 1294471, 'Hwang Dong-hyuk') ON CONFLICT DO NOTHING;
INSERT INTO actors (mediaId, actorId , actorName, characterName, profilePath) VALUES(523, 73249, 'Lee Jung-jae', 'Seong Gi-hun / ''No. 456''', 'https://image.tmdb.org/t/p/original/3h5Cfm0X8ohWn7psZkqdNWqXAHH.jpg') ON CONFLICT DO NOTHING;
INSERT INTO actors (mediaId, actorId , actorName, characterName, profilePath) VALUES(523, 1593672, 'Park Hae-soo', 'Cho Sang-woo / ''No. 218''', 'https://image.tmdb.org/t/p/original/hfejrQ8gjRWCheiKpJANajXT0xi.jpg') ON CONFLICT DO NOTHING;
INSERT INTO actors (mediaId, actorId , actorName, characterName, profilePath) VALUES(523, 3194501, 'Jung Ho-yeon', 'Kang Sae-byeok / ''No. 067''', 'https://image.tmdb.org/t/p/original/5340wMwuy4mz0s0Gc6012ReldRi.jpg') ON CONFLICT DO NOTHING;
INSERT INTO actors (mediaId, actorId , actorName, characterName, profilePath) VALUES(523, 1557181, 'Wi Ha-jun', 'Hwang Jun-ho', 'https://image.tmdb.org/t/p/original/tEZuIaMESdBw4LfNq3vshGR4VlP.jpg') ON CONFLICT DO NOTHING;
INSERT INTO actors (mediaId, actorId , actorName, characterName, profilePath) VALUES(523, 1048070, 'Oh Young-soo', 'Oh Il-nam / ''No. 001''', 'https://image.tmdb.org/t/p/original/kUzd955UTVnac2sVG0tYmt9w5jb.jpg') ON CONFLICT DO NOTHING;
INSERT INTO actors (mediaId, actorId , actorName, characterName, profilePath) VALUES(523, 1918350, 'Heo Sung-tae', 'Jang Deok-su / ''No. 101''', 'https://image.tmdb.org/t/p/original/4GMWPb7YzDyctHiZ1ihUsNgkiyi.jpg') ON CONFLICT DO NOTHING;
INSERT INTO actors (mediaId, actorId , actorName, characterName, profilePath) VALUES(523, 587677, 'Kim Joo-ryoung', 'Han Mi-nyeo / ''No. 212''', 'https://image.tmdb.org/t/p/original/fzAQghaykG5841cvSMogl1Xaafw.jpg') ON CONFLICT DO NOTHING;
INSERT INTO actors (mediaId, actorId , actorName, characterName, profilePath) VALUES(523, 2965849, 'Anupam Tripathi', 'Ali Abdul / ''No. 199''', 'https://image.tmdb.org/t/p/original/qiypxSxV93cIv7F4O2MeOpXNlsJ.jpg') ON CONFLICT DO NOTHING;
INSERT INTO actors (mediaId, actorId , actorName, characterName, profilePath) VALUES(523, 1985557, 'Lee You-mi', 'Ji-young / ''No. 240''', 'https://image.tmdb.org/t/p/original/jZgjJqr6pGEegyziY10b4SklqbD.jpg') ON CONFLICT DO NOTHING;
INSERT INTO providers (mediaId, providerId, providerName, logoPath) VALUES( 523, 213, 'Netflix', 'https://image.tmdb.org/t/p/original/wwemzKWzjKYJFfCeiB57q3r4Bcm.png') ON CONFLICT DO NOTHING;
INSERT INTO media (mediaId, type, name, originalLanguage, adult, releaseDate, overview, backdropPath, posterPath, trailerLink, tmdbRating,  status) VALUES(524, true, 'Tiger and Crane', 'zh', False, '2023-10-02',  'This is the tale of a group of teenagers who, for the love of their dreams, brave a chaotic world to save it. Huzi, an optimistic orphan from the mountains, accidentally swallows a red pearl, Yang''s treasure, and becomes friends with Qi Xiao Xuan, a national demon master, despite their different personalities. They are forced to travel together due to the red pearl and befriend others including Zhao Xin Tong and Wang Yu Qian. When Qi Xiaoxuan is arrested to protect Huzi, they become loyal friends. To rescue him, they participate in the selection of the national imperial demon master, uncovering a conspiracy and seeking the truth about a human-demon war from 500 years ago. With the demon army seeking to destroy Earth after five centuries of suppression and the master of the State Demon Division seeking to dominate the world, a group of passionate young people are willing to sacrifice themselves to save Earth when the ambitions of the human and demon worlds threaten cause a catastrophe.', 'https://image.tmdb.org/t/p/original/iKlGXWPhB9mbPSu3DoNpSCd4BgX.jpg', 'https://image.tmdb.org/t/p/original/ztVq28pWHrBv6dk6QPa3SjmpQU5.jpg', 'None', 0, 'Ended') ON CONFLICT DO NOTHING;
INSERT INTO tv (mediaid , lastAirDate, nextEpisodeToAir, numberOfEpisodes, numberOfSeasons) VALUES( 524, '2023-10-16', NULL , 36, 1) ON CONFLICT DO NOTHING;
INSERT INTO genres (mediaId, genre) VALUES(524, 'Action & Adventure') ON CONFLICT DO NOTHING;
INSERT INTO actors (mediaId, actorId , actorName, characterName, profilePath) VALUES(524, 2970787, 'Jiang Long', 'Hu Zi', 'https://image.tmdb.org/t/p/original/qwmN91b4Ip2X17VJCsABM74EDHi.jpg') ON CONFLICT DO NOTHING;
INSERT INTO actors (mediaId, actorId , actorName, characterName, profilePath) VALUES(524, 3091887, 'Zhang Linghe', 'Qi Xiao Xuan', 'https://image.tmdb.org/t/p/original/wwKW1FRzZJIN7JTFH2GIxs8o1IA.jpg') ON CONFLICT DO NOTHING;
INSERT INTO actors (mediaId, actorId , actorName, characterName, profilePath) VALUES(524, 1836775, 'Wang Yuwen', 'Zhao Xin Tong', 'https://image.tmdb.org/t/p/original/zoOdJ3J7SjcWZR0R7zUsHufZw9c.jpg') ON CONFLICT DO NOTHING;
INSERT INTO actors (mediaId, actorId , actorName, characterName, profilePath) VALUES(524, 2159086, 'Chen Youwei', 'Wang Yu Qian', 'https://image.tmdb.org/t/p/original/jZHMic80VhTsKLOsFBzTzhyUPJx.jpg') ON CONFLICT DO NOTHING;
INSERT INTO actors (mediaId, actorId , actorName, characterName, profilePath) VALUES(524, 1210413, 'Ye Qing', 'Qi Yan Ran', 'https://image.tmdb.org/t/p/original/nRmlBt5iTcodjpSG05P43p1czfi.jpg') ON CONFLICT DO NOTHING;
INSERT INTO actors (mediaId, actorId , actorName, characterName, profilePath) VALUES(524, 2140108, 'He Landou', 'Yi Mei Xian Zi', 'https://image.tmdb.org/t/p/original/fIhDZNpELJKiI21Bdl1hhJ9oXgn.jpg') ON CONFLICT DO NOTHING;
INSERT INTO actors (mediaId, actorId , actorName, characterName, profilePath) VALUES(524, 2314833, 'Han Chengyu', 'Mo Gu Zi', 'https://image.tmdb.org/t/p/original/90xOSBcHG98NTIWVNns67VBDPFL.jpg') ON CONFLICT DO NOTHING;
INSERT INTO actors (mediaId, actorId , actorName, characterName, profilePath) VALUES(524, 1716603, 'Dai Xiangyu', 'Qi Wu Ji', 'https://image.tmdb.org/t/p/original/tnW4DZOCSes2iGbh8BDyNKV763k.jpg') ON CONFLICT DO NOTHING;
INSERT INTO actors (mediaId, actorId , actorName, characterName, profilePath) VALUES(524, 2352840, 'Zhang Zhixi', 'Bai Hu', 'https://image.tmdb.org/t/p/original/23yM48H6fYKQzcZIWKyA0Iion0b.jpg') ON CONFLICT DO NOTHING;
INSERT INTO providers (mediaId, providerId, providerName, logoPath) VALUES( 524, 1330, 'iQiyi', 'https://image.tmdb.org/t/p/original/fNxBFqWr7eWEgNeBDvvCxsSItXx.png') ON CONFLICT DO NOTHING;
INSERT INTO media (mediaId, type, name, originalLanguage, adult, releaseDate, overview, backdropPath, posterPath, trailerLink, tmdbRating,  status) VALUES(525, true, 'Bewitched', 'en', False, '1964-09-17',  'Samantha Stephens is a seemingly normal suburban housewife who also happens to be a genuine witch, with all the requisite magical powers. Her husband Darrin insists that Samantha keep her witchcraft under wraps, but situations invariably require her to indulge her powers while keeping her bothersome mother Endora at bay.', 'https://image.tmdb.org/t/p/original/6l7O7n5dU6XySIeuvGsWWD9dlXj.jpg', 'https://image.tmdb.org/t/p/original/7UZVO1SclbgVWM2ELrwWGaS7i94.jpg', 'https://www.youtube.com/watch?v=0oT208N0Xd4', 7.9, 'Ended') ON CONFLICT DO NOTHING;
INSERT INTO tv (mediaid , lastAirDate, nextEpisodeToAir, numberOfEpisodes, numberOfSeasons) VALUES( 525, '1972-03-25', NULL , 254, 8) ON CONFLICT DO NOTHING;
INSERT INTO genres (mediaId, genre) VALUES(525, 'Sci-Fi & Fantasy') ON CONFLICT DO NOTHING;
INSERT INTO genres (mediaId, genre) VALUES(525, 'Comedy') ON CONFLICT DO NOTHING;
INSERT INTO genres (mediaId, genre) VALUES(525, 'Family') ON CONFLICT DO NOTHING;
INSERT INTO genres (mediaId, genre) VALUES(525, 'Drama') ON CONFLICT DO NOTHING;
INSERT INTO creators(mediaId, creatorId, creatorName) VALUES(525, 1236918, 'Sol Saks') ON CONFLICT DO NOTHING;
INSERT INTO actors (mediaId, actorId , actorName, characterName, profilePath) VALUES(525, 43975, 'Elizabeth Montgomery', 'Samantha Stephens', 'https://image.tmdb.org/t/p/original/eW78gIVT2uIh1yOBdnIvWsehBOu.jpg') ON CONFLICT DO NOTHING;
INSERT INTO actors (mediaId, actorId , actorName, characterName, profilePath) VALUES(525, 41250, 'Dick Sargent', 'Darrin Stephens', 'https://image.tmdb.org/t/p/original/gMTyoOSBdDdMoITSmM8IgkHYfyc.jpg') ON CONFLICT DO NOTHING;
INSERT INTO actors (mediaId, actorId , actorName, characterName, profilePath) VALUES(525, 11025, 'Agnes Moorehead', 'Endora', 'https://image.tmdb.org/t/p/original/h9vMkb6cjd5J3i0GCQ0t73DlQl0.jpg') ON CONFLICT DO NOTHING;
INSERT INTO actors (mediaId, actorId , actorName, characterName, profilePath) VALUES(525, 141694, 'David White', 'Larry Tate', 'https://image.tmdb.org/t/p/original/h6jZkxOg7Z6I8SxkicURKqIHEn9.jpg') ON CONFLICT DO NOTHING;
INSERT INTO providers (mediaId, providerId, providerName, logoPath) VALUES( 525, 2, 'ABC', 'https://image.tmdb.org/t/p/original/2uy2ZWcplrSObIyt4x0Y9rkG6qO.png') ON CONFLICT DO NOTHING;
INSERT INTO media (mediaId, type, name, originalLanguage, adult, releaseDate, overview, backdropPath, posterPath, trailerLink, tmdbRating,  status) VALUES(526, true, 'Aruseros', 'es', False, '2002-09-17',  '', 'https://image.tmdb.org/t/p/original/v7GXQHcTeE1AJB44JzggdolIrxH.jpg', 'https://image.tmdb.org/t/p/original/impacXrdofZzhMJHNboodaqFfaM.jpg', 'None', 5, 'Returning Series') ON CONFLICT DO NOTHING;
INSERT INTO tv (mediaid , lastAirDate, nextEpisodeToAir, numberOfEpisodes, numberOfSeasons) VALUES( 526, '2023-10-17', '2023-10-18' , 345, 22) ON CONFLICT DO NOTHING;
INSERT INTO genres (mediaId, genre) VALUES(526, 'Comedy') ON CONFLICT DO NOTHING;
INSERT INTO genres (mediaId, genre) VALUES(526, 'Talk') ON CONFLICT DO NOTHING;
INSERT INTO genres (mediaId, genre) VALUES(526, 'News') ON CONFLICT DO NOTHING;
INSERT INTO creators(mediaId, creatorId, creatorName) VALUES(526, 1491309, 'Carolina Ferre') ON CONFLICT DO NOTHING;
INSERT INTO creators(mediaId, creatorId, creatorName) VALUES(526, 3275580, 'Alfonso Arús Leita') ON CONFLICT DO NOTHING;
INSERT INTO providers (mediaId, providerId, providerName, logoPath) VALUES( 526, 2574, 'Neox', 'https://image.tmdb.org/t/p/original/2OOKfHMOMqN4l2QU5WLRjwp47iz.png') ON CONFLICT DO NOTHING;
INSERT INTO providers (mediaId, providerId, providerName, logoPath) VALUES( 526, 400, 'Antena 3', 'https://image.tmdb.org/t/p/original/l7MngINTyv0O6mNlwNsUlhQ9iwZ.png') ON CONFLICT DO NOTHING;
INSERT INTO providers (mediaId, providerId, providerName, logoPath) VALUES( 526, 1016, 'laSexta', 'https://image.tmdb.org/t/p/original/pQK2RR4b8Dzr1XP6LEKOe57gb6I.png') ON CONFLICT DO NOTHING;
INSERT INTO providers (mediaId, providerId, providerName, logoPath) VALUES( 526, 3955, '8tv', 'https://image.tmdb.org/t/p/original/1dCbGxrcyaTMl586nyJoJpN5jaz.png') ON CONFLICT DO NOTHING;
INSERT INTO providers (mediaId, providerId, providerName, logoPath) VALUES( 526, 5559, 'Citytv', 'https://image.tmdb.org/t/p/original/h2dG5CDqRvQYMxqmmsMeQNxjCkw.png') ON CONFLICT DO NOTHING;
INSERT INTO media (mediaId, type, name, originalLanguage, adult, releaseDate, overview, backdropPath, posterPath, trailerLink, tmdbRating,  status) VALUES(527, true, 'Mentiras verdaderas', 'es', False, '2011-10-11',  'Daily interviews discussing the guest''s personal lives and national contingency.', 'https://image.tmdb.org/t/p/original/o6KKirdK4WyXfnSTd3QRzHcZJat.jpg', 'https://image.tmdb.org/t/p/original/lBm5uxFGU40Hz7wztTAcsvh6Ng9.jpg', 'None', 5.5, 'Canceled') ON CONFLICT DO NOTHING;
INSERT INTO tv (mediaid , lastAirDate, nextEpisodeToAir, numberOfEpisodes, numberOfSeasons) VALUES( 527, '2022-05-12', NULL , 2155, 12) ON CONFLICT DO NOTHING;
INSERT INTO genres (mediaId, genre) VALUES(527, 'Talk') ON CONFLICT DO NOTHING;
INSERT INTO genres (mediaId, genre) VALUES(527, 'News') ON CONFLICT DO NOTHING;
INSERT INTO providers (mediaId, providerId, providerName, logoPath) VALUES( 527, 2065, 'La Red', 'https://image.tmdb.org/t/p/original/AerEypA9qx1bibezxRgLVTuZzRn.png') ON CONFLICT DO NOTHING;
INSERT INTO media (mediaId, type, name, originalLanguage, adult, releaseDate, overview, backdropPath, posterPath, trailerLink, tmdbRating,  status) VALUES(528, true, 'NPR Tiny Desk Concerts', 'en', False, '2008-04-22',  'Intimate musical performances, recorded live at the desk of All Songs Considered host Bob Boilen.', 'https://image.tmdb.org/t/p/original/lksigd4PnpvvIY9oPHW2DEnHh5H.jpg', 'https://image.tmdb.org/t/p/original/sJ6HdzajIVkC5G2kRROhNu8at43.jpg', 'None', 7.7, 'Returning Series') ON CONFLICT DO NOTHING;
INSERT INTO tv (mediaid , lastAirDate, nextEpisodeToAir, numberOfEpisodes, numberOfSeasons) VALUES( 528, '2023-10-11', NULL , 1284, 16) ON CONFLICT DO NOTHING;
INSERT INTO providers (mediaId, providerId, providerName, logoPath) VALUES( 528, 1813, 'NPR', 'https://image.tmdb.org/t/p/original/jc6Wxu2us3rgsmbCJRLvfS1n53Y.png') ON CONFLICT DO NOTHING;
INSERT INTO media (mediaId, type, name, originalLanguage, adult, releaseDate, overview, backdropPath, posterPath, trailerLink, tmdbRating,  status) VALUES(529, true, 'Sex/Life', 'en', False, '2021-06-25',  'A woman''s daring sexual past collides with her married-with-kids present when the bad-boy ex she can''t stop fantasizing about crashes back into her life.', 'https://image.tmdb.org/t/p/original/9nBVkNBe4x9HKDAzxjxlIqecxCW.jpg', 'https://image.tmdb.org/t/p/original/kfcJl5e8CRWDU7e4vX6uNABPRbS.jpg', 'None', 7.1, 'Canceled') ON CONFLICT DO NOTHING;
INSERT INTO tv (mediaid , lastAirDate, nextEpisodeToAir, numberOfEpisodes, numberOfSeasons) VALUES( 529, '2023-03-02', NULL , 14, 2) ON CONFLICT DO NOTHING;
INSERT INTO genres (mediaId, genre) VALUES(529, 'Comedy') ON CONFLICT DO NOTHING;
INSERT INTO genres (mediaId, genre) VALUES(529, 'Drama') ON CONFLICT DO NOTHING;
INSERT INTO creators(mediaId, creatorId, creatorName) VALUES(529, 1215014, 'Stacy Rukeyser') ON CONFLICT DO NOTHING;
INSERT INTO actors (mediaId, actorId , actorName, characterName, profilePath) VALUES(529, 164945, 'Sarah Shahi', 'Billie Connelly', 'https://image.tmdb.org/t/p/original/crKD1ax5wRRZ4QM7nQyH8K2deaA.jpg') ON CONFLICT DO NOTHING;
INSERT INTO actors (mediaId, actorId , actorName, characterName, profilePath) VALUES(529, 6858, 'Mike Vogel', 'Cooper Connelly', 'https://image.tmdb.org/t/p/original/xbgA2Y8Vmr3oCJwiIymgiwDqpyy.jpg') ON CONFLICT DO NOTHING;
INSERT INTO actors (mediaId, actorId , actorName, characterName, profilePath) VALUES(529, 1992160, 'Adam Demos', 'Brad Simon', 'https://image.tmdb.org/t/p/original/wbBOnt8uvizAaxfvf7qzrROpic4.jpg') ON CONFLICT DO NOTHING;
INSERT INTO actors (mediaId, actorId , actorName, characterName, profilePath) VALUES(529, 1915504, 'Margaret Odette', 'Sasha Snow', 'https://image.tmdb.org/t/p/original/gap1UKb8RwaPg1nK7oj0QLF2G6r.jpg') ON CONFLICT DO NOTHING;
INSERT INTO providers (mediaId, providerId, providerName, logoPath) VALUES( 529, 213, 'Netflix', 'https://image.tmdb.org/t/p/original/wwemzKWzjKYJFfCeiB57q3r4Bcm.png') ON CONFLICT DO NOTHING;
INSERT INTO media (mediaId, type, name, originalLanguage, adult, releaseDate, overview, backdropPath, posterPath, trailerLink, tmdbRating,  status) VALUES(530, true, 'My Name is Farah', 'tr', False, '2023-03-01',  'A murder unintentionally witnessed by Farah, who had to flee her country and illegally struggle to survive with her son, and Tahir Lekesiz, whom she met on the same night, will change their lives forever.', 'https://image.tmdb.org/t/p/original/zNO2r62sny2BUvVCxHsRIrXNhGH.jpg', 'https://image.tmdb.org/t/p/original/Aj4qfs1KxhdfcPphWyJiTNYXirE.jpg', 'https://www.youtube.com/watch?v=Axepqhlvpwg', 9.3, 'Returning Series') ON CONFLICT DO NOTHING;
INSERT INTO tv (mediaid , lastAirDate, nextEpisodeToAir, numberOfEpisodes, numberOfSeasons) VALUES( 530, '2023-10-11', '2023-10-18' , 18, 2) ON CONFLICT DO NOTHING;
INSERT INTO genres (mediaId, genre) VALUES(530, 'Crime') ON CONFLICT DO NOTHING;
INSERT INTO genres (mediaId, genre) VALUES(530, 'Drama') ON CONFLICT DO NOTHING;
INSERT INTO creators(mediaId, creatorId, creatorName) VALUES(530, 3298635, 'Recai Karagöz') ON CONFLICT DO NOTHING;
INSERT INTO actors (mediaId, actorId , actorName, characterName, profilePath) VALUES(530, 1729378, 'Demet Özdemir', 'Farah Ershadi', 'https://image.tmdb.org/t/p/original/eUgvhCnlO4EY6Eblz9gKxVnrLwM.jpg') ON CONFLICT DO NOTHING;
INSERT INTO actors (mediaId, actorId , actorName, characterName, profilePath) VALUES(530, 1004806, 'Engin Akyürek', 'Tahir Spotless', 'https://image.tmdb.org/t/p/original/1zmq59FrHx6UBNt3Oj4bHmv6JPT.jpg') ON CONFLICT DO NOTHING;
INSERT INTO actors (mediaId, actorId , actorName, characterName, profilePath) VALUES(530, 564271, 'Fırat Tanış', 'Mehmet Kosaner', 'https://image.tmdb.org/t/p/original/zR3Op7ICFETmTCfRfrhBW7zpAcM.jpg') ON CONFLICT DO NOTHING;
INSERT INTO actors (mediaId, actorId , actorName, characterName, profilePath) VALUES(530, 1389068, 'Feyyaz Duman', 'Behnam', 'https://image.tmdb.org/t/p/original/58HoLp9QEziXxOzAz32sNvyn3yC.jpg') ON CONFLICT DO NOTHING;
INSERT INTO actors (mediaId, actorId , actorName, characterName, profilePath) VALUES(530, 3621584, 'Burcu Türünz', 'Bade Akıncı', 'https://image.tmdb.org/t/p/original/mu13eBQXvBb3TbujRZ09B9nlPBH.jpg') ON CONFLICT DO NOTHING;
INSERT INTO actors (mediaId, actorId , actorName, characterName, profilePath) VALUES(530, 87222, 'Hatice Aslan', 'Rahşan', 'https://image.tmdb.org/t/p/original/jZ2nFSutlfDa0v4DhD0roectL83.jpg') ON CONFLICT DO NOTHING;
INSERT INTO actors (mediaId, actorId , actorName, characterName, profilePath) VALUES(530, 2276741, 'Sera Kutlubey', 'Merjan', 'https://image.tmdb.org/t/p/original/iEJmK2REqKI2YyH8LF8YX8gErAK.jpg') ON CONFLICT DO NOTHING;
INSERT INTO actors (mediaId, actorId , actorName, characterName, profilePath) VALUES(530, 1665975, 'Burak Tamdoğan', 'Akbar', 'https://image.tmdb.org/t/p/original/5DL6hj0oDvlMnCbpgD0x7PD9BdH.jpg') ON CONFLICT DO NOTHING;
INSERT INTO providers (mediaId, providerId, providerName, logoPath) VALUES( 530, 303, 'FOX', 'https://image.tmdb.org/t/p/original/64uickn4Fz4H3Rgo20z5VJ6PKtR.png') ON CONFLICT DO NOTHING;
INSERT INTO media (mediaId, type, name, originalLanguage, adult, releaseDate, overview, backdropPath, posterPath, trailerLink, tmdbRating,  status) VALUES(531, true, 'WWE Raw', 'en', False, '1993-01-11',  'A regularly scheduled, live, year-round program featuring some of the biggest WWE Superstars.', 'https://image.tmdb.org/t/p/original/aqTylK4Ai5bD1Rkqmc1MI39lCon.jpg', 'https://image.tmdb.org/t/p/original/7EHAfE0gOxttZZgjGuFWr4iC8R1.jpg', 'None', 6.6, 'Returning Series') ON CONFLICT DO NOTHING;
INSERT INTO tv (mediaid , lastAirDate, nextEpisodeToAir, numberOfEpisodes, numberOfSeasons) VALUES( 531, '2023-10-16', '2023-10-23' , 1599, 31) ON CONFLICT DO NOTHING;
INSERT INTO genres (mediaId, genre) VALUES(531, 'Reality') ON CONFLICT DO NOTHING;
INSERT INTO creators(mediaId, creatorId, creatorName) VALUES(531, 57342, 'Vince McMahon') ON CONFLICT DO NOTHING;
INSERT INTO providers (mediaId, providerId, providerName, logoPath) VALUES( 531, 30, 'USA Network', 'https://image.tmdb.org/t/p/original/g1e0H0Ka97IG5SyInMXdJkHGKiH.png') ON CONFLICT DO NOTHING;
INSERT INTO providers (mediaId, providerId, providerName, logoPath) VALUES( 531, 55, 'Spike', 'https://image.tmdb.org/t/p/original/82MKSH7iM5LAGXFb0PDOclTWn5u.png') ON CONFLICT DO NOTHING;
INSERT INTO providers (mediaId, providerId, providerName, logoPath) VALUES( 531, 2103, 'The New TNN', 'https://image.tmdb.org/t/p/original/g3qXB4IDKL8sIk9yDVeKlsfLeFT.png') ON CONFLICT DO NOTHING;
INSERT INTO media (mediaId, type, name, originalLanguage, adult, releaseDate, overview, backdropPath, posterPath, trailerLink, tmdbRating,  status) VALUES(532, true, 'Kuruluş Osman', 'tr', False, '2019-11-20',  'The life of Osman Bey, the son of Ertugrul Gazi and the founder of the Ottoman Empire.', 'https://image.tmdb.org/t/p/original/d90fj3GmpYexOKa4CmpQnJkuDR3.jpg', 'https://image.tmdb.org/t/p/original/aS0MWLkmVdO1o1Hk7dkATLIXOUE.jpg', 'https://www.youtube.com/watch?v=iKQFYxBtp54', 8, 'Returning Series') ON CONFLICT DO NOTHING;
INSERT INTO tv (mediaid , lastAirDate, nextEpisodeToAir, numberOfEpisodes, numberOfSeasons) VALUES( 532, '2023-10-11', '2023-10-18' , 136, 5) ON CONFLICT DO NOTHING;
INSERT INTO genres (mediaId, genre) VALUES(532, 'War & Politics') ON CONFLICT DO NOTHING;
INSERT INTO genres (mediaId, genre) VALUES(532, 'Action & Adventure') ON CONFLICT DO NOTHING;
INSERT INTO genres (mediaId, genre) VALUES(532, 'Drama') ON CONFLICT DO NOTHING;
INSERT INTO creators(mediaId, creatorId, creatorName) VALUES(532, 1625775, 'Mehmet Bozdağ') ON CONFLICT DO NOTHING;
INSERT INTO actors (mediaId, actorId , actorName, characterName, profilePath) VALUES(532, 1424928, 'Burak Özçivit', 'Osman Bey', 'https://image.tmdb.org/t/p/original/boNAgQyAB1916sCJcNliHSnz5Kg.jpg') ON CONFLICT DO NOTHING;
INSERT INTO actors (mediaId, actorId , actorName, characterName, profilePath) VALUES(532, 1254930, 'Yıldız Çağrı Atiksoy', 'Malhun Hatun', 'https://image.tmdb.org/t/p/original/qtPoKhOxOBPfR89vjFgLy4BYiCc.jpg') ON CONFLICT DO NOTHING;
INSERT INTO actors (mediaId, actorId , actorName, characterName, profilePath) VALUES(532, 2462819, 'Özge Törer', 'Bala Hatun', 'https://image.tmdb.org/t/p/original/4wTQiJKqQ13WKbj1qzeWO48r9iQ.jpg') ON CONFLICT DO NOTHING;
INSERT INTO actors (mediaId, actorId , actorName, characterName, profilePath) VALUES(532, 1954012, 'Emre Bey', 'Orhan Bey', 'https://image.tmdb.org/t/p/original/pjTsTuQ4jVRXoisd9jHDgqrbttt.jpg') ON CONFLICT DO NOTHING;
INSERT INTO actors (mediaId, actorId , actorName, characterName, profilePath) VALUES(532, 2194846, 'Gökhan Atalay', 'Yunus Emre', 'https://image.tmdb.org/t/p/original/vyLvuGhKnm3eZJDS9ENB76mfbgi.jpg') ON CONFLICT DO NOTHING;
INSERT INTO actors (mediaId, actorId , actorName, characterName, profilePath) VALUES(532, 1779049, 'Açelya Özcan', 'Ayşe Hatun', 'https://image.tmdb.org/t/p/original/uve8kNTC5a6xWoUty5bmvrOb8QW.jpg') ON CONFLICT DO NOTHING;
INSERT INTO actors (mediaId, actorId , actorName, characterName, profilePath) VALUES(532, 2462827, 'Yiğit Uçan', 'Boran Alp', 'https://image.tmdb.org/t/p/original/pqgzz1oBhfRcdMazjDZUAIxlcY5.jpg') ON CONFLICT DO NOTHING;
INSERT INTO actors (mediaId, actorId , actorName, characterName, profilePath) VALUES(532, 2486321, 'Fatih Ayhan', 'Baysungur Alp', 'https://image.tmdb.org/t/p/original/3n0lpUftSIe9DqR6xERjGq1nx1y.jpg') ON CONFLICT DO NOTHING;
INSERT INTO actors (mediaId, actorId , actorName, characterName, profilePath) VALUES(532, 1963250, 'Çağrı Şensoy', 'Cerkutay', 'https://image.tmdb.org/t/p/original/sfQAK3OeH0IYWhruTycyBr5HaTZ.jpg') ON CONFLICT DO NOTHING;
INSERT INTO actors (mediaId, actorId , actorName, characterName, profilePath) VALUES(532, 1995423, 'Berk Erçer', 'Konur Bey', 'https://image.tmdb.org/t/p/original/2YGK1eerLTjqoc3i2GGaBJGrmX8.jpg') ON CONFLICT DO NOTHING;
INSERT INTO providers (mediaId, providerId, providerName, logoPath) VALUES( 532, 36, 'atv', 'https://image.tmdb.org/t/p/original/qCnMXkdER5FYvmy2AGSMnAFH9ue.png') ON CONFLICT DO NOTHING;
